device,rho,seed,deadline_ratio,deadline_ms,epsilon,skip_mode,r_good_mbps,r_bad_mbps,rate_ratio,pi_bad_observed,lag1_autocorr,forced_count,discretionary_budget,burst_burn_in_slots,discard_gain_percent,targeting_gain_percent,oracle_gap_percent,p2prime_gap_percent,P1_violation_count,P0_violation_count,P2_violation_count,P2prime_violation_count
device_0,0.0,1701,1.2,42.0,0.1,drop,48,16,3,0.19936,-0.002661444942765865,3163,6837,1000,7.091610444518827,15.517119501936259,22.608729946455085,0.0235313695124275,3163,10000,10000,10000
device_0,0.0,1702,1.2,42.0,0.1,drop,48,16,3,0.20106,0.005830007599770396,3200,6800,1000,7.021700187749724,15.413268701631171,22.43496888938089,0.025798539169337737,3200,10000,10000,10000
device_0,0.0,1703,1.2,42.0,0.1,drop,48,16,3,0.19952,0.005656351965683195,3200,6800,1000,6.874726546780952,15.60923359447228,22.483960141253235,0.025887485505338134,3200,10000,10000,10000
device_0,0.0,1704,1.2,42.0,0.1,drop,48,16,3,0.20257,0.002457782015709934,3103,6897,1000,7.001135682559962,15.592340745409885,22.593476427969847,0.022911168129938802,3103,10000,10000,10000
device_0,0.0,1705,1.2,42.0,0.1,drop,48,16,3,0.20104,-0.004155617772998724,3178,6822,1000,7.046371944605838,15.469996418896368,22.516368363502206,0.023445784143224672,3178,10000,10000,10000
device_0,0.0,1706,1.2,42.0,0.1,drop,48,16,3,0.20062,-0.0045443747273977144,3146,6854,1000,7.199419651193425,15.44347716852495,22.642896819718374,0.02187198946528957,3146,10000,10000,10000
device_0,0.0,1707,1.2,42.0,0.1,drop,48,16,3,0.19896,0.001346027845602329,3139,6861,1000,6.986215104290816,15.684111381530261,22.670326485821075,0.02303183699964127,3139,10000,10000,10000
device_0,0.0,1708,1.2,42.0,0.1,drop,48,16,3,0.19922,-0.001372807149175493,3189,6811,1000,7.0438357830445515,15.469850618321447,22.513686401365998,0.024031982745570182,3189,10000,10000,10000
device_0,0.0,1709,1.2,42.0,0.1,drop,48,16,3,0.20001,0.005034822885721277,3191,6809,1000,6.935952583901071,15.586025282310525,22.521977866211596,0.02449868864897789,3191,10000,10000,10000
device_0,0.0,1710,1.2,42.0,0.1,drop,48,16,3,0.19848,0.0007247411049733544,3096,6904,1000,6.944482764674484,15.915852814673226,22.860335579347705,0.025601694359540097,3096,10000,10000,10000
device_0,0.375,1701,1.2,42.0,0.1,drop,48,16,3,0.19773,0.37585282092426525,3098,6902,1000,7.188176178963088,15.643170296117907,22.831346475080995,0.07425553067399676,3098,10000,10000,10000
device_0,0.375,1702,1.2,42.0,0.1,drop,48,16,3,0.20083,0.3763938072575695,3186,6814,1000,6.937130791878656,15.511723117933698,22.448853909812353,0.07048949829065791,3186,10000,10000,10000
device_0,0.375,1703,1.2,42.0,0.1,drop,48,16,3,0.19949,0.3708761472322628,3203,6797,1000,6.975666860524862,15.472293755136235,22.4479606156611,0.06763796591461033,3203,10000,10000,10000
device_0,0.375,1704,1.2,42.0,0.1,drop,48,16,3,0.19956,0.37083454970073176,3200,6800,1000,6.94090480256881,15.515267584783846,22.45617238735266,0.07104988174986242,3200,10000,10000,10000
device_0,0.375,1705,1.2,42.0,0.1,drop,48,16,3,0.1976,0.38054564128452917,3144,6856,1000,6.927626657472531,15.853982704806866,22.781609362279397,0.07550956640353076,3144,10000,10000,10000
device_0,0.375,1706,1.2,42.0,0.1,drop,48,16,3,0.19975,0.37847803043317246,3216,6784,1000,7.054541661528772,15.375775869500076,22.430317531028848,0.06943494091866112,3216,10000,10000,10000
device_0,0.375,1707,1.2,42.0,0.1,drop,48,16,3,0.19756,0.3714936166119789,3179,6821,1000,7.272028388089702,15.355604273098702,22.627632661188407,0.06940944520139003,3179,10000,10000,10000
device_0,0.375,1708,1.2,42.0,0.1,drop,48,16,3,0.19968,0.3728274067949136,3026,6974,1000,7.358913820574444,15.526789753044422,22.885703573618866,0.07072002379821123,3026,10000,10000,10000
device_0,0.375,1709,1.2,42.0,0.1,drop,48,16,3,0.20214,0.3789219763360735,3255,6745,1000,6.8816257315533225,15.360325054868648,22.24195078642197,0.07114702280958292,3255,10000,10000,10000
device_0,0.375,1710,1.2,42.0,0.1,drop,48,16,3,0.19842,0.37511826036297974,3242,6758,1000,6.900719773365494,15.58137997893384,22.482099752299334,0.07240007217163047,3242,10000,10000,10000
device_0,0.75,1701,1.2,42.0,0.1,drop,48,16,3,0.20817,0.7556341521150168,3279,6721,1000,6.969293144190139,14.872297956440711,21.84159110063085,0.13314552470745242,3279,10000,10000,10000
device_0,0.75,1702,1.2,42.0,0.1,drop,48,16,3,0.20244,0.7487885933421545,3324,6676,1000,6.68644228868212,15.40819045478988,22.094632743471998,0.24940478668069685,3324,10000,10000,10000
device_0,0.75,1703,1.2,42.0,0.1,drop,48,16,3,0.20102,0.7470900970852136,3268,6732,1000,6.85575815373115,15.372379228231516,22.228137381962668,0.37829850786344676,3268,10000,10000,10000
device_0,0.75,1704,1.2,42.0,0.1,drop,48,16,3,0.19715,0.7479806369104111,3132,6868,1000,6.837365891772089,15.98058569614951,22.8179515879216,0.6148114027305679,3132,10000,10000,10000
device_0,0.75,1705,1.2,42.0,0.1,drop,48,16,3,0.20494,0.7506431485678381,3323,6677,1000,7.018567027027586,14.89651050679517,21.915077533822757,0.15129597014738885,3323,10000,10000,10000
device_0,0.75,1706,1.2,42.0,0.1,drop,48,16,3,0.20282,0.7537784223147826,3142,6858,1000,7.0825351467198425,15.434639027310922,22.517174174030764,0.37378922060928266,3142,10000,10000,10000
device_0,0.75,1707,1.2,42.0,0.1,drop,48,16,3,0.20138,0.7431906944181493,3220,6780,1000,7.044129505500027,15.202099217396714,22.246228722896742,0.2745845329210857,3220,10000,10000,10000
device_0,0.75,1708,1.2,42.0,0.1,drop,48,16,3,0.20034,0.7475350990705809,3173,6827,1000,6.9173982682590465,15.68045177227451,22.597850040533558,0.4610460692343272,3173,10000,10000,10000
device_0,0.75,1709,1.2,42.0,0.1,drop,48,16,3,0.20613,0.7542776800152501,3271,6729,1000,7.060851758134773,14.876984487186782,21.937836245321556,0.13778924874129309,3271,10000,10000,10000
device_0,0.75,1710,1.2,42.0,0.1,drop,48,16,3,0.20286,0.74728584709585,3198,6802,1000,7.109944075535647,15.243458821174176,22.35340289670982,0.24544896906877745,3198,10000,10000,10000
device_0,0.875,1701,1.2,42.0,0.1,drop,48,16,3,0.20249,0.8763990178082249,3214,6786,1000,7.036065960698366,15.293544934773427,22.329610895471795,0.9350307177672755,3214,10000,10000,10000
device_0,0.875,1702,1.2,42.0,0.1,drop,48,16,3,0.19703,0.8759866636367837,3061,6939,1000,6.925155814411121,16.084366548021162,23.009522362432282,1.2654250660865163,3061,10000,10000,10000
device_0,0.875,1703,1.2,42.0,0.1,drop,48,16,3,0.20238,0.8773687974569232,3265,6735,1000,6.991003925006586,15.246781238034384,22.237785163040968,0.900201286068842,3265,10000,10000,10000
device_0,0.875,1704,1.2,42.0,0.1,drop,48,16,3,0.19663,0.8771256568671042,3154,6846,1000,7.039786170499535,15.690791432638209,22.730577603137743,1.3068982427211966,3154,10000,10000,10000
device_0,0.875,1705,1.2,42.0,0.1,drop,48,16,3,0.20133,0.8756186617053834,3183,6817,1000,7.178455222932029,15.225562933516851,22.404018156448878,1.0343890036032344,3183,10000,10000,10000
device_0,0.875,1706,1.2,42.0,0.1,drop,48,16,3,0.19605,0.8731077294363513,3189,6811,1000,6.9282341156007785,15.8528351467356,22.78106926233638,1.3421977932129427,3189,10000,10000,10000
device_0,0.875,1707,1.2,42.0,0.1,drop,48,16,3,0.2,0.8774036452681541,3167,6833,1000,7.001962136511003,15.585307215453668,22.58726935196467,1.1137876477003892,3167,10000,10000,10000
device_0,0.875,1708,1.2,42.0,0.1,drop,48,16,3,0.20258,0.87442580026271,3321,6679,1000,6.801018319936092,15.239654003138819,22.04067232307491,0.9881190297536215,3321,10000,10000,10000
device_0,0.875,1709,1.2,42.0,0.1,drop,48,16,3,0.19831,0.8770598020870867,3067,6933,1000,7.040214685446071,15.912008082973516,22.95222276841959,1.2698187123134719,3067,10000,10000,10000
device_0,0.875,1710,1.2,42.0,0.1,drop,48,16,3,0.19668,0.8724656025657239,3148,6852,1000,7.096931272868883,15.687954345916681,22.784885618785562,1.317866459623168,3148,10000,10000,10000
device_0,0.9375,1701,1.2,42.0,0.1,drop,48,16,3,0.20509,0.9402237906216514,3191,6809,1000,6.9728139545274574,15.22895505231554,22.201769006842998,1.0928850416196998,3191,10000,10000,10000
device_0,0.9375,1702,1.2,42.0,0.1,drop,48,16,3,0.19366,0.9366016280001491,3090,6910,1000,7.082979209269971,16.011670955485823,23.09465016475579,1.6695283582251974,3090,10000,10000,10000
device_0,0.9375,1703,1.2,42.0,0.1,drop,48,16,3,0.19489,0.9369055048961522,3087,6913,1000,7.160964419418132,15.852215452481126,23.013179871899258,1.6891794658189827,3087,10000,10000,10000
device_0,0.9375,1704,1.2,42.0,0.1,drop,48,16,3,0.19999,0.9358099323716185,3218,6782,1000,6.91120973056211,15.56121119817948,22.47242092874159,1.370348271127598,3218,10000,10000,10000
device_0,0.9375,1705,1.2,42.0,0.1,drop,48,16,3,0.19063,0.9374553760710133,3080,6920,1000,7.0813354342260775,16.2266902225147,23.30802565674078,1.9030837949557065,3080,10000,10000,10000
device_0,0.9375,1706,1.2,42.0,0.1,drop,48,16,3,0.20144,0.9386428776611538,3154,6846,1000,7.083984714974587,15.428262643013724,22.51224735798831,1.3283789958700862,3154,10000,10000,10000
device_0,0.9375,1707,1.2,42.0,0.1,drop,48,16,3,0.20073,0.9386652506542138,3202,6798,1000,7.031730049273209,15.418993699803705,22.450723749076914,1.3246500160124048,3202,10000,10000,10000
device_0,0.9375,1708,1.2,42.0,0.1,drop,48,16,3,0.19042,0.9350336658268497,3012,6988,1000,7.168643516517419,16.3530983874656,23.52174190398302,1.9547846836881873,3012,10000,10000,10000
device_0,0.9375,1709,1.2,42.0,0.1,drop,48,16,3,0.20214,0.9387695757970393,3236,6764,1000,6.864579726006681,15.433402915219608,22.297982641226287,1.263965234192313,3236,10000,10000,10000
device_0,0.9375,1710,1.2,42.0,0.1,drop,48,16,3,0.20082,0.9338903427364145,3133,6867,1000,6.952868185854791,15.718793641562202,22.671661827416994,1.3116877127994246,3133,10000,10000,10000
device_0,0.975,1701,1.2,42.0,0.1,drop,48,16,3,0.20012,0.9750727182312047,3130,6870,1000,6.915379000705867,15.693566254787298,22.608945255493165,1.5125224884135808,3130,10000,10000,10000
device_0,0.975,1702,1.2,42.0,0.1,drop,48,16,3,0.19762,0.9739220248349032,3200,6800,1000,6.862987888185465,15.709575273734712,22.57256316192018,1.6536890751167221,3200,10000,10000,10000
device_0,0.975,1703,1.2,42.0,0.1,drop,48,16,3,0.1984,0.975854682367182,3132,6868,1000,7.076167725052372,15.63830061053062,22.714468335582993,1.6318463179076952,3132,10000,10000,10000
device_0,0.975,1704,1.2,42.0,0.1,drop,48,16,3,0.19634,0.9733501805342133,3171,6829,1000,7.108672817953265,15.649186522640214,22.75785934059348,1.7480618857213617,3171,10000,10000,10000
device_0,0.975,1705,1.2,42.0,0.1,drop,48,16,3,0.19493,0.9747974986214312,3113,6887,1000,7.335793183366053,15.692370329740136,23.02816351310619,1.832854184886745,3113,10000,10000,10000
device_0,0.975,1706,1.2,42.0,0.1,drop,48,16,3,0.203,0.9742259419786155,3184,6816,1000,7.094082559024626,15.349806649270226,22.443889208294852,1.3620912559941791,3184,10000,10000,10000
device_0,0.975,1707,1.2,42.0,0.1,drop,48,16,3,0.20266,0.9738223967562294,3142,6858,1000,7.149872935577385,15.340588163167936,22.49046109874532,1.367690549306265,3142,10000,10000,10000
device_0,0.975,1708,1.2,42.0,0.1,drop,48,16,3,0.19043,0.9746047948044175,3000,7000,1000,7.22940063862132,16.290170704041092,23.519571342662413,2.1587534240303135,3000,10000,10000,10000
device_0,0.975,1709,1.2,42.0,0.1,drop,48,16,3,0.19294,0.9749540477640206,2978,7022,1000,7.160759066052645,16.26264266806781,23.423401734120453,1.990629404991274,2978,10000,10000,10000
device_0,0.975,1710,1.2,42.0,0.1,drop,48,16,3,0.19779,0.9774683509778551,3120,6880,1000,7.043787434661876,15.752888598248203,22.79667603291008,1.7586801109400911,3120,10000,10000,10000
device_0,0.0,1701,1.2,42.0,0.1,late,48,16,3,0.19936,-0.002661444942765865,3163,6837,1000,3.262756515884409,10.824442199342222,14.08719871522663,0.08381536381151128,3163,10000,10000,10000
device_0,0.0,1702,1.2,42.0,0.1,late,48,16,3,0.20106,0.005830007599770396,3200,6800,1000,3.236264548349959,10.737659672808896,13.973924221158853,0.07780713020825954,3200,10000,10000,10000
device_0,0.0,1703,1.2,42.0,0.1,late,48,16,3,0.19952,0.005656351965683195,3200,6800,1000,3.0220739998533723,10.974562876201986,13.996636876055359,0.08272158666324628,3200,10000,10000,10000
device_0,0.0,1704,1.2,42.0,0.1,late,48,16,3,0.20257,0.002457782015709934,3103,6897,1000,3.235374134228132,10.850742367180938,14.086116501409071,0.0811934628695186,3103,10000,10000,10000
device_0,0.0,1705,1.2,42.0,0.1,late,48,16,3,0.20104,-0.004155617772998724,3178,6822,1000,3.217761227824647,10.796929367353401,14.01469059517805,0.08307992854048861,3178,10000,10000,10000
device_0,0.0,1706,1.2,42.0,0.1,late,48,16,3,0.20062,-0.0045443747273977144,3146,6854,1000,3.202613175849186,10.880515497814397,14.083128673663582,0.0782943817710358,3146,10000,10000,10000
device_0,0.0,1707,1.2,42.0,0.1,late,48,16,3,0.19896,0.001346027845602329,3139,6861,1000,3.2466811722828997,10.882587151285296,14.129268323568194,0.07663445275304188,3139,10000,10000,10000
device_0,0.0,1708,1.2,42.0,0.1,late,48,16,3,0.19922,-0.001372807149175493,3189,6811,1000,3.1958465090630277,10.809875759534604,14.005722268597633,0.0780631630769398,3189,10000,10000,10000
device_0,0.0,1709,1.2,42.0,0.1,late,48,16,3,0.20001,0.005034822885721277,3191,6809,1000,3.1673139914215374,10.86232206365381,14.029636055075349,0.08204284871850279,3191,10000,10000,10000
device_0,0.0,1710,1.2,42.0,0.1,late,48,16,3,0.19848,0.0007247411049733544,3096,6904,1000,3.213747790682816,11.02524213824876,14.238989928931577,0.08010018437443397,3096,10000,10000,10000
device_0,0.375,1701,1.2,42.0,0.1,late,48,16,3,0.19773,0.37585282092426525,3098,6902,1000,3.1765348894580274,11.049127402088498,14.225662291546525,0.25650712868177866,3098,10000,10000,10000
device_0,0.375,1702,1.2,42.0,0.1,late,48,16,3,0.20083,0.3763938072575695,3186,6814,1000,3.304227619028317,10.685295585179645,13.989523204207963,0.23996824067724298,3186,10000,10000,10000
device_0,0.375,1703,1.2,42.0,0.1,late,48,16,3,0.19949,0.3708761472322628,3203,6797,1000,3.1730368700640903,10.793050331848763,13.966087201912853,0.2465532943128112,3203,10000,10000,10000
device_0,0.375,1704,1.2,42.0,0.1,late,48,16,3,0.19956,0.37083454970073176,3200,6800,1000,3.2140020754937337,10.764235727831617,13.97823780332535,0.2527027741933118,3200,10000,10000,10000
device_0,0.375,1705,1.2,42.0,0.1,late,48,16,3,0.1976,0.38054564128452917,3144,6856,1000,3.2224217732597125,10.94135204559154,14.16377381885125,0.2708172225729124,3144,10000,10000,10000
device_0,0.375,1706,1.2,42.0,0.1,late,48,16,3,0.19975,0.37847803043317246,3216,6784,1000,3.1252748133478945,10.834336094090855,13.959610907438748,0.24981887281576198,3216,10000,10000,10000
device_0,0.375,1707,1.2,42.0,0.1,late,48,16,3,0.19756,0.3714936166119789,3179,6821,1000,3.1351766856734264,10.964436064846133,14.09961275051956,0.25135168499596056,3179,10000,10000,10000
device_0,0.375,1708,1.2,42.0,0.1,late,48,16,3,0.19968,0.3728274067949136,3026,6974,1000,3.272228703092812,11.017788730664295,14.290017433757106,0.2538444845528892,3026,10000,10000,10000
device_0,0.375,1709,1.2,42.0,0.1,late,48,16,3,0.20214,0.3789219763360735,3255,6745,1000,3.1225091964196556,10.701828898639256,13.824338095058911,0.2412765465467446,3255,10000,10000,10000
device_0,0.375,1710,1.2,42.0,0.1,late,48,16,3,0.19842,0.37511826036297974,3242,6758,1000,3.1792423667933423,10.792446648029816,13.97168901482316,0.2504126050496603,3242,10000,10000,10000
device_0,0.75,1701,1.2,42.0,0.1,late,48,16,3,0.20817,0.7556341521150168,3279,6721,1000,3.2058181234176075,10.418812193015182,13.62463031643279,0.4894463159266013,3279,10000,10000,10000
device_0,0.75,1702,1.2,42.0,0.1,late,48,16,3,0.20244,0.7487885933421545,3324,6676,1000,3.196139485253922,10.53548729125704,13.731626776510963,0.5804121774102193,3324,10000,10000,10000
device_0,0.75,1703,1.2,42.0,0.1,late,48,16,3,0.20102,0.7470900970852136,3268,6732,1000,3.19078007791062,10.642104953304212,13.83288503121483,0.6454200528340347,3268,10000,10000,10000
device_0,0.75,1704,1.2,42.0,0.1,late,48,16,3,0.19715,0.7479806369104111,3132,6868,1000,3.313142106910342,10.886925295407359,14.2000674023177,0.7614545818917714,3132,10000,10000,10000
device_0,0.75,1705,1.2,42.0,0.1,late,48,16,3,0.20494,0.7506431485678381,3323,6677,1000,3.242187149963222,10.391588519743538,13.63377566970676,0.5456600072406855,3323,10000,10000,10000
device_0,0.75,1706,1.2,42.0,0.1,late,48,16,3,0.20282,0.7537784223147826,3142,6858,1000,3.210194356823181,10.837470125813125,14.047664482636307,0.6402109252608862,3142,10000,10000,10000
device_0,0.75,1707,1.2,42.0,0.1,late,48,16,3,0.20138,0.7431906944181493,3220,6780,1000,3.2880181903853045,10.552932514453069,13.840950704838372,0.5880737011522327,3220,10000,10000,10000
device_0,0.75,1708,1.2,42.0,0.1,late,48,16,3,0.20034,0.7475350990705809,3173,6827,1000,3.222001717345934,10.862529920369017,14.084531637714953,0.6874122160605048,3173,10000,10000,10000
device_0,0.75,1709,1.2,42.0,0.1,late,48,16,3,0.20613,0.7542776800152501,3271,6729,1000,3.196010366387407,10.487937248576506,13.683947614963913,0.5226143010853689,3271,10000,10000,10000
device_0,0.75,1710,1.2,42.0,0.1,late,48,16,3,0.20286,0.74728584709585,3198,6802,1000,3.1946044301372454,10.724312607907631,13.918917038044878,0.5894443690810771,3198,10000,10000,10000
device_0,0.875,1701,1.2,42.0,0.1,late,48,16,3,0.20249,0.8763990178082249,3214,6786,1000,3.1722276272653263,10.733917539162945,13.90614516642827,0.920459318918879,3214,10000,10000,10000
device_0,0.875,1702,1.2,42.0,0.1,late,48,16,3,0.19703,0.8759866636367837,3061,6939,1000,3.235941797898002,11.106541517995947,14.342483315893947,1.0884645285801027,3061,10000,10000,10000
device_0,0.875,1703,1.2,42.0,0.1,late,48,16,3,0.20238,0.8773687974569232,3265,6735,1000,3.2058126517190733,10.63005020646805,13.835862858187124,0.9017794733178935,3265,10000,10000,10000
device_0,0.875,1704,1.2,42.0,0.1,late,48,16,3,0.19663,0.8771256568671042,3154,6846,1000,3.2374819043168936,10.916251433814997,14.15373333813189,1.0825762116826718,3154,10000,10000,10000
device_0,0.875,1705,1.2,42.0,0.1,late,48,16,3,0.20133,0.8756186617053834,3183,6817,1000,3.2587994665933127,10.696037729736823,13.954837196330136,0.9528166383433342,3183,10000,10000,10000
device_0,0.875,1706,1.2,42.0,0.1,late,48,16,3,0.19605,0.8731077294363513,3189,6811,1000,3.2476340775245327,10.909477499034505,14.15711157655904,1.1059442651854625,3189,10000,10000,10000
device_0,0.875,1707,1.2,42.0,0.1,late,48,16,3,0.2,0.8774036452681541,3167,6833,1000,3.252897846702315,10.807468550536628,14.06036639723894,1.0023450594456333,3167,10000,10000,10000
device_0,0.875,1708,1.2,42.0,0.1,late,48,16,3,0.20258,0.87442580026271,3321,6679,1000,3.0983258059358105,10.589258980402297,13.687584786338107,0.918426790266852,3321,10000,10000,10000
device_0,0.875,1709,1.2,42.0,0.1,late,48,16,3,0.19831,0.8770598020870867,3067,6933,1000,3.2830147749563654,11.024658944563226,14.307673719519592,1.071073152728285,3067,10000,10000,10000
device_0,0.875,1710,1.2,42.0,0.1,late,48,16,3,0.19668,0.8724656025657239,3148,6852,1000,3.1993216593647937,10.972047328476103,14.171368987840898,1.0933591908708629,3148,10000,10000,10000
device_0,0.9375,1701,1.2,42.0,0.1,late,48,16,3,0.20509,0.9402237906216514,3191,6809,1000,3.2959532802295843,10.551479882403044,13.847433162632628,1.007484817064286,3191,10000,10000,10000
device_0,0.9375,1702,1.2,42.0,0.1,late,48,16,3,0.19366,0.9366016280001491,3090,6910,1000,3.2323607747959047,11.119028217065718,14.351388991861624,1.2635629743539514,3090,10000,10000,10000
device_0,0.9375,1703,1.2,42.0,0.1,late,48,16,3,0.19489,0.9369055048961522,3087,6913,1000,3.2472178852846136,11.077683948799375,14.32490183408399,1.2779866883282438,3087,10000,10000,10000
device_0,0.9375,1704,1.2,42.0,0.1,late,48,16,3,0.19999,0.9358099323716185,3218,6782,1000,3.166027765488846,10.810173866887194,13.97620163237604,1.1152083064922382,3218,10000,10000,10000
device_0,0.9375,1705,1.2,42.0,0.1,late,48,16,3,0.19063,0.9374553760710133,3080,6920,1000,3.2430506498587657,11.230316867624284,14.47336751748305,1.372545619358043,3080,10000,10000,10000
device_0,0.9375,1706,1.2,42.0,0.1,late,48,16,3,0.20144,0.9386428776611538,3154,6846,1000,3.1830195420596112,10.843425220004272,14.026444762063885,1.0997874634820086,3154,10000,10000,10000
device_0,0.9375,1707,1.2,42.0,0.1,late,48,16,3,0.20073,0.9386652506542138,3202,6798,1000,3.326311200883476,10.64842722159505,13.974738422478525,1.1024914554799337,3202,10000,10000,10000
device_0,0.9375,1708,1.2,42.0,0.1,late,48,16,3,0.19042,0.9350336658268497,3012,6988,1000,3.2763670002588734,11.357987422560498,14.634354422819372,1.3986144876344182,3012,10000,10000,10000
device_0,0.9375,1709,1.2,42.0,0.1,late,48,16,3,0.20214,0.9387695757970393,3236,6764,1000,3.2603182508343767,10.625286258851668,13.885604509686047,1.0836997777548907,3236,10000,10000,10000
device_0,0.9375,1710,1.2,42.0,0.1,late,48,16,3,0.20082,0.9338903427364145,3133,6867,1000,3.159355054746533,10.961591739838157,14.120946794584688,1.0996933833109706,3133,10000,10000,10000
device_0,0.975,1701,1.2,42.0,0.1,late,48,16,3,0.20012,0.9750727182312047,3130,6870,1000,3.1626442938590107,10.925262046950238,14.087906340809248,1.2012750248237944,3130,10000,10000,10000
device_0,0.975,1702,1.2,42.0,0.1,late,48,16,3,0.19762,0.9739220248349032,3200,6800,1000,3.163459272774836,10.880128807865024,14.043588080639859,1.2634020922228746,3200,10000,10000,10000
device_0,0.975,1703,1.2,42.0,0.1,late,48,16,3,0.1984,0.975854682367182,3132,6868,1000,3.2252880077046373,10.918793158169972,14.14408116587461,1.2448316022267252,3132,10000,10000,10000
device_0,0.975,1704,1.2,42.0,0.1,late,48,16,3,0.19634,0.9733501805342133,3171,6829,1000,3.2481176278594788,10.901817750229053,14.149935378088532,1.290761051532722,3171,10000,10000,10000
device_0,0.975,1705,1.2,42.0,0.1,late,48,16,3,0.19493,0.9747974986214312,3113,6887,1000,3.1338758587876927,11.18809150978523,14.32196736857292,1.3439594681563583,3113,10000,10000,10000
device_0,0.975,1706,1.2,42.0,0.1,late,48,16,3,0.203,0.9742259419786155,3184,6816,1000,3.2167341931487727,10.749614294483845,13.966348487632617,1.1263055789402803,3184,10000,10000,10000
device_0,0.975,1707,1.2,42.0,0.1,late,48,16,3,0.20266,0.9738223967562294,3142,6858,1000,3.152644624764382,10.86080478295519,14.013449407719573,1.1451473489866941,3142,10000,10000,10000
device_0,0.975,1708,1.2,42.0,0.1,late,48,16,3,0.19043,0.9746047948044175,3000,7000,1000,3.282575808787355,11.346800009746914,14.62937581853427,1.487046717880028,3000,10000,10000,10000
device_0,0.975,1709,1.2,42.0,0.1,late,48,16,3,0.19294,0.9749540477640206,2978,7022,1000,3.372334051495834,11.21742888756313,14.589762939058964,1.418167850339766,2978,10000,10000,10000
device_0,0.975,1710,1.2,42.0,0.1,late,48,16,3,0.19779,0.9774683509778551,3120,6880,1000,3.208093622525115,10.98650017886725,14.194593801392363,1.3119117247254315,3120,10000,10000,10000
device_0,0.0,1701,1.2,42.0,0.15,drop,48,16,3,0.19936,-0.002661444942765865,3163,11837,1000,12.213344572566779,26.68628873258099,38.899633305147766,1.1898256504127387,3163,15000,15000,15000
device_0,0.0,1702,1.2,42.0,0.15,drop,48,16,3,0.20106,0.005830007599770396,3200,11800,1000,12.169937443155295,26.527100344407867,38.69703778756316,1.1160543168834456,3200,15000,15000,15000
device_0,0.0,1703,1.2,42.0,0.15,drop,48,16,3,0.19952,0.005656351965683195,3200,11800,1000,12.09520888814875,26.68086962433054,38.776078512479295,1.220051229057961,3200,15000,15000,15000
device_0,0.0,1704,1.2,42.0,0.15,drop,48,16,3,0.20257,0.002457782015709934,3103,11897,1000,12.19307899587233,26.547877729509533,38.740956725381864,1.0296957816172865,3103,15000,15000,15000
device_0,0.0,1705,1.2,42.0,0.15,drop,48,16,3,0.20104,-0.004155617772998724,3178,11822,1000,12.20399453097526,26.57763024480478,38.781624775780045,1.1375871527609875,3178,15000,15000,15000
device_0,0.0,1706,1.2,42.0,0.15,drop,48,16,3,0.20062,-0.0045443747273977144,3146,11854,1000,12.19358175476536,26.728485575273496,38.92206733003885,1.1272440265445611,3146,15000,15000,15000
device_0,0.0,1707,1.2,42.0,0.15,drop,48,16,3,0.19896,0.001346027845602329,3139,11861,1000,12.078074758655768,26.871917182683394,38.94999194133916,1.1684880101793642,3139,15000,15000,15000
device_0,0.0,1708,1.2,42.0,0.15,drop,48,16,3,0.19922,-0.001372807149175493,3189,11811,1000,12.123456332758455,26.67803684808695,38.801493180845405,1.1794304793637407,3189,15000,15000,15000
device_0,0.0,1709,1.2,42.0,0.15,drop,48,16,3,0.20001,0.005034822885721277,3191,11809,1000,12.070074502380834,26.746717802754375,38.81679230513521,1.2815479228218838,3191,15000,15000,15000
device_0,0.0,1710,1.2,42.0,0.15,drop,48,16,3,0.19848,0.0007247411049733544,3096,11904,1000,12.396819302785087,26.775246751785577,39.172066054570664,1.293698073038741,3096,15000,15000,15000
device_0,0.375,1701,1.2,42.0,0.15,drop,48,16,3,0.19773,0.37585282092426525,3098,11902,1000,12.380160670343006,26.749485477088406,39.12964614743141,4.596644494245702,3098,15000,15000,15000
device_0,0.375,1702,1.2,42.0,0.15,drop,48,16,3,0.20083,0.3763938072575695,3186,11814,1000,12.168751552948807,26.513496959669094,38.6822485126179,4.330596848835934,3186,15000,15000,15000
device_0,0.375,1703,1.2,42.0,0.15,drop,48,16,3,0.19949,0.3708761472322628,3203,11797,1000,12.300164742989908,26.42130519677174,38.72146993976165,4.313274980535694,3203,15000,15000,15000
device_0,0.375,1704,1.2,42.0,0.15,drop,48,16,3,0.19956,0.37083454970073176,3200,11800,1000,12.0937653947195,26.63470976924342,38.72847516396292,4.400094091584443,3200,15000,15000,15000
device_0,0.375,1705,1.2,42.0,0.15,drop,48,16,3,0.1976,0.38054564128452917,3144,11856,1000,12.359486278304425,26.791705197572586,39.15119147587701,4.5884586564719445,3144,15000,15000,15000
device_0,0.375,1706,1.2,42.0,0.15,drop,48,16,3,0.19975,0.37847803043317246,3216,11784,1000,12.299606928142316,26.420384927244662,38.71999185538698,4.438801458065356,3216,15000,15000,15000
device_0,0.375,1707,1.2,42.0,0.15,drop,48,16,3,0.19756,0.3714936166119789,3179,11821,1000,12.24106514721554,26.730438874999674,38.971504022215214,4.39837651516401,3179,15000,15000,15000
device_0,0.375,1708,1.2,42.0,0.15,drop,48,16,3,0.19968,0.3728274067949136,3026,11974,1000,12.313822599081261,26.742571764771238,39.0563943638525,4.280558007694306,3026,15000,15000,15000
device_0,0.375,1709,1.2,42.0,0.15,drop,48,16,3,0.20214,0.3789219763360735,3255,11745,1000,12.211821035714436,26.282067838765443,38.49388887447988,4.21837193943399,3255,15000,15000,15000
device_0,0.375,1710,1.2,42.0,0.15,drop,48,16,3,0.19842,0.37511826036297974,3242,11758,1000,12.165828419718872,26.706952959812174,38.87278137953105,4.481460843647728,3242,15000,15000,15000
device_0,0.75,1701,1.2,42.0,0.15,drop,48,16,3,0.20817,0.7556341521150168,3279,11721,1000,12.0924765299489,25.772431339832593,37.8649078697815,6.272055892632316,3279,15000,15000,15000
device_0,0.75,1702,1.2,42.0,0.15,drop,48,16,3,0.20244,0.7487885933421545,3324,11676,1000,11.820945049394487,26.585782326615444,38.40672737600993,6.6106152544668415,3324,15000,15000,15000
device_0,0.75,1703,1.2,42.0,0.15,drop,48,16,3,0.20102,0.7470900970852136,3268,11732,1000,12.072960410014055,26.42498419152954,38.497944601543594,6.723783734835423,3268,15000,15000,15000
device_0,0.75,1704,1.2,42.0,0.15,drop,48,16,3,0.19715,0.7479806369104111,3132,11868,1000,12.232847581101721,26.950090609941615,39.182938191043334,7.003737833020226,3132,15000,15000,15000
device_0,0.75,1705,1.2,42.0,0.15,drop,48,16,3,0.20494,0.7506431485678381,3323,11677,1000,12.059300978975338,26.036526443425103,38.09582742240045,6.461536562365717,3323,15000,15000,15000
device_0,0.75,1706,1.2,42.0,0.15,drop,48,16,3,0.20282,0.7537784223147826,3142,11858,1000,12.313314921228828,26.38524490158103,38.698559822809855,6.687055802700228,3142,15000,15000,15000
device_0,0.75,1707,1.2,42.0,0.15,drop,48,16,3,0.20138,0.7431906944181493,3220,11780,1000,12.069050029858351,26.34756536145402,38.41661539131237,6.5833740173237345,3220,15000,15000,15000
device_0,0.75,1708,1.2,42.0,0.15,drop,48,16,3,0.20034,0.7475350990705809,3173,11827,1000,12.3459934560642,26.561942482927208,38.90793593899141,6.828543162616488,3173,15000,15000,15000
device_0,0.75,1709,1.2,42.0,0.15,drop,48,16,3,0.20613,0.7542776800152501,3271,11729,1000,11.934940050942407,26.075384168396795,38.0103242193392,6.366374790083514,3271,15000,15000,15000
device_0,0.75,1710,1.2,42.0,0.15,drop,48,16,3,0.20286,0.74728584709585,3198,11802,1000,12.04306235653945,26.505561788761977,38.548624145301424,6.558803563550526,3198,15000,15000,15000
device_0,0.875,1701,1.2,42.0,0.15,drop,48,16,3,0.20249,0.8763990178082249,3214,11786,1000,12.298665807179734,26.24834098212065,38.54700678930038,7.294613517712024,3214,15000,15000,15000
device_0,0.875,1702,1.2,42.0,0.15,drop,48,16,3,0.19703,0.8759866636367837,3061,11939,1000,12.417402645841278,26.927633476443546,39.345036122284824,7.67010793581282,3061,15000,15000,15000
device_0,0.875,1703,1.2,42.0,0.15,drop,48,16,3,0.20238,0.8773687974569232,3265,11735,1000,12.091077903993323,26.417393493760983,38.508471397754306,7.277268180043265,3265,15000,15000,15000
device_0,0.875,1704,1.2,42.0,0.15,drop,48,16,3,0.19663,0.8771256568671042,3154,11846,1000,12.157262393147041,26.93108297778292,39.088345370929964,7.722335715642351,3154,15000,15000,15000
device_0,0.875,1705,1.2,42.0,0.15,drop,48,16,3,0.20133,0.8756186617053834,3183,11817,1000,12.316589518686937,26.28287543044152,38.59946494912845,7.385153457436905,3183,15000,15000,15000
device_0,0.875,1706,1.2,42.0,0.15,drop,48,16,3,0.19605,0.8731077294363513,3189,11811,1000,12.139451815401939,27.11382991373158,39.25328172913351,7.8044042467764205,3189,15000,15000,15000
device_0,0.875,1707,1.2,42.0,0.15,drop,48,16,3,0.2,0.8774036452681541,3167,11833,1000,12.167538118092558,26.708662699696877,38.87620081778943,7.500015074849602,3167,15000,15000,15000
device_0,0.875,1708,1.2,42.0,0.15,drop,48,16,3,0.20258,0.87442580026271,3321,11679,1000,12.162918207120478,26.141804949972325,38.30472315709281,7.365677998459788,3321,15000,15000,15000
device_0,0.875,1709,1.2,42.0,0.15,drop,48,16,3,0.19831,0.8770598020870867,3067,11933,1000,12.319377858549382,26.943511512962527,39.26288937151191,7.665388301149228,3067,15000,15000,15000
device_0,0.875,1710,1.2,42.0,0.15,drop,48,16,3,0.19668,0.8724656025657239,3148,11852,1000,12.481803741205429,26.682924961722208,39.16472870292763,7.740395788502369,3148,15000,15000,15000
device_0,0.9375,1701,1.2,42.0,0.15,drop,48,16,3,0.20509,0.9402237906216514,3191,11809,1000,12.147701353981198,26.129920243753123,38.27762159773432,7.4090401218099835,3191,15000,15000,15000
device_0,0.9375,1702,1.2,42.0,0.15,drop,48,16,3,0.19366,0.9366016280001491,3090,11910,1000,12.55126070318079,27.00297045635836,39.55423115953915,8.134198314529659,3090,15000,15000,15000
device_0,0.9375,1703,1.2,42.0,0.15,drop,48,16,3,0.19489,0.9369055048961522,3087,11913,1000,12.255113180131133,27.15334724183101,39.40846042196214,8.126839162522533,3087,15000,15000,15000
device_0,0.9375,1704,1.2,42.0,0.15,drop,48,16,3,0.19999,0.9358099323716185,3218,11782,1000,12.216032004439635,26.58599460262304,38.80202660706268,7.7841626600042515,3218,15000,15000,15000
device_0,0.9375,1705,1.2,42.0,0.15,drop,48,16,3,0.19063,0.9374553760710133,3080,11920,1000,12.209084406811273,27.68399405537906,39.89307846219034,8.419023181961245,3080,15000,15000,15000
device_0,0.9375,1706,1.2,42.0,0.15,drop,48,16,3,0.20144,0.9386428776611538,3154,11846,1000,12.22583054181804,26.491053835978477,38.71688437779652,7.690017426862344,3154,15000,15000,15000
device_0,0.9375,1707,1.2,42.0,0.15,drop,48,16,3,0.20073,0.9386652506542138,3202,11798,1000,11.899627953510926,26.825396836702062,38.72502479021299,7.713787644840552,3202,15000,15000,15000
device_0,0.9375,1708,1.2,42.0,0.15,drop,48,16,3,0.19042,0.9350336658268497,3012,11988,1000,12.503552020039269,27.59227881583367,40.095830835872945,8.462676969570438,3012,15000,15000,15000
device_0,0.9375,1709,1.2,42.0,0.15,drop,48,16,3,0.20214,0.9387695757970393,3236,11764,1000,11.940262042103335,26.60540158420361,38.54566362630694,7.644588327409868,3236,15000,15000,15000
device_0,0.9375,1710,1.2,42.0,0.15,drop,48,16,3,0.20082,0.9338903427364145,3133,11867,1000,12.22010548046627,26.72265177629364,38.94275725675991,7.699335473055565,3133,15000,15000,15000
device_0,0.975,1701,1.2,42.0,0.15,drop,48,16,3,0.20012,0.9750727182312047,3130,11870,1000,12.259138216528534,26.568544976072737,38.82768319260127,7.886074578964678,3130,15000,15000,15000
device_0,0.975,1702,1.2,42.0,0.15,drop,48,16,3,0.19762,0.9739220248349032,3200,11800,1000,12.18075053344456,26.74653895483651,38.92728948828107,8.081011773442949,3200,15000,15000,15000
device_0,0.975,1703,1.2,42.0,0.15,drop,48,16,3,0.1984,0.975854682367182,3132,11868,1000,12.263902401235065,26.748825277982423,39.012727679217484,8.037009244900997,3132,15000,15000,15000
device_0,0.975,1704,1.2,42.0,0.15,drop,48,16,3,0.19634,0.9733501805342133,3171,11829,1000,12.17479316205636,27.002020565503855,39.176813727560216,8.203150276251256,3171,15000,15000,15000
device_0,0.975,1705,1.2,42.0,0.15,drop,48,16,3,0.19493,0.9747974986214312,3113,11887,1000,12.280794543560523,27.218007397349286,39.49880194090981,8.306047191171208,3113,15000,15000,15000
device_0,0.975,1706,1.2,42.0,0.15,drop,48,16,3,0.203,0.9742259419786155,3184,11816,1000,12.28449576838394,26.388929523283196,38.67342529166714,7.742887135351504,3184,15000,15000,15000
device_0,0.975,1707,1.2,42.0,0.15,drop,48,16,3,0.20266,0.9738223967562294,3142,11858,1000,12.351282237548942,26.303407931603978,38.65469016915292,7.720232724451921,3142,15000,15000,15000
device_0,0.975,1708,1.2,42.0,0.15,drop,48,16,3,0.19043,0.9746047948044175,3000,12000,1000,12.33876285756426,27.7206150605402,40.05937791810447,8.656209125894607,3000,15000,15000,15000
device_0,0.975,1709,1.2,42.0,0.15,drop,48,16,3,0.19294,0.9749540477640206,2978,12022,1000,12.363041715978587,27.48645917947809,39.84950089545668,8.443418093777758,2978,15000,15000,15000
device_0,0.975,1710,1.2,42.0,0.15,drop,48,16,3,0.19779,0.9774683509778551,3120,11880,1000,12.229578663497662,26.888203650784384,39.117782314282046,8.172143944175504,3120,15000,15000,15000
device_0,0.0,1701,1.2,42.0,0.15,late,48,16,3,0.19936,-0.002661444942765865,3163,11837,1000,5.530227862472003,17.968589214326094,23.498817076798098,0.7522225346583997,3163,15000,15000,15000
device_0,0.0,1702,1.2,42.0,0.15,late,48,16,3,0.20106,0.005830007599770396,3200,11800,1000,5.5734394908666305,17.82491063418955,23.39835012505618,0.7319444214404217,3200,15000,15000,15000
device_0,0.0,1703,1.2,42.0,0.15,late,48,16,3,0.19952,0.005656351965683195,3200,11800,1000,5.6393649978071485,17.77316087352983,23.412525871336978,0.7723932723872691,3200,15000,15000,15000
device_0,0.0,1704,1.2,42.0,0.15,late,48,16,3,0.20257,0.002457782015709934,3103,11897,1000,5.499932300397629,17.953718447310614,23.453650747708245,0.7042739860639309,3103,15000,15000,15000
device_0,0.0,1705,1.2,42.0,0.15,late,48,16,3,0.20104,-0.004155617772998724,3178,11822,1000,5.585210540909081,17.833711146715586,23.418921687624668,0.7427457655943743,3178,15000,15000,15000
device_0,0.0,1706,1.2,42.0,0.15,late,48,16,3,0.20062,-0.0045443747273977144,3146,11854,1000,5.528455152241222,17.95025941563152,23.478714567872743,0.7225468499793466,3146,15000,15000,15000
device_0,0.0,1707,1.2,42.0,0.15,late,48,16,3,0.19896,0.001346027845602329,3139,11861,1000,5.609501187294249,17.93005415606361,23.539555343357858,0.7327838115992377,3139,15000,15000,15000
device_0,0.0,1708,1.2,42.0,0.15,late,48,16,3,0.19922,-0.001372807149175493,3189,11811,1000,5.56306998468195,17.84884130697783,23.411911291659777,0.744716267767006,3189,15000,15000,15000
device_0,0.0,1709,1.2,42.0,0.15,late,48,16,3,0.20001,0.005034822885721277,3191,11809,1000,5.561790347752852,17.879123419202283,23.440913766955138,0.7888338393321663,3191,15000,15000,15000
device_0,0.0,1710,1.2,42.0,0.15,late,48,16,3,0.19848,0.0007247411049733544,3096,11904,1000,5.652165856369912,17.995491268492312,23.647657124862224,0.7763265863671877,3096,15000,15000,15000
device_0,0.375,1701,1.2,42.0,0.15,late,48,16,3,0.19773,0.37585282092426525,3098,11902,1000,5.5452690829351425,18.095952273182565,23.641221356117708,2.331095349102268,3098,15000,15000,15000
device_0,0.375,1702,1.2,42.0,0.15,late,48,16,3,0.20083,0.3763938072575695,3186,11814,1000,5.537589587083408,17.845898596215193,23.3834881832986,2.241380599678817,3186,15000,15000,15000
device_0,0.375,1703,1.2,42.0,0.15,late,48,16,3,0.19949,0.3708761472322628,3203,11797,1000,5.493122724829177,17.86983687892846,23.362959603757638,2.228806535725465,3203,15000,15000,15000
device_0,0.375,1704,1.2,42.0,0.15,late,48,16,3,0.19956,0.37083454970073176,3200,11800,1000,5.6607682386088705,17.719210612933814,23.37997885154268,2.264236423418129,3200,15000,15000,15000
device_0,0.375,1705,1.2,42.0,0.15,late,48,16,3,0.1976,0.38054564128452917,3144,11856,1000,5.604266213417861,17.984793245202898,23.589059458620756,2.326437902708838,3144,15000,15000,15000
device_0,0.375,1706,1.2,42.0,0.15,late,48,16,3,0.19975,0.37847803043317246,3216,11784,1000,5.614666169687242,17.747042443715788,23.361708613403028,2.27559106061916,3216,15000,15000,15000
device_0,0.375,1707,1.2,42.0,0.15,late,48,16,3,0.19756,0.3714936166119789,3179,11821,1000,5.575917822985124,17.97025588797105,23.54617371095617,2.2632421520189956,3179,15000,15000,15000
device_0,0.375,1708,1.2,42.0,0.15,late,48,16,3,0.19968,0.3728274067949136,3026,11974,1000,5.676222084802381,17.988517084990715,23.664739169793094,2.2300166930820335,3026,15000,15000,15000
device_0,0.375,1709,1.2,42.0,0.15,late,48,16,3,0.20214,0.3789219763360735,3255,11745,1000,5.4710853205540975,17.744991021065935,23.216076341620035,2.198610439154578,3255,15000,15000,15000
device_0,0.375,1710,1.2,42.0,0.15,late,48,16,3,0.19842,0.37511826036297974,3242,11758,1000,5.629189937533064,17.787476407647603,23.41666634518067,2.2777361029660574,3242,15000,15000,15000
device_0,0.75,1701,1.2,42.0,0.15,late,48,16,3,0.20817,0.7556341521150168,3279,11721,1000,5.5288473425333535,17.434149296531828,22.96299663906518,3.261153052913561,3279,15000,15000,15000
device_0,0.75,1702,1.2,42.0,0.15,late,48,16,3,0.20244,0.7487885933421545,3324,11676,1000,5.5475485049718065,17.61596906815227,23.163517573124075,3.3639082596491634,3324,15000,15000,15000
device_0,0.75,1703,1.2,42.0,0.15,late,48,16,3,0.20102,0.7470900970852136,3268,11732,1000,5.456158510630249,17.78073917621027,23.236897686840514,3.407787585211239,3268,15000,15000,15000
device_0,0.75,1704,1.2,42.0,0.15,late,48,16,3,0.19715,0.7479806369104111,3132,11868,1000,5.549816083606594,18.072642677620877,23.62245876122747,3.4951810700255135,3132,15000,15000,15000
device_0,0.75,1705,1.2,42.0,0.15,late,48,16,3,0.20494,0.7506431485678381,3323,11677,1000,5.408424498337074,17.611119561226058,23.019544059563135,3.3306272598579567,3323,15000,15000,15000
device_0,0.75,1706,1.2,42.0,0.15,late,48,16,3,0.20282,0.7537784223147826,3142,11858,1000,5.505928814561669,17.928192172724113,23.434120987285784,3.4038354885328603,3142,15000,15000,15000
device_0,0.75,1707,1.2,42.0,0.15,late,48,16,3,0.20138,0.7431906944181493,3220,11780,1000,5.588288254517035,17.600395739139685,23.18868399365672,3.3250026069562484,3220,15000,15000,15000
device_0,0.75,1708,1.2,42.0,0.15,late,48,16,3,0.20034,0.7475350990705809,3173,11827,1000,5.534621008249432,17.987791758197588,23.52241276644702,3.4573773838770165,3173,15000,15000,15000
device_0,0.75,1709,1.2,42.0,0.15,late,48,16,3,0.20613,0.7542776800152501,3271,11729,1000,5.673685406602323,17.362891002913155,23.03657640951548,3.301988968569692,3271,15000,15000,15000
device_0,0.75,1710,1.2,42.0,0.15,late,48,16,3,0.20286,0.74728584709585,3198,11802,1000,5.709343601352635,17.58096750142115,23.29031110277378,3.33770958870353,3198,15000,15000,15000
device_0,0.875,1701,1.2,42.0,0.15,late,48,16,3,0.20249,0.8763990178082249,3214,11786,1000,5.647325705247328,17.653372681966452,23.300698387213778,3.7076176257629316,3214,15000,15000,15000
device_0,0.875,1702,1.2,42.0,0.15,late,48,16,3,0.19703,0.8759866636367837,3061,11939,1000,5.4698048440812705,18.302835066823793,23.772639910905063,3.85691794404097,3061,15000,15000,15000
device_0,0.875,1703,1.2,42.0,0.15,late,48,16,3,0.20238,0.8773687974569232,3265,11735,1000,5.515738438539075,17.726606880106754,23.242345318645825,3.686026373648688,3265,15000,15000,15000
device_0,0.875,1704,1.2,42.0,0.15,late,48,16,3,0.19663,0.8771256568671042,3154,11846,1000,5.6047721180846475,17.988455076652887,23.593227194737537,3.859789631681537,3154,15000,15000,15000
device_0,0.875,1705,1.2,42.0,0.15,late,48,16,3,0.20133,0.8756186617053834,3183,11817,1000,5.686254493525603,17.63714318628132,23.323397679806924,3.7170366841586473,3183,15000,15000,15000
device_0,0.875,1706,1.2,42.0,0.15,late,48,16,3,0.19605,0.8731077294363513,3189,11811,1000,5.543954739678835,18.072835970311814,23.61679070999065,3.868426933509911,3189,15000,15000,15000
device_0,0.875,1707,1.2,42.0,0.15,late,48,16,3,0.2,0.8774036452681541,3167,11833,1000,5.575756546386885,17.89927132223061,23.4750278686175,3.785266733564502,3167,15000,15000,15000
device_0,0.875,1708,1.2,42.0,0.15,late,48,16,3,0.20258,0.87442580026271,3321,11679,1000,5.4863843061129876,17.58891629258887,23.07530059870186,3.6978701075826836,3321,15000,15000,15000
device_0,0.875,1709,1.2,42.0,0.15,late,48,16,3,0.19831,0.8770598020870867,3067,11933,1000,5.650333621912329,18.08048123585373,23.730814857766056,3.8443839190341755,3067,15000,15000,15000
device_0,0.875,1710,1.2,42.0,0.15,late,48,16,3,0.19668,0.8724656025657239,3148,11852,1000,5.427569572428356,18.1692689395167,23.596838511945055,3.8503132809076437,3148,15000,15000,15000
device_0,0.9375,1701,1.2,42.0,0.15,late,48,16,3,0.20509,0.9402237906216514,3191,11809,1000,5.501044230475542,17.70070185881007,23.20174608928561,3.8135240417763128,3191,15000,15000,15000
device_0,0.9375,1702,1.2,42.0,0.15,late,48,16,3,0.19366,0.9366016280001491,3090,11910,1000,5.6190197411818685,18.175640042232057,23.794659783413927,4.01246039936215,3090,15000,15000,15000
device_0,0.9375,1703,1.2,42.0,0.15,late,48,16,3,0.19489,0.9369055048961522,3087,11913,1000,5.532430604595592,18.22073465988555,23.75316526448114,4.036958876549876,3087,15000,15000,15000
device_0,0.9375,1704,1.2,42.0,0.15,late,48,16,3,0.19999,0.9358099323716185,3218,11782,1000,5.48487507458078,17.922508890042817,23.407383964623598,3.9098069156187845,3218,15000,15000,15000
device_0,0.9375,1705,1.2,42.0,0.15,late,48,16,3,0.19063,0.9374553760710133,3080,11920,1000,5.589037764176627,18.37671085089129,23.965748615067913,4.12002848948707,3080,15000,15000,15000
device_0,0.9375,1706,1.2,42.0,0.15,late,48,16,3,0.20144,0.9386428776611538,3154,11846,1000,5.601903163778995,17.803222623843485,23.40512578762248,3.8805017243029827,3154,15000,15000,15000
device_0,0.9375,1707,1.2,42.0,0.15,late,48,16,3,0.20073,0.9386652506542138,3202,11798,1000,5.528182029670721,17.852410226492847,23.380592256163567,3.887686708082631,3202,15000,15000,15000
device_0,0.9375,1708,1.2,42.0,0.15,late,48,16,3,0.19042,0.9350336658268497,3012,11988,1000,5.615763168947233,18.51983712894458,24.135600297891813,4.163886386005151,3012,15000,15000,15000
device_0,0.9375,1709,1.2,42.0,0.15,late,48,16,3,0.20214,0.9387695757970393,3236,11764,1000,5.634727409419446,17.66429711653661,23.299024525956053,3.8892316178849695,3236,15000,15000,15000
device_0,0.9375,1710,1.2,42.0,0.15,late,48,16,3,0.20082,0.9338903427364145,3133,11867,1000,5.5899637418364145,17.948317948279726,23.53828169011614,3.893541128891359,3133,15000,15000,15000
device_0,0.975,1701,1.2,42.0,0.15,late,48,16,3,0.20012,0.9750727182312047,3130,11870,1000,5.540964546063502,17.93721300652414,23.47817755258764,3.9913719256535423,3130,15000,15000,15000
device_0,0.975,1702,1.2,42.0,0.15,late,48,16,3,0.19762,0.9739220248349032,3200,11800,1000,5.607256853940871,17.869944833880606,23.477201687821477,4.058344526505682,3200,15000,15000,15000
device_0,0.975,1703,1.2,42.0,0.15,late,48,16,3,0.1984,0.975854682367182,3132,11868,1000,5.667884871945356,17.89779879070507,23.565683662650425,4.037370768571149,3132,15000,15000,15000
device_0,0.975,1704,1.2,42.0,0.15,late,48,16,3,0.19634,0.9733501805342133,3171,11829,1000,5.383066693995143,18.22512712207274,23.608193816067885,4.080969104587982,3171,15000,15000,15000
device_0,0.975,1705,1.2,42.0,0.15,late,48,16,3,0.19493,0.9747974986214312,3113,11887,1000,5.6493928414909655,18.145670277595627,23.795063119086592,4.1278949368796924,3113,15000,15000,15000
device_0,0.975,1706,1.2,42.0,0.15,late,48,16,3,0.203,0.9742259419786155,3184,11816,1000,5.739709221409619,17.613313789669252,23.35302301107887,3.9133038331210006,3184,15000,15000,15000
device_0,0.975,1707,1.2,42.0,0.15,late,48,16,3,0.20266,0.9738223967562294,3142,11858,1000,5.609230569898506,17.77184475789009,23.381075327788597,3.932776692780935,3142,15000,15000,15000
device_0,0.975,1708,1.2,42.0,0.15,late,48,16,3,0.19043,0.9746047948044175,3000,12000,1000,5.6140965121320425,18.475059715175476,24.089156227307516,4.220439112259392,3000,15000,15000,15000
device_0,0.975,1709,1.2,42.0,0.15,late,48,16,3,0.19294,0.9749540477640206,2978,12022,1000,5.538881892072975,18.485292923294786,24.02417481536776,4.159675570373008,2978,15000,15000,15000
device_0,0.975,1710,1.2,42.0,0.15,late,48,16,3,0.19779,0.9774683509778551,3120,11880,1000,5.526992161000263,18.069844776819913,23.596836937820175,4.077430445471822,3120,15000,15000,15000
device_0,0.0,1701,1.35,47.25,0.01,drop,48,16,3,0.19936,-0.002661444942765865,516,484,1000,0.48320575703789076,1.4781200627022189,1.9613258197401096,0.00011183166714422769,516,1000,1000,1000
device_0,0.0,1702,1.35,47.25,0.01,drop,48,16,3,0.20106,0.005830007599770396,487,513,1000,0.5093386611762162,1.5615311849722426,2.0708698461484585,0.00010249477924636605,487,1000,1000,1000
device_0,0.0,1703,1.35,47.25,0.01,drop,48,16,3,0.19952,0.005656351965683195,497,503,1000,0.5097112115713077,1.5235148881273968,2.0332260996987044,6.923512933203706e-05,497,1000,1000,1000
device_0,0.0,1704,1.35,47.25,0.01,drop,48,16,3,0.20257,0.002457782015709934,527,473,1000,0.4601893381717571,1.4471100418365606,1.9072993800083178,0.00010697338267819239,527,1000,1000,1000
device_0,0.0,1705,1.35,47.25,0.01,drop,48,16,3,0.20104,-0.004155617772998724,482,518,1000,0.48725817385630404,1.601595871196603,2.088854045052907,0.00018969697127265868,482,1000,1000,1000
device_0,0.0,1706,1.35,47.25,0.01,drop,48,16,3,0.20062,-0.0045443747273977144,517,483,1000,0.48204293555797695,1.471188245032495,1.9532311805904718,3.675281882936008e-05,517,1000,1000,1000
device_0,0.0,1707,1.35,47.25,0.01,drop,48,16,3,0.19896,0.001346027845602329,467,533,1000,0.5329968356802506,1.6233646689225512,2.1563615046028017,0.00014884735830085065,467,1000,1000,1000
device_0,0.0,1708,1.35,47.25,0.01,drop,48,16,3,0.19922,-0.001372807149175493,497,503,1000,0.4784142668140107,1.556444562894557,2.0348588297085675,9.721665515507305e-05,497,1000,1000,1000
device_0,0.0,1709,1.35,47.25,0.01,drop,48,16,3,0.20001,0.005034822885721277,508,492,1000,0.5026862229664417,1.4843009095732014,1.986987132539643,0.00017265349541368478,508,1000,1000,1000
device_0,0.0,1710,1.35,47.25,0.01,drop,48,16,3,0.19848,0.0007247411049733544,469,531,1000,0.5603820752501021,1.5907577262483283,2.1511398014984304,0.00010943810533066768,469,1000,1000,1000
device_0,0.375,1701,1.35,47.25,0.01,drop,48,16,3,0.19773,0.37585282092426525,509,491,1000,0.5075782819687381,1.4905798430021868,1.9981581249709248,0.0002723472419998683,509,1000,1000,1000
device_0,0.375,1702,1.35,47.25,0.01,drop,48,16,3,0.20083,0.3763938072575695,499,501,1000,0.5395748586134921,1.4844393195175798,2.024014178131072,0.00013749231952148218,499,1000,1000,1000
device_0,0.375,1703,1.35,47.25,0.01,drop,48,16,3,0.19949,0.3708761472322628,508,492,1000,0.5361734798451055,1.4517524261491852,1.9879259059942909,0.000289042442291487,508,1000,1000,1000
device_0,0.375,1704,1.35,47.25,0.01,drop,48,16,3,0.19956,0.37083454970073176,479,521,1000,0.5092938528456755,1.595677053530627,2.1049709063763027,0.000351469798337723,479,1000,1000,1000
device_0,0.375,1705,1.35,47.25,0.01,drop,48,16,3,0.1976,0.38054564128452917,502,498,1000,0.5101185051765417,1.510779164856765,2.020897670033307,0.0003106563583079838,502,1000,1000,1000
device_0,0.375,1706,1.35,47.25,0.01,drop,48,16,3,0.19975,0.37847803043317246,532,468,1000,0.4479840190558615,1.4459466327741497,1.8939306518300112,0.00023657135291147436,532,1000,1000,1000
device_0,0.375,1707,1.35,47.25,0.01,drop,48,16,3,0.19756,0.3714936166119789,451,549,1000,0.5471028482273205,1.6805764539148993,2.22767930214222,0.0002945827885639758,451,1000,1000,1000
device_0,0.375,1708,1.35,47.25,0.01,drop,48,16,3,0.19968,0.3728274067949136,476,524,1000,0.5340517291808909,1.5835624243071222,2.117614153488013,0.00030728811591786744,476,1000,1000,1000
device_0,0.375,1709,1.35,47.25,0.01,drop,48,16,3,0.20214,0.3789219763360735,509,491,1000,0.47743777065268406,1.4975884228889254,1.9750261935416096,0.00034945686060779883,509,1000,1000,1000
device_0,0.375,1710,1.35,47.25,0.01,drop,48,16,3,0.19842,0.37511826036297974,485,515,1000,0.5453451590671494,1.541502722963237,2.0868478820303866,0.00022375527455888075,485,1000,1000,1000
device_0,0.75,1701,1.35,47.25,0.01,drop,48,16,3,0.20817,0.7556341521150168,530,470,1000,0.4792557436745892,1.3892982362603767,1.868553979934966,0.00044011563910183757,530,1000,1000,1000
device_0,0.75,1702,1.35,47.25,0.01,drop,48,16,3,0.20244,0.7487885933421545,512,488,1000,0.451155045588306,1.5129830634745705,1.9641381090628762,0.000371493692818621,512,1000,1000,1000
device_0,0.75,1703,1.35,47.25,0.01,drop,48,16,3,0.20102,0.7470900970852136,531,469,1000,0.4727534385179392,1.421497979633872,1.8942514181518113,0.0003728762159275638,531,1000,1000,1000
device_0,0.75,1704,1.35,47.25,0.01,drop,48,16,3,0.19715,0.7479806369104111,493,507,1000,0.5255210499071605,1.535570281130899,2.0610913310380594,0.0003501277359984199,493,1000,1000,1000
device_0,0.75,1705,1.35,47.25,0.01,drop,48,16,3,0.20494,0.7506431485678381,519,481,1000,0.4202410646848926,1.503909095301881,1.9241501599867736,0.0003095569120427498,519,1000,1000,1000
device_0,0.75,1706,1.35,47.25,0.01,drop,48,16,3,0.20282,0.7537784223147826,462,538,1000,0.5223726161692817,1.6414295508607935,2.163802167030075,0.00032439492329459604,462,1000,1000,1000
device_0,0.75,1707,1.35,47.25,0.01,drop,48,16,3,0.20138,0.7431906944181493,488,512,1000,0.5305671746239145,1.5261677310937107,2.0567349057176254,0.0004769390707740024,488,1000,1000,1000
device_0,0.75,1708,1.35,47.25,0.01,drop,48,16,3,0.20034,0.7475350990705809,471,529,1000,0.556651516641554,1.5869372732209028,2.143588789862457,0.0005593310173919365,471,1000,1000,1000
device_0,0.75,1709,1.35,47.25,0.01,drop,48,16,3,0.20613,0.7542776800152501,505,495,1000,0.5143568001812555,1.4605905466520854,1.974947346833341,0.0004151091558265405,505,1000,1000,1000
device_0,0.75,1710,1.35,47.25,0.01,drop,48,16,3,0.20286,0.74728584709585,519,481,1000,0.49856483479487324,1.4350878624515175,1.9336526972463908,0.00026086753174168564,519,1000,1000,1000
device_0,0.875,1701,1.35,47.25,0.01,drop,48,16,3,0.20249,0.8763990178082249,523,477,1000,0.46348669152760896,1.4623472082826061,1.9258338998102151,0.0004990795793726775,523,1000,1000,1000
device_0,0.875,1702,1.35,47.25,0.01,drop,48,16,3,0.19703,0.8759866636367837,489,511,1000,0.5423799747503452,1.5387811733818475,2.0811611481321926,0.000559758698367119,489,1000,1000,1000
device_0,0.875,1703,1.35,47.25,0.01,drop,48,16,3,0.20238,0.8773687974569232,505,495,1000,0.5511640125273464,1.4404650179038356,1.991629030431182,0.0005369354678572284,505,1000,1000,1000
device_0,0.875,1704,1.35,47.25,0.01,drop,48,16,3,0.19663,0.8771256568671042,478,522,1000,0.5141606661455093,1.6086550430142605,2.1228157091597697,0.00045922455666848273,478,1000,1000,1000
device_0,0.875,1705,1.35,47.25,0.01,drop,48,16,3,0.20133,0.8756186617053834,486,514,1000,0.494800275189469,1.5773859238217156,2.0721861990111847,0.0005213117263793424,486,1000,1000,1000
device_0,0.875,1706,1.35,47.25,0.01,drop,48,16,3,0.19605,0.8731077294363513,515,485,1000,0.47846651364073334,1.501982466996051,1.9804489806367844,0.0003847668179979668,515,1000,1000,1000
device_0,0.875,1707,1.35,47.25,0.01,drop,48,16,3,0.2,0.8774036452681541,500,500,1000,0.5210814554860391,1.500040058051122,2.021121513537161,0.00048666115382080787,500,1000,1000,1000
device_0,0.875,1708,1.35,47.25,0.01,drop,48,16,3,0.20258,0.87442580026271,496,504,1000,0.5525372503973267,1.4682591057201342,2.0207963561174607,0.0004293295425532375,496,1000,1000,1000
device_0,0.875,1709,1.35,47.25,0.01,drop,48,16,3,0.19831,0.8770598020870867,511,489,1000,0.4893254390552945,1.5009759481525267,1.9903013872078212,0.00029269061105841726,511,1000,1000,1000
device_0,0.875,1710,1.35,47.25,0.01,drop,48,16,3,0.19668,0.8724656025657239,493,507,1000,0.5342081729996618,1.5264784298846938,2.060686602884356,0.0005158119605336866,493,1000,1000,1000
device_0,0.9375,1701,1.35,47.25,0.01,drop,48,16,3,0.20509,0.9402237906216514,498,502,1000,0.48971270933119737,1.518025827008373,2.0077385363395703,0.000555991034284289,498,1000,1000,1000
device_0,0.9375,1702,1.35,47.25,0.01,drop,48,16,3,0.19366,0.9366016280001491,498,502,1000,0.5224093598604174,1.5311399752551398,2.0535493351155574,0.0004820515978008032,498,1000,1000,1000
device_0,0.9375,1703,1.35,47.25,0.01,drop,48,16,3,0.19489,0.9369055048961522,487,513,1000,0.4986334176643907,1.5944911816086222,2.093124599273013,0.0005808401602318454,487,1000,1000,1000
device_0,0.9375,1704,1.35,47.25,0.01,drop,48,16,3,0.19999,0.9358099323716185,485,515,1000,0.4976497647745092,1.5838723068441845,2.0815220716186937,0.0005075699003225005,485,1000,1000,1000
device_0,0.9375,1705,1.35,47.25,0.01,drop,48,16,3,0.19063,0.9374553760710133,477,523,1000,0.4747080361980712,1.6862451104905,2.160953146688571,0.0006746618418055378,477,1000,1000,1000
device_0,0.9375,1706,1.35,47.25,0.01,drop,48,16,3,0.20144,0.9386428776611538,522,478,1000,0.502074305446071,1.4270876955675156,1.9291620010135868,0.0005078411321767144,522,1000,1000,1000
device_0,0.9375,1707,1.35,47.25,0.01,drop,48,16,3,0.20073,0.9386652506542138,532,468,1000,0.4096982200737422,1.4839009161199987,1.893599136193741,0.00044768965315906327,532,1000,1000,1000
device_0,0.9375,1708,1.35,47.25,0.01,drop,48,16,3,0.19042,0.9350336658268497,462,538,1000,0.5435102176136959,1.6756421685574339,2.21915238617113,0.0005849416623033744,462,1000,1000,1000
device_0,0.9375,1709,1.35,47.25,0.01,drop,48,16,3,0.20214,0.9387695757970393,501,499,1000,0.49217174904719085,1.518408393443106,2.010580142490297,0.0004740421423268219,501,1000,1000,1000
device_0,0.9375,1710,1.35,47.25,0.01,drop,48,16,3,0.20082,0.9338903427364145,486,514,1000,0.5195389950495143,1.5576768238184069,2.077215818867921,0.0004031272225456613,486,1000,1000,1000
device_0,0.975,1701,1.35,47.25,0.01,drop,48,16,3,0.20012,0.9750727182312047,475,525,1000,0.5192663916062626,1.6006353052584026,2.119901696864665,0.0005809110532387836,475,1000,1000,1000
device_0,0.975,1702,1.35,47.25,0.01,drop,48,16,3,0.19762,0.9739220248349032,483,517,1000,0.5304706510768062,1.5635123372810926,2.093982988357899,0.0006495021800057172,483,1000,1000,1000
device_0,0.975,1703,1.35,47.25,0.01,drop,48,16,3,0.1984,0.975854682367182,494,506,1000,0.5175585611173146,1.535890006897545,2.0534485680148595,0.0005248369516225797,494,1000,1000,1000
device_0,0.975,1704,1.35,47.25,0.01,drop,48,16,3,0.19634,0.9733501805342133,485,515,1000,0.4829760204189902,1.6186354009654176,2.101611421384408,0.000648460794410928,485,1000,1000,1000
device_0,0.975,1705,1.35,47.25,0.01,drop,48,16,3,0.19493,0.9747974986214312,499,501,1000,0.5185108029051245,1.5334240764796239,2.0519348793847483,0.0005465039989105424,499,1000,1000,1000
device_0,0.975,1706,1.35,47.25,0.01,drop,48,16,3,0.203,0.9742259419786155,480,520,1000,0.510412223961453,1.576033808832954,2.0864460327944068,0.0004496895626050949,480,1000,1000,1000
device_0,0.975,1707,1.35,47.25,0.01,drop,48,16,3,0.20266,0.9738223967562294,499,501,1000,0.5089022455126926,1.5030089309325365,2.011911176445229,0.00044673505117652507,499,1000,1000,1000
device_0,0.975,1708,1.35,47.25,0.01,drop,48,16,3,0.19043,0.9746047948044175,482,518,1000,0.5186358382679821,1.619777346886797,2.138413185154779,0.0006266896353406816,482,1000,1000,1000
device_0,0.975,1709,1.35,47.25,0.01,drop,48,16,3,0.19294,0.9749540477640206,466,534,1000,0.5091801576809267,1.6872862344783839,2.1964663921593104,0.000847618751583643,466,1000,1000,1000
device_0,0.975,1710,1.35,47.25,0.01,drop,48,16,3,0.19779,0.9774683509778551,513,487,1000,0.47636004587138736,1.5048615738178774,1.9812216196892647,0.00048039374548300326,513,1000,1000,1000
device_0,0.0,1701,1.35,47.25,0.01,late,48,16,3,0.19936,-0.002661444942765865,516,484,1000,0.15968884101982267,0.9381214090592767,1.0978102500790992,6.857628157585386e-05,516,1000,1000,1000
device_0,0.0,1702,1.35,47.25,0.01,late,48,16,3,0.20106,0.005830007599770396,487,513,1000,0.19314812156917946,0.9672918567674962,1.1604399783366757,7.30493839390157e-05,487,1000,1000,1000
device_0,0.0,1703,1.35,47.25,0.01,late,48,16,3,0.19952,0.005656351965683195,497,503,1000,0.18580261925421518,0.9536852836338876,1.1394879028881026,9.740675091056053e-05,497,1000,1000,1000
device_0,0.0,1704,1.35,47.25,0.01,late,48,16,3,0.20257,0.002457782015709934,527,473,1000,0.13736287549919754,0.9311130001949198,1.0684758756941173,7.09709901481677e-05,527,1000,1000,1000
device_0,0.0,1705,1.35,47.25,0.01,late,48,16,3,0.20104,-0.004155617772998724,482,518,1000,0.18386406056645907,0.9873183620991974,1.1711824226656564,9.361223210176714e-05,482,1000,1000,1000
device_0,0.0,1706,1.35,47.25,0.01,late,48,16,3,0.20062,-0.0045443747273977144,517,483,1000,0.17671351434194182,0.9175033396857486,1.0942168540276904,4.4349031269244896e-05,517,1000,1000,1000
device_0,0.0,1707,1.35,47.25,0.01,late,48,16,3,0.19896,0.001346027845602329,467,533,1000,0.19694347851389446,1.01140697343714,1.2083504519510346,4.142309975248077e-05,467,1000,1000,1000
device_0,0.0,1708,1.35,47.25,0.01,late,48,16,3,0.19922,-0.001372807149175493,497,503,1000,0.17770776957064605,0.9623978389853618,1.140105608556008,0.00011000286903021206,497,1000,1000,1000
device_0,0.0,1709,1.35,47.25,0.01,late,48,16,3,0.20001,0.005034822885721277,508,492,1000,0.15237203336129565,0.9608895234184508,1.1132615567797464,8.171528825372894e-05,508,1000,1000,1000
device_0,0.0,1710,1.35,47.25,0.01,late,48,16,3,0.19848,0.0007247411049733544,469,531,1000,0.1785607626685261,1.0273018985691735,1.2058626612376997,0.000127824473971645,469,1000,1000,1000
device_0,0.375,1701,1.35,47.25,0.01,late,48,16,3,0.19773,0.37585282092426525,509,491,1000,0.16094113771815072,0.9585994433868164,1.119540581104967,0.0002237635702439146,509,1000,1000,1000
device_0,0.375,1702,1.35,47.25,0.01,late,48,16,3,0.20083,0.3763938072575695,499,501,1000,0.17298458761256003,0.9608253400839273,1.1338099276964873,0.00016475243699825624,499,1000,1000,1000
device_0,0.375,1703,1.35,47.25,0.01,late,48,16,3,0.19949,0.3708761472322628,508,492,1000,0.16453501403617404,0.9489610665829071,1.1134960806190812,0.00017746494413529602,508,1000,1000,1000
device_0,0.375,1704,1.35,47.25,0.01,late,48,16,3,0.19956,0.37083454970073176,479,521,1000,0.19881930813625612,0.9812699278074186,1.1800892359436748,8.496380023224416e-05,479,1000,1000,1000
device_0,0.375,1705,1.35,47.25,0.01,late,48,16,3,0.1976,0.38054564128452917,502,498,1000,0.15777703503151394,0.9752125132962803,1.1329895483277943,0.00029050159375360876,502,1000,1000,1000
device_0,0.375,1706,1.35,47.25,0.01,late,48,16,3,0.19975,0.37847803043317246,532,468,1000,0.14445724840969257,0.9160825607234774,1.06053980913317,0.00024808316627243,532,1000,1000,1000
device_0,0.375,1707,1.35,47.25,0.01,late,48,16,3,0.19756,0.3714936166119789,451,549,1000,0.15446997242099067,1.0943531122679986,1.2488230846889894,0.0002267652770059753,451,1000,1000,1000
device_0,0.375,1708,1.35,47.25,0.01,late,48,16,3,0.19968,0.3728274067949136,476,524,1000,0.19043664571894098,0.9981981606704152,1.1886348063893561,0.00019065063790849198,476,1000,1000,1000
device_0,0.375,1709,1.35,47.25,0.01,late,48,16,3,0.20214,0.3789219763360735,509,491,1000,0.15863632946624417,0.9466245396662885,1.1052608691325325,0.0002304655122954484,509,1000,1000,1000
device_0,0.375,1710,1.35,47.25,0.01,late,48,16,3,0.19842,0.37511826036297974,485,515,1000,0.18126680742442902,0.9879703689844368,1.1692371764088658,0.0002246773092447761,485,1000,1000,1000
device_0,0.75,1701,1.35,47.25,0.01,late,48,16,3,0.20817,0.7556341521150168,530,470,1000,0.16306755924169355,0.8831435898342915,1.0462111490759851,0.00017272969135652673,530,1000,1000,1000
device_0,0.75,1702,1.35,47.25,0.01,late,48,16,3,0.20244,0.7487885933421545,512,488,1000,0.16334061285556595,0.9365089145177894,1.0998495273733553,0.0003387577374170602,512,1000,1000,1000
device_0,0.75,1703,1.35,47.25,0.01,late,48,16,3,0.20102,0.7470900970852136,531,469,1000,0.17279678907299795,0.8874586904234609,1.060255479496459,0.0002628248669674259,531,1000,1000,1000
device_0,0.75,1704,1.35,47.25,0.01,late,48,16,3,0.19715,0.7479806369104111,493,507,1000,0.1805492440391394,0.9746737140013912,1.1552229580405307,0.00048349093163611444,493,1000,1000,1000
device_0,0.75,1705,1.35,47.25,0.01,late,48,16,3,0.20494,0.7506431485678381,519,481,1000,0.188668681615866,0.8887258022711899,1.077394483887056,0.00038830563554783314,519,1000,1000,1000
device_0,0.75,1706,1.35,47.25,0.01,late,48,16,3,0.20282,0.7537784223147826,462,538,1000,0.21612108372711814,0.9974123061227819,1.2135333898499,0.00042931530989249485,462,1000,1000,1000
device_0,0.75,1707,1.35,47.25,0.01,late,48,16,3,0.20138,0.7431906944181493,488,512,1000,0.15653567216769104,0.9960856179057632,1.1526212900734543,0.0002679594408963505,488,1000,1000,1000
device_0,0.75,1708,1.35,47.25,0.01,late,48,16,3,0.20034,0.7475350990705809,471,529,1000,0.1818066657335241,1.0194365714233373,1.2012432371568615,0.00046444392088356156,471,1000,1000,1000
device_0,0.75,1709,1.35,47.25,0.01,late,48,16,3,0.20613,0.7542776800152501,505,495,1000,0.14811846522434818,0.9588484767978709,1.106966942022219,0.0004436046375030328,505,1000,1000,1000
device_0,0.75,1710,1.35,47.25,0.01,late,48,16,3,0.20286,0.74728584709585,519,481,1000,0.15516809151405864,0.9281611569903226,1.0833292485043813,0.00019620779173020012,519,1000,1000,1000
device_0,0.875,1701,1.35,47.25,0.01,late,48,16,3,0.20249,0.8763990178082249,523,477,1000,0.16854520769031284,0.9092146179930582,1.0777598256833711,0.0004351595367605115,523,1000,1000,1000
device_0,0.875,1702,1.35,47.25,0.01,late,48,16,3,0.19703,0.8759866636367837,489,511,1000,0.1880083695430748,0.9786138920838163,1.166622261626891,0.0003638652845893488,489,1000,1000,1000
device_0,0.875,1703,1.35,47.25,0.01,late,48,16,3,0.20238,0.8773687974569232,505,495,1000,0.16247095307304296,0.953018668754193,1.115489621827236,0.0004814334488635336,505,1000,1000,1000
device_0,0.875,1704,1.35,47.25,0.01,late,48,16,3,0.19663,0.8771256568671042,478,522,1000,0.16580659063281344,1.0238024727546184,1.1896090633874319,0.0005482128261544356,478,1000,1000,1000
device_0,0.875,1705,1.35,47.25,0.01,late,48,16,3,0.20133,0.8756186617053834,486,514,1000,0.18164986563307728,0.9794945991178475,1.1611444647509248,0.00027173390746556626,486,1000,1000,1000
device_0,0.875,1706,1.35,47.25,0.01,late,48,16,3,0.19605,0.8731077294363513,515,485,1000,0.15477694385589436,0.9543242113774304,1.1091011552333248,0.000466569980762413,515,1000,1000,1000
device_0,0.875,1707,1.35,47.25,0.01,late,48,16,3,0.2,0.8774036452681541,500,500,1000,0.18191101529017276,0.9505693258066197,1.1324803410967923,0.00037376052460424654,500,1000,1000,1000
device_0,0.875,1708,1.35,47.25,0.01,late,48,16,3,0.20258,0.87442580026271,496,504,1000,0.17124120191767708,0.9614234040121132,1.1326646059297902,0.0003414250023528752,496,1000,1000,1000
device_0,0.875,1709,1.35,47.25,0.01,late,48,16,3,0.19831,0.8770598020870867,511,489,1000,0.16256359297294112,0.9524677952867715,1.1150313882597127,0.0003747345602060853,511,1000,1000,1000
device_0,0.875,1710,1.35,47.25,0.01,late,48,16,3,0.19668,0.8724656025657239,493,507,1000,0.20926383616866287,0.9452693319985214,1.1545331681671842,0.0004709003317738131,493,1000,1000,1000
device_0,0.9375,1701,1.35,47.25,0.01,late,48,16,3,0.20509,0.9402237906216514,498,502,1000,0.16362074011331024,0.9616900345440232,1.1253107746573334,0.000514509647067569,498,1000,1000,1000
device_0,0.9375,1702,1.35,47.25,0.01,late,48,16,3,0.19366,0.9366016280001491,498,502,1000,0.15584744942553244,0.994716015406964,1.1505634648324963,0.0005296655836139929,498,1000,1000,1000
device_0,0.9375,1703,1.35,47.25,0.01,late,48,16,3,0.19489,0.9369055048961522,487,513,1000,0.1626420528133756,1.0103093909940677,1.1729514438074433,0.00033156895839921895,487,1000,1000,1000
device_0,0.9375,1704,1.35,47.25,0.01,late,48,16,3,0.19999,0.9358099323716185,485,515,1000,0.16630624506255376,1.0005686631443313,1.166874908206885,0.0003947495663229986,485,1000,1000,1000
device_0,0.9375,1705,1.35,47.25,0.01,late,48,16,3,0.19063,0.9374553760710133,477,523,1000,0.15579254195168893,1.0550400626875738,1.2108326046392628,0.0004206749470794391,477,1000,1000,1000
device_0,0.9375,1706,1.35,47.25,0.01,late,48,16,3,0.20144,0.9386428776611538,522,478,1000,0.17158024319915227,0.9088414826948358,1.080421725893988,0.00030098136255766095,522,1000,1000,1000
device_0,0.9375,1707,1.35,47.25,0.01,late,48,16,3,0.20073,0.9386652506542138,532,468,1000,0.14838352622220943,0.911623770076436,1.0600072962986455,0.0003201260513427478,532,1000,1000,1000
device_0,0.9375,1708,1.35,47.25,0.01,late,48,16,3,0.19042,0.9350336658268497,462,538,1000,0.16996113739134175,1.0742142688439502,1.2441754062352919,0.0005015315165895811,462,1000,1000,1000
device_0,0.9375,1709,1.35,47.25,0.01,late,48,16,3,0.20214,0.9387695757970393,501,499,1000,0.1621069462643428,0.9643055635755635,1.1264125098399063,0.0003718740006949097,501,1000,1000,1000
device_0,0.9375,1710,1.35,47.25,0.01,late,48,16,3,0.20082,0.9338903427364145,486,514,1000,0.1708206316862968,0.9929703132243222,1.163790944910619,0.00048253192140772574,486,1000,1000,1000
device_0,0.975,1701,1.35,47.25,0.01,late,48,16,3,0.20012,0.9750727182312047,475,525,1000,0.15390188193616627,1.034985079171285,1.1888869611074513,0.0004916350058421115,475,1000,1000,1000
device_0,0.975,1702,1.35,47.25,0.01,late,48,16,3,0.19762,0.9739220248349032,483,517,1000,0.18743239496897393,0.9867456870064364,1.1741780819754104,0.00028638546122721604,483,1000,1000,1000
device_0,0.975,1703,1.35,47.25,0.01,late,48,16,3,0.1984,0.975854682367182,494,506,1000,0.17130750005138448,0.9796465951927998,1.1509540952441843,0.00042034156166909857,494,1000,1000,1000
device_0,0.975,1704,1.35,47.25,0.01,late,48,16,3,0.19634,0.9733501805342133,485,515,1000,0.16030477619273625,1.0175219872562906,1.177826763449027,0.0004309986064547591,485,1000,1000,1000
device_0,0.975,1705,1.35,47.25,0.01,late,48,16,3,0.19493,0.9747974986214312,499,501,1000,0.16062564727984063,0.9890712046945462,1.1496968519743869,0.0005234885297070119,499,1000,1000,1000
device_0,0.975,1706,1.35,47.25,0.01,late,48,16,3,0.203,0.9742259419786155,480,520,1000,0.16261733320134059,1.0079250399562987,1.1705423731576392,0.00032932486300066716,480,1000,1000,1000
device_0,0.975,1707,1.35,47.25,0.01,late,48,16,3,0.20266,0.9738223967562294,499,501,1000,0.18208085841556731,0.9459549987022425,1.1280358571178097,0.0003536578285783289,499,1000,1000,1000
device_0,0.975,1708,1.35,47.25,0.01,late,48,16,3,0.19043,0.9746047948044175,482,518,1000,0.13826669241695208,1.0600218635605199,1.198288555977472,0.0005522148509026217,482,1000,1000,1000
device_0,0.975,1709,1.35,47.25,0.01,late,48,16,3,0.19294,0.9749540477640206,466,534,1000,0.16494651888840206,1.066157052843139,1.2311035717315413,0.0003892784502295101,466,1000,1000,1000
device_0,0.975,1710,1.35,47.25,0.01,late,48,16,3,0.19779,0.9774683509778551,513,487,1000,0.13942947248515783,0.9701778508707958,1.1096073233559536,0.0005261054030196762,513,1000,1000,1000
device_0,0.0,1701,1.35,47.25,0.05,drop,48,16,3,0.19936,-0.002661444942765865,516,4484,1000,4.352091496078235,13.52739138102454,17.87948287710277,0.00828385286334,516,5000,5000,5000
device_0,0.0,1702,1.35,47.25,0.05,drop,48,16,3,0.20106,0.005830007599770396,487,4513,1000,4.392049517843385,13.537329844492993,17.929379362336377,0.007956229914967163,487,5000,5000,5000
device_0,0.0,1703,1.35,47.25,0.05,drop,48,16,3,0.19952,0.005656351965683195,497,4503,1000,4.549053538021801,13.369231447799752,17.918284985821554,0.007411699825391204,497,5000,5000,5000
device_0,0.0,1704,1.35,47.25,0.05,drop,48,16,3,0.20257,0.002457782015709934,527,4473,1000,4.485932323136636,13.264176814943983,17.75010913808062,0.007982608690057565,527,5000,5000,5000
device_0,0.0,1705,1.35,47.25,0.05,drop,48,16,3,0.20104,-0.004155617772998724,482,4518,1000,4.5943733139309195,13.341454699972749,17.93582801390367,0.007588742626914302,482,5000,5000,5000
device_0,0.0,1706,1.35,47.25,0.05,drop,48,16,3,0.20062,-0.0045443747273977144,517,4483,1000,4.573003860115394,13.268924228291556,17.84192808840695,0.0070351132370024445,517,5000,5000,5000
device_0,0.0,1707,1.35,47.25,0.05,drop,48,16,3,0.19896,0.001346027845602329,467,4533,1000,4.4192535062966085,13.632726020398119,18.051979526694726,0.007924247482023597,467,5000,5000,5000
device_0,0.0,1708,1.35,47.25,0.05,drop,48,16,3,0.19922,-0.001372807149175493,497,4503,1000,4.745487678238369,13.18718151286019,17.932669191098558,0.007161723118683498,497,5000,5000,5000
device_0,0.0,1709,1.35,47.25,0.05,drop,48,16,3,0.20001,0.005034822885721277,508,4492,1000,4.4760647209638975,13.375147200998923,17.85121192196282,0.008910431943516775,508,5000,5000,5000
device_0,0.0,1710,1.35,47.25,0.05,drop,48,16,3,0.19848,0.0007247411049733544,469,4531,1000,4.5447761066472125,13.522733732880955,18.067509839528167,0.006855561300961822,469,5000,5000,5000
device_0,0.375,1701,1.35,47.25,0.05,drop,48,16,3,0.19773,0.37585282092426525,509,4491,1000,4.478742286265392,13.507726101665378,17.98646838793077,0.14854447182687913,509,5000,5000,5000
device_0,0.375,1702,1.35,47.25,0.05,drop,48,16,3,0.20083,0.3763938072575695,499,4501,1000,4.548673615762273,13.348399810407823,17.897073426170095,0.018797518091687924,499,5000,5000,5000
device_0,0.375,1703,1.35,47.25,0.05,drop,48,16,3,0.19949,0.3708761472322628,508,4492,1000,4.657366400352847,13.206714427061337,17.864080827414185,0.016981191389231723,508,5000,5000,5000
device_0,0.375,1704,1.35,47.25,0.05,drop,48,16,3,0.19956,0.37083454970073176,479,4521,1000,4.61151189479233,13.369520512544105,17.981032407336436,0.019316879790062146,479,5000,5000,5000
device_0,0.375,1705,1.35,47.25,0.05,drop,48,16,3,0.1976,0.38054564128452917,502,4498,1000,4.495958020404551,13.46650838864505,17.9624664090496,0.020061745541301225,502,5000,5000,5000
device_0,0.375,1706,1.35,47.25,0.05,drop,48,16,3,0.19975,0.37847803043317246,532,4468,1000,4.528368053200828,13.264203995150636,17.792572048351463,0.018336490703142045,532,5000,5000,5000
device_0,0.375,1707,1.35,47.25,0.05,drop,48,16,3,0.19756,0.3714936166119789,451,4549,1000,4.6410577941057625,13.533844266742646,18.174902060848407,0.020819226569253182,451,5000,5000,5000
device_0,0.375,1708,1.35,47.25,0.05,drop,48,16,3,0.19968,0.3728274067949136,476,4524,1000,4.507532696022559,13.487354338412331,17.994887034434893,0.019329612021550667,476,5000,5000,5000
device_0,0.375,1709,1.35,47.25,0.05,drop,48,16,3,0.20214,0.3789219763360735,509,4491,1000,4.598565184323253,13.182751131160394,17.781316315483647,0.018754670938581696,509,5000,5000,5000
device_0,0.375,1710,1.35,47.25,0.05,drop,48,16,3,0.19842,0.37511826036297974,485,4515,1000,4.567999766031617,13.443633927814666,18.011633693846285,0.018833363916006523,485,5000,5000,5000
device_0,0.75,1701,1.35,47.25,0.05,drop,48,16,3,0.20817,0.7556341521150168,530,4470,1000,4.423404438590758,13.071222597257798,17.494627035848552,0.20805314958050533,530,5000,5000,5000
device_0,0.75,1702,1.35,47.25,0.05,drop,48,16,3,0.20244,0.7487885933421545,512,4488,1000,4.488093861958817,13.291511571340951,17.779605433299768,0.2963996189873651,512,5000,5000,5000
device_0,0.75,1703,1.35,47.25,0.05,drop,48,16,3,0.20102,0.7470900970852136,531,4469,1000,4.564308489359951,13.197990497604682,17.762298986964634,0.4040857223495555,531,5000,5000,5000
device_0,0.75,1704,1.35,47.25,0.05,drop,48,16,3,0.19715,0.7479806369104111,493,4507,1000,4.69896925579418,13.33127236694637,18.030241622740547,0.4839066513677497,493,5000,5000,5000
device_0,0.75,1705,1.35,47.25,0.05,drop,48,16,3,0.20494,0.7506431485678381,519,4481,1000,4.558233711563974,13.090124071836533,17.648357783400506,0.24293619043403325,519,5000,5000,5000
device_0,0.75,1706,1.35,47.25,0.05,drop,48,16,3,0.20282,0.7537784223147826,462,4538,1000,4.494987306878447,13.471842280641535,17.96682958751998,0.4406492874295601,462,5000,5000,5000
device_0,0.75,1707,1.35,47.25,0.05,drop,48,16,3,0.20138,0.7431906944181493,488,4512,1000,4.56854250437687,13.271050280166165,17.839592784543033,0.27914054513762815,488,5000,5000,5000
device_0,0.75,1708,1.35,47.25,0.05,drop,48,16,3,0.20034,0.7475350990705809,471,4529,1000,4.372849093210732,13.693415345056628,18.06626443826736,0.5490899991634717,471,5000,5000,5000
device_0,0.75,1709,1.35,47.25,0.05,drop,48,16,3,0.20613,0.7542776800152501,505,4495,1000,4.522431809560138,13.135396095855938,17.657827905416077,0.3354515249648041,505,5000,5000,5000
device_0,0.75,1710,1.35,47.25,0.05,drop,48,16,3,0.20286,0.74728584709585,519,4481,1000,4.539143085670417,13.189813851654943,17.72895693732536,0.27347958501719283,519,5000,5000,5000
device_0,0.875,1701,1.35,47.25,0.05,drop,48,16,3,0.20249,0.8763990178082249,523,4477,1000,4.4500920705994895,13.33900476730601,17.789096837905497,0.5634926141043431,523,5000,5000,5000
device_0,0.875,1702,1.35,47.25,0.05,drop,48,16,3,0.19703,0.8759866636367837,489,4511,1000,4.596763145044721,13.484088090327523,18.080851235372243,0.7455255626411206,489,5000,5000,5000
device_0,0.875,1703,1.35,47.25,0.05,drop,48,16,3,0.20238,0.8773687974569232,505,4495,1000,4.471165683807032,13.33091826479222,17.802083948599254,0.52799949835066,505,5000,5000,5000
device_0,0.875,1704,1.35,47.25,0.05,drop,48,16,3,0.19663,0.8771256568671042,478,4522,1000,4.622071364495314,13.475849659944524,18.097921024439838,0.7238948007651851,478,5000,5000,5000
device_0,0.875,1705,1.35,47.25,0.05,drop,48,16,3,0.20133,0.8756186617053834,486,4514,1000,4.712301123809284,13.19844363570229,17.910744759511577,0.6735972842262592,486,5000,5000,5000
device_0,0.875,1706,1.35,47.25,0.05,drop,48,16,3,0.19605,0.8731077294363513,515,4485,1000,4.458542072997776,13.561743332540999,18.020285405538775,0.6190786021795064,515,5000,5000,5000
device_0,0.875,1707,1.35,47.25,0.05,drop,48,16,3,0.2,0.8774036452681541,500,4500,1000,4.433069778286932,13.466687379649404,17.899757157936335,0.6136815693558872,500,5000,5000,5000
device_0,0.875,1708,1.35,47.25,0.05,drop,48,16,3,0.20258,0.87442580026271,496,4504,1000,4.641848807180948,13.13809971281885,17.7799485199998,0.38384617818759675,496,5000,5000,5000
device_0,0.875,1709,1.35,47.25,0.05,drop,48,16,3,0.19831,0.8770598020870867,511,4489,1000,4.530228564954048,13.450699694883498,17.980928259837548,0.812543486608699,511,5000,5000,5000
device_0,0.875,1710,1.35,47.25,0.05,drop,48,16,3,0.19668,0.8724656025657239,493,4507,1000,4.599621767564633,13.429137175287245,18.02875894285188,0.6740159211426391,493,5000,5000,5000
device_0,0.9375,1701,1.35,47.25,0.05,drop,48,16,3,0.20509,0.9402237906216514,498,4502,1000,4.435806524848419,13.287995767474708,17.72380229232313,0.5486492420117454,498,5000,5000,5000
device_0,0.9375,1702,1.35,47.25,0.05,drop,48,16,3,0.19366,0.9366016280001491,498,4502,1000,4.411266084273653,13.713663740947084,18.124929825220736,0.809105875388088,498,5000,5000,5000
device_0,0.9375,1703,1.35,47.25,0.05,drop,48,16,3,0.19489,0.9369055048961522,487,4513,1000,4.581667978619803,13.538252844310522,18.119920822930325,0.847018862106857,487,5000,5000,5000
device_0,0.9375,1704,1.35,47.25,0.05,drop,48,16,3,0.19999,0.9358099323716185,485,4515,1000,4.479225807720962,13.482782229761968,17.96200803748293,0.6915100868789346,485,5000,5000,5000
device_0,0.9375,1705,1.35,47.25,0.05,drop,48,16,3,0.19063,0.9374553760710133,477,4523,1000,4.411220433170322,13.978515556340742,18.389735989511067,0.9105673498768008,477,5000,5000,5000
device_0,0.9375,1706,1.35,47.25,0.05,drop,48,16,3,0.20144,0.9386428776611538,522,4478,1000,4.480857620004584,13.300483175567097,17.78134079557168,0.6438350525859836,522,5000,5000,5000
device_0,0.9375,1707,1.35,47.25,0.05,drop,48,16,3,0.20073,0.9386652506542138,532,4468,1000,4.488828021441282,13.300960937554418,17.7897889589957,0.6892358805316331,532,5000,5000,5000
device_0,0.9375,1708,1.35,47.25,0.05,drop,48,16,3,0.19042,0.9350336658268497,462,4538,1000,4.559996298488703,13.859732911797094,18.419729210285798,0.9288106706708513,462,5000,5000,5000
device_0,0.9375,1709,1.35,47.25,0.05,drop,48,16,3,0.20214,0.9387695757970393,501,4499,1000,4.548920638765794,13.294636626849599,17.84355726561539,0.6000138291738352,501,5000,5000,5000
device_0,0.9375,1710,1.35,47.25,0.05,drop,48,16,3,0.20082,0.9338903427364145,486,4514,1000,4.532429264304191,13.419081270307966,17.951510534612154,0.7612652796756723,486,5000,5000,5000
device_0,0.975,1701,1.35,47.25,0.05,drop,48,16,3,0.20012,0.9750727182312047,475,4525,1000,4.480882650384805,13.506903707381955,17.987786357766762,0.7917736682437674,475,5000,5000,5000
device_0,0.975,1702,1.35,47.25,0.05,drop,48,16,3,0.19762,0.9739220248349032,483,4517,1000,4.545165550214443,13.466238171968545,18.01140372218299,0.7236094499580534,483,5000,5000,5000
device_0,0.975,1703,1.35,47.25,0.05,drop,48,16,3,0.1984,0.975854682367182,494,4506,1000,4.447990831325408,13.552001619626315,17.999992450951723,0.8618816157603986,494,5000,5000,5000
device_0,0.975,1704,1.35,47.25,0.05,drop,48,16,3,0.19634,0.9733501805342133,485,4515,1000,4.543456809886692,13.593232060446223,18.136688870332918,0.8532113246442741,485,5000,5000,5000
device_0,0.975,1705,1.35,47.25,0.05,drop,48,16,3,0.19493,0.9747974986214312,499,4501,1000,4.526422310500441,13.615713048712173,18.142135359212613,0.8880270690165135,499,5000,5000,5000
device_0,0.975,1706,1.35,47.25,0.05,drop,48,16,3,0.203,0.9742259419786155,480,4520,1000,4.500990741734347,13.356055971427844,17.85704671316219,0.583591131360871,480,5000,5000,5000
device_0,0.975,1707,1.35,47.25,0.05,drop,48,16,3,0.20266,0.9738223967562294,499,4501,1000,4.594174004213898,13.200601307971912,17.79477531218581,0.695707446132866,499,5000,5000,5000
device_0,0.975,1708,1.35,47.25,0.05,drop,48,16,3,0.19043,0.9746047948044175,482,4518,1000,4.508785596090886,13.842268359858926,18.351053955949812,0.9959320869766992,482,5000,5000,5000
device_0,0.975,1709,1.35,47.25,0.05,drop,48,16,3,0.19294,0.9749540477640206,466,4534,1000,4.595679717460708,13.752838041741342,18.34851775920205,1.0532524163135637,466,5000,5000,5000
device_0,0.975,1710,1.35,47.25,0.05,drop,48,16,3,0.19779,0.9774683509778551,513,4487,1000,4.449760360902808,13.508244410671468,17.958004771574277,0.7757643406461667,513,5000,5000,5000
device_0,0.0,1701,1.35,47.25,0.05,late,48,16,3,0.19936,-0.002661444942765865,516,4484,1000,1.442211834526131,8.1271060232346,9.569317857760732,0.0455150786114335,516,5000,5000,5000
device_0,0.0,1702,1.35,47.25,0.05,late,48,16,3,0.20106,0.005830007599770396,487,4513,1000,1.5285106607145384,8.11018619532281,9.638696856037347,0.05105252205564607,487,5000,5000,5000
device_0,0.0,1703,1.35,47.25,0.05,late,48,16,3,0.19952,0.005656351965683195,497,4503,1000,1.4649000699864327,8.169143315376955,9.634043385363388,0.04626083702602296,497,5000,5000,5000
device_0,0.0,1704,1.35,47.25,0.05,late,48,16,3,0.20257,0.002457782015709934,527,4473,1000,1.4514817629469565,8.07872148808219,9.530203251029146,0.04532462107111888,527,5000,5000,5000
device_0,0.0,1705,1.35,47.25,0.05,late,48,16,3,0.20104,-0.004155617772998724,482,4518,1000,1.5313126050621324,8.110985758584706,9.642298363646837,0.041213882709303505,482,5000,5000,5000
device_0,0.0,1706,1.35,47.25,0.05,late,48,16,3,0.20062,-0.0045443747273977144,517,4483,1000,1.504044653303141,8.082099404984488,9.58614405828763,0.04628931796816587,517,5000,5000,5000
device_0,0.0,1707,1.35,47.25,0.05,late,48,16,3,0.19896,0.001346027845602329,467,4533,1000,1.5587528703923825,8.116301681666439,9.675054552058821,0.046793188274633385,467,5000,5000,5000
device_0,0.0,1708,1.35,47.25,0.05,late,48,16,3,0.19922,-0.001372807149175493,497,4503,1000,1.474363748535596,8.161586556958,9.635950305493596,0.05269343760742605,497,5000,5000,5000
device_0,0.0,1709,1.35,47.25,0.05,late,48,16,3,0.20001,0.005034822885721277,508,4492,1000,1.5076059943644033,8.082688948706398,9.5902949430708,0.043743443723914734,508,5000,5000,5000
device_0,0.0,1710,1.35,47.25,0.05,late,48,16,3,0.19848,0.0007247411049733544,469,4531,1000,1.4809978296873552,8.230633981231032,9.711631810918387,0.050721221715875814,469,5000,5000,5000
device_0,0.375,1701,1.35,47.25,0.05,late,48,16,3,0.19773,0.37585282092426525,509,4491,1000,1.4659385769785405,8.170361533642412,9.636300110620953,0.17363866736393047,509,5000,5000,5000
device_0,0.375,1702,1.35,47.25,0.05,late,48,16,3,0.20083,0.3763938072575695,499,4501,1000,1.3895077603771817,8.216576192115642,9.606083952492824,0.12593327991964381,499,5000,5000,5000
device_0,0.375,1703,1.35,47.25,0.05,late,48,16,3,0.19949,0.3708761472322628,508,4492,1000,1.5422705604813998,8.080333763167921,9.622604323649323,0.10758635083282399,508,5000,5000,5000
device_0,0.375,1704,1.35,47.25,0.05,late,48,16,3,0.19956,0.37083454970073176,479,4521,1000,1.5335294852984582,8.134191143240871,9.66772062853933,0.12855188086240787,479,5000,5000,5000
device_0,0.375,1705,1.35,47.25,0.05,late,48,16,3,0.1976,0.38054564128452917,502,4498,1000,1.464863994799494,8.213033415587951,9.677897410387445,0.14622176996888542,502,5000,5000,5000
device_0,0.375,1706,1.35,47.25,0.05,late,48,16,3,0.19975,0.37847803043317246,532,4468,1000,1.5275662366065217,8.041777612179727,9.569343848786248,0.12046275409794925,532,5000,5000,5000
device_0,0.375,1707,1.35,47.25,0.05,late,48,16,3,0.19756,0.3714936166119789,451,4549,1000,1.4682529715852104,8.278571729356708,9.746824700941918,0.137566812943823,451,5000,5000,5000
device_0,0.375,1708,1.35,47.25,0.05,late,48,16,3,0.19968,0.3728274067949136,476,4524,1000,1.4799526849903237,8.208232055948532,9.688184740938857,0.1409776824502951,476,5000,5000,5000
device_0,0.375,1709,1.35,47.25,0.05,late,48,16,3,0.20214,0.3789219763360735,509,4491,1000,1.5474963058007813,8.03334180533541,9.580838111136194,0.11958610103996818,509,5000,5000,5000
device_0,0.375,1710,1.35,47.25,0.05,late,48,16,3,0.19842,0.37511826036297974,485,4515,1000,1.4851821983770894,8.189000925113584,9.674183123490673,0.1260225903009581,485,5000,5000,5000
device_0,0.75,1701,1.35,47.25,0.05,late,48,16,3,0.20817,0.7556341521150168,530,4470,1000,1.4810710781899077,7.922912442069939,9.403983520259846,0.23410437861370217,530,5000,5000,5000
device_0,0.75,1702,1.35,47.25,0.05,late,48,16,3,0.20244,0.7487885933421545,512,4488,1000,1.5008340921540984,8.049975734420638,9.550809826574735,0.2671176749842969,512,5000,5000,5000
device_0,0.75,1703,1.35,47.25,0.05,late,48,16,3,0.20102,0.7470900970852136,531,4469,1000,1.4340485318684917,8.101517190497729,9.535565722366218,0.3047068510199891,531,5000,5000,5000
device_0,0.75,1704,1.35,47.25,0.05,late,48,16,3,0.19715,0.7479806369104111,493,4507,1000,1.512514919743121,8.176782526697231,9.689297446440351,0.32836638706366544,493,5000,5000,5000
device_0,0.75,1705,1.35,47.25,0.05,late,48,16,3,0.20494,0.7506431485678381,519,4481,1000,1.4442575390539178,8.047533049967884,9.4917905890218,0.25072609355420555,519,5000,5000,5000
device_0,0.75,1706,1.35,47.25,0.05,late,48,16,3,0.20282,0.7537784223147826,462,4538,1000,1.5187945388536337,8.1321005486403,9.650895087493936,0.3032544332747258,462,5000,5000,5000
device_0,0.75,1707,1.35,47.25,0.05,late,48,16,3,0.20138,0.7431906944181493,488,4512,1000,1.6057895386101175,8.004073185395914,9.609862724006032,0.275117600001809,488,5000,5000,5000
device_0,0.75,1708,1.35,47.25,0.05,late,48,16,3,0.20034,0.7475350990705809,471,4529,1000,1.4319149386260392,8.246148472988677,9.678063411614716,0.33552837596188934,471,5000,5000,5000
device_0,0.75,1709,1.35,47.25,0.05,late,48,16,3,0.20613,0.7542776800152501,505,4495,1000,1.4674355262320207,8.02270883423686,9.490144360468882,0.2790573174063601,505,5000,5000,5000
device_0,0.75,1710,1.35,47.25,0.05,late,48,16,3,0.20286,0.74728584709585,519,4481,1000,1.5259657379544653,8.011496076599057,9.537461814553522,0.2538586898213335,519,5000,5000,5000
device_0,0.875,1701,1.35,47.25,0.05,late,48,16,3,0.20249,0.8763990178082249,523,4477,1000,1.493588663564908,8.042638018742052,9.536226682306959,0.35237573093367625,523,5000,5000,5000
device_0,0.875,1702,1.35,47.25,0.05,late,48,16,3,0.19703,0.8759866636367837,489,4511,1000,1.4738241354065533,8.221085891132017,9.694910026538569,0.4157776102564161,489,5000,5000,5000
device_0,0.875,1703,1.35,47.25,0.05,late,48,16,3,0.20238,0.8773687974569232,505,4495,1000,1.5350329858554068,8.034886835483883,9.569919821339289,0.3543374463508195,505,5000,5000,5000
device_0,0.875,1704,1.35,47.25,0.05,late,48,16,3,0.19663,0.8771256568671042,478,4522,1000,1.5593518570013523,8.151835134638791,9.711186991640142,0.4121755353718256,478,5000,5000,5000
device_0,0.875,1705,1.35,47.25,0.05,late,48,16,3,0.20133,0.8756186617053834,486,4514,1000,1.5601478868798373,8.051017825764752,9.611165712644592,0.3896213603781799,486,5000,5000,5000
device_0,0.875,1706,1.35,47.25,0.05,late,48,16,3,0.19605,0.8731077294363513,515,4485,1000,1.4659420851948342,8.220040579099187,9.685982664294023,0.3886217240981502,515,5000,5000,5000
device_0,0.875,1707,1.35,47.25,0.05,late,48,16,3,0.2,0.8774036452681541,500,4500,1000,1.5330548649508744,8.088483230174345,9.621538095125219,0.37626236848959926,500,5000,5000,5000
device_0,0.875,1708,1.35,47.25,0.05,late,48,16,3,0.20258,0.87442580026271,496,4504,1000,1.5315999883862483,8.046443854290525,9.578043842676774,0.3081429187372595,496,5000,5000,5000
device_0,0.875,1709,1.35,47.25,0.05,late,48,16,3,0.19831,0.8770598020870867,511,4489,1000,1.5306100952105153,8.08808222871712,9.618692323927634,0.4229874591192607,511,5000,5000,5000
device_0,0.875,1710,1.35,47.25,0.05,late,48,16,3,0.19668,0.8724656025657239,493,4507,1000,1.472489706742971,8.206984528030036,9.679474234773007,0.40095290071902534,493,5000,5000,5000
device_0,0.9375,1701,1.35,47.25,0.05,late,48,16,3,0.20509,0.9402237906216514,498,4502,1000,1.558805877311946,7.986293974794403,9.545099852106349,0.36455367855434556,498,5000,5000,5000
device_0,0.9375,1702,1.35,47.25,0.05,late,48,16,3,0.19366,0.9366016280001491,498,4502,1000,1.5153143628747578,8.216478869634825,9.731793232509583,0.44109124797987803,498,5000,5000,5000
device_0,0.9375,1703,1.35,47.25,0.05,late,48,16,3,0.19489,0.9369055048961522,487,4513,1000,1.5130636345261759,8.216861861372456,9.729925495898632,0.446670806273192,487,5000,5000,5000
device_0,0.9375,1704,1.35,47.25,0.05,late,48,16,3,0.19999,0.9358099323716185,485,4515,1000,1.5020513070439916,8.153734755741489,9.65578606278548,0.40576839905634554,485,5000,5000,5000
device_0,0.9375,1705,1.35,47.25,0.05,late,48,16,3,0.19063,0.9374553760710133,477,4523,1000,1.5298059425496873,8.305920297974884,9.83572624052457,0.46733244331125445,477,5000,5000,5000
device_0,0.9375,1706,1.35,47.25,0.05,late,48,16,3,0.20144,0.9386428776611538,522,4478,1000,1.5522813724137499,8.004877219129657,9.557158591543407,0.3863267866271505,522,5000,5000,5000
device_0,0.9375,1707,1.35,47.25,0.05,late,48,16,3,0.20073,0.9386652506542138,532,4468,1000,1.4622683825934424,8.080951832161707,9.543220214755149,0.40388606460909904,532,5000,5000,5000
device_0,0.9375,1708,1.35,47.25,0.05,late,48,16,3,0.19042,0.9350336658268497,462,4538,1000,1.5365652036010637,8.326276781948508,9.862841985549574,0.46762490459202466,462,5000,5000,5000
device_0,0.9375,1709,1.35,47.25,0.05,late,48,16,3,0.20214,0.9387695757970393,501,4499,1000,1.5558497061637215,8.03296206304309,9.588811769206812,0.37371448331220897,501,5000,5000,5000
device_0,0.9375,1710,1.35,47.25,0.05,late,48,16,3,0.20082,0.9338903427364145,486,4514,1000,1.5321025000250545,8.098610783353546,9.6307132833786,0.42067436928069124,486,5000,5000,5000
device_0,0.975,1701,1.35,47.25,0.05,late,48,16,3,0.20012,0.9750727182312047,475,4525,1000,1.5845788181977873,8.06123679538611,9.645815613583897,0.43761988339207747,475,5000,5000,5000
device_0,0.975,1702,1.35,47.25,0.05,late,48,16,3,0.19762,0.9739220248349032,483,4517,1000,1.4839468600529468,8.211440766629071,9.695387626682017,0.41777012557198134,483,5000,5000,5000
device_0,0.975,1703,1.35,47.25,0.05,late,48,16,3,0.1984,0.975854682367182,494,4506,1000,1.4757208698739186,8.171774291502036,9.647495161375955,0.45806721326493754,494,5000,5000,5000
device_0,0.975,1704,1.35,47.25,0.05,late,48,16,3,0.19634,0.9733501805342133,485,4515,1000,1.3839274742149406,8.324745468914319,9.70867294312926,0.4470052379328004,485,5000,5000,5000
device_0,0.975,1705,1.35,47.25,0.05,late,48,16,3,0.19493,0.9747974986214312,499,4501,1000,1.4198973920675904,8.307209926505037,9.727107318572626,0.46007538576377777,499,5000,5000,5000
device_0,0.975,1706,1.35,47.25,0.05,late,48,16,3,0.203,0.9742259419786155,480,4520,1000,1.5253853980331435,8.116337305438735,9.64172270347188,0.3808913955482091,480,5000,5000,5000
device_0,0.975,1707,1.35,47.25,0.05,late,48,16,3,0.20266,0.9738223967562294,499,4501,1000,1.5175314251136016,8.059269066258892,9.576800491372495,0.4120460363535449,499,5000,5000,5000
device_0,0.975,1708,1.35,47.25,0.05,late,48,16,3,0.19043,0.9746047948044175,482,4518,1000,1.4612303939893267,8.369978301280895,9.831208695270222,0.4958409622483174,482,5000,5000,5000
device_0,0.975,1709,1.35,47.25,0.05,late,48,16,3,0.19294,0.9749540477640206,466,4534,1000,1.502550182031807,8.306078560473145,9.80862874250495,0.5024119651458347,466,5000,5000,5000
device_0,0.975,1710,1.35,47.25,0.05,late,48,16,3,0.19779,0.9774683509778551,513,4487,1000,1.376454668201248,8.268672967004754,9.645127635206,0.43724699042225745,513,5000,5000,5000
device_0,0.0,1701,1.35,47.25,0.1,drop,48,16,3,0.19936,-0.002661444942765865,516,9484,1000,9.65602535062332,21.792915539690313,31.448940890313626,0.4803549125968096,516,10000,10000,10000
device_0,0.0,1702,1.35,47.25,0.1,drop,48,16,3,0.20106,0.005830007599770396,487,9513,1000,9.555323474785736,22.03954595176865,31.594869426554386,0.5174749265737018,487,10000,10000,10000
device_0,0.0,1703,1.35,47.25,0.1,drop,48,16,3,0.19952,0.005656351965683195,497,9503,1000,9.535848892863878,22.127307610343365,31.663156503207244,0.5190030235252333,497,10000,10000,10000
device_0,0.0,1704,1.35,47.25,0.1,drop,48,16,3,0.20257,0.002457782015709934,527,9473,1000,9.402463927437356,21.89100806640856,31.293471993845916,0.4778050171887829,527,10000,10000,10000
device_0,0.0,1705,1.35,47.25,0.1,drop,48,16,3,0.20104,-0.004155617772998724,482,9518,1000,9.39393661975152,22.215785693010584,31.609722312762106,0.4788914571440158,482,10000,10000,10000
device_0,0.0,1706,1.35,47.25,0.1,drop,48,16,3,0.20062,-0.0045443747273977144,517,9483,1000,9.494121964000097,22.03383742415521,31.52795938815531,0.4908233218145875,517,10000,10000,10000
device_0,0.0,1707,1.35,47.25,0.1,drop,48,16,3,0.19896,0.001346027845602329,467,9533,1000,9.663305784384937,21.925506146873484,31.58881193125842,0.48899637917250716,467,10000,10000,10000
device_0,0.0,1708,1.35,47.25,0.1,drop,48,16,3,0.19922,-0.001372807149175493,497,9503,1000,9.694304693573468,21.959066885409097,31.653371578982565,0.508213926811765,497,10000,10000,10000
device_0,0.0,1709,1.35,47.25,0.1,drop,48,16,3,0.20001,0.005034822885721277,508,9492,1000,9.676948551644662,21.849135293912852,31.52608384555752,0.5151045419332866,508,10000,10000,10000
device_0,0.0,1710,1.35,47.25,0.1,drop,48,16,3,0.19848,0.0007247411049733544,469,9531,1000,9.644168130170335,22.0379587714024,31.68212690157274,0.5035073026807447,469,10000,10000,10000
device_0,0.375,1701,1.35,47.25,0.1,drop,48,16,3,0.19773,0.37585282092426525,509,9491,1000,9.662521084922293,21.819415597404785,31.481936682327074,1.1501404270001432,509,10000,10000,10000
device_0,0.375,1702,1.35,47.25,0.1,drop,48,16,3,0.20083,0.3763938072575695,499,9501,1000,9.481840128215545,22.08378055552538,31.56562068374092,1.1261761101092258,499,10000,10000,10000
device_0,0.375,1703,1.35,47.25,0.1,drop,48,16,3,0.19949,0.3708761472322628,508,9492,1000,9.489787526817826,22.177499691589333,31.667287218407157,1.092038553167044,508,10000,10000,10000
device_0,0.375,1704,1.35,47.25,0.1,drop,48,16,3,0.19956,0.37083454970073176,479,9521,1000,9.527859549769731,22.148432579898735,31.67629212966847,1.156460509651753,479,10000,10000,10000
device_0,0.375,1705,1.35,47.25,0.1,drop,48,16,3,0.1976,0.38054564128452917,502,9498,1000,9.558994198806475,22.20995186764657,31.768946066453044,1.27219159234549,502,10000,10000,10000
device_0,0.375,1706,1.35,47.25,0.1,drop,48,16,3,0.19975,0.37847803043317246,532,9468,1000,9.495955161301564,22.05685385470367,31.55280901600523,1.1166840683870676,532,10000,10000,10000
device_0,0.375,1707,1.35,47.25,0.1,drop,48,16,3,0.19756,0.3714936166119789,451,9549,1000,9.7232382438161,22.04828068922976,31.77151893304586,1.143630475401596,451,10000,10000,10000
device_0,0.375,1708,1.35,47.25,0.1,drop,48,16,3,0.19968,0.3728274067949136,476,9524,1000,9.441980957779409,22.10049045052897,31.54247140830838,1.13358214375935,476,10000,10000,10000
device_0,0.375,1709,1.35,47.25,0.1,drop,48,16,3,0.20214,0.3789219763360735,509,9491,1000,9.48164885823416,22.17646718955312,31.658116047787278,1.2176498454034936,509,10000,10000,10000
device_0,0.375,1710,1.35,47.25,0.1,drop,48,16,3,0.19842,0.37511826036297974,485,9515,1000,9.576251813554213,22.185263509825603,31.761515323379818,1.1485727038313334,485,10000,10000,10000
device_0,0.75,1701,1.35,47.25,0.1,drop,48,16,3,0.20817,0.7556341521150168,530,9470,1000,9.397016830521316,21.744979120853163,31.141995951374483,1.7155834094748517,530,10000,10000,10000
device_0,0.75,1702,1.35,47.25,0.1,drop,48,16,3,0.20244,0.7487885933421545,512,9488,1000,9.519315130989352,22.040736141702574,31.56005127269193,1.8039426725305083,512,10000,10000,10000
device_0,0.75,1703,1.35,47.25,0.1,drop,48,16,3,0.20102,0.7470900970852136,531,9469,1000,9.629549154612974,21.86056154928336,31.49011070389633,1.8277696818846063,531,10000,10000,10000
device_0,0.75,1704,1.35,47.25,0.1,drop,48,16,3,0.19715,0.7479806369104111,493,9507,1000,9.575869354884194,22.13382098961444,31.709690344498632,1.7924886253599577,493,10000,10000,10000
device_0,0.75,1705,1.35,47.25,0.1,drop,48,16,3,0.20494,0.7506431485678381,519,9481,1000,9.571897637497052,21.87018665589141,31.44208429338846,1.8279343527897036,519,10000,10000,10000
device_0,0.75,1706,1.35,47.25,0.1,drop,48,16,3,0.20282,0.7537784223147826,462,9538,1000,9.603511812611705,21.886378615894184,31.489890428505888,1.7042598304821026,462,10000,10000,10000
device_0,0.75,1707,1.35,47.25,0.1,drop,48,16,3,0.20138,0.7431906944181493,488,9512,1000,9.635092381929516,21.999067733101356,31.634160115030873,1.8252465873466435,488,10000,10000,10000
device_0,0.75,1708,1.35,47.25,0.1,drop,48,16,3,0.20034,0.7475350990705809,471,9529,1000,9.471764276751232,22.115979029633795,31.587743306385025,1.7241600936052703,471,10000,10000,10000
device_0,0.75,1709,1.35,47.25,0.1,drop,48,16,3,0.20613,0.7542776800152501,505,9495,1000,9.645222560234044,21.650917275434924,31.296139835668967,1.7965938357213407,505,10000,10000,10000
device_0,0.75,1710,1.35,47.25,0.1,drop,48,16,3,0.20286,0.74728584709585,519,9481,1000,9.494623281170671,21.936141627694447,31.43076490886512,1.7109185466348467,519,10000,10000,10000
device_0,0.875,1701,1.35,47.25,0.1,drop,48,16,3,0.20249,0.8763990178082249,523,9477,1000,9.51318563596307,21.915797971908965,31.428983607872034,1.9498433546924117,523,10000,10000,10000
device_0,0.875,1702,1.35,47.25,0.1,drop,48,16,3,0.19703,0.8759866636367837,489,9511,1000,9.573746162418333,22.04842388390709,31.62217004632542,1.9456128795992396,489,10000,10000,10000
device_0,0.875,1703,1.35,47.25,0.1,drop,48,16,3,0.20238,0.8773687974569232,505,9495,1000,9.572136450001992,21.962908771732348,31.53504522173434,2.048236838578785,505,10000,10000,10000
device_0,0.875,1704,1.35,47.25,0.1,drop,48,16,3,0.19663,0.8771256568671042,478,9522,1000,9.571599417334635,22.129912344586337,31.701511761920976,2.016330731615316,478,10000,10000,10000
device_0,0.875,1705,1.35,47.25,0.1,drop,48,16,3,0.20133,0.8756186617053834,486,9514,1000,9.555125514399643,21.925825279635323,31.480950794034968,2.0145354265626643,486,10000,10000,10000
device_0,0.875,1706,1.35,47.25,0.1,drop,48,16,3,0.19605,0.8731077294363513,515,9485,1000,9.543438877779385,22.307666567302473,31.851105445081856,2.0925807023847733,515,10000,10000,10000
device_0,0.875,1707,1.35,47.25,0.1,drop,48,16,3,0.2,0.8774036452681541,500,9500,1000,9.303043655369883,22.27493370320799,31.577977358577872,2.0406866185196377,500,10000,10000,10000
device_0,0.875,1708,1.35,47.25,0.1,drop,48,16,3,0.20258,0.87442580026271,496,9504,1000,9.555263942375422,22.098598965951567,31.65386290832699,2.088456966798814,496,10000,10000,10000
device_0,0.875,1709,1.35,47.25,0.1,drop,48,16,3,0.19831,0.8770598020870867,511,9489,1000,9.532382185822136,21.86771253072989,31.40009471655203,1.898155729849797,511,10000,10000,10000
device_0,0.875,1710,1.35,47.25,0.1,drop,48,16,3,0.19668,0.8724656025657239,493,9507,1000,9.725118066197338,21.983359210513985,31.70847727671132,2.0439773822604015,493,10000,10000,10000
device_0,0.9375,1701,1.35,47.25,0.1,drop,48,16,3,0.20509,0.9402237906216514,498,9502,1000,9.64442257220795,21.75479561334949,31.399218185557444,2.091579130726126,498,10000,10000,10000
device_0,0.9375,1702,1.35,47.25,0.1,drop,48,16,3,0.19366,0.9366016280001491,498,9502,1000,9.533352004073548,22.29618766328651,31.829539667360056,2.1623764658909868,498,10000,10000,10000
device_0,0.9375,1703,1.35,47.25,0.1,drop,48,16,3,0.19489,0.9369055048961522,487,9513,1000,9.488455126811933,22.26555304985828,31.75400817667021,2.1636363695984837,487,10000,10000,10000
device_0,0.9375,1704,1.35,47.25,0.1,drop,48,16,3,0.19999,0.9358099323716185,485,9515,1000,9.540868663784218,22.132157154461016,31.673025818245236,2.176629755972093,485,10000,10000,10000
device_0,0.9375,1705,1.35,47.25,0.1,drop,48,16,3,0.19063,0.9374553760710133,477,9523,1000,9.860048482103085,22.161204389134245,32.02125287123733,2.087639801375556,477,10000,10000,10000
device_0,0.9375,1706,1.35,47.25,0.1,drop,48,16,3,0.20144,0.9386428776611538,522,9478,1000,9.597075436793407,21.786121838699643,31.38319727549305,2.03094822575525,522,10000,10000,10000
device_0,0.9375,1707,1.35,47.25,0.1,drop,48,16,3,0.20073,0.9386652506542138,532,9468,1000,9.437195668456223,21.99718961124143,31.43438527969765,2.0941390473029005,532,10000,10000,10000
device_0,0.9375,1708,1.35,47.25,0.1,drop,48,16,3,0.19042,0.9350336658268497,462,9538,1000,9.417424763525972,22.61207485088314,32.02949961440911,2.1077246425689276,462,10000,10000,10000
device_0,0.9375,1709,1.35,47.25,0.1,drop,48,16,3,0.20214,0.9387695757970393,501,9499,1000,9.473803656057523,22.073188442915075,31.5469920989726,2.1060471161474354,501,10000,10000,10000
device_0,0.9375,1710,1.35,47.25,0.1,drop,48,16,3,0.20082,0.9338903427364145,486,9514,1000,9.416183072861912,22.06758701878275,31.483770091644665,2.0589841839592142,486,10000,10000,10000
device_0,0.975,1701,1.35,47.25,0.1,drop,48,16,3,0.20012,0.9750727182312047,475,9525,1000,9.530540827798166,21.976516744692688,31.507057572490854,2.105549623744987,475,10000,10000,10000
device_0,0.975,1702,1.35,47.25,0.1,drop,48,16,3,0.19762,0.9739220248349032,483,9517,1000,9.501043670028508,22.276874513971688,31.7779181840002,2.258977982691317,483,10000,10000,10000
device_0,0.975,1703,1.35,47.25,0.1,drop,48,16,3,0.1984,0.975854682367182,494,9506,1000,9.729574199311559,21.80199120558697,31.53156540489853,2.1360850218614287,494,10000,10000,10000
device_0,0.975,1704,1.35,47.25,0.1,drop,48,16,3,0.19634,0.9733501805342133,485,9515,1000,9.442023704380208,22.28598376154458,31.728007465924787,2.1304010068198322,485,10000,10000,10000
device_0,0.975,1705,1.35,47.25,0.1,drop,48,16,3,0.19493,0.9747974986214312,499,9501,1000,9.655885204409943,22.118888738216302,31.774773942626243,2.174231657706403,499,10000,10000,10000
device_0,0.975,1706,1.35,47.25,0.1,drop,48,16,3,0.203,0.9742259419786155,480,9520,1000,9.586368129662308,22.042121549258777,31.628489678921085,2.207725874603159,480,10000,10000,10000
device_0,0.975,1707,1.35,47.25,0.1,drop,48,16,3,0.20266,0.9738223967562294,499,9501,1000,9.581888483489173,21.822625463553713,31.404513947042883,2.1476136445061322,499,10000,10000,10000
device_0,0.975,1708,1.35,47.25,0.1,drop,48,16,3,0.19043,0.9746047948044175,482,9518,1000,9.64309622254863,22.286962516808448,31.93005873935708,2.163081459363307,482,10000,10000,10000
device_0,0.975,1709,1.35,47.25,0.1,drop,48,16,3,0.19294,0.9749540477640206,466,9534,1000,9.782825980654577,21.989297393854244,31.772123374508826,2.0932068552266276,466,10000,10000,10000
device_0,0.975,1710,1.35,47.25,0.1,drop,48,16,3,0.19779,0.9774683509778551,513,9487,1000,9.601988672270599,22.01586421187507,31.617852884145673,2.165310729004855,513,10000,10000,10000
device_0,0.0,1701,1.35,47.25,0.1,late,48,16,3,0.19936,-0.002661444942765865,516,9484,1000,3.19592316426809,13.73214498834728,16.928068152615367,0.3137691579795859,516,10000,10000,10000
device_0,0.0,1702,1.35,47.25,0.1,late,48,16,3,0.20106,0.005830007599770396,487,9513,1000,3.0938621514476172,13.945217166085433,17.03907931753305,0.3342433240126144,487,10000,10000,10000
device_0,0.0,1703,1.35,47.25,0.1,late,48,16,3,0.19952,0.005656351965683195,497,9503,1000,3.2014301141645514,13.859303384948435,17.060733499112985,0.33526068930336167,497,10000,10000,10000
device_0,0.0,1704,1.35,47.25,0.1,late,48,16,3,0.20257,0.002457782015709934,527,9473,1000,3.212596302564395,13.656828172687655,16.86942447525205,0.31964336202453686,527,10000,10000,10000
device_0,0.0,1705,1.35,47.25,0.1,late,48,16,3,0.20104,-0.004155617772998724,482,9518,1000,3.073377528576444,13.988977094455326,17.06235462303177,0.3116319275735888,482,10000,10000,10000
device_0,0.0,1706,1.35,47.25,0.1,late,48,16,3,0.20062,-0.0045443747273977144,517,9483,1000,3.0970029877825658,13.886650046032116,16.98365303381468,0.32552961562126576,517,10000,10000,10000
device_0,0.0,1707,1.35,47.25,0.1,late,48,16,3,0.19896,0.001346027845602329,467,9533,1000,3.1525179505275207,13.880060214725269,17.03257816525279,0.3203668117652976,467,10000,10000,10000
device_0,0.0,1708,1.35,47.25,0.1,late,48,16,3,0.19922,-0.001372807149175493,497,9503,1000,3.0355750074141463,14.02067551949789,17.056250526912038,0.33977646159266744,497,10000,10000,10000
device_0,0.0,1709,1.35,47.25,0.1,late,48,16,3,0.20001,0.005034822885721277,508,9492,1000,3.158971471187318,13.840848553448048,16.999820024635365,0.33072461480266774,508,10000,10000,10000
device_0,0.0,1710,1.35,47.25,0.1,late,48,16,3,0.19848,0.0007247411049733544,469,9531,1000,3.0924027828020417,14.020280929294428,17.112683712096466,0.3387941486316126,469,10000,10000,10000
device_0,0.375,1701,1.35,47.25,0.1,late,48,16,3,0.19773,0.37585282092426525,509,9491,1000,3.1284801870105317,13.85499611227309,16.98347629928362,0.7541498114161372,509,10000,10000,10000
device_0,0.375,1702,1.35,47.25,0.1,late,48,16,3,0.20083,0.3763938072575695,499,9501,1000,3.203739770089079,13.797408284072954,17.001148054162034,0.7221595092627742,499,10000,10000,10000
device_0,0.375,1703,1.35,47.25,0.1,late,48,16,3,0.19949,0.3708761472322628,508,9492,1000,3.1922710208287923,13.883759059453926,17.076030080282717,0.7046112759387121,508,10000,10000,10000
device_0,0.375,1704,1.35,47.25,0.1,late,48,16,3,0.19956,0.37083454970073176,479,9521,1000,3.1292436168996023,13.945054327582556,17.074297944482158,0.746080722557639,479,10000,10000,10000
device_0,0.375,1705,1.35,47.25,0.1,late,48,16,3,0.1976,0.38054564128452917,502,9498,1000,3.024068603702896,14.126375572136057,17.150444175838953,0.8263374842136185,502,10000,10000,10000
device_0,0.375,1706,1.35,47.25,0.1,late,48,16,3,0.19975,0.37847803043317246,532,9468,1000,3.1085427727869743,13.919576388394496,17.028119161181472,0.7247243802606189,532,10000,10000,10000
device_0,0.375,1707,1.35,47.25,0.1,late,48,16,3,0.19756,0.3714936166119789,451,9549,1000,3.158351202860094,13.973522996339586,17.13187419919968,0.7504228012018085,451,10000,10000,10000
device_0,0.375,1708,1.35,47.25,0.1,late,48,16,3,0.19968,0.3728274067949136,476,9524,1000,3.130292910230774,13.925040238818285,17.05533314904906,0.7420507831494502,476,10000,10000,10000
device_0,0.375,1709,1.35,47.25,0.1,late,48,16,3,0.20214,0.3789219763360735,509,9491,1000,3.247951291617461,13.81043415334965,17.05838544496711,0.7835844240779793,509,10000,10000,10000
device_0,0.375,1710,1.35,47.25,0.1,late,48,16,3,0.19842,0.37511826036297974,485,9515,1000,3.0850468736550014,14.019887110635148,17.10493398429015,0.752505623842497,485,10000,10000,10000
device_0,0.75,1701,1.35,47.25,0.1,late,48,16,3,0.20817,0.7556341521150168,530,9470,1000,3.0822508321061113,13.684681813607396,16.76693264571351,1.1218696820739842,530,10000,10000,10000
device_0,0.75,1702,1.35,47.25,0.1,late,48,16,3,0.20244,0.7487885933421545,512,9488,1000,3.2708962235938714,13.723528713526878,16.994424937120748,1.186890104154283,512,10000,10000,10000
device_0,0.75,1703,1.35,47.25,0.1,late,48,16,3,0.20102,0.7470900970852136,531,9469,1000,3.2644280233298346,13.69717427517801,16.96160229850784,1.2182975713578768,531,10000,10000,10000
device_0,0.75,1704,1.35,47.25,0.1,late,48,16,3,0.19715,0.7479806369104111,493,9507,1000,3.1087123522810067,14.004400691721953,17.113113044002958,1.2145277475183978,493,10000,10000,10000
device_0,0.75,1705,1.35,47.25,0.1,late,48,16,3,0.20494,0.7506431485678381,519,9481,1000,3.0416062163474566,13.87827075930815,16.919876975655608,1.1919710773075434,519,10000,10000,10000
device_0,0.75,1706,1.35,47.25,0.1,late,48,16,3,0.20282,0.7537784223147826,462,9538,1000,3.1279554907251796,13.8689475812258,16.996903071950978,1.1551991102304393,462,10000,10000,10000
device_0,0.75,1707,1.35,47.25,0.1,late,48,16,3,0.20138,0.7431906944181493,488,9512,1000,3.0793322934379437,13.979069394764512,17.058401688202455,1.1986882801747256,488,10000,10000,10000
device_0,0.75,1708,1.35,47.25,0.1,late,48,16,3,0.20034,0.7475350990705809,471,9529,1000,3.1623987494878945,13.871935629085261,17.034334378573156,1.1800579409236789,471,10000,10000,10000
device_0,0.75,1709,1.35,47.25,0.1,late,48,16,3,0.20613,0.7542776800152501,505,9495,1000,3.1542477923803336,13.711837442056297,16.866085234436632,1.1803644391657058,505,10000,10000,10000
device_0,0.75,1710,1.35,47.25,0.1,late,48,16,3,0.20286,0.74728584709585,519,9481,1000,3.203186533821672,13.756545158584617,16.95973169240629,1.1365987942991131,519,10000,10000,10000
device_0,0.875,1701,1.35,47.25,0.1,late,48,16,3,0.20249,0.8763990178082249,523,9477,1000,3.1194188342666545,13.799457628837628,16.91887646310428,1.3098806109029622,523,10000,10000,10000
device_0,0.875,1702,1.35,47.25,0.1,late,48,16,3,0.19703,0.8759866636367837,489,9511,1000,3.2212391158022924,13.837318573262971,17.05855768906526,1.3265876823649327,489,10000,10000,10000
device_0,0.875,1703,1.35,47.25,0.1,late,48,16,3,0.20238,0.8773687974569232,505,9495,1000,3.176304947736908,13.82104447762655,16.997349425363456,1.3487905960569277,505,10000,10000,10000
device_0,0.875,1704,1.35,47.25,0.1,late,48,16,3,0.19663,0.8771256568671042,478,9522,1000,3.065413317931455,14.036565765055178,17.10197908298663,1.3463462898964864,478,10000,10000,10000
device_0,0.875,1705,1.35,47.25,0.1,late,48,16,3,0.20133,0.8756186617053834,486,9514,1000,3.238714907085766,13.724393055102977,16.963107962188744,1.3434203319219236,486,10000,10000,10000
device_0,0.875,1706,1.35,47.25,0.1,late,48,16,3,0.19605,0.8731077294363513,515,9485,1000,3.005190516354598,14.160972165813302,17.1661626821679,1.4001563740327565,515,10000,10000,10000
device_0,0.875,1707,1.35,47.25,0.1,late,48,16,3,0.2,0.8774036452681541,500,9500,1000,3.1453375628233955,13.89342076833703,17.038758331160423,1.3424963376083863,500,10000,10000,10000
device_0,0.875,1708,1.35,47.25,0.1,late,48,16,3,0.20258,0.87442580026271,496,9504,1000,3.08572950866399,13.976669744501024,17.06239925316501,1.3360748165075365,496,10000,10000,10000
device_0,0.875,1709,1.35,47.25,0.1,late,48,16,3,0.19831,0.8770598020870867,511,9489,1000,3.0916059972088994,13.843695359438772,16.93530135664767,1.3106962221218053,511,10000,10000,10000
device_0,0.875,1710,1.35,47.25,0.1,late,48,16,3,0.19668,0.8724656025657239,493,9507,1000,3.1085511536039916,14.00113448186167,17.10968563546566,1.3679191110551085,493,10000,10000,10000
device_0,0.9375,1701,1.35,47.25,0.1,late,48,16,3,0.20509,0.9402237906216514,498,9502,1000,3.225226864635405,13.705110523100636,16.930337387736042,1.4016041969205744,498,10000,10000,10000
device_0,0.9375,1702,1.35,47.25,0.1,late,48,16,3,0.19366,0.9366016280001491,498,9502,1000,3.084306635989364,14.090124652253586,17.17443128824295,1.4538758383445558,498,10000,10000,10000
device_0,0.9375,1703,1.35,47.25,0.1,late,48,16,3,0.19489,0.9369055048961522,487,9513,1000,3.1184372828324216,14.01406220421688,17.132499487049305,1.4456023930943946,487,10000,10000,10000
device_0,0.9375,1704,1.35,47.25,0.1,late,48,16,3,0.19999,0.9358099323716185,485,9515,1000,3.115973520573511,13.964031565505701,17.080005086079215,1.4392230933714154,485,10000,10000,10000
device_0,0.9375,1705,1.35,47.25,0.1,late,48,16,3,0.19063,0.9374553760710133,477,9523,1000,3.107543896376176,14.14315393999445,17.250697836370627,1.4399894307791141,477,10000,10000,10000
device_0,0.9375,1706,1.35,47.25,0.1,late,48,16,3,0.20144,0.9386428776611538,522,9478,1000,3.068685602074416,13.881725861822732,16.950411463897147,1.362551162712903,522,10000,10000,10000
device_0,0.9375,1707,1.35,47.25,0.1,late,48,16,3,0.20073,0.9386652506542138,532,9468,1000,3.1789661028213816,13.761613590612924,16.940579693434305,1.3875199313222657,532,10000,10000,10000
device_0,0.9375,1708,1.35,47.25,0.1,late,48,16,3,0.19042,0.9350336658268497,462,9538,1000,3.0744272908673596,14.200464809048414,17.274892099915775,1.4320012106295632,462,10000,10000,10000
device_0,0.9375,1709,1.35,47.25,0.1,late,48,16,3,0.20214,0.9387695757970393,501,9499,1000,3.2167200685685033,13.772473848757661,16.989193917326165,1.371998311868933,501,10000,10000,10000
device_0,0.9375,1710,1.35,47.25,0.1,late,48,16,3,0.20082,0.9338903427364145,486,9514,1000,3.111530093554678,13.875781909147486,16.987312002702165,1.3784850092854317,486,10000,10000,10000
device_0,0.975,1701,1.35,47.25,0.1,late,48,16,3,0.20012,0.9750727182312047,475,9525,1000,3.1389345714653736,13.854697570107218,16.993632141572593,1.431314604284048,475,10000,10000,10000
device_0,0.975,1702,1.35,47.25,0.1,late,48,16,3,0.19762,0.9739220248349032,483,9517,1000,3.1524256636650723,14.00120487627463,17.1536305399397,1.493548433939317,483,10000,10000,10000
device_0,0.975,1703,1.35,47.25,0.1,late,48,16,3,0.1984,0.975854682367182,494,9506,1000,3.1201116010875007,13.880302139117966,17.000413740205467,1.4512063585309558,494,10000,10000,10000
device_0,0.975,1704,1.35,47.25,0.1,late,48,16,3,0.19634,0.9733501805342133,485,9515,1000,3.2198496046541414,13.867772236921663,17.087621841575807,1.44632678264773,485,10000,10000,10000
device_0,0.975,1705,1.35,47.25,0.1,late,48,16,3,0.19493,0.9747974986214312,499,9501,1000,3.130924329251726,14.000959621813704,17.131883951065433,1.4631573616584999,499,10000,10000,10000
device_0,0.975,1706,1.35,47.25,0.1,late,48,16,3,0.203,0.9742259419786155,480,9520,1000,3.0588357235881953,14.038282153513189,17.097117877101383,1.459166165403025,480,10000,10000,10000
device_0,0.975,1707,1.35,47.25,0.1,late,48,16,3,0.20266,0.9738223967562294,499,9501,1000,3.1285284711629977,13.84099678985,16.969525261012997,1.4331316912348921,499,10000,10000,10000
device_0,0.975,1708,1.35,47.25,0.1,late,48,16,3,0.19043,0.9746047948044175,482,9518,1000,3.2641409802272583,13.963179083417929,17.227320063645188,1.4790003168466537,482,10000,10000,10000
device_0,0.975,1709,1.35,47.25,0.1,late,48,16,3,0.19294,0.9749540477640206,466,9534,1000,3.0480271943619557,14.086133144517632,17.13416033887959,1.440050100420114,466,10000,10000,10000
device_0,0.975,1710,1.35,47.25,0.1,late,48,16,3,0.19779,0.9774683509778551,513,9487,1000,3.084443249216527,13.984380713356773,17.068823962573298,1.4438523046604737,513,10000,10000,10000
device_0,0.0,1701,1.35,47.25,0.15,drop,48,16,3,0.19936,-0.002661444942765865,516,14484,1000,14.404728461005108,29.340868179147336,43.74559664015244,0.5627546357988743,516,15000,15000,15000
device_0,0.0,1702,1.35,47.25,0.15,drop,48,16,3,0.20106,0.005830007599770396,487,14513,1000,14.385368117686726,29.476860986154755,43.862229103841486,0.6086979435577842,487,15000,15000,15000
device_0,0.0,1703,1.35,47.25,0.15,drop,48,16,3,0.19952,0.005656351965683195,497,14503,1000,14.605900012557758,29.33944848887007,43.94534850142783,0.6095456152851194,497,15000,15000,15000
device_0,0.0,1704,1.35,47.25,0.15,drop,48,16,3,0.20257,0.002457782015709934,527,14473,1000,14.584063486474072,28.968800692518876,43.55286417899295,0.5655503891514136,527,15000,15000,15000
device_0,0.0,1705,1.35,47.25,0.15,drop,48,16,3,0.20104,-0.004155617772998724,482,14518,1000,14.537131266266092,29.327838968976256,43.864970235242346,0.5651906890499712,482,15000,15000,15000
device_0,0.0,1706,1.35,47.25,0.15,drop,48,16,3,0.20062,-0.0045443747273977144,517,14483,1000,14.683466755208922,29.131441856532177,43.814908611741096,0.5771511462861071,517,15000,15000,15000
device_0,0.0,1707,1.35,47.25,0.15,drop,48,16,3,0.19896,0.001346027845602329,467,14533,1000,14.600270169636689,29.274175229776176,43.87444539941286,0.5746900454879229,467,15000,15000,15000
device_0,0.0,1708,1.35,47.25,0.15,drop,48,16,3,0.19922,-0.001372807149175493,497,14503,1000,14.624025340025643,29.321555502741983,43.945580842767626,0.5961902119054914,497,15000,15000,15000
device_0,0.0,1709,1.35,47.25,0.15,drop,48,16,3,0.20001,0.005034822885721277,508,14492,1000,14.614512924453962,29.170356625016925,43.78486954947088,0.6045314303876786,508,15000,15000,15000
device_0,0.0,1710,1.35,47.25,0.15,drop,48,16,3,0.19848,0.0007247411049733544,469,14531,1000,14.72510440309854,29.26148728590344,43.98659168900198,0.5923126926270564,469,15000,15000,15000
device_0,0.375,1701,1.35,47.25,0.15,drop,48,16,3,0.19773,0.37585282092426525,509,14491,1000,14.624316374449126,29.217307267298295,43.841623641747425,2.111090680740817,509,15000,15000,15000
device_0,0.375,1702,1.35,47.25,0.15,drop,48,16,3,0.20083,0.3763938072575695,499,14501,1000,14.614755027719703,29.219718284121477,43.83447331184118,1.9868024382571443,499,15000,15000,15000
device_0,0.375,1703,1.35,47.25,0.15,drop,48,16,3,0.19949,0.3708761472322628,508,14492,1000,14.76044212570504,29.18500661682413,43.94544874252917,1.9663579969668414,508,15000,15000,15000
device_0,0.375,1704,1.35,47.25,0.15,drop,48,16,3,0.19956,0.37083454970073176,479,14521,1000,14.835678991953587,29.11493043871652,43.9506094306701,2.040529701887916,479,15000,15000,15000
device_0,0.375,1705,1.35,47.25,0.15,drop,48,16,3,0.1976,0.38054564128452917,502,14498,1000,14.468666400983835,29.625346750176675,44.0940131511605,2.2363797894058943,502,15000,15000,15000
device_0,0.375,1706,1.35,47.25,0.15,drop,48,16,3,0.19975,0.37847803043317246,532,14468,1000,14.44996439709113,29.390474661727477,43.84043905881861,1.9985176879492141,532,15000,15000,15000
device_0,0.375,1707,1.35,47.25,0.15,drop,48,16,3,0.19756,0.3714936166119789,451,14549,1000,14.542797210751722,29.55336297756469,44.09616018831641,2.0736649553742628,451,15000,15000,15000
device_0,0.375,1708,1.35,47.25,0.15,drop,48,16,3,0.19968,0.3728274067949136,476,14524,1000,14.587670747343182,29.237953661408056,43.82562440875124,1.9710239108316476,476,15000,15000,15000
device_0,0.375,1709,1.35,47.25,0.15,drop,48,16,3,0.20214,0.3789219763360735,509,14491,1000,14.646659833908851,29.240396689718743,43.88705652362759,2.0521000062615986,509,15000,15000,15000
device_0,0.375,1710,1.35,47.25,0.15,drop,48,16,3,0.19842,0.37511826036297974,485,14515,1000,14.874455876307133,29.19630044685796,44.07075632316509,2.100999050706355,485,15000,15000,15000
device_0,0.75,1701,1.35,47.25,0.15,drop,48,16,3,0.20817,0.7556341521150168,530,14470,1000,14.518864500325542,28.716502931458567,43.23536743178411,3.718373088982595,530,15000,15000,15000
device_0,0.75,1702,1.35,47.25,0.15,drop,48,16,3,0.20244,0.7487885933421545,512,14488,1000,14.532709235673678,29.25734900323382,43.7900582389075,4.292308309135089,512,15000,15000,15000
device_0,0.75,1703,1.35,47.25,0.15,drop,48,16,3,0.20102,0.7470900970852136,531,14469,1000,14.712061711043333,29.043768486789457,43.75583019783279,4.4432932321776875,531,15000,15000,15000
device_0,0.75,1704,1.35,47.25,0.15,drop,48,16,3,0.19715,0.7479806369104111,493,14507,1000,14.67235862680399,29.375905981058818,44.048264607862805,4.659424475484711,493,15000,15000,15000
device_0,0.75,1705,1.35,47.25,0.15,drop,48,16,3,0.20494,0.7506431485678381,519,14481,1000,14.672388529644135,28.938390731144814,43.61077926078895,4.212043150564976,519,15000,15000,15000
device_0,0.75,1706,1.35,47.25,0.15,drop,48,16,3,0.20282,0.7537784223147826,462,14538,1000,14.453306695227859,29.259142772891185,43.71244946811905,4.283206000735293,462,15000,15000,15000
device_0,0.75,1707,1.35,47.25,0.15,drop,48,16,3,0.20138,0.7431906944181493,488,14512,1000,14.699852640305194,29.141948906178207,43.8418015464834,4.318640650440531,488,15000,15000,15000
device_0,0.75,1708,1.35,47.25,0.15,drop,48,16,3,0.20034,0.7475350990705809,471,14529,1000,14.66540993148815,29.231426865721396,43.896836797209545,4.57344807233695,471,15000,15000,15000
device_0,0.75,1709,1.35,47.25,0.15,drop,48,16,3,0.20613,0.7542776800152501,505,14495,1000,14.602261332670631,28.829106131447226,43.43136746411786,4.007107252115089,505,15000,15000,15000
device_0,0.75,1710,1.35,47.25,0.15,drop,48,16,3,0.20286,0.74728584709585,519,14481,1000,14.646817814968456,29.001414987248598,43.64823280221706,4.042835659243859,519,15000,15000,15000
device_0,0.875,1701,1.35,47.25,0.15,drop,48,16,3,0.20249,0.8763990178082249,523,14477,1000,14.745793311277966,28.950681643368917,43.69647495464688,5.6284693437984386,523,15000,15000,15000
device_0,0.875,1702,1.35,47.25,0.15,drop,48,16,3,0.19703,0.8759866636367837,489,14511,1000,14.456174579288588,29.53167790697797,43.987852486266554,5.826908663643008,489,15000,15000,15000
device_0,0.875,1703,1.35,47.25,0.15,drop,48,16,3,0.20238,0.8773687974569232,505,14495,1000,14.587293807624448,29.174135627983112,43.76142943560757,5.551053047195647,505,15000,15000,15000
device_0,0.875,1704,1.35,47.25,0.15,drop,48,16,3,0.19663,0.8771256568671042,478,14522,1000,14.495122006296146,29.55256349543526,44.04768550173141,5.894378309279062,478,15000,15000,15000
device_0,0.875,1705,1.35,47.25,0.15,drop,48,16,3,0.20133,0.8756186617053834,486,14514,1000,14.57019532658906,29.158346845728357,43.72854217231742,5.521105175215189,486,15000,15000,15000
device_0,0.875,1706,1.35,47.25,0.15,drop,48,16,3,0.19605,0.8731077294363513,515,14485,1000,14.653057093975905,29.587814317183586,44.24087141115949,6.199226826950794,515,15000,15000,15000
device_0,0.875,1707,1.35,47.25,0.15,drop,48,16,3,0.2,0.8774036452681541,500,14500,1000,14.474159125094298,29.381162755841654,43.855321880935946,5.650259856814675,500,15000,15000,15000
device_0,0.875,1708,1.35,47.25,0.15,drop,48,16,3,0.20258,0.87442580026271,496,14504,1000,14.694825849469712,29.14596733603775,43.84079318550746,5.495220538062434,496,15000,15000,15000
device_0,0.875,1709,1.35,47.25,0.15,drop,48,16,3,0.19831,0.8770598020870867,511,14489,1000,14.687510118378787,29.07370720734931,43.7612173257281,5.669881524009707,511,15000,15000,15000
device_0,0.875,1710,1.35,47.25,0.15,drop,48,16,3,0.19668,0.8724656025657239,493,14507,1000,14.413788370507744,29.632578623371113,44.046366993878856,5.87816572985881,493,15000,15000,15000
device_0,0.9375,1701,1.35,47.25,0.15,drop,48,16,3,0.20509,0.9402237906216514,498,14502,1000,14.678932057723596,28.8878474328766,43.5667794906002,5.851650416662607,498,15000,15000,15000
device_0,0.9375,1702,1.35,47.25,0.15,drop,48,16,3,0.19366,0.9366016280001491,498,14502,1000,14.621592587687722,29.62522506544013,44.246817653127856,6.665787902115298,498,15000,15000,15000
device_0,0.9375,1703,1.35,47.25,0.15,drop,48,16,3,0.19489,0.9369055048961522,487,14513,1000,14.520072260566787,29.615410189277757,44.135482449844545,6.542456781301831,487,15000,15000,15000
device_0,0.9375,1704,1.35,47.25,0.15,drop,48,16,3,0.19999,0.9358099323716185,485,14515,1000,14.542406008817451,29.408894688575337,43.95130069739279,6.234854472251111,485,15000,15000,15000
device_0,0.9375,1705,1.35,47.25,0.15,drop,48,16,3,0.19063,0.9374553760710133,477,14523,1000,14.417894786694292,30.134488012775694,44.55238279946999,7.046178516280069,477,15000,15000,15000
device_0,0.9375,1706,1.35,47.25,0.15,drop,48,16,3,0.20144,0.9386428776611538,522,14478,1000,14.479388911256711,29.16339260923317,43.64278152048988,5.954122052715517,522,15000,15000,15000
device_0,0.9375,1707,1.35,47.25,0.15,drop,48,16,3,0.20073,0.9386652506542138,532,14468,1000,14.593625468566508,29.128970469973652,43.72259593854015,6.140859640275104,532,15000,15000,15000
device_0,0.9375,1708,1.35,47.25,0.15,drop,48,16,3,0.19042,0.9350336658268497,462,14538,1000,14.714062087622423,29.823445479005912,44.537507566628335,6.92942173698881,462,15000,15000,15000
device_0,0.9375,1709,1.35,47.25,0.15,drop,48,16,3,0.20214,0.9387695757970393,501,14499,1000,14.495409223331768,29.295556705774455,43.79096592910622,6.129168167505275,501,15000,15000,15000
device_0,0.9375,1710,1.35,47.25,0.15,drop,48,16,3,0.20082,0.9338903427364145,486,14514,1000,14.519527451297703,29.242204611270935,43.76173206256864,6.008505134696014,486,15000,15000,15000
device_0,0.975,1701,1.35,47.25,0.15,drop,48,16,3,0.20012,0.9750727182312047,475,14525,1000,14.664567384964835,29.114605061119747,43.77917244608458,6.349782182339668,475,15000,15000,15000
device_0,0.975,1702,1.35,47.25,0.15,drop,48,16,3,0.19762,0.9739220248349032,483,14517,1000,14.542148345548988,29.5403958548333,44.08254420038229,6.651657992170743,483,15000,15000,15000
device_0,0.975,1703,1.35,47.25,0.15,drop,48,16,3,0.1984,0.975854682367182,494,14506,1000,14.39129675982363,29.469973274616834,43.861270034440466,6.473792425838463,494,15000,15000,15000
device_0,0.975,1704,1.35,47.25,0.15,drop,48,16,3,0.19634,0.9733501805342133,485,14515,1000,14.650224685411178,29.469422840318124,44.119647525729306,6.8800933320416915,485,15000,15000,15000
device_0,0.975,1705,1.35,47.25,0.15,drop,48,16,3,0.19493,0.9747974986214312,499,14501,1000,14.493843614707805,29.71180207685866,44.20564569156646,7.001908457451761,499,15000,15000,15000
device_0,0.975,1706,1.35,47.25,0.15,drop,48,16,3,0.203,0.9742259419786155,480,14520,1000,14.599663549281875,29.235293381243217,43.83495693052509,6.336591348407193,480,15000,15000,15000
device_0,0.975,1707,1.35,47.25,0.15,drop,48,16,3,0.20266,0.9738223967562294,499,14501,1000,14.421938429424605,29.196742809074646,43.61868123849925,6.125958823115768,499,15000,15000,15000
device_0,0.975,1708,1.35,47.25,0.15,drop,48,16,3,0.19043,0.9746047948044175,482,14518,1000,14.545028811441437,29.90033570338745,44.44536451482889,7.223220283313501,482,15000,15000,15000
device_0,0.975,1709,1.35,47.25,0.15,drop,48,16,3,0.19294,0.9749540477640206,466,14534,1000,14.384293471840486,29.86325076506008,44.247544236900566,7.070474503887021,466,15000,15000,15000
device_0,0.975,1710,1.35,47.25,0.15,drop,48,16,3,0.19779,0.9774683509778551,513,14487,1000,14.484372559513341,29.478327675877654,43.962700235391,6.773791512649407,513,15000,15000,15000
device_0,0.0,1701,1.35,47.25,0.15,late,48,16,3,0.19936,-0.002661444942765865,516,14484,1000,4.834275877252528,18.10854596218018,22.94282183943271,0.5424949952266115,516,15000,15000,15000
device_0,0.0,1702,1.35,47.25,0.15,late,48,16,3,0.20106,0.005830007599770396,487,14513,1000,4.803740967766512,18.22291838540135,23.026659353167858,0.5612858595233177,487,15000,15000,15000
device_0,0.0,1703,1.35,47.25,0.15,late,48,16,3,0.19952,0.005656351965683195,497,14503,1000,4.565998188002596,18.48995436661053,23.05595255461313,0.560361666640999,497,15000,15000,15000
device_0,0.0,1704,1.35,47.25,0.15,late,48,16,3,0.20257,0.002457782015709934,527,14473,1000,4.805431456804141,18.037509892518077,22.842941349322217,0.5467663496322756,527,15000,15000,15000
device_0,0.0,1705,1.35,47.25,0.15,late,48,16,3,0.20104,-0.004155617772998724,482,14518,1000,4.922575242159218,18.145784559461557,23.068359801620776,0.5421541565017034,482,15000,15000,15000
device_0,0.0,1706,1.35,47.25,0.15,late,48,16,3,0.20062,-0.0045443747273977144,517,14483,1000,4.868509518752985,18.112535774614706,22.98104529336769,0.5554368579562776,517,15000,15000,15000
device_0,0.0,1707,1.35,47.25,0.15,late,48,16,3,0.19896,0.001346027845602329,467,14533,1000,4.661296232647087,18.379831886742274,23.04112811938936,0.5484457812930768,467,15000,15000,15000
device_0,0.0,1708,1.35,47.25,0.15,late,48,16,3,0.19922,-0.001372807149175493,497,14503,1000,4.75294795550886,18.29614340657734,23.049091362086198,0.564736709783597,497,15000,15000,15000
device_0,0.0,1709,1.35,47.25,0.15,late,48,16,3,0.20001,0.005034822885721277,508,14492,1000,4.788011996542963,18.226326622436194,23.014338618979156,0.5693708218913864,508,15000,15000,15000
device_0,0.0,1710,1.35,47.25,0.15,late,48,16,3,0.19848,0.0007247411049733544,469,14531,1000,4.8805959746951535,18.25143601684112,23.13203199153627,0.5786572845384881,469,15000,15000,15000
device_0,0.375,1701,1.35,47.25,0.15,late,48,16,3,0.19773,0.37585282092426525,509,14491,1000,4.83540044044957,18.157597883164193,22.992998323613765,1.196576304345193,509,15000,15000,15000
device_0,0.375,1702,1.35,47.25,0.15,late,48,16,3,0.20083,0.3763938072575695,499,14501,1000,4.753761929071722,18.254397711174605,23.008159640246326,1.1754438640272797,499,15000,15000,15000
device_0,0.375,1703,1.35,47.25,0.15,late,48,16,3,0.19949,0.3708761472322628,508,14492,1000,4.915896993858577,18.156965841735392,23.072862835593966,1.1525489541218124,508,15000,15000,15000
device_0,0.375,1704,1.35,47.25,0.15,late,48,16,3,0.19956,0.37083454970073176,479,14521,1000,4.842527304742328,18.227916747268342,23.07044405201067,1.1903146591322615,479,15000,15000,15000
device_0,0.375,1705,1.35,47.25,0.15,late,48,16,3,0.1976,0.38054564128452917,502,14498,1000,4.770830885851571,18.39251585937344,23.16334674522501,1.2972701090908088,502,15000,15000,15000
device_0,0.375,1706,1.35,47.25,0.15,late,48,16,3,0.19975,0.37847803043317246,532,14468,1000,4.827995056154545,18.233801687047002,23.061796743201548,1.1976327343838848,532,15000,15000,15000
device_0,0.375,1707,1.35,47.25,0.15,late,48,16,3,0.19756,0.3714936166119789,451,14549,1000,4.768395563467083,18.3709526399919,23.13934820345898,1.192956954036281,451,15000,15000,15000
device_0,0.375,1708,1.35,47.25,0.15,late,48,16,3,0.19968,0.3728274067949136,476,14524,1000,4.823264876958159,18.229795391434607,23.053060268392766,1.1883592583030542,476,15000,15000,15000
device_0,0.375,1709,1.35,47.25,0.15,late,48,16,3,0.20214,0.3789219763360735,509,14491,1000,4.7916963953662135,18.253023303602564,23.044719698968777,1.2471375812574452,509,15000,15000,15000
device_0,0.375,1710,1.35,47.25,0.15,late,48,16,3,0.19842,0.37511826036297974,485,14515,1000,4.810152792895936,18.297284488882994,23.107437281778928,1.2109131068269325,485,15000,15000,15000
device_0,0.75,1701,1.35,47.25,0.15,late,48,16,3,0.20817,0.7556341521150168,530,14470,1000,4.804068970370661,17.920608785350645,22.724677755721306,1.9307797010776697,530,15000,15000,15000
device_0,0.75,1702,1.35,47.25,0.15,late,48,16,3,0.20244,0.7487885933421545,512,14488,1000,4.76702375329809,18.22476431784762,22.99178807114571,2.301455751452057,512,15000,15000,14877
device_0,0.75,1703,1.35,47.25,0.15,late,48,16,3,0.20102,0.7470900970852136,531,14469,1000,4.867486997133736,18.101100437979447,22.968587435113186,2.3885162421376345,531,15000,15000,14834
device_0,0.75,1704,1.35,47.25,0.15,late,48,16,3,0.19715,0.7479806369104111,493,14507,1000,5.011514335937298,18.129423205472765,23.140937541410064,2.4967870977287836,493,15000,15000,14686
device_0,0.75,1705,1.35,47.25,0.15,late,48,16,3,0.20494,0.7506431485678381,519,14481,1000,4.792371761339701,18.0906641932351,22.883035954574805,2.2185444774559513,519,15000,15000,14966
device_0,0.75,1706,1.35,47.25,0.15,late,48,16,3,0.20282,0.7537784223147826,462,14538,1000,4.8039437295528264,18.188882597193306,22.99282632674613,2.295853011354934,462,15000,15000,14854
device_0,0.75,1707,1.35,47.25,0.15,late,48,16,3,0.20138,0.7431906944181493,488,14512,1000,4.756895442127502,18.287446526930225,23.04434196905773,2.279282389533854,488,15000,15000,14881
device_0,0.75,1708,1.35,47.25,0.15,late,48,16,3,0.20034,0.7475350990705809,471,14529,1000,4.817868014099799,18.232981083883022,23.05084909798282,2.4788040281936157,471,15000,15000,14700
device_0,0.75,1709,1.35,47.25,0.15,late,48,16,3,0.20613,0.7542776800152501,505,14495,1000,4.9293444487829206,17.906079584157315,22.835424032940235,2.1084611259873434,505,15000,15000,15000
device_0,0.75,1710,1.35,47.25,0.15,late,48,16,3,0.20286,0.74728584709585,519,14481,1000,4.7806646666007016,18.178347979009118,22.959012645609818,2.133262561182061,519,15000,15000,15000
device_0,0.875,1701,1.35,47.25,0.15,late,48,16,3,0.20249,0.8763990178082249,523,14477,1000,4.8874753542765905,18.020575190538292,22.90805054481488,3.1560873153642857,523,15000,15000,14186
device_0,0.875,1702,1.35,47.25,0.15,late,48,16,3,0.19703,0.8759866636367837,489,14511,1000,4.714153380171978,18.369143928395314,23.083297308567293,3.267172998069169,489,15000,15000,14097
device_0,0.875,1703,1.35,47.25,0.15,late,48,16,3,0.20238,0.8773687974569232,505,14495,1000,4.845291472071871,18.15126652548904,22.99655799756091,3.0849385267048497,505,15000,15000,14309
device_0,0.875,1704,1.35,47.25,0.15,late,48,16,3,0.19663,0.8771256568671042,478,14522,1000,4.861901405846136,18.262658913236265,23.124560319082402,3.2594748942611687,478,15000,15000,14120
device_0,0.875,1705,1.35,47.25,0.15,late,48,16,3,0.20133,0.8756186617053834,486,14514,1000,4.745631168548929,18.210273397394072,22.955904565943,3.0508517024154895,486,15000,15000,14327
device_0,0.875,1706,1.35,47.25,0.15,late,48,16,3,0.19605,0.8731077294363513,515,14485,1000,4.6767110138942165,18.53111662092451,23.207827634818727,3.4909719382955235,515,15000,15000,13975
device_0,0.875,1707,1.35,47.25,0.15,late,48,16,3,0.2,0.8774036452681541,500,14500,1000,4.810016049248457,18.237889244470843,23.047905293719296,3.1282769848123895,500,15000,15000,14277
device_0,0.875,1708,1.35,47.25,0.15,late,48,16,3,0.20258,0.87442580026271,496,14504,1000,4.719542650548716,18.35160334606418,23.0711459966129,3.0269030251790605,496,15000,15000,14342
device_0,0.875,1709,1.35,47.25,0.15,late,48,16,3,0.19831,0.8770598020870867,511,14489,1000,4.837432086041706,18.112751245207672,22.950183331249377,3.142505388152078,511,15000,15000,14166
device_0,0.875,1710,1.35,47.25,0.15,late,48,16,3,0.19668,0.8724656025657239,493,14507,1000,4.8128126513629885,18.319441125928847,23.132253777291837,3.2658895159894206,493,15000,15000,14140
device_0,0.9375,1701,1.35,47.25,0.15,late,48,16,3,0.20509,0.9402237906216514,498,14502,1000,4.797527695168404,18.0889708040093,22.886498499177705,3.3106906390386954,498,15000,15000,14160
device_0,0.9375,1702,1.35,47.25,0.15,late,48,16,3,0.19366,0.9366016280001491,498,14502,1000,4.615863969308635,18.588481238749182,23.204345208057816,3.7534048638795907,498,15000,15000,13764
device_0,0.9375,1703,1.35,47.25,0.15,late,48,16,3,0.19489,0.9369055048961522,487,14513,1000,4.720573177620732,18.442867966764016,23.163441144384745,3.66621543238659,487,15000,15000,13831
device_0,0.9375,1704,1.35,47.25,0.15,late,48,16,3,0.19999,0.9358099323716185,485,14515,1000,4.879590977184662,18.19793044209053,23.077521419275193,3.4712457823969687,485,15000,15000,13990
device_0,0.9375,1705,1.35,47.25,0.15,late,48,16,3,0.19063,0.9374553760710133,477,14523,1000,4.7214812430066475,18.579607723423727,23.301088966430374,4.023707950935547,477,15000,15000,13459
device_0,0.9375,1706,1.35,47.25,0.15,late,48,16,3,0.20144,0.9386428776611538,522,14478,1000,4.7613339739820555,18.19273206416736,22.95406603814941,3.355859433435269,522,15000,15000,14037
device_0,0.9375,1707,1.35,47.25,0.15,late,48,16,3,0.20073,0.9386652506542138,532,14468,1000,4.9025864887593835,18.05414373129014,22.956730220049522,3.474614034976042,532,15000,15000,13950
device_0,0.9375,1708,1.35,47.25,0.15,late,48,16,3,0.19042,0.9350336658268497,462,14538,1000,4.839248092048008,18.48814952165842,23.32739761370643,3.9265908735212682,462,15000,15000,13563
device_0,0.9375,1709,1.35,47.25,0.15,late,48,16,3,0.20214,0.9387695757970393,501,14499,1000,4.651870475868866,18.330120783185883,22.981991259054745,3.4304935921794555,501,15000,15000,13981
device_0,0.9375,1710,1.35,47.25,0.15,late,48,16,3,0.20082,0.9338903427364145,486,14514,1000,4.80532432853401,18.176572714174096,22.98189704270811,3.3936411340189205,486,15000,15000,14015
device_0,0.975,1701,1.35,47.25,0.15,late,48,16,3,0.20012,0.9750727182312047,475,14525,1000,4.830621757030978,18.152927667110585,22.983549424141565,3.5934295431879155,475,15000,15000,13884
device_0,0.975,1702,1.35,47.25,0.15,late,48,16,3,0.19762,0.9739220248349032,483,14517,1000,4.7946171988041115,18.369756306155207,23.164373504959315,3.7522644286397893,483,15000,15000,13802
device_0,0.975,1703,1.35,47.25,0.15,late,48,16,3,0.1984,0.975854682367182,494,14506,1000,4.849462408909564,18.147874599213488,22.997337008123054,3.6356691379493866,494,15000,15000,13822
device_0,0.975,1704,1.35,47.25,0.15,late,48,16,3,0.19634,0.9733501805342133,485,14515,1000,4.720568140159095,18.382685516193355,23.103253656352447,3.926138222103901,485,15000,15000,13585
device_0,0.975,1705,1.35,47.25,0.15,late,48,16,3,0.19493,0.9747974986214312,499,14501,1000,4.82103446931883,18.350118786630482,23.171153255949314,4.008282186192978,499,15000,15000,13528
device_0,0.975,1706,1.35,47.25,0.15,late,48,16,3,0.203,0.9742259419786155,480,14520,1000,4.742517250141248,18.35430581547381,23.09682306561506,3.608683259338804,480,15000,15000,13903
device_0,0.975,1707,1.35,47.25,0.15,late,48,16,3,0.20266,0.9738223967562294,499,14501,1000,4.742549084760176,18.21194972833055,22.954498813090726,3.4618997504698514,499,15000,15000,14026
device_0,0.975,1708,1.35,47.25,0.15,late,48,16,3,0.19043,0.9746047948044175,482,14518,1000,4.745831909455937,18.539635540569883,23.28546745002582,4.092082778558999,482,15000,15000,13454
device_0,0.975,1709,1.35,47.25,0.15,late,48,16,3,0.19294,0.9749540477640206,466,14534,1000,4.765512695905865,18.409727204744026,23.17523990064989,4.018693649469336,466,15000,15000,13476
device_0,0.975,1710,1.35,47.25,0.15,late,48,16,3,0.19779,0.9774683509778551,513,14487,1000,4.855662864482956,18.256084523517337,23.111747388000296,3.886653519828737,513,15000,15000,13655
device_0,0.0,1701,1.5,52.5,0.01,drop,48,16,3,0.19936,-0.002661444942765865,62,938,1000,0.8984539963468765,3.3325646092600625,4.231018605606939,0.0002802536101035841,62,1000,1000,1000
device_0,0.0,1702,1.5,52.5,0.01,drop,48,16,3,0.20106,0.005830007599770396,56,944,1000,0.9101823082174607,3.3315072931787797,4.24168960139624,0.0002400398101136601,56,1000,1000,1000
device_0,0.0,1703,1.5,52.5,0.01,drop,48,16,3,0.19952,0.005656351965683195,63,937,1000,0.9443626845749753,3.2803646461789175,4.224727330753892,0.00027407921114388123,63,1000,1000,1000
device_0,0.0,1704,1.5,52.5,0.01,drop,48,16,3,0.20257,0.002457782015709934,56,944,1000,0.9322882417490124,3.2978319038956543,4.230120145644666,0.00029731169109794333,56,1000,1000,1000
device_0,0.0,1705,1.5,52.5,0.01,drop,48,16,3,0.20104,-0.004155617772998724,68,932,1000,0.8843592745718675,3.3077011272270114,4.192060401798879,0.0004295089724995954,68,1000,1000,1000
device_0,0.0,1706,1.5,52.5,0.01,drop,48,16,3,0.20062,-0.0045443747273977144,62,938,1000,0.9049159485232727,3.320185645936611,4.2251015944598835,0.00012124775782433023,62,1000,1000,1000
device_0,0.0,1707,1.5,52.5,0.01,drop,48,16,3,0.19896,0.001346027845602329,61,939,1000,0.929057878462842,3.3044746828831775,4.23353256134602,0.0003274989580172563,61,1000,1000,1000
device_0,0.0,1708,1.5,52.5,0.01,drop,48,16,3,0.19922,-0.001372807149175493,53,947,1000,0.9128077622786369,3.3577670777312814,4.270574840009918,0.00016147030107568525,53,1000,1000,1000
device_0,0.0,1709,1.5,52.5,0.01,drop,48,16,3,0.20001,0.005034822885721277,61,939,1000,0.9968240120272107,3.22985513792108,4.226679149948291,0.00023801972367511477,61,1000,1000,1000
device_0,0.0,1710,1.5,52.5,0.01,drop,48,16,3,0.19848,0.0007247411049733544,65,935,1000,0.9008807240335881,3.3249991419762495,4.225879866009838,0.000201314822833742,65,1000,1000,1000
device_0,0.375,1701,1.5,52.5,0.01,drop,48,16,3,0.19773,0.37585282092426525,65,935,1000,0.9062298179890684,3.330370796265238,4.236600614254307,0.0023201644409669977,65,1000,1000,1000
device_0,0.375,1702,1.5,52.5,0.01,drop,48,16,3,0.20083,0.3763938072575695,59,941,1000,0.9653277659833511,3.2645377099598356,4.229865475943187,0.0006358463878435881,59,1000,1000,1000
device_0,0.375,1703,1.5,52.5,0.01,drop,48,16,3,0.19949,0.3708761472322628,72,928,1000,0.9055782195726626,3.277948808077491,4.183527027650154,0.0010478374164444616,72,1000,1000,1000
device_0,0.375,1704,1.5,52.5,0.01,drop,48,16,3,0.19956,0.37083454970073176,64,936,1000,0.9120995795520338,3.3078755866577603,4.219975166209794,0.0008949295968868415,64,1000,1000,1000
device_0,0.375,1705,1.5,52.5,0.01,drop,48,16,3,0.1976,0.38054564128452917,44,956,1000,0.9753630130184605,3.3507253215374786,4.326088334555939,0.0008943365489775396,44,1000,1000,1000
device_0,0.375,1706,1.5,52.5,0.01,drop,48,16,3,0.19975,0.37847803043317246,60,940,1000,0.9656568970261978,3.2680867499958035,4.233743647022002,0.0006610979472256547,60,1000,1000,1000
device_0,0.375,1707,1.5,52.5,0.01,drop,48,16,3,0.19756,0.3714936166119789,63,937,1000,0.9165944438629159,3.3244806821042148,4.24107512596713,0.0007520832243762862,63,1000,1000,1000
device_0,0.375,1708,1.5,52.5,0.01,drop,48,16,3,0.19968,0.3728274067949136,52,948,1000,0.9150578943200253,3.354132853318972,4.269190747638997,0.03828464908932837,52,1000,1000,1000
device_0,0.375,1709,1.5,52.5,0.01,drop,48,16,3,0.20214,0.3789219763360735,72,928,1000,0.9736247518338906,3.1911374958248744,4.164762247658765,0.0008033433517478986,72,1000,1000,1000
device_0,0.375,1710,1.5,52.5,0.01,drop,48,16,3,0.19842,0.37511826036297974,71,929,1000,0.9260131693554942,3.2768549695917804,4.202868138947275,0.000548241267498471,71,1000,1000,1000
device_0,0.75,1701,1.5,52.5,0.01,drop,48,16,3,0.20817,0.7556341521150168,77,923,1000,0.9419897338630859,3.1444958390358626,4.086485572898948,0.0010474097223769911,77,1000,1000,1000
device_0,0.75,1702,1.5,52.5,0.01,drop,48,16,3,0.20244,0.7487885933421545,67,933,1000,0.9128179761337756,3.2682672342696124,4.181085210403388,0.0009219610170604261,67,1000,1000,1000
device_0,0.75,1703,1.5,52.5,0.01,drop,48,16,3,0.20102,0.7470900970852136,65,935,1000,0.9376941316701949,3.2648147985936387,4.202508930263834,0.001705133592449906,65,1000,1000,1000
device_0,0.75,1704,1.5,52.5,0.01,drop,48,16,3,0.19715,0.7479806369104111,71,929,1000,0.9208163257996963,3.2912992610066136,4.21211558680631,0.0010275748989677495,71,1000,1000,1000
device_0,0.75,1705,1.5,52.5,0.01,drop,48,16,3,0.20494,0.7506431485678381,67,933,1000,0.896542388546185,3.264861025139986,4.1614034136861715,0.0007108597990439768,67,1000,1000,1000
device_0,0.75,1706,1.5,52.5,0.01,drop,48,16,3,0.20282,0.7537784223147826,49,951,1000,0.9677761101929642,3.292825625561349,4.260601735754313,0.0008625096095761617,49,1000,1000,1000
device_0,0.75,1707,1.5,52.5,0.01,drop,48,16,3,0.20138,0.7431906944181493,64,936,1000,0.9136236476420823,3.282087515178935,4.195711162821017,0.0014611267064127977,64,1000,1000,1000
device_0,0.75,1708,1.5,52.5,0.01,drop,48,16,3,0.20034,0.7475350990705809,53,947,1000,0.9689994600484713,3.3019287853637995,4.270928245412271,0.029132763508903328,53,1000,1000,1000
device_0,0.75,1709,1.5,52.5,0.01,drop,48,16,3,0.20613,0.7542776800152501,59,941,1000,0.8799653006459967,3.3004392596512493,4.180404560297246,0.0011917323140968866,59,1000,1000,1000
device_0,0.75,1710,1.5,52.5,0.01,drop,48,16,3,0.20286,0.74728584709585,52,948,1000,0.9545540949488955,3.290465987631388,4.245020082580283,0.0010017292567024304,52,1000,1000,1000
device_0,0.875,1701,1.5,52.5,0.01,drop,48,16,3,0.20249,0.8763990178082249,65,935,1000,0.969558464211078,3.224198720123933,4.193757184335011,0.0011837565650563418,65,1000,1000,1000
device_0,0.875,1702,1.5,52.5,0.01,drop,48,16,3,0.19703,0.8759866636367837,57,943,1000,0.9311464120366862,3.343495594115796,4.274642006152482,0.016713635329557355,57,1000,1000,1000
device_0,0.875,1703,1.5,52.5,0.01,drop,48,16,3,0.20238,0.8773687974569232,60,940,1000,0.9426162400527078,3.2725466843333866,4.215162924386094,0.001102030006394828,60,1000,1000,1000
device_0,0.875,1704,1.5,52.5,0.01,drop,48,16,3,0.19663,0.8771256568671042,55,945,1000,0.9520999917750695,3.3272189614818686,4.279318953256938,0.0010617742827472806,55,1000,1000,1000
device_0,0.875,1705,1.5,52.5,0.01,drop,48,16,3,0.20133,0.8756186617053834,58,942,1000,0.9184843858112711,3.3127831926292153,4.2312675784404865,0.0011511833759694765,58,1000,1000,1000
device_0,0.875,1706,1.5,52.5,0.01,drop,48,16,3,0.19605,0.8731077294363513,72,928,1000,0.9275999720240752,3.295894771581617,4.223494743605692,0.0012435865622954245,72,1000,1000,1000
device_0,0.875,1707,1.5,52.5,0.01,drop,48,16,3,0.2,0.8774036452681541,66,934,1000,0.9063011278781782,3.300232483324126,4.206533611202304,0.0012924154225408093,66,1000,1000,1000
device_0,0.875,1708,1.5,52.5,0.01,drop,48,16,3,0.20258,0.87442580026271,66,934,1000,0.9146680348512203,3.2644759365025986,4.1791439713538185,0.0012346281934393374,66,1000,1000,1000
device_0,0.875,1709,1.5,52.5,0.01,drop,48,16,3,0.19831,0.8770598020870867,67,933,1000,0.9081621972996381,3.3159083847932203,4.224070582092859,0.0009269637053907825,67,1000,1000,1000
device_0,0.875,1710,1.5,52.5,0.01,drop,48,16,3,0.19668,0.8724656025657239,64,936,1000,0.946197487029809,3.299409283871723,4.245606770901532,0.0016406872485182698,64,1000,1000,1000
device_0,0.9375,1701,1.5,52.5,0.01,drop,48,16,3,0.20509,0.9402237906216514,47,953,1000,0.9715188338254281,3.2712683087393337,4.242787142564762,0.0010448378108234842,47,1000,1000,1000
device_0,0.9375,1702,1.5,52.5,0.01,drop,48,16,3,0.19366,0.9366016280001491,78,922,1000,0.9097349414596385,3.2968848888281936,4.206619830287832,0.0011078421495457583,78,1000,1000,1000
device_0,0.9375,1703,1.5,52.5,0.01,drop,48,16,3,0.19489,0.9369055048961522,53,947,1000,0.9318360057868091,3.3795412184215268,4.311377224208337,0.009031946746721267,53,1000,1000,1000
device_0,0.9375,1704,1.5,52.5,0.01,drop,48,16,3,0.19999,0.9358099323716185,52,948,1000,0.9432086376970081,3.3317042579539544,4.274912895650963,0.001050665175487796,52,1000,1000,1000
device_0,0.9375,1705,1.5,52.5,0.01,drop,48,16,3,0.19063,0.9374553760710133,45,955,1000,0.9754371099396942,3.4134281342017005,4.388865244141395,0.017300274603818264,45,1000,1000,1000
device_0,0.9375,1706,1.5,52.5,0.01,drop,48,16,3,0.20144,0.9386428776611538,54,946,1000,0.9494009353701708,3.298701361439492,4.2481022968096624,0.0013907442831087213,54,1000,1000,1000
device_0,0.9375,1707,1.5,52.5,0.01,drop,48,16,3,0.20073,0.9386652506542138,59,941,1000,0.9398601424960216,3.2925043328419292,4.232364475337951,0.0015936789784867836,59,1000,1000,1000
device_0,0.9375,1708,1.5,52.5,0.01,drop,48,16,3,0.19042,0.9350336658268497,57,943,1000,0.9415433708699154,3.3909440281617886,4.332487399031704,0.031395802617639176,57,1000,1000,1000
device_0,0.9375,1709,1.5,52.5,0.01,drop,48,16,3,0.20214,0.9387695757970393,54,946,1000,0.928139919830808,3.3108963445757076,4.239036264406516,0.001362217141801586,54,1000,1000,1000
device_0,0.9375,1710,1.5,52.5,0.01,drop,48,16,3,0.20082,0.9338903427364145,58,942,1000,0.8849566708529869,3.353793049389934,4.238749720242921,0.0013220820116916178,58,1000,1000,1000
device_0,0.975,1701,1.5,52.5,0.01,drop,48,16,3,0.20012,0.9750727182312047,55,945,1000,0.962392309071421,3.2868039185718483,4.249196227643269,0.010820765118110365,55,1000,1000,1000
device_0,0.975,1702,1.5,52.5,0.01,drop,48,16,3,0.19762,0.9739220248349032,49,951,1000,1.0141007717528714,3.285324017246167,4.299424788999038,0.01888696496085492,49,1000,1000,1000
device_0,0.975,1703,1.5,52.5,0.01,drop,48,16,3,0.1984,0.975854682367182,65,935,1000,0.956119404001942,3.2714090934731166,4.227528497475059,0.0010747175412543458,65,1000,1000,1000
device_0,0.975,1704,1.5,52.5,0.01,drop,48,16,3,0.19634,0.9733501805342133,61,939,1000,0.9523470066642336,3.313187690798226,4.265534697462459,0.0012812901196751353,61,1000,1000,1000
device_0,0.975,1705,1.5,52.5,0.01,drop,48,16,3,0.19493,0.9747974986214312,63,937,1000,0.9534196710189778,3.3169295476889022,4.27034921870788,0.010642915798200593,63,1000,1000,1000
device_0,0.975,1706,1.5,52.5,0.01,drop,48,16,3,0.203,0.9742259419786155,52,948,1000,0.9412881833624145,3.303673654688987,4.244961838051402,0.0349895535681383,52,1000,1000,1000
device_0,0.975,1707,1.5,52.5,0.01,drop,48,16,3,0.20266,0.9738223967562294,67,933,1000,0.9345757667262571,3.2437440842528735,4.178319850979131,0.016789715969573394,67,1000,1000,1000
device_0,0.975,1708,1.5,52.5,0.01,drop,48,16,3,0.19043,0.9746047948044175,78,922,1000,0.923846352995006,3.3227985257995605,4.246644878794567,0.07154811839877011,78,1000,1000,1000
device_0,0.975,1709,1.5,52.5,0.01,drop,48,16,3,0.19294,0.9749540477640206,58,942,1000,0.9798348178334693,3.3340166332827836,4.313851451116253,0.06148107209634193,58,1000,1000,1000
device_0,0.975,1710,1.5,52.5,0.01,drop,48,16,3,0.19779,0.9774683509778551,61,939,1000,0.944088293286819,3.3067261984368916,4.250814491723711,0.0011367777819985942,61,1000,1000,1000
device_0,0.0,1701,1.5,52.5,0.01,late,48,16,3,0.19936,-0.002661444942765865,62,938,1000,0.2529063708167752,1.5981066410134432,1.8510130118302184,0.003103094496671533,62,1000,1000,1000
device_0,0.0,1702,1.5,52.5,0.01,late,48,16,3,0.20106,0.005830007599770396,56,944,1000,0.2514282140348041,1.5915253772772018,1.8429535913120059,0.0019364815145897674,56,1000,1000,1000
device_0,0.0,1703,1.5,52.5,0.01,late,48,16,3,0.19952,0.005656351965683195,63,937,1000,0.22764867205623773,1.5987454408383688,1.8263941128946064,0.0020545041599715,63,1000,1000,1000
device_0,0.0,1704,1.5,52.5,0.01,late,48,16,3,0.20257,0.002457782015709934,56,944,1000,0.2284367986079076,1.6011695774334058,1.8296063760413135,0.0032774196787533527,56,1000,1000,1000
device_0,0.0,1705,1.5,52.5,0.01,late,48,16,3,0.20104,-0.004155617772998724,68,932,1000,0.2317043027469142,1.5852350616163466,1.816939364363261,0.0031378160485277806,68,1000,1000,1000
device_0,0.0,1706,1.5,52.5,0.01,late,48,16,3,0.20062,-0.0045443747273977144,62,938,1000,0.23246494968533235,1.6033840114523814,1.8358489611377138,0.0010094162111599833,62,1000,1000,1000
device_0,0.0,1707,1.5,52.5,0.01,late,48,16,3,0.19896,0.001346027845602329,61,939,1000,0.24840411513497518,1.6013428879833282,1.8497470031183034,0.002676467430654954,61,1000,1000,1000
device_0,0.0,1708,1.5,52.5,0.01,late,48,16,3,0.19922,-0.001372807149175493,53,947,1000,0.2561127358359839,1.6014452487814814,1.8575579846174652,0.001163978254751211,53,1000,1000,1000
device_0,0.0,1709,1.5,52.5,0.01,late,48,16,3,0.20001,0.005034822885721277,61,939,1000,0.24740740759973914,1.5990043818102964,1.8464117894100356,0.002257903919017721,61,1000,1000,1000
device_0,0.0,1710,1.5,52.5,0.01,late,48,16,3,0.19848,0.0007247411049733544,65,935,1000,0.23366097844475658,1.596351064733799,1.8300120431785556,0.0015969581800605508,65,1000,1000,1000
device_0,0.375,1701,1.5,52.5,0.01,late,48,16,3,0.19773,0.37585282092426525,65,935,1000,0.22169110903443293,1.5981516461722325,1.8198427552066656,0.009084573590197645,65,1000,1000,1000
device_0,0.375,1702,1.5,52.5,0.01,late,48,16,3,0.20083,0.3763938072575695,59,941,1000,0.24407828454393482,1.6048799948296837,1.8489582793736186,0.005065850517477671,59,1000,1000,1000
device_0,0.375,1703,1.5,52.5,0.01,late,48,16,3,0.19949,0.3708761472322628,72,928,1000,0.24545659083947854,1.5623852136110508,1.8078418044505293,0.005299537626899969,72,1000,1000,1000
device_0,0.375,1704,1.5,52.5,0.01,late,48,16,3,0.19956,0.37083454970073176,64,936,1000,0.2200635080025144,1.6128123603632276,1.832875868365742,0.005921374028323315,64,1000,1000,1000
device_0,0.375,1705,1.5,52.5,0.01,late,48,16,3,0.1976,0.38054564128452917,44,956,1000,0.2150226872248527,1.6537963472151893,1.868819034440042,0.007238213749320555,44,1000,1000,1000
device_0,0.375,1706,1.5,52.5,0.01,late,48,16,3,0.19975,0.37847803043317246,60,940,1000,0.21580085762055384,1.6124263541661528,1.8282272117867067,0.005355775013464912,60,1000,1000,1000
device_0,0.375,1707,1.5,52.5,0.01,late,48,16,3,0.19756,0.3714936166119789,63,937,1000,0.21776450862606267,1.6229747873743399,1.8407392960004025,0.0073938997955577575,63,1000,1000,1000
device_0,0.375,1708,1.5,52.5,0.01,late,48,16,3,0.19968,0.3728274067949136,52,948,1000,0.2648781410046228,1.5616566377053243,1.826534778709947,0.007814079488121196,52,1000,1000,1000
device_0,0.375,1709,1.5,52.5,0.01,late,48,16,3,0.20214,0.3789219763360735,72,928,1000,0.26217621339917346,1.5463621988599967,1.8085384122591701,0.009267541202833698,72,1000,1000,1000
device_0,0.375,1710,1.5,52.5,0.01,late,48,16,3,0.19842,0.37511826036297974,71,929,1000,0.23034299551507317,1.6012836838275146,1.831626679342588,0.005368861273342543,71,1000,1000,1000
device_0,0.75,1701,1.5,52.5,0.01,late,48,16,3,0.20817,0.7556341521150168,77,923,1000,0.23211575157923406,1.5519601313049693,1.7840758828842034,0.008234756935830846,77,1000,1000,1000
device_0,0.75,1702,1.5,52.5,0.01,late,48,16,3,0.20244,0.7487885933421545,67,933,1000,0.22228124066598734,1.6117388731293214,1.8340201137953087,0.009104166771932971,67,1000,1000,1000
device_0,0.75,1703,1.5,52.5,0.01,late,48,16,3,0.20102,0.7470900970852136,65,935,1000,0.23455212498797615,1.5977995869040473,1.8323517118920234,0.007695025329824006,65,1000,1000,1000
device_0,0.75,1704,1.5,52.5,0.01,late,48,16,3,0.19715,0.7479806369104111,71,929,1000,0.197015427166433,1.6412272416879845,1.8382426688544176,0.009231960380639241,71,1000,1000,1000
device_0,0.75,1705,1.5,52.5,0.01,late,48,16,3,0.20494,0.7506431485678381,67,933,1000,0.22371486367766863,1.5795862093145554,1.803301072992224,0.007691212185879883,67,1000,1000,1000
device_0,0.75,1706,1.5,52.5,0.01,late,48,16,3,0.20282,0.7537784223147826,49,951,1000,0.23385800055458897,1.6123236977563646,1.8461816983109536,0.00873471955795556,49,1000,1000,1000
device_0,0.75,1707,1.5,52.5,0.01,late,48,16,3,0.20138,0.7431906944181493,64,936,1000,0.24352850842969742,1.5948304751475695,1.838358983577267,0.01088334162327764,64,1000,1000,1000
device_0,0.75,1708,1.5,52.5,0.01,late,48,16,3,0.20034,0.7475350990705809,53,947,1000,0.2310755358964295,1.6054498816149483,1.8365254175113779,0.014295603223983062,53,1000,1000,1000
device_0,0.75,1709,1.5,52.5,0.01,late,48,16,3,0.20613,0.7542776800152501,59,941,1000,0.2227438866221572,1.601517522648535,1.8242614092706921,0.009469753291261566,59,1000,1000,1000
device_0,0.75,1710,1.5,52.5,0.01,late,48,16,3,0.20286,0.74728584709585,52,948,1000,0.21755855160600504,1.6232806629944396,1.8408392146004446,0.005781295284294076,52,1000,1000,1000
device_0,0.875,1701,1.5,52.5,0.01,late,48,16,3,0.20249,0.8763990178082249,65,935,1000,0.24845444319209975,1.5804651796004228,1.8289196227925224,0.008257404077823157,65,1000,1000,1000
device_0,0.875,1702,1.5,52.5,0.01,late,48,16,3,0.19703,0.8759866636367837,57,943,1000,0.2460669626482784,1.597452829810555,1.8435197924588334,0.012524585133639559,57,1000,1000,1000
device_0,0.875,1703,1.5,52.5,0.01,late,48,16,3,0.20238,0.8773687974569232,60,940,1000,0.2197468020889826,1.6080922752051576,1.8278390772941402,0.012131310654361578,60,1000,1000,1000
device_0,0.875,1704,1.5,52.5,0.01,late,48,16,3,0.19663,0.8771256568671042,55,945,1000,0.23526302304825059,1.6257015622941655,1.8609645853424162,0.012028397373398553,55,1000,1000,1000
device_0,0.875,1705,1.5,52.5,0.01,late,48,16,3,0.20133,0.8756186617053834,58,942,1000,0.2434673524547645,1.5947785642000105,1.8382459166547749,0.012923812083760455,58,1000,1000,1000
device_0,0.875,1706,1.5,52.5,0.01,late,48,16,3,0.19605,0.8731077294363513,72,928,1000,0.21504287159157331,1.615588388007874,1.8306312595994474,0.009627738427313095,72,1000,1000,1000
device_0,0.875,1707,1.5,52.5,0.01,late,48,16,3,0.2,0.8774036452681541,66,934,1000,0.23531965034515942,1.599731387886194,1.8350510382313536,0.010290080380617394,66,1000,1000,1000
device_0,0.875,1708,1.5,52.5,0.01,late,48,16,3,0.20258,0.87442580026271,66,934,1000,0.2505481733425174,1.58076434431016,1.8313125176526772,0.009756589075831752,66,1000,1000,1000
device_0,0.875,1709,1.5,52.5,0.01,late,48,16,3,0.19831,0.8770598020870867,67,933,1000,0.23421111980998907,1.5922644998705469,1.8264756196805358,0.012209969142505253,67,1000,1000,1000
device_0,0.875,1710,1.5,52.5,0.01,late,48,16,3,0.19668,0.8724656025657239,64,936,1000,0.22347157226114117,1.6136928543036289,1.83716442656477,0.014866954988637928,64,1000,1000,1000
device_0,0.9375,1701,1.5,52.5,0.01,late,48,16,3,0.20509,0.9402237906216514,47,953,1000,0.249105250254009,1.5864156004295762,1.8355208506835852,0.014004615093151785,47,1000,1000,1000
device_0,0.9375,1702,1.5,52.5,0.01,late,48,16,3,0.19366,0.9366016280001491,78,922,1000,0.22382890027956906,1.6047921066127044,1.8286210068922735,0.014165933004539681,78,1000,1000,1000
device_0,0.9375,1703,1.5,52.5,0.01,late,48,16,3,0.19489,0.9369055048961522,53,947,1000,0.21104670531031847,1.6488944503397585,1.859941155650077,0.015225713920679455,53,1000,1000,1000
device_0,0.9375,1704,1.5,52.5,0.01,late,48,16,3,0.19999,0.9358099323716185,52,948,1000,0.23607542667063056,1.6265063338000612,1.8625817604706918,0.011934743915126752,52,1000,1000,1000
device_0,0.9375,1705,1.5,52.5,0.01,late,48,16,3,0.19063,0.9374553760710133,45,955,1000,0.24130220339986347,1.656160143440572,1.8974623468404355,0.01745614783303903,45,1000,1000,1000
device_0,0.9375,1706,1.5,52.5,0.01,late,48,16,3,0.20144,0.9386428776611538,54,946,1000,0.24191757887587786,1.599651506209274,1.8415690850851518,0.014966906960058653,54,1000,1000,1000
device_0,0.9375,1707,1.5,52.5,0.01,late,48,16,3,0.20073,0.9386652506542138,59,941,1000,0.23440511656128718,1.6076081083484681,1.8420132249097554,0.007200424770424014,59,1000,1000,1000
device_0,0.9375,1708,1.5,52.5,0.01,late,48,16,3,0.19042,0.9350336658268497,57,943,1000,0.23160860014570941,1.6462784744782235,1.877887074623933,0.015952628579173823,57,1000,1000,1000
device_0,0.9375,1709,1.5,52.5,0.01,late,48,16,3,0.20214,0.9387695757970393,54,946,1000,0.23769293220499363,1.6167827443326204,1.854475676537614,0.013977270655855495,54,1000,1000,1000
device_0,0.9375,1710,1.5,52.5,0.01,late,48,16,3,0.20082,0.9338903427364145,58,942,1000,0.2711359558175743,1.5634643635089607,1.8346003193265352,0.0107442097941243,58,1000,1000,1000
device_0,0.975,1701,1.5,52.5,0.01,late,48,16,3,0.20012,0.9750727182312047,55,945,1000,0.2570498288905108,1.5878504460121825,1.8449002749026933,0.015594475452416469,55,1000,1000,1000
device_0,0.975,1702,1.5,52.5,0.01,late,48,16,3,0.19762,0.9739220248349032,49,951,1000,0.21119378997549093,1.6515306048807255,1.8627243948562162,0.015904415103236775,49,1000,1000,1000
device_0,0.975,1703,1.5,52.5,0.01,late,48,16,3,0.1984,0.975854682367182,65,935,1000,0.2414538309378431,1.5896858516879353,1.8311396826257784,0.013904202289287246,65,1000,1000,1000
device_0,0.975,1704,1.5,52.5,0.01,late,48,16,3,0.19634,0.9733501805342133,61,939,1000,0.2558358913603852,1.5953802379011188,1.8512161292615041,0.01730826026139763,61,1000,1000,1000
device_0,0.975,1705,1.5,52.5,0.01,late,48,16,3,0.19493,0.9747974986214312,63,937,1000,0.2338086772329265,1.6160876669173299,1.8498963441502563,0.015221211466587307,63,1000,1000,1000
device_0,0.975,1706,1.5,52.5,0.01,late,48,16,3,0.203,0.9742259419786155,52,948,1000,0.2446014210601636,1.5861246617387783,1.8307260827989418,0.014961729618596776,52,1000,1000,1000
device_0,0.975,1707,1.5,52.5,0.01,late,48,16,3,0.20266,0.9738223967562294,67,933,1000,0.2681575668212344,1.5372277628729074,1.805385329694142,0.014574223039174713,67,1000,1000,1000
device_0,0.975,1708,1.5,52.5,0.01,late,48,16,3,0.19043,0.9746047948044175,78,922,1000,0.24777354029520623,1.576032562931564,1.8238061032267703,0.016703582294633985,78,1000,1000,1000
device_0,0.975,1709,1.5,52.5,0.01,late,48,16,3,0.19294,0.9749540477640206,58,942,1000,0.20752187124394172,1.6416355344117528,1.8491574056556945,0.015037570130725722,58,1000,1000,1000
device_0,0.975,1710,1.5,52.5,0.01,late,48,16,3,0.19779,0.9774683509778551,61,939,1000,0.21692785333816894,1.626524056650663,1.8434519099888318,0.011241589012772517,61,1000,1000,1000
device_0,0.0,1701,1.5,52.5,0.05,drop,48,16,3,0.19936,-0.002661444942765865,62,4938,1000,4.987911680245257,10.821182691384632,15.809094371629891,0.03457018430216159,62,5000,5000,5000
device_0,0.0,1702,1.5,52.5,0.05,drop,48,16,3,0.20106,0.005830007599770396,56,4944,1000,4.963834073580875,10.733192189950985,15.69702626353186,0.023030685517972747,56,5000,5000,5000
device_0,0.0,1703,1.5,52.5,0.05,drop,48,16,3,0.19952,0.005656351965683195,63,4937,1000,4.967616047129364,10.718524175011858,15.686140222141221,0.02440963055170157,63,5000,5000,5000
device_0,0.0,1704,1.5,52.5,0.05,drop,48,16,3,0.20257,0.002457782015709934,56,4944,1000,4.866221716871497,10.771172924281622,15.637394641153119,0.030972346760506368,56,5000,5000,5000
device_0,0.0,1705,1.5,52.5,0.05,drop,48,16,3,0.20104,-0.004155617772998724,68,4932,1000,4.86576403483187,10.762667565265845,15.628431600097715,0.033772654828656455,68,5000,5000,5000
device_0,0.0,1706,1.5,52.5,0.05,drop,48,16,3,0.20062,-0.0045443747273977144,62,4938,1000,4.935168219432016,10.79272077139391,15.727888990825926,0.01574888313667383,62,5000,5000,5000
device_0,0.0,1707,1.5,52.5,0.05,drop,48,16,3,0.19896,0.001346027845602329,61,4939,1000,4.943750923155379,10.790424111379298,15.73417503453468,0.031023805610512385,61,5000,5000,5000
device_0,0.0,1708,1.5,52.5,0.05,drop,48,16,3,0.19922,-0.001372807149175493,53,4947,1000,4.977718783452854,10.78979062985056,15.767509413303413,0.0174620473226978,53,5000,5000,5000
device_0,0.0,1709,1.5,52.5,0.05,drop,48,16,3,0.20001,0.005034822885721277,61,4939,1000,4.866487852369747,10.87857654349813,15.745064395867878,0.03179889351710582,61,5000,5000,5000
device_0,0.0,1710,1.5,52.5,0.05,drop,48,16,3,0.19848,0.0007247411049733544,65,4935,1000,4.911588167815392,10.772968768791927,15.68455693660732,0.018726813632924,65,5000,5000,5000
device_0,0.375,1701,1.5,52.5,0.05,drop,48,16,3,0.19773,0.37585282092426525,65,4935,1000,5.00972826287128,10.695532898210818,15.705261161082095,0.06946618998960195,65,5000,5000,5000
device_0,0.375,1702,1.5,52.5,0.05,drop,48,16,3,0.20083,0.3763938072575695,59,4941,1000,4.958426184061356,10.782970047520214,15.74139623158157,0.06398149451056202,59,5000,5000,5000
device_0,0.375,1703,1.5,52.5,0.05,drop,48,16,3,0.19949,0.3708761472322628,72,4928,1000,4.951287618910424,10.696569785731581,15.647857404642005,0.0689049335230957,72,5000,5000,5000
device_0,0.375,1704,1.5,52.5,0.05,drop,48,16,3,0.19956,0.37083454970073176,64,4936,1000,5.0407288371911525,10.646840310984825,15.68756914817598,0.06633834972198463,64,5000,5000,5000
device_0,0.375,1705,1.5,52.5,0.05,drop,48,16,3,0.1976,0.38054564128452917,44,4956,1000,5.000804667034679,10.820671686615045,15.821476353649725,0.06886235494081268,44,5000,5000,5000
device_0,0.375,1706,1.5,52.5,0.05,drop,48,16,3,0.19975,0.37847803043317246,60,4940,1000,4.962887505858114,10.747121487990054,15.710008993848167,0.05867117630185779,60,5000,5000,5000
device_0,0.375,1707,1.5,52.5,0.05,drop,48,16,3,0.19756,0.3714936166119789,63,4937,1000,4.798077710795183,10.93140012634011,15.729477837135294,0.0632122596080441,63,5000,5000,5000
device_0,0.375,1708,1.5,52.5,0.05,drop,48,16,3,0.19968,0.3728274067949136,52,4948,1000,4.8774279396093005,10.752239639271783,15.629667578881085,0.05985427866108562,52,5000,5000,5000
device_0,0.375,1709,1.5,52.5,0.05,drop,48,16,3,0.20214,0.3789219763360735,72,4928,1000,5.053249094159921,10.570683678738819,15.62393277289874,0.08232319203140222,72,5000,5000,5000
device_0,0.375,1710,1.5,52.5,0.05,drop,48,16,3,0.19842,0.37511826036297974,71,4929,1000,4.907718940277533,10.840328111042655,15.74804705132019,0.06225658371837914,71,5000,5000,5000
device_0,0.75,1701,1.5,52.5,0.05,drop,48,16,3,0.20817,0.7556341521150168,77,4923,1000,4.934753145896943,10.497037686616679,15.431790832513624,0.10702981927257738,77,5000,5000,5000
device_0,0.75,1702,1.5,52.5,0.05,drop,48,16,3,0.20244,0.7487885933421545,67,4933,1000,4.960838999830132,10.745969065865868,15.706808065695999,0.11025698096530843,67,5000,5000,5000
device_0,0.75,1703,1.5,52.5,0.05,drop,48,16,3,0.20102,0.7470900970852136,65,4935,1000,5.0993611956923,10.619869077744124,15.719230273436423,0.12199975137254167,65,5000,5000,5000
device_0,0.75,1704,1.5,52.5,0.05,drop,48,16,3,0.19715,0.7479806369104111,71,4929,1000,4.938310946540751,10.841331149757004,15.779642096297753,0.101683337125669,71,5000,5000,5000
device_0,0.75,1705,1.5,52.5,0.05,drop,48,16,3,0.20494,0.7506431485678381,67,4933,1000,4.923989797833411,10.62840626393105,15.552396061764458,0.09016643221837205,67,5000,5000,5000
device_0,0.75,1706,1.5,52.5,0.05,drop,48,16,3,0.20282,0.7537784223147826,49,4951,1000,4.978449854534107,10.645925472751314,15.62437532728542,0.08699532660752553,49,5000,5000,5000
device_0,0.75,1707,1.5,52.5,0.05,drop,48,16,3,0.20138,0.7431906944181493,64,4936,1000,4.962416751470757,10.726730180375952,15.68914693184671,0.12642128766217595,64,5000,5000,5000
device_0,0.75,1708,1.5,52.5,0.05,drop,48,16,3,0.20034,0.7475350990705809,53,4947,1000,4.9818080859025455,10.705927182110013,15.687735268012558,0.1056555286298667,53,5000,5000,5000
device_0,0.75,1709,1.5,52.5,0.05,drop,48,16,3,0.20613,0.7542776800152501,59,4941,1000,4.934704837853231,10.593106733090737,15.527811570943967,0.10943205702023975,59,5000,5000,5000
device_0,0.75,1710,1.5,52.5,0.05,drop,48,16,3,0.20286,0.74728584709585,52,4948,1000,4.84546198906235,10.837723337715463,15.683185326777814,0.08317835146436527,52,5000,5000,5000
device_0,0.875,1701,1.5,52.5,0.05,drop,48,16,3,0.20249,0.8763990178082249,65,4935,1000,4.966387037928208,10.709965761390915,15.676352799319124,0.11617497608201828,65,5000,5000,5000
device_0,0.875,1702,1.5,52.5,0.05,drop,48,16,3,0.19703,0.8759866636367837,57,4943,1000,5.073285891505477,10.683481730881995,15.756767622387473,0.10746911362526786,57,5000,5000,5000
device_0,0.875,1703,1.5,52.5,0.05,drop,48,16,3,0.20238,0.8773687974569232,60,4940,1000,5.013278575095669,10.639429024206525,15.652707599302195,0.11873317812885817,60,5000,5000,5000
device_0,0.875,1704,1.5,52.5,0.05,drop,48,16,3,0.19663,0.8771256568671042,55,4945,1000,4.941148802846309,10.858062115569513,15.799210918415824,0.11923167402048498,55,5000,5000,5000
device_0,0.875,1705,1.5,52.5,0.05,drop,48,16,3,0.20133,0.8756186617053834,58,4942,1000,5.077724756567868,10.588878416491411,15.66660317305928,0.11929299581913208,58,5000,5000,5000
device_0,0.875,1706,1.5,52.5,0.05,drop,48,16,3,0.19605,0.8731077294363513,72,4928,1000,4.908927188071667,10.918990887762993,15.827918075834658,0.1141318673244171,72,5000,5000,5000
device_0,0.875,1707,1.5,52.5,0.05,drop,48,16,3,0.2,0.8774036452681541,66,4934,1000,4.938428626571088,10.787703237318345,15.726131863889433,0.12325317217245016,66,5000,5000,5000
device_0,0.875,1708,1.5,52.5,0.05,drop,48,16,3,0.20258,0.87442580026271,66,4934,1000,4.90472789981189,10.767748379396267,15.672476279208155,0.12779653716157385,66,5000,5000,5000
device_0,0.875,1709,1.5,52.5,0.05,drop,48,16,3,0.19831,0.8770598020870867,67,4933,1000,4.9452341042646815,10.76591262833481,15.711146732599493,0.10205770301166199,67,5000,5000,5000
device_0,0.875,1710,1.5,52.5,0.05,drop,48,16,3,0.19668,0.8724656025657239,64,4936,1000,5.00039115609958,10.778790908465945,15.779182064565525,0.13159051237701772,64,5000,5000,5000
device_0,0.9375,1701,1.5,52.5,0.05,drop,48,16,3,0.20509,0.9402237906216514,47,4953,1000,4.888297241304883,10.681282821580481,15.569580062885366,0.11936416608206211,47,5000,5000,5000
device_0,0.9375,1702,1.5,52.5,0.05,drop,48,16,3,0.19366,0.9366016280001491,78,4922,1000,4.886293047817952,10.927160382617194,15.813453430435148,0.12459588882108806,78,5000,5000,5000
device_0,0.9375,1703,1.5,52.5,0.05,drop,48,16,3,0.19489,0.9369055048961522,53,4947,1000,4.896396864381064,10.963935583979092,15.860332448360156,0.1258366558420571,53,5000,5000,5000
device_0,0.9375,1704,1.5,52.5,0.05,drop,48,16,3,0.19999,0.9358099323716185,52,4948,1000,4.929777401222302,10.850772267397032,15.780549668619335,0.12637725482416254,52,5000,5000,5000
device_0,0.9375,1705,1.5,52.5,0.05,drop,48,16,3,0.19063,0.9374553760710133,45,4955,1000,4.956215539906774,11.09406831187536,16.050283851782133,0.13860625103303303,45,5000,5000,5000
device_0,0.9375,1706,1.5,52.5,0.05,drop,48,16,3,0.20144,0.9386428776611538,54,4946,1000,4.863758610595191,10.840591180655382,15.704349791250573,0.1340902702034906,54,5000,5000,5000
device_0,0.9375,1707,1.5,52.5,0.05,drop,48,16,3,0.20073,0.9386652506542138,59,4941,1000,5.004949434260838,10.752979533507693,15.757928967768532,0.13401307761284065,59,5000,5000,5000
device_0,0.9375,1708,1.5,52.5,0.05,drop,48,16,3,0.19042,0.9350336658268497,57,4943,1000,4.8786954021719575,11.09548127864731,15.974176680819266,0.1304099569107079,57,5000,5000,5000
device_0,0.9375,1709,1.5,52.5,0.05,drop,48,16,3,0.20214,0.9387695757970393,54,4946,1000,4.980030392276971,10.730485184800278,15.710515577077249,0.1501785315612852,54,5000,5000,5000
device_0,0.9375,1710,1.5,52.5,0.05,drop,48,16,3,0.20082,0.9338903427364145,58,4942,1000,4.924619385248018,10.748701669332132,15.67332105458015,0.1078266026552008,58,5000,5000,5000
device_0,0.975,1701,1.5,52.5,0.05,drop,48,16,3,0.20012,0.9750727182312047,55,4945,1000,5.033723489361146,10.636208139500683,15.66993162886183,0.1283163546548761,55,5000,5000,5000
device_0,0.975,1702,1.5,52.5,0.05,drop,48,16,3,0.19762,0.9739220248349032,49,4951,1000,4.868712506902931,10.916655193334016,15.785367700236947,0.1454867068273598,49,5000,5000,5000
device_0,0.975,1703,1.5,52.5,0.05,drop,48,16,3,0.1984,0.975854682367182,65,4935,1000,4.903286044286475,10.809834141954243,15.713120186240719,0.12007569778524947,65,5000,5000,5000
device_0,0.975,1704,1.5,52.5,0.05,drop,48,16,3,0.19634,0.9733501805342133,61,4939,1000,5.0263577293350705,10.794830614948003,15.821188344283073,0.14492695097281288,61,5000,5000,5000
device_0,0.975,1705,1.5,52.5,0.05,drop,48,16,3,0.19493,0.9747974986214312,63,4937,1000,4.905203320655818,10.93700751067278,15.842210831328597,0.1371316586004653,63,5000,5000,5000
device_0,0.975,1706,1.5,52.5,0.05,drop,48,16,3,0.203,0.9742259419786155,52,4948,1000,5.030248320391969,10.558004514796425,15.588252835188394,0.12088991732943026,52,5000,5000,5000
device_0,0.975,1707,1.5,52.5,0.05,drop,48,16,3,0.20266,0.9738223967562294,67,4933,1000,4.958362661845695,10.575803029102174,15.534165690947868,0.11718923186988618,67,5000,5000,5000
device_0,0.975,1708,1.5,52.5,0.05,drop,48,16,3,0.19043,0.9746047948044175,78,4922,1000,4.971387089786718,10.896918510733864,15.86830560052058,0.12627738296782015,78,5000,5000,5000
device_0,0.975,1709,1.5,52.5,0.05,drop,48,16,3,0.19294,0.9749540477640206,58,4942,1000,5.00196472576147,10.872304848687117,15.874269574448585,0.13034029671121192,58,5000,5000,5000
device_0,0.975,1710,1.5,52.5,0.05,drop,48,16,3,0.19779,0.9774683509778551,61,4939,1000,4.91760325359792,10.869705997242404,15.787309250840325,0.13287717967153873,61,5000,5000,5000
device_0,0.0,1701,1.5,52.5,0.05,late,48,16,3,0.19936,-0.002661444942765865,62,4938,1000,1.253113768542576,6.388033328429403,7.641147096971979,0.025443878009106087,62,5000,5000,5000
device_0,0.0,1702,1.5,52.5,0.05,late,48,16,3,0.20106,0.005830007599770396,56,4944,1000,1.2271627973773607,6.362961706260626,7.590124503637988,0.022446197344393966,56,5000,5000,5000
device_0,0.0,1703,1.5,52.5,0.05,late,48,16,3,0.19952,0.005656351965683195,63,4937,1000,1.226287675480261,6.358959909382942,7.585247584863204,0.022640330441636065,63,5000,5000,5000
device_0,0.0,1704,1.5,52.5,0.05,late,48,16,3,0.20257,0.002457782015709934,56,4944,1000,1.19488123824942,6.370966910276756,7.565848148526177,0.02413042848686348,56,5000,5000,5000
device_0,0.0,1705,1.5,52.5,0.05,late,48,16,3,0.20104,-0.004155617772998724,68,4932,1000,1.1698729329194297,6.392018972702001,7.561891905621431,0.02518312315776973,68,5000,5000,5000
device_0,0.0,1706,1.5,52.5,0.05,late,48,16,3,0.20062,-0.0045443747273977144,62,4938,1000,1.241251868359003,6.368872218250047,7.610124086609049,0.02035504434980116,62,5000,5000,5000
device_0,0.0,1707,1.5,52.5,0.05,late,48,16,3,0.19896,0.001346027845602329,61,4939,1000,1.2135512036777718,6.419730941133739,7.633282144811511,0.024448626650082628,61,5000,5000,5000
device_0,0.0,1708,1.5,52.5,0.05,late,48,16,3,0.19922,-0.001372807149175493,53,4947,1000,1.2179621625304913,6.403305561736136,7.621267724266628,0.021533264078379813,53,5000,5000,5000
device_0,0.0,1709,1.5,52.5,0.05,late,48,16,3,0.20001,0.005034822885721277,61,4939,1000,1.2688875691158807,6.353252612717634,7.622140181833515,0.02347392486537891,61,5000,5000,5000
device_0,0.0,1710,1.5,52.5,0.05,late,48,16,3,0.19848,0.0007247411049733544,65,4935,1000,1.238424521173451,6.366451747510916,7.604876268684366,0.024147478689070422,65,5000,5000,5000
device_0,0.375,1701,1.5,52.5,0.05,late,48,16,3,0.19773,0.37585282092426525,65,4935,1000,1.227885889694262,6.3704561910899695,7.5983420807842315,0.06090952617676093,65,5000,5000,5000
device_0,0.375,1702,1.5,52.5,0.05,late,48,16,3,0.20083,0.3763938072575695,59,4941,1000,1.1986936685657523,6.422717612881996,7.62141128144775,0.05839785737750713,59,5000,5000,5000
device_0,0.375,1703,1.5,52.5,0.05,late,48,16,3,0.19949,0.3708761472322628,72,4928,1000,1.1560494327546869,6.410397519426777,7.5664469521814635,0.056988716752073725,72,5000,5000,5000
device_0,0.375,1704,1.5,52.5,0.05,late,48,16,3,0.19956,0.37083454970073176,64,4936,1000,1.163830807059857,6.439052685972683,7.60288349303254,0.058681702413214194,64,5000,5000,5000
device_0,0.375,1705,1.5,52.5,0.05,late,48,16,3,0.1976,0.38054564128452917,44,4956,1000,1.305024981559265,6.340091595966574,7.645116577525839,0.0657129721024449,44,5000,5000,5000
device_0,0.375,1706,1.5,52.5,0.05,late,48,16,3,0.19975,0.37847803043317246,60,4940,1000,1.304255515788061,6.289112241706893,7.5933677574949545,0.059862745136037156,60,5000,5000,5000
device_0,0.375,1707,1.5,52.5,0.05,late,48,16,3,0.19756,0.3714936166119789,63,4937,1000,1.2301725197069269,6.383188627708902,7.613361147415828,0.06030413042536478,63,5000,5000,5000
device_0,0.375,1708,1.5,52.5,0.05,late,48,16,3,0.19968,0.3728274067949136,52,4948,1000,1.2275477706658537,6.340106742688706,7.567654513354559,0.05610324334133859,52,5000,5000,5000
device_0,0.375,1709,1.5,52.5,0.05,late,48,16,3,0.20214,0.3789219763360735,72,4928,1000,1.2209516797516546,6.324718117242548,7.545669796994202,0.07107097763849611,72,5000,5000,5000
device_0,0.375,1710,1.5,52.5,0.05,late,48,16,3,0.19842,0.37511826036297974,71,4929,1000,1.2331863286305909,6.382092319047138,7.615278647677728,0.05852467527779291,71,5000,5000,5000
device_0,0.75,1701,1.5,52.5,0.05,late,48,16,3,0.20817,0.7556341521150168,77,4923,1000,1.2365459438282929,6.2433193795519735,7.479865323380267,0.09348820229730581,77,5000,5000,5000
device_0,0.75,1702,1.5,52.5,0.05,late,48,16,3,0.20244,0.7487885933421545,67,4933,1000,1.261211933395622,6.334950983820822,7.596162917216444,0.1054240802309258,67,5000,5000,5000
device_0,0.75,1703,1.5,52.5,0.05,late,48,16,3,0.20102,0.7470900970852136,65,4935,1000,1.2617682439472697,6.336164500754606,7.5979327447018745,0.10436729821307207,65,5000,5000,5000
device_0,0.75,1704,1.5,52.5,0.05,late,48,16,3,0.19715,0.7479806369104111,71,4929,1000,1.2281234376419785,6.410208698715908,7.638332136357887,0.10861196088955709,71,5000,5000,5000
device_0,0.75,1705,1.5,52.5,0.05,late,48,16,3,0.20494,0.7506431485678381,67,4933,1000,1.284814157547287,6.231182523230385,7.515996680777672,0.09363444585917388,67,5000,5000,5000
device_0,0.75,1706,1.5,52.5,0.05,late,48,16,3,0.20282,0.7537784223147826,49,4951,1000,1.2356902945444816,6.3497531204894075,7.5854434150338905,0.09374712645215978,49,5000,5000,5000
device_0,0.75,1707,1.5,52.5,0.05,late,48,16,3,0.20138,0.7431906944181493,64,4936,1000,1.2151777153272996,6.371368906341159,7.586546621668458,0.1098026277347476,64,5000,5000,5000
device_0,0.75,1708,1.5,52.5,0.05,late,48,16,3,0.20034,0.7475350990705809,53,4947,1000,1.156439621107531,6.448258436363908,7.604698057471439,0.10056123873304086,53,5000,5000,5000
device_0,0.75,1709,1.5,52.5,0.05,late,48,16,3,0.20613,0.7542776800152501,59,4941,1000,1.2783548871289083,6.247258767611924,7.525613654740833,0.09742020367115017,59,5000,5000,5000
device_0,0.75,1710,1.5,52.5,0.05,late,48,16,3,0.20286,0.74728584709585,52,4948,1000,1.2785854514129602,6.297758243170361,7.57634369458332,0.0929411938603245,52,5000,5000,5000
device_0,0.875,1701,1.5,52.5,0.05,late,48,16,3,0.20249,0.8763990178082249,65,4935,1000,1.2994162027557725,6.281093076706285,7.580509279462058,0.11871150512877927,65,5000,5000,5000
device_0,0.875,1702,1.5,52.5,0.05,late,48,16,3,0.19703,0.8759866636367837,57,4943,1000,1.265747174876771,6.366135004585009,7.631882179461781,0.1183166121223579,57,5000,5000,5000
device_0,0.875,1703,1.5,52.5,0.05,late,48,16,3,0.20238,0.8773687974569232,60,4940,1000,1.3118926603564516,6.2587186970262145,7.570611357382667,0.1130171959282702,60,5000,5000,5000
device_0,0.875,1704,1.5,52.5,0.05,late,48,16,3,0.19663,0.8771256568671042,55,4945,1000,1.219772351027801,6.436867833154674,7.656640184182474,0.1229547176739784,55,5000,5000,5000
device_0,0.875,1705,1.5,52.5,0.05,late,48,16,3,0.20133,0.8756186617053834,58,4942,1000,1.2548421758083679,6.342377474128407,7.597219649936775,0.1110289819685204,58,5000,5000,5000
device_0,0.875,1706,1.5,52.5,0.05,late,48,16,3,0.19605,0.8731077294363513,72,4928,1000,1.1974091970825598,6.447197600655865,7.644606797738424,0.12514175592905452,72,5000,5000,5000
device_0,0.875,1707,1.5,52.5,0.05,late,48,16,3,0.2,0.8774036452681541,66,4934,1000,1.2118619091766447,6.3853626200462195,7.5972245292228635,0.11816335649380953,66,5000,5000,5000
device_0,0.875,1708,1.5,52.5,0.05,late,48,16,3,0.20258,0.87442580026271,66,4934,1000,1.19052478036127,6.393626872840925,7.584151653202196,0.12061134548998173,66,5000,5000,5000
device_0,0.875,1709,1.5,52.5,0.05,late,48,16,3,0.19831,0.8770598020870867,67,4933,1000,1.2301445602863454,6.3868706646021485,7.617015224888494,0.12207523722318672,67,5000,5000,5000
device_0,0.875,1710,1.5,52.5,0.05,late,48,16,3,0.19668,0.8724656025657239,64,4936,1000,1.2483818993341649,6.377008762814517,7.625390662148682,0.12395273739503085,64,5000,5000,5000
device_0,0.9375,1701,1.5,52.5,0.05,late,48,16,3,0.20509,0.9402237906216514,47,4953,1000,1.2376688228308297,6.293077128879534,7.530745951710363,0.11895429886627608,47,5000,5000,5000
device_0,0.9375,1702,1.5,52.5,0.05,late,48,16,3,0.19366,0.9366016280001491,78,4922,1000,1.2333225204882683,6.4075538085058605,7.640876328994129,0.13954328897321164,78,5000,5000,5000
device_0,0.9375,1703,1.5,52.5,0.05,late,48,16,3,0.19489,0.9369055048961522,53,4947,1000,1.169728045780726,6.500265821210753,7.6699938669914784,0.13295305524831663,53,5000,5000,5000
device_0,0.9375,1704,1.5,52.5,0.05,late,48,16,3,0.19999,0.9358099323716185,52,4948,1000,1.2119363490282256,6.417465310639291,7.629401659667517,0.12743071663349834,52,5000,5000,5000
device_0,0.9375,1705,1.5,52.5,0.05,late,48,16,3,0.19063,0.9374553760710133,45,4955,1000,1.2139682333202861,6.534273542212128,7.7482417755324136,0.14412494493452435,45,5000,5000,5000
device_0,0.9375,1706,1.5,52.5,0.05,late,48,16,3,0.20144,0.9386428776611538,54,4946,1000,1.2317847440915717,6.3555126320633155,7.587297376154887,0.12966445811413643,54,5000,5000,5000
device_0,0.9375,1707,1.5,52.5,0.05,late,48,16,3,0.20073,0.9386652506542138,59,4941,1000,1.1959515513814518,6.420711403638381,7.616662955019833,0.12688415199168326,59,5000,5000,5000
device_0,0.9375,1708,1.5,52.5,0.05,late,48,16,3,0.19042,0.9350336658268497,57,4943,1000,1.2492541578601142,6.471831384823578,7.721085542683692,0.14127919685941653,57,5000,5000,5000
device_0,0.9375,1709,1.5,52.5,0.05,late,48,16,3,0.20214,0.9387695757970393,54,4946,1000,1.1992812182462156,6.4127327265398035,7.612013944786019,0.13597272849637304,54,5000,5000,5000
device_0,0.9375,1710,1.5,52.5,0.05,late,48,16,3,0.20082,0.9338903427364145,58,4942,1000,1.2084143481913072,6.37385534464318,7.582269692834487,0.11766632821112633,58,5000,5000,5000
device_0,0.975,1701,1.5,52.5,0.05,late,48,16,3,0.20012,0.9750727182312047,55,4945,1000,1.180745748241403,6.418485638469316,7.59923138671072,0.13927036181203947,55,5000,5000,5000
device_0,0.975,1702,1.5,52.5,0.05,late,48,16,3,0.19762,0.9739220248349032,49,4951,1000,1.2291137666782042,6.399011895576525,7.628125662254729,0.1334815209452824,49,5000,5000,5000
device_0,0.975,1703,1.5,52.5,0.05,late,48,16,3,0.1984,0.975854682367182,65,4935,1000,1.1735621126845852,6.431400714725472,7.604962827410057,0.1340475909004363,65,5000,5000,5000
device_0,0.975,1704,1.5,52.5,0.05,late,48,16,3,0.19634,0.9733501805342133,61,4939,1000,1.2498750574894808,6.412331410136579,7.66220646762606,0.14087533545612957,61,5000,5000,5000
device_0,0.975,1705,1.5,52.5,0.05,late,48,16,3,0.19493,0.9747974986214312,63,4937,1000,1.2242280492043593,6.448933298856435,7.673161348060795,0.14254526828352262,63,5000,5000,5000
device_0,0.975,1706,1.5,52.5,0.05,late,48,16,3,0.203,0.9742259419786155,52,4948,1000,1.2653134109328794,6.302652965455268,7.567966376388147,0.12827969260857136,52,5000,5000,5000
device_0,0.975,1707,1.5,52.5,0.05,late,48,16,3,0.20266,0.9738223967562294,67,4933,1000,1.2641287734392377,6.25924252050964,7.523371293948879,0.12899662374873003,67,5000,5000,5000
device_0,0.975,1708,1.5,52.5,0.05,late,48,16,3,0.19043,0.9746047948044175,78,4922,1000,1.2047562911677465,6.479298819198456,7.684055110366202,0.14957074051848684,78,5000,5000,5000
device_0,0.975,1709,1.5,52.5,0.05,late,48,16,3,0.19294,0.9749540477640206,58,4942,1000,1.2450817583502467,6.4456068576022565,7.690688615952504,0.1374143646460416,58,5000,5000,5000
device_0,0.975,1710,1.5,52.5,0.05,late,48,16,3,0.19779,0.9774683509778551,61,4939,1000,1.2020802818861531,6.435512347984325,7.637592629870478,0.12933789791786768,61,5000,5000,5000
device_0,0.0,1701,1.5,52.5,0.1,drop,48,16,3,0.19936,-0.002661444942765865,62,9938,1000,9.932003744918084,19.736898146178323,29.668901891096404,0.06947177973155977,62,10000,10000,10000
device_0,0.0,1702,1.5,52.5,0.1,drop,48,16,3,0.20106,0.005830007599770396,56,9944,1000,10.097275226994059,19.418848160856438,29.5161233878505,0.06056915116285471,56,10000,10000,10000
device_0,0.0,1703,1.5,52.5,0.1,drop,48,16,3,0.19952,0.005656351965683195,63,9937,1000,10.130355654095903,19.426843599800513,29.557199253896414,0.06218194234128783,63,10000,10000,10000
device_0,0.0,1704,1.5,52.5,0.1,drop,48,16,3,0.20257,0.002457782015709934,56,9944,1000,9.863347716035243,19.55158405879491,29.414931774830155,0.06536892822983693,56,10000,10000,10000
device_0,0.0,1705,1.5,52.5,0.1,drop,48,16,3,0.20104,-0.004155617772998724,68,9932,1000,9.97708919143693,19.490537376573787,29.467626568010715,0.06837946456776944,68,10000,10000,10000
device_0,0.0,1706,1.5,52.5,0.1,drop,48,16,3,0.20062,-0.0045443747273977144,62,9938,1000,9.973374898691135,19.604301471864662,29.577676370555796,0.04871268008687195,62,10000,10000,10000
device_0,0.0,1707,1.5,52.5,0.1,drop,48,16,3,0.19896,0.001346027845602329,61,9939,1000,9.917043365140213,19.68461252948832,29.601655894628532,0.06548953394261672,61,10000,10000,10000
device_0,0.0,1708,1.5,52.5,0.1,drop,48,16,3,0.19922,-0.001372807149175493,53,9947,1000,9.823665422659063,19.816723777740474,29.64038920039954,0.05225128977873217,53,10000,10000,10000
device_0,0.0,1709,1.5,52.5,0.1,drop,48,16,3,0.20001,0.005034822885721277,61,9939,1000,10.186094959372516,19.401923645780194,29.588018605152712,0.06869256785425173,61,10000,10000,10000
device_0,0.0,1710,1.5,52.5,0.1,drop,48,16,3,0.19848,0.0007247411049733544,65,9935,1000,10.09433415804267,19.49721676319352,29.59155092123619,0.05560198446774696,65,10000,10000,10000
device_0,0.375,1701,1.5,52.5,0.1,drop,48,16,3,0.19773,0.37585282092426525,65,9935,1000,9.90489135045394,19.727520206437397,29.632411556891338,0.1766162783223595,65,10000,10000,10000
device_0,0.375,1702,1.5,52.5,0.1,drop,48,16,3,0.20083,0.3763938072575695,59,9941,1000,9.96864186063751,19.59440529341419,29.5630471540517,0.16623440386256894,59,10000,10000,10000
device_0,0.375,1703,1.5,52.5,0.1,drop,48,16,3,0.19949,0.3708761472322628,72,9928,1000,9.972490524226805,19.54419046701746,29.516680991244268,0.16946039981935718,72,10000,10000,10000
device_0,0.375,1704,1.5,52.5,0.1,drop,48,16,3,0.19956,0.37083454970073176,64,9936,1000,9.889611407541956,19.670304561872314,29.559915969414273,0.17054740150172318,64,10000,10000,10000
device_0,0.375,1705,1.5,52.5,0.1,drop,48,16,3,0.1976,0.38054564128452917,44,9956,1000,9.885587190231231,19.856509734854498,29.74209692508573,0.17777623689319694,44,10000,10000,10000
device_0,0.375,1706,1.5,52.5,0.1,drop,48,16,3,0.19975,0.37847803043317246,60,9940,1000,9.826646574723732,19.725392868648218,29.55203944337195,0.15987192388759425,60,10000,10000,10000
device_0,0.375,1707,1.5,52.5,0.1,drop,48,16,3,0.19756,0.3714936166119789,63,9937,1000,9.796240905090428,19.85840333114874,29.654644236239168,0.16641313677680702,63,10000,10000,10000
device_0,0.375,1708,1.5,52.5,0.1,drop,48,16,3,0.19968,0.3728274067949136,52,9948,1000,9.873919962975293,19.613045339329158,29.48696530230445,0.16064477959362225,52,10000,10000,10000
device_0,0.375,1709,1.5,52.5,0.1,drop,48,16,3,0.20214,0.3789219763360735,72,9928,1000,9.827152569985287,19.609774608639867,29.436927178625158,0.1859524768848885,72,10000,10000,10000
device_0,0.375,1710,1.5,52.5,0.1,drop,48,16,3,0.19842,0.37511826036297974,71,9929,1000,9.975705072320396,19.692020887932568,29.667725960252962,0.1672379660489767,71,10000,10000,10000
device_0,0.75,1701,1.5,52.5,0.1,drop,48,16,3,0.20817,0.7556341521150168,77,9923,1000,9.926684159706161,19.130112052461413,29.056796212167576,0.2951662705241152,77,10000,10000,10000
device_0,0.75,1702,1.5,52.5,0.1,drop,48,16,3,0.20244,0.7487885933421545,67,9933,1000,9.91322276931361,19.581522726935393,29.494745496249,0.31517105815946317,67,10000,10000,10000
device_0,0.75,1703,1.5,52.5,0.1,drop,48,16,3,0.20102,0.7470900970852136,65,9935,1000,10.036381041472874,19.50411138776335,29.54049242923622,0.33562549384372325,65,10000,10000,10000
device_0,0.75,1704,1.5,52.5,0.1,drop,48,16,3,0.19715,0.7479806369104111,71,9929,1000,9.921422381286657,19.802180605522604,29.72360298680926,0.32714690001943253,71,10000,10000,10000
device_0,0.75,1705,1.5,52.5,0.1,drop,48,16,3,0.20494,0.7506431485678381,67,9933,1000,9.9148340414199,19.363833785143225,29.278667826563126,0.2909790635802593,67,10000,10000,10000
device_0,0.75,1706,1.5,52.5,0.1,drop,48,16,3,0.20282,0.7537784223147826,49,9951,1000,10.03469903640037,19.37509458392413,29.4097936203245,0.2926155801002489,49,10000,10000,10000
device_0,0.75,1707,1.5,52.5,0.1,drop,48,16,3,0.20138,0.7431906944181493,64,9936,1000,9.952081771363687,19.534260840479273,29.48634261184296,0.3330081075875414,64,10000,10000,10000
device_0,0.75,1708,1.5,52.5,0.1,drop,48,16,3,0.20034,0.7475350990705809,53,9947,1000,9.935907680263364,19.619628514016828,29.55553619428019,0.3160467976325885,53,10000,10000,10000
device_0,0.75,1709,1.5,52.5,0.1,drop,48,16,3,0.20613,0.7542776800152501,59,9941,1000,10.030296213139785,19.175008574388087,29.205304787527872,0.30609492849406744,59,10000,10000,10000
device_0,0.75,1710,1.5,52.5,0.1,drop,48,16,3,0.20286,0.74728584709585,52,9948,1000,10.0310849549664,19.422506672316274,29.45359162728267,0.2823262378430697,52,10000,10000,10000
device_0,0.875,1701,1.5,52.5,0.1,drop,48,16,3,0.20249,0.8763990178082249,65,9935,1000,9.844549730180406,19.626006085478906,29.470555815659313,0.4329115285493119,65,10000,10000,10000
device_0,0.875,1702,1.5,52.5,0.1,drop,48,16,3,0.19703,0.8759866636367837,57,9943,1000,9.99993675419384,19.69387327544414,29.69381002963798,0.5515345678471727,57,10000,10000,10000
device_0,0.875,1703,1.5,52.5,0.1,drop,48,16,3,0.20238,0.8773687974569232,60,9940,1000,9.860919005708165,19.588502561736963,29.449421567445125,0.4321253620707757,60,10000,10000,10000
device_0,0.875,1704,1.5,52.5,0.1,drop,48,16,3,0.19663,0.8771256568671042,55,9945,1000,10.0486001708465,19.676885759615725,29.725485930462224,0.5777049775097188,55,10000,10000,10000
device_0,0.875,1705,1.5,52.5,0.1,drop,48,16,3,0.20133,0.8756186617053834,58,9942,1000,10.050965830015498,19.435384727441456,29.48635055745695,0.4540166896598491,58,10000,10000,10000
device_0,0.875,1706,1.5,52.5,0.1,drop,48,16,3,0.19605,0.8731077294363513,72,9928,1000,10.104441998219992,19.715846897794613,29.820288896014606,0.6105580266059445,72,10000,10000,10000
device_0,0.875,1707,1.5,52.5,0.1,drop,48,16,3,0.2,0.8774036452681541,66,9934,1000,10.044366830015212,19.529355310616257,29.57372214063147,0.5070107326274047,66,10000,10000,10000
device_0,0.875,1708,1.5,52.5,0.1,drop,48,16,3,0.20258,0.87442580026271,66,9934,1000,9.877436734772244,19.56442312357559,29.441859858347833,0.4508856307951307,66,10000,10000,10000
device_0,0.875,1709,1.5,52.5,0.1,drop,48,16,3,0.19831,0.8770598020870867,67,9933,1000,9.789429744560131,19.838841947383898,29.628271691944033,0.5295128656840248,67,10000,10000,10000
device_0,0.875,1710,1.5,52.5,0.1,drop,48,16,3,0.19668,0.8724656025657239,64,9936,1000,9.93919246954785,19.785650271012916,29.724842740560764,0.5921262426317386,64,10000,10000,10000
device_0,0.9375,1701,1.5,52.5,0.1,drop,48,16,3,0.20509,0.9402237906216514,47,9953,1000,9.968363311407344,19.30271632590496,29.2710796373123,0.5002944315221949,47,10000,10000,10000
device_0,0.9375,1702,1.5,52.5,0.1,drop,48,16,3,0.19366,0.9366016280001491,78,9922,1000,9.868166578345871,19.978786902691642,29.846953481037517,0.8173267651644783,78,10000,10000,10000
device_0,0.9375,1703,1.5,52.5,0.1,drop,48,16,3,0.19489,0.9369055048961522,53,9947,1000,9.99626941015487,19.857576614751657,29.853846024906527,0.785980476051823,53,10000,10000,10000
device_0,0.9375,1704,1.5,52.5,0.1,drop,48,16,3,0.19999,0.9358099323716185,52,9948,1000,9.972332382845396,19.67849077231223,29.650823155157624,0.654832389504935,52,10000,10000,10000
device_0,0.9375,1705,1.5,52.5,0.1,drop,48,16,3,0.19063,0.9374553760710133,45,9955,1000,9.741456299652787,20.431328004499633,30.17278430415242,0.9113479042595918,45,10000,10000,10000
device_0,0.9375,1706,1.5,52.5,0.1,drop,48,16,3,0.20144,0.9386428776611538,54,9946,1000,9.884528606504642,19.623045174483664,29.507573780988302,0.6313014644512058,54,10000,10000,10000
device_0,0.9375,1707,1.5,52.5,0.1,drop,48,16,3,0.20073,0.9386652506542138,59,9941,1000,9.948109214615634,19.629476966555195,29.577586181170833,0.6483821987214347,59,10000,10000,10000
device_0,0.9375,1708,1.5,52.5,0.1,drop,48,16,3,0.19042,0.9350336658268497,57,9943,1000,9.873530607832983,20.222830293780376,30.09636090161336,0.9120161517635993,57,10000,10000,10000
device_0,0.9375,1709,1.5,52.5,0.1,drop,48,16,3,0.20214,0.9387695757970393,54,9946,1000,9.710965667580345,19.78610041533278,29.497066082913125,0.6228892750147719,54,10000,10000,10000
device_0,0.9375,1710,1.5,52.5,0.1,drop,48,16,3,0.20082,0.9338903427364145,58,9942,1000,9.898772063978873,19.612165689323337,29.510937753302212,0.5967698389565563,58,10000,10000,10000
device_0,0.975,1701,1.5,52.5,0.1,drop,48,16,3,0.20012,0.9750727182312047,55,9945,1000,9.934916108483757,19.570057673615306,29.504973782099068,0.7196276185334493,55,10000,10000,10000
device_0,0.975,1702,1.5,52.5,0.1,drop,48,16,3,0.19762,0.9739220248349032,49,9951,1000,9.879525992771882,19.8144429690428,29.693968961814683,0.8108355996879423,49,10000,10000,10000
device_0,0.975,1703,1.5,52.5,0.1,drop,48,16,3,0.1984,0.975854682367182,65,9935,1000,9.925255492388226,19.68996683421953,29.615222326607757,0.7693969797519542,65,10000,10000,10000
device_0,0.975,1704,1.5,52.5,0.1,drop,48,16,3,0.19634,0.9733501805342133,61,9939,1000,9.912390117014148,19.876580424181437,29.78897054119558,0.8420943347211717,61,10000,10000,10000
device_0,0.975,1705,1.5,52.5,0.1,drop,48,16,3,0.19493,0.9747974986214312,63,9937,1000,9.868537837491658,19.984112001316362,29.852649838808023,0.8847914361084989,63,10000,10000,10000
device_0,0.975,1706,1.5,52.5,0.1,drop,48,16,3,0.203,0.9742259419786155,52,9948,1000,10.020344935907325,19.356961103872855,29.377306039780184,0.6481454017469152,52,10000,10000,10000
device_0,0.975,1707,1.5,52.5,0.1,drop,48,16,3,0.20266,0.9738223967562294,67,9933,1000,9.79976626482896,19.51859007672415,29.31835634155311,0.6557738814342462,67,10000,10000,10000
device_0,0.975,1708,1.5,52.5,0.1,drop,48,16,3,0.19043,0.9746047948044175,78,9922,1000,9.985471615888837,20.040387695269327,30.025859311158165,1.0178510383526354,78,10000,10000,10000
device_0,0.975,1709,1.5,52.5,0.1,drop,48,16,3,0.19294,0.9749540477640206,58,9942,1000,10.069511135556908,19.872631134700526,29.94214227025744,0.9417900250163989,58,10000,10000,10000
device_0,0.975,1710,1.5,52.5,0.1,drop,48,16,3,0.19779,0.9774683509778551,61,9939,1000,9.932427210094094,19.769851593402546,29.70227880349664,0.8301903281522338,61,10000,10000,10000
device_0,0.0,1701,1.5,52.5,0.1,late,48,16,3,0.19936,-0.002661444942765865,62,9938,1000,2.5645723752943956,11.401455181102907,13.9660275563973,0.12347116352492019,62,10000,10000,10000
device_0,0.0,1702,1.5,52.5,0.1,late,48,16,3,0.20106,0.005830007599770396,56,9944,1000,2.5045151135221375,11.359716860765753,13.864231974287891,0.1124132676676329,56,10000,10000,10000
device_0,0.0,1703,1.5,52.5,0.1,late,48,16,3,0.19952,0.005656351965683195,63,9937,1000,2.5290466918411876,11.346030146988337,13.875076838829523,0.10855840231842705,63,10000,10000,10000
device_0,0.0,1704,1.5,52.5,0.1,late,48,16,3,0.20257,0.002457782015709934,56,9944,1000,2.521608522075436,11.313402843679485,13.835011365754921,0.11020784337603774,56,10000,10000,10000
device_0,0.0,1705,1.5,52.5,0.1,late,48,16,3,0.20104,-0.004155617772998724,68,9932,1000,2.5681223729494542,11.26697653248989,13.835098905439345,0.1152778385997442,68,10000,10000,10000
device_0,0.0,1706,1.5,52.5,0.1,late,48,16,3,0.20062,-0.0045443747273977144,62,9938,1000,2.538102151941413,11.358817940879847,13.896920092821262,0.10750347630660159,62,10000,10000,10000
device_0,0.0,1707,1.5,52.5,0.1,late,48,16,3,0.19896,0.001346027845602329,61,9939,1000,2.4621330121892147,11.485628708736396,13.947761720925612,0.11417331530269013,61,10000,10000,10000
device_0,0.0,1708,1.5,52.5,0.1,late,48,16,3,0.19922,-0.001372807149175493,53,9947,1000,2.4079593171631952,11.49895265115045,13.906911968313647,0.10765361497294408,53,10000,10000,10000
device_0,0.0,1709,1.5,52.5,0.1,late,48,16,3,0.20001,0.005034822885721277,61,9939,1000,2.454362147036872,11.47234904230974,13.92671118934661,0.10980871061953151,61,10000,10000,10000
device_0,0.0,1710,1.5,52.5,0.1,late,48,16,3,0.19848,0.0007247411049733544,65,9935,1000,2.4748084824654972,11.436033890349785,13.910842372815281,0.11459430031871519,65,10000,10000,10000
device_0,0.375,1701,1.5,52.5,0.1,late,48,16,3,0.19773,0.37585282092426525,65,9935,1000,2.459387271940722,11.444538334935864,13.903925606876586,0.2819595817279124,65,10000,10000,10000
device_0,0.375,1702,1.5,52.5,0.1,late,48,16,3,0.20083,0.3763938072575695,59,9941,1000,2.5343282670503786,11.391673380826104,13.926001647876483,0.28376929779471677,59,10000,10000,10000
device_0,0.375,1703,1.5,52.5,0.1,late,48,16,3,0.19949,0.3708761472322628,72,9928,1000,2.4063212641535507,11.44419359886557,13.850514863019121,0.2741135952472222,72,10000,10000,10000
device_0,0.375,1704,1.5,52.5,0.1,late,48,16,3,0.19956,0.37083454970073176,64,9936,1000,2.4267832598860872,11.477293430006908,13.904076689892996,0.2809103263714639,64,10000,10000,10000
device_0,0.375,1705,1.5,52.5,0.1,late,48,16,3,0.1976,0.38054564128452917,44,9956,1000,2.4801100595221732,11.458706427012208,13.938816486534382,0.2923159872283838,44,10000,10000,10000
device_0,0.375,1706,1.5,52.5,0.1,late,48,16,3,0.19975,0.37847803043317246,60,9940,1000,2.486813375350824,11.403607783320798,13.890421158671622,0.2854692219643172,60,10000,10000,10000
device_0,0.375,1707,1.5,52.5,0.1,late,48,16,3,0.19756,0.3714936166119789,63,9937,1000,2.454453036894401,11.473019578835025,13.927472615729425,0.2885377740829532,63,10000,10000,10000
device_0,0.375,1708,1.5,52.5,0.1,late,48,16,3,0.19968,0.3728274067949136,52,9948,1000,2.482434728933516,11.370493113175455,13.85292784210897,0.27484022736292874,52,10000,10000,10000
device_0,0.375,1709,1.5,52.5,0.1,late,48,16,3,0.20214,0.3789219763360735,72,9928,1000,2.4655680387596806,11.335435997284248,13.801004036043931,0.2979879652143859,72,10000,10000,10000
device_0,0.375,1710,1.5,52.5,0.1,late,48,16,3,0.19842,0.37511826036297974,71,9929,1000,2.542696533957562,11.371109568494882,13.913806102452442,0.28223931525838825,71,10000,10000,10000
device_0,0.75,1701,1.5,52.5,0.1,late,48,16,3,0.20817,0.7556341521150168,77,9923,1000,2.4582648694117166,11.263333237786673,13.72159810719839,0.46836909566660245,77,10000,10000,10000
device_0,0.75,1702,1.5,52.5,0.1,late,48,16,3,0.20244,0.7487885933421545,67,9933,1000,2.4347213662634077,11.43529643851464,13.870017804778048,0.5002351754878233,67,10000,10000,10000
device_0,0.75,1703,1.5,52.5,0.1,late,48,16,3,0.20102,0.7470900970852136,65,9935,1000,2.4682328859163514,11.42036647276427,13.888599358680622,0.5066222143531894,65,10000,10000,10000
device_0,0.75,1704,1.5,52.5,0.1,late,48,16,3,0.19715,0.7479806369104111,71,9929,1000,2.4603098277290125,11.496821543427437,13.957131371156448,0.5178129604578836,71,10000,10000,10000
device_0,0.75,1705,1.5,52.5,0.1,late,48,16,3,0.20494,0.7506431485678381,67,9933,1000,2.538549555366845,11.21660243815588,13.755151993522723,0.4812547681147794,67,10000,10000,10000
device_0,0.75,1706,1.5,52.5,0.1,late,48,16,3,0.20282,0.7537784223147826,49,9951,1000,2.4752541058329958,11.395640481355663,13.870894587188658,0.488803409165462,49,10000,10000,10000
device_0,0.75,1707,1.5,52.5,0.1,late,48,16,3,0.20138,0.7431906944181493,64,9936,1000,2.4480561987870764,11.398591112908845,13.846647311695921,0.5026899852860857,64,10000,10000,10000
device_0,0.75,1708,1.5,52.5,0.1,late,48,16,3,0.20034,0.7475350990705809,53,9947,1000,2.5284054573587635,11.382844751513638,13.911250208872403,0.49729962722268195,53,10000,10000,10000
device_0,0.75,1709,1.5,52.5,0.1,late,48,16,3,0.20613,0.7542776800152501,59,9941,1000,2.519650503256218,11.251061893741017,13.770712396997235,0.4845217051299935,59,10000,10000,10000
device_0,0.75,1710,1.5,52.5,0.1,late,48,16,3,0.20286,0.74728584709585,52,9948,1000,2.552851470903564,11.283449689958463,13.836301160862027,0.4732344803621403,52,10000,10000,10000
device_0,0.875,1701,1.5,52.5,0.1,late,48,16,3,0.20249,0.8763990178082249,65,9935,1000,2.523047123074806,11.336497225047546,13.859544348122354,0.5984366131952222,65,10000,10000,10000
device_0,0.875,1702,1.5,52.5,0.1,late,48,16,3,0.19703,0.8759866636367837,57,9943,1000,2.511534784014888,11.445409926596167,13.956944710611053,0.6239836434170903,57,10000,10000,10000
device_0,0.875,1703,1.5,52.5,0.1,late,48,16,3,0.20238,0.8773687974569232,60,9940,1000,2.552354896950758,11.289401367364887,13.841756264315643,0.5888694407381437,60,10000,10000,10000
device_0,0.875,1704,1.5,52.5,0.1,late,48,16,3,0.19663,0.8771256568671042,55,9945,1000,2.460458918825055,11.518968932688892,13.979427851513947,0.6283325100844075,55,10000,10000,10000
device_0,0.875,1705,1.5,52.5,0.1,late,48,16,3,0.20133,0.8756186617053834,58,9942,1000,2.489304653326749,11.398696920143719,13.888001573470467,0.6049096612718211,58,10000,10000,10000
device_0,0.875,1706,1.5,52.5,0.1,late,48,16,3,0.19605,0.8731077294363513,72,9928,1000,2.383637282347603,11.589829564246823,13.973466846594427,0.6643521640248246,72,10000,10000,10000
device_0,0.875,1707,1.5,52.5,0.1,late,48,16,3,0.2,0.8774036452681541,66,9934,1000,2.454520068320056,11.431644049825868,13.886164118145924,0.5935005301805701,66,10000,10000,10000
device_0,0.875,1708,1.5,52.5,0.1,late,48,16,3,0.20258,0.87442580026271,66,9934,1000,2.4499683285058333,11.39036464088678,13.84033296939261,0.5964382180140959,66,10000,10000,10000
device_0,0.875,1709,1.5,52.5,0.1,late,48,16,3,0.19831,0.8770598020870867,67,9933,1000,2.4420713623248935,11.492936797152915,13.935008159477809,0.6389719374702615,67,10000,10000,10000
device_0,0.875,1710,1.5,52.5,0.1,late,48,16,3,0.19668,0.8724656025657239,64,9936,1000,2.4125369309310187,11.5223004508781,13.934837381809121,0.6224864981746897,64,10000,10000,10000
device_0,0.9375,1701,1.5,52.5,0.1,late,48,16,3,0.20509,0.9402237906216514,47,9953,1000,2.5717238262939355,11.194242825070162,13.7659666513641,0.6146310763774052,47,10000,10000,10000
device_0,0.9375,1702,1.5,52.5,0.1,late,48,16,3,0.19366,0.9366016280001491,78,9922,1000,2.4830076751740875,11.481488311499028,13.964495986673114,0.7246846427954388,78,10000,10000,10000
device_0,0.9375,1703,1.5,52.5,0.1,late,48,16,3,0.19489,0.9369055048961522,53,9947,1000,2.450044574808728,11.550642288218087,14.000686863026816,0.7182535896592065,53,10000,10000,10000
device_0,0.9375,1704,1.5,52.5,0.1,late,48,16,3,0.19999,0.9358099323716185,52,9948,1000,2.4834961082821825,11.432739920901003,13.916236029183185,0.6628927479445664,52,10000,10000,10000
device_0,0.9375,1705,1.5,52.5,0.1,late,48,16,3,0.19063,0.9374553760710133,45,9955,1000,2.4157301755369316,11.682238259982896,14.097968435519826,0.789557209593554,45,10000,10000,10000
device_0,0.9375,1706,1.5,52.5,0.1,late,48,16,3,0.20144,0.9386428776611538,54,9946,1000,2.5521443803516264,11.31091121935902,13.863055599710647,0.6420804553269917,54,10000,10000,10000
device_0,0.9375,1707,1.5,52.5,0.1,late,48,16,3,0.20073,0.9386652506542138,59,9941,1000,2.3887293603278903,11.523305766348567,13.912035126676457,0.6664815638418238,59,10000,10000,10000
device_0,0.9375,1708,1.5,52.5,0.1,late,48,16,3,0.19042,0.9350336658268497,57,9943,1000,2.420425900793382,11.66260109024101,14.08302699103439,0.7631135710055038,57,10000,10000,10000
device_0,0.9375,1709,1.5,52.5,0.1,late,48,16,3,0.20214,0.9387695757970393,54,9946,1000,2.44437737536009,11.4551330048148,13.89951038017489,0.683755448806917,54,10000,10000,10000
device_0,0.9375,1710,1.5,52.5,0.1,late,48,16,3,0.20082,0.9338903427364145,58,9942,1000,2.48184458080546,11.377801828101449,13.859646408906906,0.6310028101584492,58,10000,10000,10000
device_0,0.975,1701,1.5,52.5,0.1,late,48,16,3,0.20012,0.9750727182312047,55,9945,1000,2.4928069627096243,11.389846134935008,13.882653097644631,0.7107655247143391,55,10000,10000,10000
device_0,0.975,1702,1.5,52.5,0.1,late,48,16,3,0.19762,0.9739220248349032,49,9951,1000,2.3969792245551464,11.52549599125722,13.922475215812367,0.7141164461614165,49,10000,10000,10000
device_0,0.975,1703,1.5,52.5,0.1,late,48,16,3,0.1984,0.975854682367182,65,9935,1000,2.486716438362775,11.418288270089969,13.905004708452744,0.7214958133175966,65,10000,10000,10000
device_0,0.975,1704,1.5,52.5,0.1,late,48,16,3,0.19634,0.9733501805342133,61,9939,1000,2.4200531879117513,11.562322732324985,13.982375920236736,0.7559810279797855,61,10000,10000,10000
device_0,0.975,1705,1.5,52.5,0.1,late,48,16,3,0.19493,0.9747974986214312,63,9937,1000,2.4172544802822564,11.597571636930265,14.014826117212522,0.7985870688368565,63,10000,10000,10000
device_0,0.975,1706,1.5,52.5,0.1,late,48,16,3,0.203,0.9742259419786155,52,9948,1000,2.4753640039674143,11.354120879027564,13.82948488299498,0.6815511115623109,52,10000,10000,10000
device_0,0.975,1707,1.5,52.5,0.1,late,48,16,3,0.20266,0.9738223967562294,67,9933,1000,2.5362131525620484,11.234273659977505,13.770486812539554,0.6446142867749122,67,10000,10000,10000
device_0,0.975,1708,1.5,52.5,0.1,late,48,16,3,0.19043,0.9746047948044175,78,9922,1000,2.43980140017702,11.626356898671082,14.066158298848102,0.8747799761384449,78,10000,10000,10000
device_0,0.975,1709,1.5,52.5,0.1,late,48,16,3,0.19294,0.9749540477640206,58,9942,1000,2.375188292633102,11.682108942955601,14.057297235588704,0.8216746154392036,58,10000,10000,10000
device_0,0.975,1710,1.5,52.5,0.1,late,48,16,3,0.19779,0.9774683509778551,61,9939,1000,2.453885978626846,11.502270031488608,13.956156010115453,0.7360181714724718,61,10000,10000,10000
device_0,0.0,1701,1.5,52.5,0.15,drop,48,16,3,0.19936,-0.002661444942765865,62,14938,1000,14.915056944665526,28.356704378843144,43.27176132350867,0.16059165331314595,62,15000,15000,15000
device_0,0.0,1702,1.5,52.5,0.15,drop,48,16,3,0.20106,0.005830007599770396,56,14944,1000,15.016191621473068,28.071410301540592,43.08760192301366,0.1611509928475672,56,15000,15000,15000
device_0,0.0,1703,1.5,52.5,0.15,drop,48,16,3,0.19952,0.005656351965683195,63,14937,1000,15.068335588859325,28.10455693286937,43.1728925217287,0.16261578537346358,63,15000,15000,15000
device_0,0.0,1704,1.5,52.5,0.15,drop,48,16,3,0.20257,0.002457782015709934,56,14944,1000,15.00623882368924,27.941847706457665,42.9480865301469,0.1619320651754331,56,15000,15000,15000
device_0,0.0,1705,1.5,52.5,0.15,drop,48,16,3,0.20104,-0.004155617772998724,68,14932,1000,14.9528472859925,28.10227064736058,43.055117933353074,0.16400917428974202,68,15000,15000,15000
device_0,0.0,1706,1.5,52.5,0.15,drop,48,16,3,0.20062,-0.0045443747273977144,62,14938,1000,14.984609398820117,28.190264388539305,43.174873787359424,0.14411215078651216,62,15000,15000,15000
device_0,0.0,1707,1.5,52.5,0.15,drop,48,16,3,0.19896,0.001346027845602329,61,14939,1000,15.031629379505167,28.182514839509427,43.21414421901459,0.16010001266129328,61,15000,15000,15000
device_0,0.0,1708,1.5,52.5,0.15,drop,48,16,3,0.19922,-0.001372807149175493,53,14947,1000,14.889224826599383,28.370407029531687,43.259631856131065,0.14947271227132178,53,15000,15000,15000
device_0,0.0,1709,1.5,52.5,0.15,drop,48,16,3,0.20001,0.005034822885721277,61,14939,1000,15.032753152032283,28.139893482225816,43.1726466342581,0.16727430418218253,61,15000,15000,15000
device_0,0.0,1710,1.5,52.5,0.15,drop,48,16,3,0.19848,0.0007247411049733544,65,14935,1000,15.013463227927055,28.227084875806693,43.240548103733744,0.15385835300166523,65,15000,15000,15000
device_0,0.375,1701,1.5,52.5,0.15,drop,48,16,3,0.19773,0.37585282092426525,65,14935,1000,15.047163138317558,28.25786635141832,43.30502948973587,3.027584587970913,65,15000,15000,15000
device_0,0.375,1702,1.5,52.5,0.15,drop,48,16,3,0.20083,0.3763938072575695,59,14941,1000,14.778698451460714,28.352978081962696,43.13167653342341,2.6638360251550335,59,15000,15000,15000
device_0,0.375,1703,1.5,52.5,0.15,drop,48,16,3,0.19949,0.3708761472322628,72,14928,1000,14.852919743649432,28.277449589489585,43.130369333139015,2.687033425590295,72,15000,15000,15000
device_0,0.375,1704,1.5,52.5,0.15,drop,48,16,3,0.19956,0.37083454970073176,64,14936,1000,14.89437040544414,28.28282761931537,43.17719802475951,2.6984336400571984,64,15000,15000,15000
device_0,0.375,1705,1.5,52.5,0.15,drop,48,16,3,0.1976,0.38054564128452917,44,14956,1000,15.071710091317726,28.331068900318762,43.402778991636495,3.0408183746718347,44,15000,15000,15000
device_0,0.375,1706,1.5,52.5,0.15,drop,48,16,3,0.19975,0.37847803043317246,60,14940,1000,15.010589306908289,28.126773829800264,43.13736313670855,2.6959890660740315,60,15000,15000,15000
device_0,0.375,1707,1.5,52.5,0.15,drop,48,16,3,0.19756,0.3714936166119789,63,14937,1000,15.059129249119538,28.26338139304419,43.32251064216373,2.898633024376009,63,15000,15000,15000
device_0,0.375,1708,1.5,52.5,0.15,drop,48,16,3,0.19968,0.3728274067949136,52,14948,1000,14.879902211922083,28.214310341547225,43.094212553469305,2.5718565449312663,52,15000,15000,15000
device_0,0.375,1709,1.5,52.5,0.15,drop,48,16,3,0.20214,0.3789219763360735,72,14928,1000,14.989082729285535,28.00833700473926,42.9974197340248,2.550839559407118,72,15000,15000,15000
device_0,0.375,1710,1.5,52.5,0.15,drop,48,16,3,0.19842,0.37511826036297974,71,14929,1000,14.973482906698893,28.354812250616572,43.328295157315466,2.8987318292777124,71,15000,15000,15000
device_0,0.75,1701,1.5,52.5,0.15,drop,48,16,3,0.20817,0.7556341521150168,77,14923,1000,14.835376905755377,27.60666328366356,42.44204018941894,6.015926883500866,77,15000,15000,15000
device_0,0.75,1702,1.5,52.5,0.15,drop,48,16,3,0.20244,0.7487885933421545,67,14933,1000,14.884412618032407,28.14635847040512,43.030771088437525,6.56978885491514,67,15000,15000,15000
device_0,0.75,1703,1.5,52.5,0.15,drop,48,16,3,0.20102,0.7470900970852136,65,14935,1000,15.096261987195941,28.009593762717543,43.10585574991349,6.780566473411754,65,15000,15000,15000
device_0,0.75,1704,1.5,52.5,0.15,drop,48,16,3,0.19715,0.7479806369104111,71,14929,1000,14.958287639717662,28.44771631855558,43.406003958273246,7.152985780861475,71,15000,15000,15000
device_0,0.75,1705,1.5,52.5,0.15,drop,48,16,3,0.20494,0.7506431485678381,67,14933,1000,15.06418748212199,27.694496279822605,42.758683761944596,6.3738589075857455,67,15000,15000,15000
device_0,0.75,1706,1.5,52.5,0.15,drop,48,16,3,0.20282,0.7537784223147826,49,14951,1000,15.086707235043088,27.860668997319067,42.94737623236215,6.665872385660508,49,15000,15000,15000
device_0,0.75,1707,1.5,52.5,0.15,drop,48,16,3,0.20138,0.7431906944181493,64,14936,1000,15.14282324249179,27.88840110813173,43.03122435062352,6.637218345249729,64,15000,15000,15000
device_0,0.75,1708,1.5,52.5,0.15,drop,48,16,3,0.20034,0.7475350990705809,53,14947,1000,14.954672580179926,28.215453860056755,43.170126440236686,6.856640440417643,53,15000,15000,15000
device_0,0.75,1709,1.5,52.5,0.15,drop,48,16,3,0.20613,0.7542776800152501,59,14941,1000,14.98154959078423,27.657428349118792,42.63897793990302,6.221506289460135,59,15000,15000,15000
device_0,0.75,1710,1.5,52.5,0.15,drop,48,16,3,0.20286,0.74728584709585,52,14948,1000,14.922460868806557,28.050429574297393,42.97289044310395,6.430110309269126,52,15000,15000,15000
device_0,0.875,1701,1.5,52.5,0.15,drop,48,16,3,0.20249,0.8763990178082249,65,14935,1000,14.912065619410791,28.10300914189634,43.01507476130713,7.836754928683153,65,15000,15000,15000
device_0,0.875,1702,1.5,52.5,0.15,drop,48,16,3,0.19703,0.8759866636367837,57,14943,1000,14.968876531776258,28.40476935252036,43.37364588429662,8.291849872374165,57,15000,15000,15000
device_0,0.875,1703,1.5,52.5,0.15,drop,48,16,3,0.20238,0.8773687974569232,60,14940,1000,14.86581761195428,28.125639122793906,42.99145673474819,7.766344500515838,60,15000,15000,15000
device_0,0.875,1704,1.5,52.5,0.15,drop,48,16,3,0.19663,0.8771256568671042,55,14945,1000,14.939483278520685,28.454883875766747,43.39436715428744,8.324303438862707,55,15000,15000,15000
device_0,0.875,1705,1.5,52.5,0.15,drop,48,16,3,0.20133,0.8756186617053834,58,14942,1000,14.942106930494472,28.111152340631524,43.053259271125995,7.916575957318597,58,15000,15000,15000
device_0,0.875,1706,1.5,52.5,0.15,drop,48,16,3,0.19605,0.8731077294363513,72,14928,1000,14.914336188440947,28.63023461181272,43.544570800253666,8.555091453495779,72,15000,15000,15000
device_0,0.875,1707,1.5,52.5,0.15,drop,48,16,3,0.2,0.8774036452681541,66,14934,1000,15.017448335078884,28.15148787560308,43.16893621068197,8.012689953519647,66,15000,15000,15000
device_0,0.875,1708,1.5,52.5,0.15,drop,48,16,3,0.20258,0.87442580026271,66,14934,1000,15.094014419523154,27.86412558105114,42.958140000574296,7.754859179745279,66,15000,15000,15000
device_0,0.875,1709,1.5,52.5,0.15,drop,48,16,3,0.19831,0.8770598020870867,67,14933,1000,14.96483638945039,28.326316297089416,43.2911526865398,8.242247930613592,67,15000,15000,15000
device_0,0.875,1710,1.5,52.5,0.15,drop,48,16,3,0.19668,0.8724656025657239,64,14936,1000,14.996032372820832,28.413170934897618,43.40920330771845,8.349629420952938,64,15000,15000,15000
device_0,0.9375,1701,1.5,52.5,0.15,drop,48,16,3,0.20509,0.9402237906216514,47,14953,1000,14.927759902297023,27.8039153991795,42.73167530147652,8.011032503353533,47,15000,15000,15000
device_0,0.9375,1702,1.5,52.5,0.15,drop,48,16,3,0.19366,0.9366016280001491,78,14922,1000,14.718037789637348,28.895737850108482,43.61377563974583,9.158896414303866,78,15000,15000,15000
device_0,0.9375,1703,1.5,52.5,0.15,drop,48,16,3,0.19489,0.9369055048961522,53,14947,1000,14.896731916375723,28.6862807858403,43.583012702216024,9.072466990235416,53,15000,15000,15000
device_0,0.9375,1704,1.5,52.5,0.15,drop,48,16,3,0.19999,0.9358099323716185,52,14948,1000,14.836314622316305,28.43253352838167,43.26884815069798,8.625408162943085,52,15000,15000,15000
device_0,0.9375,1705,1.5,52.5,0.15,drop,48,16,3,0.19063,0.9374553760710133,45,14955,1000,15.10615858600293,28.91910563519916,44.02526422120209,9.629449866260455,45,15000,15000,15000
device_0,0.9375,1706,1.5,52.5,0.15,drop,48,16,3,0.20144,0.9386428776611538,54,14946,1000,14.848512127030208,28.211168744780444,43.05968087181065,8.38492467793034,54,15000,15000,15000
device_0,0.9375,1707,1.5,52.5,0.15,drop,48,16,3,0.20073,0.9386652506542138,59,14941,1000,14.915026183364123,28.22973349632354,43.14475967968767,8.502851558957625,59,15000,15000,15000
device_0,0.9375,1708,1.5,52.5,0.15,drop,48,16,3,0.19042,0.9350336658268497,57,14943,1000,14.81654171274221,29.134738333528187,43.9512800462704,9.525765108511015,57,15000,15000,15000
device_0,0.9375,1709,1.5,52.5,0.15,drop,48,16,3,0.20214,0.9387695757970393,54,14946,1000,14.954273115425371,28.079761112275822,43.0340342277012,8.389582398373376,54,15000,15000,15000
device_0,0.9375,1710,1.5,52.5,0.15,drop,48,16,3,0.20082,0.9338903427364145,58,14942,1000,14.897935836852398,28.201964498117174,43.099900334969576,8.351602385554731,58,15000,15000,15000
device_0,0.975,1701,1.5,52.5,0.15,drop,48,16,3,0.20012,0.9750727182312047,55,14945,1000,14.984087737262849,28.106826378011647,43.090914115274494,8.783962977687098,55,15000,15000,15000
device_0,0.975,1702,1.5,52.5,0.15,drop,48,16,3,0.19762,0.9739220248349032,49,14951,1000,14.889881297667804,28.454793430048124,43.344674727715926,9.051643632008652,49,15000,15000,15000
device_0,0.975,1703,1.5,52.5,0.15,drop,48,16,3,0.1984,0.975854682367182,65,14935,1000,15.232309599994274,28.03396127939801,43.26627087939228,9.03188842800183,65,15000,15000,15000
device_0,0.975,1704,1.5,52.5,0.15,drop,48,16,3,0.19634,0.9733501805342133,61,14939,1000,14.772800875275633,28.72567911390821,43.49847998918384,9.336241167969483,61,15000,15000,15000
device_0,0.975,1705,1.5,52.5,0.15,drop,48,16,3,0.19493,0.9747974986214312,63,14937,1000,14.97275714817204,28.629014213557443,43.60177136172948,9.458914216451523,63,15000,15000,15000
device_0,0.975,1706,1.5,52.5,0.15,drop,48,16,3,0.203,0.9742259419786155,52,14948,1000,15.141453758511942,27.774859787251188,42.91631354576313,8.546481331205046,52,15000,15000,15000
device_0,0.975,1707,1.5,52.5,0.15,drop,48,16,3,0.20266,0.9738223967562294,67,14933,1000,14.994594633724082,27.861337030269677,42.85593166399376,8.467079230312358,67,15000,15000,15000
device_0,0.975,1708,1.5,52.5,0.15,drop,48,16,3,0.19043,0.9746047948044175,78,14922,1000,14.853127247443469,29.056415585465995,43.909542832909466,9.96053019918031,78,15000,15000,15000
device_0,0.975,1709,1.5,52.5,0.15,drop,48,16,3,0.19294,0.9749540477640206,58,14942,1000,14.873642054220342,28.872197828295672,43.745839882516016,9.714207721920356,58,15000,15000,15000
device_0,0.975,1710,1.5,52.5,0.15,drop,48,16,3,0.19779,0.9774683509778551,61,14939,1000,15.000045320470944,28.355833794687072,43.35587911515801,9.155351807952428,61,15000,15000,15000
device_0,0.0,1701,1.5,52.5,0.15,late,48,16,3,0.19936,-0.002661444942765865,62,14938,1000,3.7218438531099034,15.948964670004036,19.67080852311394,0.4552819810784134,62,15000,15000,15000
device_0,0.0,1702,1.5,52.5,0.15,late,48,16,3,0.20106,0.005830007599770396,56,14944,1000,3.721387358921757,15.831299377894581,19.55268673681634,0.43711251555868963,56,15000,15000,15000
device_0,0.0,1703,1.5,52.5,0.15,late,48,16,3,0.19952,0.005656351965683195,63,14937,1000,3.699759730942164,15.850241874905622,19.550001605847786,0.4392701806059056,63,15000,15000,15000
device_0,0.0,1704,1.5,52.5,0.15,late,48,16,3,0.20257,0.002457782015709934,56,14944,1000,3.8339642425044973,15.677961771025128,19.511926013529628,0.41823852891561986,56,15000,15000,15000
device_0,0.0,1705,1.5,52.5,0.15,late,48,16,3,0.20104,-0.004155617772998724,68,14932,1000,3.6674820002838713,15.85058230067027,19.51806430095414,0.4304306685945063,68,15000,15000,15000
device_0,0.0,1706,1.5,52.5,0.15,late,48,16,3,0.20062,-0.0045443747273977144,62,14938,1000,3.600222915455172,15.97323626188242,19.573459177337593,0.4206232342210763,62,15000,15000,15000
device_0,0.0,1707,1.5,52.5,0.15,late,48,16,3,0.19896,0.001346027845602329,61,14939,1000,3.7233787862867915,15.929701051753499,19.653079838040288,0.4368023282417167,61,15000,15000,15000
device_0,0.0,1708,1.5,52.5,0.15,late,48,16,3,0.19922,-0.001372807149175493,53,14947,1000,3.60188167441365,15.987992196593652,19.589873871007303,0.43389457257847586,53,15000,15000,15000
device_0,0.0,1709,1.5,52.5,0.15,late,48,16,3,0.20001,0.005034822885721277,61,14939,1000,3.6466384430373897,15.975136017720253,19.62177446075764,0.42920832143043214,61,15000,15000,15000
device_0,0.0,1710,1.5,52.5,0.15,late,48,16,3,0.19848,0.0007247411049733544,65,14935,1000,3.677273812097446,15.93096900857855,19.608242820675997,0.4513407338197108,65,15000,15000,15000
device_0,0.375,1701,1.5,52.5,0.15,late,48,16,3,0.19773,0.37585282092426525,65,14935,1000,3.7190209166046806,15.887174109022586,19.606195025627265,2.1674315958623795,65,15000,15000,14137
device_0,0.375,1702,1.5,52.5,0.15,late,48,16,3,0.20083,0.3763938072575695,59,14941,1000,3.6952686511717987,15.925364899729828,19.620633550901626,2.064495364449168,59,15000,15000,14298
device_0,0.375,1703,1.5,52.5,0.15,late,48,16,3,0.19949,0.3708761472322628,72,14928,1000,3.719483890709514,15.808965989418146,19.52844988012766,2.03350961652612,72,15000,15000,14299
device_0,0.375,1704,1.5,52.5,0.15,late,48,16,3,0.19956,0.37083454970073176,64,14936,1000,3.7743111256216544,15.816703006312627,19.591014131934283,2.035219768894142,64,15000,15000,14308
device_0,0.375,1705,1.5,52.5,0.15,late,48,16,3,0.1976,0.38054564128452917,44,14956,1000,3.662998171797317,15.951947403580627,19.614945575377945,2.207583095923879,44,15000,15000,14128
device_0,0.375,1706,1.5,52.5,0.15,late,48,16,3,0.19975,0.37847803043317246,60,14940,1000,3.71238374876666,15.874305975445491,19.58668972421215,2.062405153011765,60,15000,15000,14287
device_0,0.375,1707,1.5,52.5,0.15,late,48,16,3,0.19756,0.3714936166119789,63,14937,1000,3.707556902255637,15.922284808616661,19.6298417108723,2.177863017240256,63,15000,15000,14189
device_0,0.375,1708,1.5,52.5,0.15,late,48,16,3,0.19968,0.3728274067949136,52,14948,1000,3.7782296329507883,15.767095047053024,19.54532468000381,1.9585408581729296,52,15000,15000,14368
device_0,0.375,1709,1.5,52.5,0.15,late,48,16,3,0.20214,0.3789219763360735,72,14928,1000,3.7548259736839564,15.697435657275264,19.452261630959217,1.9883626473858107,72,15000,15000,14379
device_0,0.375,1710,1.5,52.5,0.15,late,48,16,3,0.19842,0.37511826036297974,71,14929,1000,3.6588753210311085,15.935643633480776,19.594518954511884,2.154190742264209,71,15000,15000,14188
device_0,0.75,1701,1.5,52.5,0.15,late,48,16,3,0.20817,0.7556341521150168,77,14923,1000,3.8067733899214855,15.563403361988255,19.370176751909742,4.098455280046401,77,15000,15000,12548
device_0,0.75,1702,1.5,52.5,0.15,late,48,16,3,0.20244,0.7487885933421545,67,14933,1000,3.780412431400375,15.759735576636833,19.540148008037207,4.363910837241804,67,15000,15000,12306
device_0,0.75,1703,1.5,52.5,0.15,late,48,16,3,0.20102,0.7470900970852136,65,14935,1000,3.7308726914678827,15.839345923776241,19.570218615244123,4.444022567299566,65,15000,15000,12206
device_0,0.75,1704,1.5,52.5,0.15,late,48,16,3,0.19715,0.7479806369104111,71,14929,1000,3.679701175564971,15.980669699415548,19.66037087498052,4.658289747456292,71,15000,15000,12031
device_0,0.75,1705,1.5,52.5,0.15,late,48,16,3,0.20494,0.7506431485678381,67,14933,1000,3.734632993712612,15.662458092740806,19.39709108645342,4.286209129802017,67,15000,15000,12364
device_0,0.75,1706,1.5,52.5,0.15,late,48,16,3,0.20282,0.7537784223147826,49,14951,1000,3.661543191335656,15.899047226033568,19.560590417369223,4.445666061590549,49,15000,15000,12233
device_0,0.75,1707,1.5,52.5,0.15,late,48,16,3,0.20138,0.7431906944181493,64,14936,1000,3.695150663678194,15.812972029176933,19.508122692855128,4.364934820797789,64,15000,15000,12291
device_0,0.75,1708,1.5,52.5,0.15,late,48,16,3,0.20034,0.7475350990705809,53,14947,1000,3.8281827305058225,15.785474520694912,19.613657251200735,4.490743817370232,53,15000,15000,12210
device_0,0.75,1709,1.5,52.5,0.15,late,48,16,3,0.20613,0.7542776800152501,59,14941,1000,3.7858541744453724,15.638320925289669,19.424175099735038,4.204505616205068,59,15000,15000,12448
device_0,0.75,1710,1.5,52.5,0.15,late,48,16,3,0.20286,0.74728584709585,52,14948,1000,3.768360958621217,15.734888678355428,19.503249636976648,4.285992860966894,52,15000,15000,12352
device_0,0.875,1701,1.5,52.5,0.15,late,48,16,3,0.20249,0.8763990178082249,65,14935,1000,3.7603077855319147,15.778640188809554,19.53894797434147,5.12041693484386,65,15000,15000,11658
device_0,0.875,1702,1.5,52.5,0.15,late,48,16,3,0.19703,0.8759866636367837,57,14943,1000,3.7443279769680338,15.920213845643513,19.664541822611547,5.332783340423234,57,15000,15000,11458
device_0,0.875,1703,1.5,52.5,0.15,late,48,16,3,0.20238,0.8773687974569232,60,14940,1000,3.7990207241595173,15.70722098288553,19.506241707045046,5.081734563633418,60,15000,15000,11669
device_0,0.875,1704,1.5,52.5,0.15,late,48,16,3,0.19663,0.8771256568671042,55,14945,1000,3.606479520687114,16.08141008269134,19.687889603378455,5.357334538785417,55,15000,15000,11421
device_0,0.875,1705,1.5,52.5,0.15,late,48,16,3,0.20133,0.8756186617053834,58,14942,1000,3.7248605280477354,15.837158631479669,19.562019159527406,5.186040692725734,58,15000,15000,11574
device_0,0.875,1706,1.5,52.5,0.15,late,48,16,3,0.19605,0.8731077294363513,72,14928,1000,3.6745352754279317,15.987983113368411,19.662518388796343,5.466982838897498,72,15000,15000,11326
device_0,0.875,1707,1.5,52.5,0.15,late,48,16,3,0.2,0.8774036452681541,66,14934,1000,3.6987257962163245,15.881365144238874,19.580090940455197,5.169262744642116,66,15000,15000,11579
device_0,0.875,1708,1.5,52.5,0.15,late,48,16,3,0.20258,0.87442580026271,66,14934,1000,3.840111662595964,15.657908605624803,19.498020268220767,5.0328917672484,66,15000,15000,11696
device_0,0.875,1709,1.5,52.5,0.15,late,48,16,3,0.19831,0.8770598020870867,67,14933,1000,3.6364455651739607,16.0082152437033,19.644660808877262,5.341691385865303,67,15000,15000,11464
device_0,0.875,1710,1.5,52.5,0.15,late,48,16,3,0.19668,0.8724656025657239,64,14936,1000,3.717589353668059,15.918345686742727,19.635935040410786,5.320947748656195,64,15000,15000,11453
device_0,0.9375,1701,1.5,52.5,0.15,late,48,16,3,0.20509,0.9402237906216514,47,14953,1000,3.7453744512743246,15.671097020129874,19.416471471404197,5.243606594114479,47,15000,15000,11509
device_0,0.9375,1702,1.5,52.5,0.15,late,48,16,3,0.19366,0.9366016280001491,78,14922,1000,3.675713230573027,15.984714349511487,19.660427580084516,5.8140276153351325,78,15000,15000,11015
device_0,0.9375,1703,1.5,52.5,0.15,late,48,16,3,0.19489,0.9369055048961522,53,14947,1000,3.7277089418702047,15.977496217362708,19.705205159232914,5.782493221786326,53,15000,15000,11057
device_0,0.9375,1704,1.5,52.5,0.15,late,48,16,3,0.19999,0.9358099323716185,52,14948,1000,3.70735853313794,15.900604350133326,19.607962883271266,5.557298436663297,52,15000,15000,11236
device_0,0.9375,1705,1.5,52.5,0.15,late,48,16,3,0.19063,0.9374553760710133,45,14955,1000,3.695698872393172,16.112001580781904,19.807700453175077,6.069045781317099,45,15000,15000,10792
device_0,0.9375,1706,1.5,52.5,0.15,late,48,16,3,0.20144,0.9386428776611538,54,14946,1000,3.6829129492769623,15.869748820817922,19.552661770094886,5.423870050479296,54,15000,15000,11368
device_0,0.9375,1707,1.5,52.5,0.15,late,48,16,3,0.20073,0.9386652506542138,59,14941,1000,3.722154759627997,15.885309401222298,19.607464160850295,5.489973467020669,59,15000,15000,11321
device_0,0.9375,1708,1.5,52.5,0.15,late,48,16,3,0.19042,0.9350336658268497,57,14943,1000,3.6583123250171043,16.16065175343211,19.818964078449213,6.012973047314721,57,15000,15000,10859
device_0,0.9375,1709,1.5,52.5,0.15,late,48,16,3,0.20214,0.9387695757970393,54,14946,1000,3.7834181231637727,15.798692700306654,19.582110823470426,5.466652976240088,54,15000,15000,11377
device_0,0.9375,1710,1.5,52.5,0.15,late,48,16,3,0.20082,0.9338903427364145,58,14942,1000,3.764287392662569,15.78625292978553,19.550540322448096,5.405533056307417,58,15000,15000,11378
device_0,0.975,1701,1.5,52.5,0.15,late,48,16,3,0.20012,0.9750727182312047,55,14945,1000,3.7825579610446023,15.789146555021816,19.571704516066415,5.706179994667697,55,15000,15000,11113
device_0,0.975,1702,1.5,52.5,0.15,late,48,16,3,0.19762,0.9739220248349032,49,14951,1000,3.642262338841031,15.971710783992327,19.613973122833357,5.799507577615418,49,15000,15000,11037
device_0,0.975,1703,1.5,52.5,0.15,late,48,16,3,0.1984,0.975854682367182,65,14935,1000,3.6385642567764007,15.967337543143554,19.605901799919955,5.810493896853553,65,15000,15000,11022
device_0,0.975,1704,1.5,52.5,0.15,late,48,16,3,0.19634,0.9733501805342133,61,14939,1000,3.7076907140701554,15.971656269023446,19.679346983093605,5.961438714865568,61,15000,15000,10890
device_0,0.975,1705,1.5,52.5,0.15,late,48,16,3,0.19493,0.9747974986214312,63,14937,1000,3.6827348124527712,16.04919269470558,19.731927507158353,6.062494107350658,63,15000,15000,10824
device_0,0.975,1706,1.5,52.5,0.15,late,48,16,3,0.203,0.9742259419786155,52,14948,1000,3.7352832026826124,15.756864833248413,19.492148035931027,5.575521934990069,52,15000,15000,11218
device_0,0.975,1707,1.5,52.5,0.15,late,48,16,3,0.20266,0.9738223967562294,67,14933,1000,3.690355119173737,15.747515476552785,19.437870595726523,5.4609195308954686,67,15000,15000,11294
device_0,0.975,1708,1.5,52.5,0.15,late,48,16,3,0.19043,0.9746047948044175,78,14922,1000,3.5331850858014664,16.25964181190876,19.792826897710224,6.304294502836633,78,15000,15000,10601
device_0,0.975,1709,1.5,52.5,0.15,late,48,16,3,0.19294,0.9749540477640206,58,14942,1000,3.70542245089824,16.080025194902504,19.78544764580074,6.17796049413316,58,15000,15000,10711
device_0,0.975,1710,1.5,52.5,0.15,late,48,16,3,0.19779,0.9774683509778551,61,14939,1000,3.7610700420972933,15.897840132416,19.65891017451329,5.872004407545315,61,15000,15000,10967
device_0,0.0,1701,2.0,70.0,0.01,drop,48,16,3,0.19936,-0.002661444942765865,0,1000,1000,1.045872652495764,2.276775787196933,3.3226484396926974,0.0003146239444158778,0,1000,1000,1000
device_0,0.0,1702,2.0,70.0,0.01,drop,48,16,3,0.20106,0.005830007599770396,0,1000,1000,1.0110692118538263,2.291774699306725,3.302843911160551,0.00026900616559987845,0,1000,1000,1000
device_0,0.0,1703,2.0,70.0,0.01,drop,48,16,3,0.19952,0.005656351965683195,0,1000,1000,1.0044795810816343,2.303696223207435,3.30817580428907,0.0003065371833041375,0,1000,1000,1000
device_0,0.0,1704,2.0,70.0,0.01,drop,48,16,3,0.20257,0.002457782015709934,0,1000,1000,1.010882967905058,2.28443028858095,3.2953132564860077,0.000333300128027949,0,1000,1000,1000
device_0,0.0,1705,2.0,70.0,0.01,drop,48,16,3,0.20104,-0.004155617772998724,0,1000,1000,0.9934972143694154,2.313357052132046,3.3068542665014613,0.00048129813059272415,0,1000,1000,1000
device_0,0.0,1706,2.0,70.0,0.01,drop,48,16,3,0.20062,-0.0045443747273977144,0,1000,1000,1.0514547929852216,2.261656311808256,3.3131111047934776,0.00013591792264490519,0,1000,1000,1000
device_0,0.0,1707,2.0,70.0,0.01,drop,48,16,3,0.19896,0.001346027845602329,0,1000,1000,1.0099052753768472,2.3073101029076932,3.31721537828454,0.0003673968893408104,0,1000,1000,1000
device_0,0.0,1708,2.0,70.0,0.01,drop,48,16,3,0.19922,-0.001372807149175493,0,1000,1000,0.9646286697141456,2.3474041420484717,3.312032811762617,0.00018084341948315327,0,1000,1000,1000
device_0,0.0,1709,2.0,70.0,0.01,drop,48,16,3,0.20001,0.005034822885721277,0,1000,1000,1.013951942841326,2.2996324474607865,3.313584390302113,0.00026710216866256153,0,1000,1000,1000
device_0,0.0,1710,2.0,70.0,0.01,drop,48,16,3,0.19848,0.0007247411049733544,0,1000,1000,1.001933653444886,2.3195373075492314,3.3214709609941173,0.00022556277738962843,0,1000,1000,1000
device_0,0.375,1701,2.0,70.0,0.01,drop,48,16,3,0.19773,0.37585282092426525,0,1000,1000,0.9938704514228907,2.3344008783482146,3.3282713297711055,0.0008449549056252175,0,1000,1000,1000
device_0,0.375,1702,2.0,70.0,0.01,drop,48,16,3,0.20083,0.3763938072575695,0,1000,1000,1.009094421243746,2.297809731399464,3.3069041526432104,0.000713088889930194,0,1000,1000,1000
device_0,0.375,1703,2.0,70.0,0.01,drop,48,16,3,0.19949,0.3708761472322628,0,1000,1000,0.9893022687622814,2.3196589114065187,3.3089611801688004,0.0011719159464871076,0,1000,1000,1000
device_0,0.375,1704,2.0,70.0,0.01,drop,48,16,3,0.19956,0.37083454970073176,0,1000,1000,0.9979113794625039,2.312444306106428,3.310355685568932,0.00100174101837525,0,1000,1000,1000
device_0,0.375,1705,2.0,70.0,0.01,drop,48,16,3,0.1976,0.38054564128452917,0,1000,1000,1.0135966695222691,2.3075291734081347,3.3211258429304036,0.0010012049984151287,0,1000,1000,1000
device_0,0.375,1706,2.0,70.0,0.01,drop,48,16,3,0.19975,0.37847803043317246,0,1000,1000,0.9900633751578095,2.327066586498368,3.3171299616561774,0.000742017871602508,0,1000,1000,1000
device_0,0.375,1707,2.0,70.0,0.01,drop,48,16,3,0.19756,0.3714936166119789,0,1000,1000,1.0008492996684273,2.3193441918448587,3.320193491513286,0.000841203821880159,0,1000,1000,1000
device_0,0.375,1708,2.0,70.0,0.01,drop,48,16,3,0.19968,0.3728274067949136,0,1000,1000,1.053929188646219,2.2527593008242395,3.3066884894704582,0.001012789496994891,0,1000,1000,1000
device_0,0.375,1709,2.0,70.0,0.01,drop,48,16,3,0.20214,0.3789219763360735,0,1000,1000,1.0017786332677237,2.292949969615092,3.2947286028828158,0.0008985697094763239,0,1000,1000,1000
device_0,0.375,1710,2.0,70.0,0.01,drop,48,16,3,0.19842,0.37511826036297974,0,1000,1000,1.0364935311306296,2.2844625744985905,3.3209561056292203,0.0006133098491827486,0,1000,1000,1000
device_0,0.75,1701,2.0,70.0,0.01,drop,48,16,3,0.20817,0.7556341521150168,0,1000,1000,1.0361483187114875,2.223728928774306,3.2598772474857935,0.0011748277702730897,0,1000,1000,1000
device_0,0.75,1702,2.0,70.0,0.01,drop,48,16,3,0.20244,0.7487885933421545,0,1000,1000,0.9976984785082585,2.300494524172409,3.2981930026806676,0.001034014984018543,0,1000,1000,1000
device_0,0.75,1703,2.0,70.0,0.01,drop,48,16,3,0.20102,0.7470900970852136,0,1000,1000,1.029872232443319,2.2771410691369183,3.307013301580237,0.0019118005556007288,0,1000,1000,1000
device_0,0.75,1704,2.0,70.0,0.01,drop,48,16,3,0.19715,0.7479806369104111,0,1000,1000,0.9779028980474025,2.354161244826623,3.3320641428740254,0.0010577275345357547,0,1000,1000,1000
device_0,0.75,1705,2.0,70.0,0.01,drop,48,16,3,0.20494,0.7506431485678381,0,1000,1000,1.044277076006282,2.232388500830391,3.2766655768366735,0.0007957183913906428,0,1000,1000,1000
device_0,0.75,1706,2.0,70.0,0.01,drop,48,16,3,0.20282,0.7537784223147826,0,1000,1000,1.0593060226489073,2.2363715780716564,3.2956776007205635,0.0009679251154779026,0,1000,1000,1000
device_0,0.75,1707,2.0,70.0,0.01,drop,48,16,3,0.20138,0.7431906944181493,0,1000,1000,0.9932942455818377,2.300778925518839,3.2940731711006768,0.0016366550094523181,0,1000,1000,1000
device_0,0.75,1708,2.0,70.0,0.01,drop,48,16,3,0.20034,0.7475350990705809,0,1000,1000,0.9855961128773099,2.330627910211152,3.316224023088462,0.0012129068918083116,0,1000,1000,1000
device_0,0.75,1709,2.0,70.0,0.01,drop,48,16,3,0.20613,0.7542776800152501,0,1000,1000,1.0408330154726086,2.2271207932972867,3.2679538087698954,0.001336651315755926,0,1000,1000,1000
device_0,0.75,1710,2.0,70.0,0.01,drop,48,16,3,0.20286,0.74728584709585,0,1000,1000,1.0173671450474668,2.280021739424957,3.2973888844724235,0.0011245263052697145,0,1000,1000,1000
device_0,0.875,1701,2.0,70.0,0.01,drop,48,16,3,0.20249,0.8763990178082249,0,1000,1000,1.023092655647411,2.2760296088115273,3.299122264458938,0.0014989682713703587,0,1000,1000,1000
device_0,0.875,1702,2.0,70.0,0.01,drop,48,16,3,0.19703,0.8759866636367837,0,1000,1000,0.9652857666910459,2.3648856180036106,3.3301713846946566,0.0011733761989079813,0,1000,1000,1000
device_0,0.875,1703,2.0,70.0,0.01,drop,48,16,3,0.20238,0.8773687974569232,0,1000,1000,1.0306374086212542,2.2676840777254244,3.298321486346678,0.0012355673595184963,0,1000,1000,1000
device_0,0.875,1704,2.0,70.0,0.01,drop,48,16,3,0.19663,0.8771256568671042,0,1000,1000,1.0347619709684583,2.292155494878373,3.3269174658468312,0.0011896398613296378,0,1000,1000,1000
device_0,0.875,1705,2.0,70.0,0.01,drop,48,16,3,0.20133,0.8756186617053834,0,1000,1000,0.9807680075306062,2.322732603142578,3.303500610673184,0.0012909053493880432,0,1000,1000,1000
device_0,0.875,1706,2.0,70.0,0.01,drop,48,16,3,0.19605,0.8731077294363513,0,1000,1000,0.9911005817858751,2.349000972969941,3.3401015547558157,0.0013905278896043228,0,1000,1000,1000
device_0,0.875,1707,2.0,70.0,0.01,drop,48,16,3,0.2,0.8774036452681541,0,1000,1000,0.9721378444885093,2.341132809399802,3.313270653888311,0.0014489624591494967,0,1000,1000,1000
device_0,0.875,1708,2.0,70.0,0.01,drop,48,16,3,0.20258,0.87442580026271,0,1000,1000,1.0243720252936366,2.271670722304822,3.2960427475984586,0.0013859401710744066,0,1000,1000,1000
device_0,0.875,1709,2.0,70.0,0.01,drop,48,16,3,0.19831,0.8770598020870867,0,1000,1000,1.0516838113672184,2.2767224380961326,3.328406249463351,0.0010387269333135228,0,1000,1000,1000
device_0,0.875,1710,2.0,70.0,0.01,drop,48,16,3,0.19668,0.8724656025657239,0,1000,1000,0.9828800640380078,2.3493518517225804,3.332231915760588,0.0020140838828031867,0,1000,1000,1000
device_0,0.9375,1701,2.0,70.0,0.01,drop,48,16,3,0.20509,0.9402237906216514,0,1000,1000,0.9896209746085323,2.2799736373327906,3.269594611941323,0.0011702802034988854,0,1000,1000,1000
device_0,0.9375,1702,2.0,70.0,0.01,drop,48,16,3,0.19366,0.9366016280001491,0,1000,1000,0.9909995958858487,2.3546254081724207,3.3456250040582693,0.0012378106956686301,0,1000,1000,1000
device_0,0.9375,1703,2.0,70.0,0.01,drop,48,16,3,0.19489,0.9369055048961522,0,1000,1000,0.9928008760056602,2.3494415068897605,3.342242382895421,0.0013070086077451141,0,1000,1000,1000
device_0,0.9375,1704,2.0,70.0,0.01,drop,48,16,3,0.19999,0.9358099323716185,0,1000,1000,0.964103646648328,2.3490917023618083,3.3131953490101362,0.0011772295914353231,0,1000,1000,1000
device_0,0.9375,1705,2.0,70.0,0.01,drop,48,16,3,0.19063,0.9374553760710133,0,1000,1000,1.0416625549471972,2.3266945802393715,3.368357135186569,0.0015888643263084704,0,1000,1000,1000
device_0,0.9375,1706,2.0,70.0,0.01,drop,48,16,3,0.20144,0.9386428776611538,0,1000,1000,0.9682101426873228,2.339022432579773,3.3072325752670952,0.0015614091116416123,0,1000,1000,1000
device_0,0.9375,1707,2.0,70.0,0.01,drop,48,16,3,0.20073,0.9386652506542138,0,1000,1000,0.9938943490223598,2.3207225122501804,3.3146168612725404,0.0017897995359904058,0,1000,1000,1000
device_0,0.9375,1708,2.0,70.0,0.01,drop,48,16,3,0.19042,0.9350336658268497,0,1000,1000,1.0084665670560076,2.358336890102151,3.366803457158159,0.0013558010150202414,0,1000,1000,1000
device_0,0.9375,1709,2.0,70.0,0.01,drop,48,16,3,0.20214,0.9387695757970393,0,1000,1000,0.9867796853040208,2.3092625976789707,3.2960422829829916,0.001527907854546072,0,1000,1000,1000
device_0,0.9375,1710,2.0,70.0,0.01,drop,48,16,3,0.20082,0.9338903427364145,0,1000,1000,1.0761791459804984,2.2332652544566693,3.309444400437168,0.001482491541029537,0,1000,1000,1000
device_0,0.975,1701,2.0,70.0,0.01,drop,48,16,3,0.20012,0.9750727182312047,0,1000,1000,0.9242361111114704,2.3810243751320757,3.305260486243546,0.001616047964657688,0,1000,1000,1000
device_0,0.975,1702,2.0,70.0,0.01,drop,48,16,3,0.19762,0.9739220248349032,0,1000,1000,0.9622204789867415,2.356063688675017,3.3182841676617585,0.0018467884156070623,0,1000,1000,1000
device_0,0.975,1703,2.0,70.0,0.01,drop,48,16,3,0.1984,0.975854682367182,0,1000,1000,1.019130627993088,2.3016707604492948,3.320801388442383,0.0012032147904559878,0,1000,1000,1000
device_0,0.975,1704,2.0,70.0,0.01,drop,48,16,3,0.19634,0.9733501805342133,0,1000,1000,0.9753626376444349,2.359172564153945,3.33453520179838,0.0013823431990453668,0,1000,1000,1000
device_0,0.975,1705,2.0,70.0,0.01,drop,48,16,3,0.19493,0.9747974986214312,0,1000,1000,1.0201355934360496,2.326080042653254,3.3462156360893034,0.0013348750654191258,0,1000,1000,1000
device_0,0.975,1706,2.0,70.0,0.01,drop,48,16,3,0.203,0.9742259419786155,0,1000,1000,1.0003291277702562,2.2912636574283702,3.291592785198626,0.0010545601902732223,0,1000,1000,1000
device_0,0.975,1707,2.0,70.0,0.01,drop,48,16,3,0.20266,0.9738223967562294,0,1000,1000,1.0044644500365694,2.2880021695467945,3.292466619583364,0.0014517112405954893,0,1000,1000,1000
device_0,0.975,1708,2.0,70.0,0.01,drop,48,16,3,0.19043,0.9746047948044175,0,1000,1000,1.027112296827263,2.348861876730563,3.375974173557826,0.0018342732268774309,0,1000,1000,1000
device_0,0.975,1709,2.0,70.0,0.01,drop,48,16,3,0.19294,0.9749540477640206,0,1000,1000,0.9816760751950518,2.379723081712963,3.361399156908015,0.0015027476780227742,0,1000,1000,1000
device_0,0.975,1710,2.0,70.0,0.01,drop,48,16,3,0.19779,0.9774683509778551,0,1000,1000,0.997517613827493,2.3338863454316847,3.3314039592591778,0.0016259037161074517,0,1000,1000,1000
device_0,0.0,1701,2.0,70.0,0.01,late,48,16,3,0.19936,-0.002661444942765865,0,1000,1000,0.15344848651849294,1.0102400322701772,1.1636885187886703,0.00012441455368173747,0,1000,1000,1000
device_0,0.0,1702,2.0,70.0,0.01,late,48,16,3,0.20106,0.005830007599770396,0,1000,1000,0.15612695279774397,1.0014678568953135,1.1575948096930575,0.00016571290670281682,0,1000,1000,1000
device_0,0.0,1703,2.0,70.0,0.01,late,48,16,3,0.19952,0.005656351965683195,0,1000,1000,0.15888925956728647,1.0012227081174458,1.1601119676847325,0.0001034215559126834,0,1000,1000,1000
device_0,0.0,1704,2.0,70.0,0.01,late,48,16,3,0.20257,0.002457782015709934,0,1000,1000,0.16598778971335437,0.9895862380332486,1.155574027746603,0.0001374093631574128,0,1000,1000,1000
device_0,0.0,1705,2.0,70.0,0.01,late,48,16,3,0.20104,-0.004155617772998724,0,1000,1000,0.16848545186774996,0.9903658983623861,1.158851350230136,8.733960256695083e-05,0,1000,1000,1000
device_0,0.0,1706,2.0,70.0,0.01,late,48,16,3,0.20062,-0.0045443747273977144,0,1000,1000,0.14839395822646503,1.0115362571454607,1.1599302153719258,9.283693359696021e-05,0,1000,1000,1000
device_0,0.0,1707,2.0,70.0,0.01,late,48,16,3,0.19896,0.001346027845602329,0,1000,1000,0.15008309697315864,1.0140151526899968,1.1640982496631553,7.040259605243375e-05,0,1000,1000,1000
device_0,0.0,1708,2.0,70.0,0.01,late,48,16,3,0.19922,-0.001372807149175493,0,1000,1000,0.1809704320790816,0.9799368542698751,1.1609072863489567,9.0032306279362e-05,0,1000,1000,1000
device_0,0.0,1709,2.0,70.0,0.01,late,48,16,3,0.20001,0.005034822885721277,0,1000,1000,0.13848106717911185,1.0235263152471934,1.162007382426305,9.566854083742693e-05,0,1000,1000,1000
device_0,0.0,1710,2.0,70.0,0.01,late,48,16,3,0.19848,0.0007247411049733544,0,1000,1000,0.1510411534290421,1.0140051027061245,1.1650462561351667,5.9259610022355624e-05,0,1000,1000,1000
device_0,0.375,1701,2.0,70.0,0.01,late,48,16,3,0.19773,0.37585282092426525,0,1000,1000,0.1440570270748555,1.0226947976300678,1.1667518247049233,0.0002473634952069566,0,1000,1000,1000
device_0,0.375,1702,2.0,70.0,0.01,late,48,16,3,0.20083,0.3763938072575695,0,1000,1000,0.17212521261127314,0.9875447363865316,1.1596699489978048,0.00014821103313923203,0,1000,1000,1000
device_0,0.375,1703,2.0,70.0,0.01,late,48,16,3,0.19949,0.3708761472322628,0,1000,1000,0.15814960710450085,1.0009041050941319,1.1590537121986328,0.00015958301089232478,0,1000,1000,1000
device_0,0.375,1704,2.0,70.0,0.01,late,48,16,3,0.19956,0.37083454970073176,0,1000,1000,0.15280129682058186,1.0081340934383223,1.1609353902589041,0.00026911152379804833,0,1000,1000,1000
device_0,0.375,1705,2.0,70.0,0.01,late,48,16,3,0.1976,0.38054564128452917,0,1000,1000,0.14850123336691887,1.015093808189629,1.163595041556548,0.000213877286572708,0,1000,1000,1000
device_0,0.375,1706,2.0,70.0,0.01,late,48,16,3,0.19975,0.37847803043317246,0,1000,1000,0.14475962821933328,1.0169138282854717,1.1616734565048048,0.00025133471351087514,0,1000,1000,1000
device_0,0.375,1707,2.0,70.0,0.01,late,48,16,3,0.19756,0.3714936166119789,0,1000,1000,0.13255900426897327,1.0323817678936742,1.1649407721626475,0.00029340330918466666,0,1000,1000,1000
device_0,0.375,1708,2.0,70.0,0.01,late,48,16,3,0.19968,0.3728274067949136,0,1000,1000,0.17802727297013476,0.9833778170258309,1.1614050899959658,0.00025700113753660735,0,1000,1000,1000
device_0,0.375,1709,2.0,70.0,0.01,late,48,16,3,0.20214,0.3789219763360735,0,1000,1000,0.17170347960704768,0.9812885281034549,1.1529920077105025,0.00018164537614774598,0,1000,1000,1000
device_0,0.375,1710,2.0,70.0,0.01,late,48,16,3,0.19842,0.37511826036297974,0,1000,1000,0.16463153284918697,0.9996163762130024,1.1642479090621893,0.00021712759777527658,0,1000,1000,1000
device_0,0.75,1701,2.0,70.0,0.01,late,48,16,3,0.20817,0.7556341521150168,0,1000,1000,0.14975074435019417,0.9930410236140539,1.142791767964248,0.00040611153104074465,0,1000,1000,1000
device_0,0.75,1702,2.0,70.0,0.01,late,48,16,3,0.20244,0.7487885933421545,0,1000,1000,0.14364428458494857,1.0115987892072695,1.1552430737922181,0.00035982904434854533,0,1000,1000,1000
device_0,0.75,1703,2.0,70.0,0.01,late,48,16,3,0.20102,0.7470900970852136,0,1000,1000,0.1657146825239311,0.992536708776414,1.1582513913003452,0.00044017272329789793,0,1000,1000,1000
device_0,0.75,1704,2.0,70.0,0.01,late,48,16,3,0.19715,0.7479806369104111,0,1000,1000,0.14830933787739337,1.0200560480313965,1.16836538590879,0.00048489870045851746,0,1000,1000,1000
device_0,0.75,1705,2.0,70.0,0.01,late,48,16,3,0.20494,0.7506431485678381,0,1000,1000,0.1606029735376484,0.987121929107327,1.1477249026449754,0.00028845755173528506,0,1000,1000,1000
device_0,0.75,1706,2.0,70.0,0.01,late,48,16,3,0.20282,0.7537784223147826,0,1000,1000,0.1366165006661799,1.020700840292176,1.157317340958356,0.0003629132194893657,0,1000,1000,1000
device_0,0.75,1707,2.0,70.0,0.01,late,48,16,3,0.20138,0.7431906944181493,0,1000,1000,0.16258707869269853,0.9924741731035631,1.1550612517962617,0.00049148463960339,0,1000,1000,1000
device_0,0.75,1708,2.0,70.0,0.01,late,48,16,3,0.20034,0.7475350990705809,0,1000,1000,0.1447178681705875,1.019344241876986,1.1640621100475737,0.00032517784666691237,0,1000,1000,1000
device_0,0.75,1709,2.0,70.0,0.01,late,48,16,3,0.20613,0.7542776800152501,0,1000,1000,0.16308718597167673,0.9839754680832496,1.1470626540549262,0.0003570737440096688,0,1000,1000,1000
device_0,0.75,1710,2.0,70.0,0.01,late,48,16,3,0.20286,0.74728584709585,0,1000,1000,0.15785110116323556,0.9979874106708503,1.155838511834086,0.00031079008271157633,0,1000,1000,1000
device_0,0.875,1701,2.0,70.0,0.01,late,48,16,3,0.20249,0.8763990178082249,0,1000,1000,0.1359314212198269,1.0201945167465027,1.1561259379663296,0.0003683763685037965,0,1000,1000,1000
device_0,0.875,1702,2.0,70.0,0.01,late,48,16,3,0.19703,0.8759866636367837,0,1000,1000,0.13119225301311777,1.0366503290482445,1.1678425820613623,0.0004967633795226552,0,1000,1000,1000
device_0,0.875,1703,2.0,70.0,0.01,late,48,16,3,0.20238,0.8773687974569232,0,1000,1000,0.15756991638253706,0.9980670944553588,1.1556370108378957,0.00034986534862349974,0,1000,1000,1000
device_0,0.875,1704,2.0,70.0,0.01,late,48,16,3,0.19663,0.8771256568671042,0,1000,1000,0.1616482980677847,1.0056599144240028,1.1673082124917875,0.0004858411092863349,0,1000,1000,1000
device_0,0.875,1705,2.0,70.0,0.01,late,48,16,3,0.20133,0.8756186617053834,0,1000,1000,0.15914715598443763,0.9997605054903075,1.158907661474745,0.0005195231559848978,0,1000,1000,1000
device_0,0.875,1706,2.0,70.0,0.01,late,48,16,3,0.19605,0.8731077294363513,0,1000,1000,0.14555479855927309,1.0241853975287734,1.1697401960880465,0.00047587146767535726,0,1000,1000,1000
device_0,0.875,1707,2.0,70.0,0.01,late,48,16,3,0.2,0.8774036452681541,0,1000,1000,0.16359160592273528,0.9960190167905357,1.159610622713271,0.00044218618774796725,0,1000,1000,1000
device_0,0.875,1708,2.0,70.0,0.01,late,48,16,3,0.20258,0.87442580026271,0,1000,1000,0.16596772309576024,0.9883698398564404,1.1543375629522008,0.0004914919865647437,0,1000,1000,1000
device_0,0.875,1709,2.0,70.0,0.01,late,48,16,3,0.19831,0.8770598020870867,0,1000,1000,0.1619129817862259,1.0059011674436371,1.167814149229863,0.0004870638584953483,0,1000,1000,1000
device_0,0.875,1710,2.0,70.0,0.01,late,48,16,3,0.19668,0.8724656025657239,0,1000,1000,0.15147973652508617,1.0161378600086266,1.1676175965337128,0.000489049730069232,0,1000,1000,1000
device_0,0.9375,1701,2.0,70.0,0.01,late,48,16,3,0.20509,0.9402237906216514,0,1000,1000,0.13636629163601105,1.0105756037426805,1.1469418953786916,0.00033473175680449283,0,1000,1000,1000
device_0,0.9375,1702,2.0,70.0,0.01,late,48,16,3,0.19366,0.9366016280001491,0,1000,1000,0.14264660020567368,1.0293135866047696,1.1719601868104432,0.0004733261528408792,0,1000,1000,1000
device_0,0.9375,1703,2.0,70.0,0.01,late,48,16,3,0.19489,0.9369055048961522,0,1000,1000,0.15674638468094274,1.0157422508901128,1.1724886355710555,0.00044255802217970026,0,1000,1000,1000
device_0,0.9375,1704,2.0,70.0,0.01,late,48,16,3,0.19999,0.9358099323716185,0,1000,1000,0.1569309856250485,1.0047362873333392,1.1616672729583877,0.0005530976549568914,0,1000,1000,1000
device_0,0.9375,1705,2.0,70.0,0.01,late,48,16,3,0.19063,0.9374553760710133,0,1000,1000,0.1549199582365036,1.0261532919764733,1.1810732502129768,0.0005353984233973204,0,1000,1000,1000
device_0,0.9375,1706,2.0,70.0,0.01,late,48,16,3,0.20144,0.9386428776611538,0,1000,1000,0.16048230247714948,0.9976753700774735,1.158157672554623,0.00042970513045890367,0,1000,1000,1000
device_0,0.9375,1707,2.0,70.0,0.01,late,48,16,3,0.20073,0.9386652506542138,0,1000,1000,0.15838381734228932,1.0028946087190413,1.1612784260613305,0.0004779806322899108,0,1000,1000,1000
device_0,0.9375,1708,2.0,70.0,0.01,late,48,16,3,0.19042,0.9350336658268497,0,1000,1000,0.15432130272871733,1.0274553550730627,1.18177665780178,0.00046252465197087347,0,1000,1000,1000
device_0,0.9375,1709,2.0,70.0,0.01,late,48,16,3,0.20214,0.9387695757970393,0,1000,1000,0.1601110448168741,0.9951150543526932,1.1552260991695673,0.0005734941117448367,0,1000,1000,1000
device_0,0.9375,1710,2.0,70.0,0.01,late,48,16,3,0.20082,0.9338903427364145,0,1000,1000,0.16579841056034345,0.9946063511100566,1.1604047616703999,0.0004759494290799341,0,1000,1000,1000
device_0,0.975,1701,2.0,70.0,0.01,late,48,16,3,0.20012,0.9750727182312047,0,1000,1000,0.14921324932857913,1.0105041028061177,1.1597173521346968,0.0005429963010502533,0,1000,1000,1000
device_0,0.975,1702,2.0,70.0,0.01,late,48,16,3,0.19762,0.9739220248349032,0,1000,1000,0.15887079411475885,1.004875401553894,1.1637461956686528,0.00041041790875021483,0,1000,1000,1000
device_0,0.975,1703,2.0,70.0,0.01,late,48,16,3,0.1984,0.975854682367182,0,1000,1000,0.15142775535862113,1.013191059868826,1.164618815227447,0.0005395548518530638,0,1000,1000,1000
device_0,0.975,1704,2.0,70.0,0.01,late,48,16,3,0.19634,0.9733501805342133,0,1000,1000,0.15499766043673263,1.0145352865254174,1.16953294696215,0.0004970373597884927,0,1000,1000,1000
device_0,0.975,1705,2.0,70.0,0.01,late,48,16,3,0.19493,0.9747974986214312,0,1000,1000,0.14308557227997518,1.0298677977173047,1.1729533699972798,0.0004268596479765838,0,1000,1000,1000
device_0,0.975,1706,2.0,70.0,0.01,late,48,16,3,0.203,0.9742259419786155,0,1000,1000,0.1509657413576851,1.0042150489709065,1.1551807903285916,0.00037226839029852514,0,1000,1000,1000
device_0,0.975,1707,2.0,70.0,0.01,late,48,16,3,0.20266,0.9738223967562294,0,1000,1000,0.14802647687841114,1.0069248363736774,1.1549513132520886,0.0004246984723296019,0,1000,1000,1000
device_0,0.975,1708,2.0,70.0,0.01,late,48,16,3,0.19043,0.9746047948044175,0,1000,1000,0.14018882778854286,1.0428134573641417,1.1830022851526847,0.00036719196573070895,0,1000,1000,1000
device_0,0.975,1709,2.0,70.0,0.01,late,48,16,3,0.19294,0.9749540477640206,0,1000,1000,0.15148937657962883,1.027610143242272,1.1790995198219008,0.0005705830718031065,0,1000,1000,1000
device_0,0.975,1710,2.0,70.0,0.01,late,48,16,3,0.19779,0.9774683509778551,0,1000,1000,0.14241676236903061,1.0251501018934752,1.1675668642625059,0.0004753878929986224,0,1000,1000,1000
device_0,0.0,1701,2.0,70.0,0.05,drop,48,16,3,0.19936,-0.002661444942765865,0,5000,1000,4.97620312805711,11.120635574980762,16.09683870303787,0.010832123312870284,0,5000,5000,5000
device_0,0.0,1702,2.0,70.0,0.05,drop,48,16,3,0.20106,0.005830007599770396,0,5000,1000,4.911638490845291,11.094956102143737,16.00659459298903,0.010143974634184134,0,5000,5000,5000
device_0,0.0,1703,2.0,70.0,0.05,drop,48,16,3,0.19952,0.005656351965683195,0,5000,1000,5.000247086254646,11.03432913112443,16.034576217379076,0.009878425251709445,0,5000,5000,5000
device_0,0.0,1704,2.0,70.0,0.05,drop,48,16,3,0.20257,0.002457782015709934,0,5000,1000,5.0317120394333665,10.930246231985441,15.961958271418808,0.010434191550699731,0,5000,5000,5000
device_0,0.0,1705,2.0,70.0,0.05,drop,48,16,3,0.20104,-0.004155617772998724,0,5000,1000,5.055950191112507,10.972192417630025,16.02814260874253,0.00997733410683883,0,5000,5000,5000
device_0,0.0,1706,2.0,70.0,0.05,drop,48,16,3,0.20062,-0.0045443747273977144,0,5000,1000,5.036927527307217,11.012059376405908,16.048986903713125,0.008936169279502755,0,5000,5000,5000
device_0,0.0,1707,2.0,70.0,0.05,drop,48,16,3,0.19896,0.001346027845602329,0,5000,1000,5.034342035241725,11.048238261166558,16.082580296408285,0.010329100209021592,0,5000,5000,5000
device_0,0.0,1708,2.0,70.0,0.05,drop,48,16,3,0.19922,-0.001372807149175493,0,5000,1000,5.101706768837943,10.957522325283009,16.05922909412095,0.009064573284101356,0,5000,5000,5000
device_0,0.0,1709,2.0,70.0,0.05,drop,48,16,3,0.20001,0.005034822885721277,0,5000,1000,5.042121112107088,11.019225968273336,16.061347080380422,0.011253322181616997,0,5000,5000,5000
device_0,0.0,1710,2.0,70.0,0.05,drop,48,16,3,0.19848,0.0007247411049733544,0,5000,1000,5.059177070268171,11.04162085820929,16.100797928477462,0.008727460734030235,0,5000,5000,5000
device_0,0.375,1701,2.0,70.0,0.05,drop,48,16,3,0.19773,0.37585282092426525,0,5000,1000,4.938695745880936,11.18075976097911,16.119455506860046,0.03760318034462552,0,5000,5000,5000
device_0,0.375,1702,2.0,70.0,0.05,drop,48,16,3,0.20083,0.3763938072575695,0,5000,1000,5.062498877248573,10.966290965315983,16.028789842564557,0.024738029243167398,0,5000,5000,5000
device_0,0.375,1703,2.0,70.0,0.05,drop,48,16,3,0.19949,0.3708761472322628,0,5000,1000,5.1092374496707365,10.920574066562411,16.029811516233146,0.023038493921600657,0,5000,5000,5000
device_0,0.375,1704,2.0,70.0,0.05,drop,48,16,3,0.19956,0.37083454970073176,0,5000,1000,5.0252235664992115,11.023730389235496,16.048953955734707,0.02539143111742314,0,5000,5000,5000
device_0,0.375,1705,2.0,70.0,0.05,drop,48,16,3,0.1976,0.38054564128452917,0,5000,1000,4.998821740787714,11.102070985973883,16.100892726761597,0.026330858360980727,0,5000,5000,5000
device_0,0.375,1706,2.0,70.0,0.05,drop,48,16,3,0.19975,0.37847803043317246,0,5000,1000,4.985499782590292,11.079980083471833,16.065479866062127,0.02390407674914181,0,5000,5000,5000
device_0,0.375,1707,2.0,70.0,0.05,drop,48,16,3,0.19756,0.3714936166119789,0,5000,1000,4.9891037626378525,11.110836958117307,16.09994072075516,0.02689675506934877,0,5000,5000,5000
device_0,0.375,1708,2.0,70.0,0.05,drop,48,16,3,0.19968,0.3728274067949136,0,5000,1000,5.054362713925304,10.970576680158649,16.024939394083955,0.025171577543501123,0,5000,5000,5000
device_0,0.375,1709,2.0,70.0,0.05,drop,48,16,3,0.20214,0.3789219763360735,0,5000,1000,4.973299928923991,10.991575342047277,15.964875270971268,0.02445341905203201,0,5000,5000,5000
device_0,0.375,1710,2.0,70.0,0.05,drop,48,16,3,0.19842,0.37511826036297974,0,5000,1000,4.970410442013629,11.12607512863708,16.096485570650707,0.024100859126741103,0,5000,5000,5000
device_0,0.75,1701,2.0,70.0,0.05,drop,48,16,3,0.20817,0.7556341521150168,0,5000,1000,4.965527490147323,10.832861667444714,15.798389157592037,0.05272080564520285,0,5000,5000,5000
device_0,0.75,1702,2.0,70.0,0.05,drop,48,16,3,0.20244,0.7487885933421545,0,5000,1000,5.118402308036071,10.86853454526341,15.98693685329948,0.07915439847079737,0,5000,5000,5000
device_0,0.75,1703,2.0,70.0,0.05,drop,48,16,3,0.20102,0.7470900970852136,0,5000,1000,5.051938469788882,10.9710216846687,16.022960154457582,0.09523665312780147,0,5000,5000,5000
device_0,0.75,1704,2.0,70.0,0.05,drop,48,16,3,0.19715,0.7479806369104111,0,5000,1000,5.085519329451203,11.060518031960772,16.146037361411974,0.10406787960635361,0,5000,5000,5000
device_0,0.75,1705,2.0,70.0,0.05,drop,48,16,3,0.20494,0.7506431485678381,0,5000,1000,5.041200486327558,10.837999707634923,15.87920019396248,0.06348213915601104,0,5000,5000,5000
device_0,0.75,1706,2.0,70.0,0.05,drop,48,16,3,0.20282,0.7537784223147826,0,5000,1000,4.9711561399517485,11.014598002527224,15.985754142478973,0.09748236310082761,0,5000,5000,5000
device_0,0.75,1707,2.0,70.0,0.05,drop,48,16,3,0.20138,0.7431906944181493,0,5000,1000,5.0219825665150895,10.948494682448967,15.970477248964059,0.07394961449021878,0,5000,5000,5000
device_0,0.75,1708,2.0,70.0,0.05,drop,48,16,3,0.20034,0.7475350990705809,0,5000,1000,5.01445861456581,11.060264533542165,16.074723148107974,0.11561799461912979,0,5000,5000,5000
device_0,0.75,1709,2.0,70.0,0.05,drop,48,16,3,0.20613,0.7542776800152501,0,5000,1000,4.94024891784288,10.912078352522316,15.852327270365196,0.07917122126093748,0,5000,5000,5000
device_0,0.75,1710,2.0,70.0,0.05,drop,48,16,3,0.20286,0.74728584709585,0,5000,1000,4.9145494913999155,11.061750291202495,15.97629978260241,0.07126797930014177,0,5000,5000,5000
device_0,0.875,1701,2.0,70.0,0.05,drop,48,16,3,0.20249,0.8763990178082249,0,5000,1000,5.020476879610121,10.9659070216578,15.986383901267923,0.12103622231733518,0,5000,5000,5000
device_0,0.875,1702,2.0,70.0,0.05,drop,48,16,3,0.19703,0.8759866636367837,0,5000,1000,5.021961765027046,11.1166492534955,16.138611018522546,0.15599752473803818,0,5000,5000,5000
device_0,0.875,1703,2.0,70.0,0.05,drop,48,16,3,0.20238,0.8773687974569232,0,5000,1000,4.988480241772746,10.997877200962424,15.986357442735171,0.11786407817800994,0,5000,5000,5000
device_0,0.875,1704,2.0,70.0,0.05,drop,48,16,3,0.19663,0.8771256568671042,0,5000,1000,5.018511435414984,11.110377909435927,16.12888934485091,0.155210355773457,0,5000,5000,5000
device_0,0.875,1705,2.0,70.0,0.05,drop,48,16,3,0.20133,0.8756186617053834,0,5000,1000,4.920756550619538,11.094618364274508,16.015374914894046,0.14254390524817115,0,5000,5000,5000
device_0,0.875,1706,2.0,70.0,0.05,drop,48,16,3,0.19605,0.8731077294363513,0,5000,1000,4.976650192770455,11.200199792304536,16.17684998507499,0.1358019193297254,0,5000,5000,5000
device_0,0.875,1707,2.0,70.0,0.05,drop,48,16,3,0.2,0.8774036452681541,0,5000,1000,4.990299543166361,11.060026184613237,16.050325727779597,0.133370740249642,0,5000,5000,5000
device_0,0.875,1708,2.0,70.0,0.05,drop,48,16,3,0.20258,0.87442580026271,0,5000,1000,4.990858095284338,10.986801189000994,15.977659284285332,0.09862759864306575,0,5000,5000,5000
device_0,0.875,1709,2.0,70.0,0.05,drop,48,16,3,0.19831,0.8770598020870867,0,5000,1000,5.062915289220818,11.058664072127923,16.121579361348743,0.16379795631460894,0,5000,5000,5000
device_0,0.875,1710,2.0,70.0,0.05,drop,48,16,3,0.19668,0.8724656025657239,0,5000,1000,5.004296483869701,11.14088355916546,16.14518004303516,0.1458094225955986,0,5000,5000,5000
device_0,0.9375,1701,2.0,70.0,0.05,drop,48,16,3,0.20509,0.9402237906216514,0,5000,1000,4.975861672974812,10.877057945395428,15.852919618370242,0.11887939663067439,0,5000,5000,5000
device_0,0.9375,1702,2.0,70.0,0.05,drop,48,16,3,0.19366,0.9366016280001491,0,5000,1000,5.047594064842097,11.159069043988957,16.206663108831055,0.1681520358103203,0,5000,5000,5000
device_0,0.9375,1703,2.0,70.0,0.05,drop,48,16,3,0.19489,0.9369055048961522,0,5000,1000,4.96863909332448,11.224651394719213,16.193290488043694,0.1806530414513499,0,5000,5000,5000
device_0,0.9375,1704,2.0,70.0,0.05,drop,48,16,3,0.19999,0.9358099323716185,0,5000,1000,5.002960240529798,11.062193937284707,16.065154177814506,0.15173559768847839,0,5000,5000,5000
device_0,0.9375,1705,2.0,70.0,0.05,drop,48,16,3,0.19063,0.9374553760710133,0,5000,1000,5.059804477414352,11.26471110582975,16.324515583244104,0.19411376702810312,0,5000,5000,5000
device_0,0.9375,1706,2.0,70.0,0.05,drop,48,16,3,0.20144,0.9386428776611538,0,5000,1000,4.973267129673708,11.04461366577734,16.01788079545105,0.14458218458934022,0,5000,5000,5000
device_0,0.9375,1707,2.0,70.0,0.05,drop,48,16,3,0.20073,0.9386652506542138,0,5000,1000,4.949033064205806,11.102023929799334,16.051056994005137,0.15323581677832476,0,5000,5000,5000
device_0,0.9375,1708,2.0,70.0,0.05,drop,48,16,3,0.19042,0.9350336658268497,0,5000,1000,4.92808502087783,11.393547304921183,16.321632325799012,0.19368326034889857,0,5000,5000,5000
device_0,0.9375,1709,2.0,70.0,0.05,drop,48,16,3,0.20214,0.9387695757970393,0,5000,1000,5.083922701020653,10.90004499313498,15.983967694155634,0.13822365117246574,0,5000,5000,5000
device_0,0.9375,1710,2.0,70.0,0.05,drop,48,16,3,0.20082,0.9338903427364145,0,5000,1000,4.9781395517637455,11.059105935422446,16.03724548718619,0.16550016190949868,0,5000,5000,5000
device_0,0.975,1701,2.0,70.0,0.05,drop,48,16,3,0.20012,0.9750727182312047,0,5000,1000,5.124306564709791,10.904503796652344,16.028810361362133,0.1684279638970722,0,5000,5000,5000
device_0,0.975,1702,2.0,70.0,0.05,drop,48,16,3,0.19762,0.9739220248349032,0,5000,1000,4.9481023831488,11.143306618237396,16.091409001386193,0.16368847474878842,0,5000,5000,5000
device_0,0.975,1703,2.0,70.0,0.05,drop,48,16,3,0.1984,0.975854682367182,0,5000,1000,4.895151956085012,11.195292098655068,16.09044405474008,0.18134399211811927,0,5000,5000,5000
device_0,0.975,1704,2.0,70.0,0.05,drop,48,16,3,0.19634,0.9733501805342133,0,5000,1000,4.978732105228714,11.182472444432324,16.16120454966104,0.18549549890881528,0,5000,5000,5000
device_0,0.975,1705,2.0,70.0,0.05,drop,48,16,3,0.19493,0.9747974986214312,0,5000,1000,5.046619628453075,11.167984039245946,16.21460366769902,0.19228568072873262,0,5000,5000,5000
device_0,0.975,1706,2.0,70.0,0.05,drop,48,16,3,0.203,0.9742259419786155,0,5000,1000,5.045678873228707,10.916918339926745,15.962597213155453,0.1303865424831638,0,5000,5000,5000
device_0,0.975,1707,2.0,70.0,0.05,drop,48,16,3,0.20266,0.9738223967562294,0,5000,1000,4.984524262679709,10.973592710747281,15.95811697342699,0.15576800716914807,0,5000,5000,5000
device_0,0.975,1708,2.0,70.0,0.05,drop,48,16,3,0.19043,0.9746047948044175,0,5000,1000,4.991298264828831,11.35905595153608,16.350354216364913,0.20973317437929503,0,5000,5000,5000
device_0,0.975,1709,2.0,70.0,0.05,drop,48,16,3,0.19294,0.9749540477640206,0,5000,1000,5.08599023479119,11.192780916806544,16.278771151597734,0.21696682691404812,0,5000,5000,5000
device_0,0.975,1710,2.0,70.0,0.05,drop,48,16,3,0.19779,0.9774683509778551,0,5000,1000,5.0201698362103375,11.11685886391743,16.137028700127768,0.16774091208700714,0,5000,5000,5000
device_0,0.0,1701,2.0,70.0,0.05,late,48,16,3,0.19936,-0.002661444942765865,0,5000,1000,0.7385016397455867,4.854798099877999,5.5932997396235855,0.008889862325528275,0,5000,5000,5000
device_0,0.0,1702,2.0,70.0,0.05,late,48,16,3,0.20106,0.005830007599770396,0,5000,1000,0.8394871814350106,4.720070932848541,5.5595581142835515,0.007993522187369399,0,5000,5000,5000
device_0,0.0,1703,2.0,70.0,0.05,late,48,16,3,0.19952,0.005656351965683195,0,5000,1000,0.7762769428928293,4.794055562042291,5.570332504935121,0.007313840477762594,0,5000,5000,5000
device_0,0.0,1704,2.0,70.0,0.05,late,48,16,3,0.20257,0.002457782015709934,0,5000,1000,0.7959212276825258,4.752736993009001,5.548658220691526,0.007615188680428837,0,5000,5000,5000
device_0,0.0,1705,2.0,70.0,0.05,late,48,16,3,0.20104,-0.004155617772998724,0,5000,1000,0.7977107585432986,4.769316248271366,5.567027006814665,0.007656443373723756,0,5000,5000,5000
device_0,0.0,1706,2.0,70.0,0.05,late,48,16,3,0.20062,-0.0045443747273977144,0,5000,1000,0.7621585271888519,4.805964266140863,5.568122793329714,0.007147394030170004,0,5000,5000,5000
device_0,0.0,1707,2.0,70.0,0.05,late,48,16,3,0.19896,0.001346027845602329,0,5000,1000,0.8031200996488832,4.787708588222689,5.590828687871571,0.007560514110037407,0,5000,5000,5000
device_0,0.0,1708,2.0,70.0,0.05,late,48,16,3,0.19922,-0.001372807149175493,0,5000,1000,0.8215014395232257,4.751830083054284,5.57333152257751,0.008922914114733138,0,5000,5000,5000
device_0,0.0,1709,2.0,70.0,0.05,late,48,16,3,0.20001,0.005034822885721277,0,5000,1000,0.7691420873358145,4.815058291762145,5.58420037909796,0.00754110186495607,0,5000,5000,5000
device_0,0.0,1710,2.0,70.0,0.05,late,48,16,3,0.19848,0.0007247411049733544,0,5000,1000,0.7705574482691836,4.822424074297986,5.59298152256717,0.006859673443861443,0,5000,5000,5000
device_0,0.375,1701,2.0,70.0,0.05,late,48,16,3,0.19773,0.37585282092426525,0,5000,1000,0.7642969787860941,4.836532753562593,5.600829732348687,0.021760213067112934,0,5000,5000,5000
device_0,0.375,1702,2.0,70.0,0.05,late,48,16,3,0.20083,0.3763938072575695,0,5000,1000,0.7479726367670007,4.822606920330952,5.570579557097953,0.01991199269571377,0,5000,5000,5000
device_0,0.375,1703,2.0,70.0,0.05,late,48,16,3,0.19949,0.3708761472322628,0,5000,1000,0.7481222184481966,4.8149197832485156,5.5630420016967115,0.019646847687710953,0,5000,5000,5000
device_0,0.375,1704,2.0,70.0,0.05,late,48,16,3,0.19956,0.37083454970073176,0,5000,1000,0.7949445009427748,4.782008034159817,5.576952535102592,0.020701767651201894,0,5000,5000,5000
device_0,0.375,1705,2.0,70.0,0.05,late,48,16,3,0.1976,0.38054564128452917,0,5000,1000,0.8047657577885778,4.782520668140718,5.587286425929296,0.020565165708351093,0,5000,5000,5000
device_0,0.375,1706,2.0,70.0,0.05,late,48,16,3,0.19975,0.37847803043317246,0,5000,1000,0.7654395582523799,4.811323585227988,5.576763143480368,0.02229097478769006,0,5000,5000,5000
device_0,0.375,1707,2.0,70.0,0.05,late,48,16,3,0.19756,0.3714936166119789,0,5000,1000,0.8029919917150329,4.794625255533188,5.597617247248221,0.020972620135935226,0,5000,5000,5000
device_0,0.375,1708,2.0,70.0,0.05,late,48,16,3,0.19968,0.3728274067949136,0,5000,1000,0.8008017252379854,4.781675347031399,5.582477072269385,0.020318147249672666,0,5000,5000,5000
device_0,0.375,1709,2.0,70.0,0.05,late,48,16,3,0.20214,0.3789219763360735,0,5000,1000,0.8240945386806949,4.711784470650009,5.535879009330705,0.019776157821962355,0,5000,5000,5000
device_0,0.375,1710,2.0,70.0,0.05,late,48,16,3,0.19842,0.37511826036297974,0,5000,1000,0.8017021069743836,4.782657166744612,5.584359273718996,0.02147174089430548,0,5000,5000,5000
device_0,0.75,1701,2.0,70.0,0.05,late,48,16,3,0.20817,0.7556341521150168,0,5000,1000,0.8103046946936943,4.686532798305487,5.496837492999181,0.03319783444168541,0,5000,5000,5000
device_0,0.75,1702,2.0,70.0,0.05,late,48,16,3,0.20244,0.7487885933421545,0,5000,1000,0.791491200962092,4.755935874177009,5.5474270751391,0.034481031117521044,0,5000,5000,5000
device_0,0.75,1703,2.0,70.0,0.05,late,48,16,3,0.20102,0.7470900970852136,0,5000,1000,0.7579990200085511,4.808010395653872,5.566009415662423,0.03836848047058761,0,5000,5000,5000
device_0,0.75,1704,2.0,70.0,0.05,late,48,16,3,0.19715,0.7479806369104111,0,5000,1000,0.7930862190221457,4.81508799693056,5.608174215952706,0.037839476119750984,0,5000,5000,5000
device_0,0.75,1705,2.0,70.0,0.05,late,48,16,3,0.20494,0.7506431485678381,0,5000,1000,0.7872136799445797,4.726258889617302,5.513472569561882,0.03628494919503781,0,5000,5000,5000
device_0,0.75,1706,2.0,70.0,0.05,late,48,16,3,0.20282,0.7537784223147826,0,5000,1000,0.7568909715926477,4.806481481799234,5.563372453391882,0.03667954446853192,0,5000,5000,5000
device_0,0.75,1707,2.0,70.0,0.05,late,48,16,3,0.20138,0.7431906944181493,0,5000,1000,0.7712894016588507,4.774136798097555,5.545426199756405,0.03681264344320891,0,5000,5000,5000
device_0,0.75,1708,2.0,70.0,0.05,late,48,16,3,0.20034,0.7475350990705809,0,5000,1000,0.7692363168764984,4.821916938762138,5.591153255638637,0.03849856276255278,0,5000,5000,5000
device_0,0.75,1709,2.0,70.0,0.05,late,48,16,3,0.20613,0.7542776800152501,0,5000,1000,0.8216849461141394,4.694804229142344,5.516489175256483,0.036731430368914186,0,5000,5000,5000
device_0,0.75,1710,2.0,70.0,0.05,late,48,16,3,0.20286,0.74728584709585,0,5000,1000,0.7905020083908,4.7578625526325995,5.5483645610234,0.03566746948174092,0,5000,5000,5000
device_0,0.875,1701,2.0,70.0,0.05,late,48,16,3,0.20249,0.8763990178082249,0,5000,1000,0.794488150149919,4.757580959642009,5.552069109791928,0.044148669120638036,0,5000,5000,5000
device_0,0.875,1702,2.0,70.0,0.05,late,48,16,3,0.19703,0.8759866636367837,0,5000,1000,0.7584806881155675,4.853015585759541,5.611496273875109,0.04582826600296953,0,5000,5000,5000
device_0,0.875,1703,2.0,70.0,0.05,late,48,16,3,0.20238,0.8773687974569232,0,5000,1000,0.8233654376348943,4.729922648958527,5.553288086593422,0.044590311436223676,0,5000,5000,5000
device_0,0.875,1704,2.0,70.0,0.05,late,48,16,3,0.19663,0.8771256568671042,0,5000,1000,0.7805838786915821,4.825521392501214,5.606105271192797,0.04780548157492224,0,5000,5000,5000
device_0,0.875,1705,2.0,70.0,0.05,late,48,16,3,0.20133,0.8756186617053834,0,5000,1000,0.7786473281883503,4.786884126270644,5.565531454458995,0.04133019868067762,0,5000,5000,5000
device_0,0.875,1706,2.0,70.0,0.05,late,48,16,3,0.19605,0.8731077294363513,0,5000,1000,0.7708443218461006,4.844749677190485,5.615593999036586,0.04554730136698698,0,5000,5000,5000
device_0,0.875,1707,2.0,70.0,0.05,late,48,16,3,0.2,0.8774036452681541,0,5000,1000,0.7616172300139905,4.8127301725902525,5.574347402604243,0.04514891890135811,0,5000,5000,5000
device_0,0.875,1708,2.0,70.0,0.05,late,48,16,3,0.20258,0.87442580026271,0,5000,1000,0.7434104541279835,4.7976615048153715,5.541071958943354,0.042252812234365944,0,5000,5000,5000
device_0,0.875,1709,2.0,70.0,0.05,late,48,16,3,0.19831,0.8770598020870867,0,5000,1000,0.7759640866796682,4.830884025876131,5.606848112555799,0.0488034537215166,0,5000,5000,5000
device_0,0.875,1710,2.0,70.0,0.05,late,48,16,3,0.19668,0.8724656025657239,0,5000,1000,0.7874678426128258,4.815854699766888,5.603322542379714,0.043397226062008465,0,5000,5000,5000
device_0,0.9375,1701,2.0,70.0,0.05,late,48,16,3,0.20509,0.9402237906216514,0,5000,1000,0.8063833008059749,4.707959201867048,5.514342502673024,0.04333494241803102,0,5000,5000,5000
device_0,0.9375,1702,2.0,70.0,0.05,late,48,16,3,0.19366,0.9366016280001491,0,5000,1000,0.7713298223640881,4.852697065990425,5.624026888354512,0.05054123727679976,0,5000,5000,5000
device_0,0.9375,1703,2.0,70.0,0.05,late,48,16,3,0.19489,0.9369055048961522,0,5000,1000,0.7822799485359924,4.844980687762486,5.627260636298478,0.04976470495413804,0,5000,5000,5000
device_0,0.9375,1704,2.0,70.0,0.05,late,48,16,3,0.19999,0.9358099323716185,0,5000,1000,0.8049030307545435,4.770138791288966,5.5750418220435085,0.046020316498232634,0,5000,5000,5000
device_0,0.9375,1705,2.0,70.0,0.05,late,48,16,3,0.19063,0.9374553760710133,0,5000,1000,0.8126567315457668,4.847620600365997,5.660277331911764,0.051258744169924354,0,5000,5000,5000
device_0,0.9375,1706,2.0,70.0,0.05,late,48,16,3,0.20144,0.9386428776611538,0,5000,1000,0.7905719701483234,4.775829876643148,5.5664018467914715,0.04479555226431101,0,5000,5000,5000
device_0,0.9375,1707,2.0,70.0,0.05,late,48,16,3,0.20073,0.9386652506542138,0,5000,1000,0.8196045753197196,4.75360636832901,5.573210943648729,0.047389301381824164,0,5000,5000,5000
device_0,0.9375,1708,2.0,70.0,0.05,late,48,16,3,0.19042,0.9350336658268497,0,5000,1000,0.7777666028238891,4.8902914872994225,5.668058090123312,0.05289269510916629,0,5000,5000,5000
device_0,0.9375,1709,2.0,70.0,0.05,late,48,16,3,0.20214,0.9387695757970393,0,5000,1000,0.8079218985264257,4.744546936014541,5.552468834540967,0.046371193761515626,0,5000,5000,5000
device_0,0.9375,1710,2.0,70.0,0.05,late,48,16,3,0.20082,0.9338903427364145,0,5000,1000,0.7759293669549784,4.795175963570686,5.571105330525665,0.044666646954535344,0,5000,5000,5000
device_0,0.975,1701,2.0,70.0,0.05,late,48,16,3,0.20012,0.9750727182312047,0,5000,1000,0.7888948839179057,4.78157899412392,5.570473878041826,0.04999104048221994,0,5000,5000,5000
device_0,0.975,1702,2.0,70.0,0.05,late,48,16,3,0.19762,0.9739220248349032,0,5000,1000,0.7990253239865861,4.789550939428525,5.588576263415111,0.05105110627204955,0,5000,5000,5000
device_0,0.975,1703,2.0,70.0,0.05,late,48,16,3,0.1984,0.975854682367182,0,5000,1000,0.7971009099183588,4.79189543905774,5.5889963489760985,0.05192531626949797,0,5000,5000,5000
device_0,0.975,1704,2.0,70.0,0.05,late,48,16,3,0.19634,0.9733501805342133,0,5000,1000,0.7902127309398084,4.818322828279763,5.608535559219572,0.052156512492769674,0,5000,5000,5000
device_0,0.975,1705,2.0,70.0,0.05,late,48,16,3,0.19493,0.9747974986214312,0,5000,1000,0.7729542031081512,4.854807948176197,5.627762151284348,0.052699130641081185,0,5000,5000,5000
device_0,0.975,1706,2.0,70.0,0.05,late,48,16,3,0.203,0.9742259419786155,0,5000,1000,0.7899386929300024,4.756983419229982,5.546922112159985,0.04683245996917954,0,5000,5000,5000
device_0,0.975,1707,2.0,70.0,0.05,late,48,16,3,0.20266,0.9738223967562294,0,5000,1000,0.7526523444175954,4.792370377087706,5.545022721505301,0.048180232049937495,0,5000,5000,5000
device_0,0.975,1708,2.0,70.0,0.05,late,48,16,3,0.19043,0.9746047948044175,0,5000,1000,0.7811131009702141,4.893258039029833,5.674371140000047,0.053809017623097664,0,5000,5000,5000
device_0,0.975,1709,2.0,70.0,0.05,late,48,16,3,0.19294,0.9749540477640206,0,5000,1000,0.7998763928193109,4.853591413264327,5.653467806083639,0.05180123940137522,0,5000,5000,5000
device_0,0.975,1710,2.0,70.0,0.05,late,48,16,3,0.19779,0.9774683509778551,0,5000,1000,0.7873393050503517,4.818534627291595,5.605873932341946,0.05242762175326444,0,5000,5000,5000
device_0,0.0,1701,2.0,70.0,0.1,drop,48,16,3,0.19936,-0.002661444942765865,0,10000,1000,10.031767805435726,20.473110136302118,30.504877941737842,0.18242993753293923,0,10000,10000,10000
device_0,0.0,1702,2.0,70.0,0.1,drop,48,16,3,0.20106,0.005830007599770396,0,10000,1000,9.860122044769083,20.524467579920874,30.38458962468996,0.1947510811865388,0,10000,10000,10000
device_0,0.0,1703,2.0,70.0,0.1,drop,48,16,3,0.19952,0.005656351965683195,0,10000,1000,9.92738544406367,20.52346518627401,30.45085063033768,0.1949163324640598,0,10000,10000,10000
device_0,0.0,1704,2.0,70.0,0.1,drop,48,16,3,0.20257,0.002457782015709934,0,10000,1000,9.847980779532172,20.440010652527608,30.28799143205978,0.18176734777189482,0,10000,10000,10000
device_0,0.0,1705,2.0,70.0,0.1,drop,48,16,3,0.20104,-0.004155617772998724,0,10000,1000,9.978298812637503,20.45532049295165,30.433619305589154,0.18108800316391693,0,10000,10000,10000
device_0,0.0,1706,2.0,70.0,0.1,drop,48,16,3,0.20062,-0.0045443747273977144,0,10000,1000,9.962315573119565,20.50985402223012,30.472169595349683,0.17553322692324824,0,10000,10000,10000
device_0,0.0,1707,2.0,70.0,0.1,drop,48,16,3,0.19896,0.001346027845602329,0,10000,1000,10.006296376866489,20.484664383832442,30.49096076069893,0.18152934124125367,0,10000,10000,10000
device_0,0.0,1708,2.0,70.0,0.1,drop,48,16,3,0.19922,-0.001372807149175493,0,10000,1000,9.977867129595305,20.512152333584698,30.490019463180005,0.18433576336656468,0,10000,10000,10000
device_0,0.0,1709,2.0,70.0,0.1,drop,48,16,3,0.20001,0.005034822885721277,0,10000,1000,10.165449448591025,20.31556269533685,30.48101214392787,0.19264360338173295,0,10000,10000,10000
device_0,0.0,1710,2.0,70.0,0.1,drop,48,16,3,0.19848,0.0007247411049733544,0,10000,1000,9.97776678965024,20.568165617510775,30.545932407161015,0.19041267812626142,0,10000,10000,10000
device_0,0.375,1701,2.0,70.0,0.1,drop,48,16,3,0.19773,0.37585282092426525,0,10000,1000,9.955121570686059,20.57916600068163,30.534287571367692,0.5066644255023509,0,10000,10000,10000
device_0,0.375,1702,2.0,70.0,0.1,drop,48,16,3,0.20083,0.3763938072575695,0,10000,1000,10.016274209750653,20.402515433180938,30.418789642931593,0.4861907658024269,0,10000,10000,10000
device_0,0.375,1703,2.0,70.0,0.1,drop,48,16,3,0.19949,0.3708761472322628,0,10000,1000,10.13186358818637,20.327596477640785,30.459460065827155,0.4740777023124367,0,10000,10000,10000
device_0,0.375,1704,2.0,70.0,0.1,drop,48,16,3,0.19956,0.37083454970073176,0,10000,1000,10.105805324307868,20.363043891158082,30.468849215465948,0.4957488063666487,0,10000,10000,10000
device_0,0.375,1705,2.0,70.0,0.1,drop,48,16,3,0.1976,0.38054564128452917,0,10000,1000,10.049747767731565,20.53736860992618,30.587116377657743,0.5281455299676083,0,10000,10000,10000
device_0,0.375,1706,2.0,70.0,0.1,drop,48,16,3,0.19975,0.37847803043317246,0,10000,1000,10.067663154058325,20.42924120447502,30.496904358533346,0.480346514169481,0,10000,10000,10000
device_0,0.375,1707,2.0,70.0,0.1,drop,48,16,3,0.19756,0.3714936166119789,0,10000,1000,10.01697002280134,20.511399104120855,30.528369126922197,0.49426858367901677,0,10000,10000,10000
device_0,0.375,1708,2.0,70.0,0.1,drop,48,16,3,0.19968,0.3728274067949136,0,10000,1000,10.074647640663708,20.327527539194964,30.402175179858666,0.48341320011764727,0,10000,10000,10000
device_0,0.375,1709,2.0,70.0,0.1,drop,48,16,3,0.20214,0.3789219763360735,0,10000,1000,10.064038316000172,20.309666574516545,30.37370489051672,0.4977635186395441,0,10000,10000,10000
device_0,0.375,1710,2.0,70.0,0.1,drop,48,16,3,0.19842,0.37511826036297974,0,10000,1000,10.014202578296091,20.549704995247467,30.563907573543556,0.49345138683481904,0,10000,10000,10000
device_0,0.75,1701,2.0,70.0,0.1,drop,48,16,3,0.20817,0.7556341521150168,0,10000,1000,9.918079666707746,20.121570484208814,30.03965015091656,0.8631031723360244,0,10000,10000,10000
device_0,0.75,1702,2.0,70.0,0.1,drop,48,16,3,0.20244,0.7487885933421545,0,10000,1000,9.958665543661034,20.4226648087302,30.381330352391238,1.0389349519057958,0,10000,10000,10000
device_0,0.75,1703,2.0,70.0,0.1,drop,48,16,3,0.20102,0.7470900970852136,0,10000,1000,9.918158113919429,20.51110240190099,30.429260515820417,1.1723426518393458,0,10000,10000,10000
device_0,0.75,1704,2.0,70.0,0.1,drop,48,16,3,0.19715,0.7479806369104111,0,10000,1000,10.014847137534948,20.60865173169614,30.62349886923109,1.3839131222482086,0,10000,10000,10000
device_0,0.75,1705,2.0,70.0,0.1,drop,48,16,3,0.20494,0.7506431485678381,0,10000,1000,9.942089116439806,20.269363701958497,30.211452818398303,0.9689249356630153,0,10000,10000,10000
device_0,0.75,1706,2.0,70.0,0.1,drop,48,16,3,0.20282,0.7537784223147826,0,10000,1000,10.153825732752928,20.17613435293495,30.32996008568788,1.0794133386245708,0,10000,10000,10000
device_0,0.75,1707,2.0,70.0,0.1,drop,48,16,3,0.20138,0.7431906944181493,0,10000,1000,10.065254156550433,20.30204508033392,30.367299236884353,1.0515821605203104,0,10000,10000,10000
device_0,0.75,1708,2.0,70.0,0.1,drop,48,16,3,0.20034,0.7475350990705809,0,10000,1000,9.986290396413343,20.487545396907922,30.473835793321264,1.1941206387103693,0,10000,10000,10000
device_0,0.75,1709,2.0,70.0,0.1,drop,48,16,3,0.20613,0.7542776800152501,0,10000,1000,9.951945664880588,20.181267783388286,30.13321344826888,0.9316772180280987,0,10000,10000,10000
device_0,0.75,1710,2.0,70.0,0.1,drop,48,16,3,0.20286,0.74728584709585,0,10000,1000,9.94720616500669,20.40642966716806,30.35363583217475,1.0062508589967298,0,10000,10000,10000
device_0,0.875,1701,2.0,70.0,0.1,drop,48,16,3,0.20249,0.8763990178082249,0,10000,1000,10.123422420565495,20.22415295011761,30.347575370683106,1.8135116996007903,0,10000,10000,10000
device_0,0.875,1702,2.0,70.0,0.1,drop,48,16,3,0.19703,0.8759866636367837,0,10000,1000,10.029181981527184,20.54985595148641,30.57903793301359,2.211209614991427,0,10000,10000,10000
device_0,0.875,1703,2.0,70.0,0.1,drop,48,16,3,0.20238,0.8773687974569232,0,10000,1000,10.032533825751402,20.348512789149478,30.381046614900885,1.8276278168014668,0,10000,10000,10000
device_0,0.875,1704,2.0,70.0,0.1,drop,48,16,3,0.19663,0.8771256568671042,0,10000,1000,10.042491339916086,20.535280967684603,30.577772307600686,2.2793942407590317,0,10000,10000,10000
device_0,0.875,1705,2.0,70.0,0.1,drop,48,16,3,0.20133,0.8756186617053834,0,10000,1000,10.0064597567715,20.388109500278844,30.394569257050343,1.9440565290901597,0,10000,10000,10000
device_0,0.875,1706,2.0,70.0,0.1,drop,48,16,3,0.19605,0.8731077294363513,0,10000,1000,9.988311357983253,20.717126012853313,30.705437370836567,2.3413365319644788,0,10000,10000,10000
device_0,0.875,1707,2.0,70.0,0.1,drop,48,16,3,0.2,0.8774036452681541,0,10000,1000,10.071342316675931,20.39546942759472,30.46681174427065,2.049509120582322,0,10000,10000,10000
device_0,0.875,1708,2.0,70.0,0.1,drop,48,16,3,0.20258,0.87442580026271,0,10000,1000,10.114463061726548,20.281210657864737,30.395673719591286,1.9070148630097845,0,10000,10000,10000
device_0,0.875,1709,2.0,70.0,0.1,drop,48,16,3,0.19831,0.8770598020870867,0,10000,1000,9.995805529071665,20.535616569396034,30.5314220984677,2.183740619166252,0,10000,10000,10000
device_0,0.875,1710,2.0,70.0,0.1,drop,48,16,3,0.19668,0.8724656025657239,0,10000,1000,9.896417750174987,20.72816738072741,30.6245851309024,2.265632154171069,0,10000,10000,10000
device_0,0.9375,1701,2.0,70.0,0.1,drop,48,16,3,0.20509,0.9402237906216514,0,10000,1000,9.98682366280022,20.155255252541988,30.142078915342207,1.9819490975913294,0,10000,10000,10000
device_0,0.9375,1702,2.0,70.0,0.1,drop,48,16,3,0.19366,0.9366016280001491,0,10000,1000,9.86067470639973,20.876564589129664,30.737239295529392,2.8265748351063507,0,10000,10000,10000
device_0,0.9375,1703,2.0,70.0,0.1,drop,48,16,3,0.19489,0.9369055048961522,0,10000,1000,9.989198363510571,20.7033853604596,30.69258372397017,2.8177991184035336,0,10000,10000,10000
device_0,0.9375,1704,2.0,70.0,0.1,drop,48,16,3,0.19999,0.9358099323716185,0,10000,1000,10.067304619252738,20.431264789446164,30.4985694086989,2.444224460592345,0,10000,10000,10000
device_0,0.9375,1705,2.0,70.0,0.1,drop,48,16,3,0.19063,0.9374553760710133,0,10000,1000,10.047659315639953,20.858179171883336,30.90583848752329,3.069515881961013,0,10000,10000,10000
device_0,0.9375,1706,2.0,70.0,0.1,drop,48,16,3,0.20144,0.9386428776611538,0,10000,1000,10.015331313746197,20.381346473696183,30.396677787442382,2.354974830191145,0,10000,10000,10000
device_0,0.9375,1707,2.0,70.0,0.1,drop,48,16,3,0.20073,0.9386652506542138,0,10000,1000,9.906501949664657,20.543258274017703,30.449760223682365,2.3937985362398595,0,10000,10000,10000
device_0,0.9375,1708,2.0,70.0,0.1,drop,48,16,3,0.19042,0.9350336658268497,0,10000,1000,10.0572672672927,20.832236638679255,30.889503905971956,3.0898371777414027,0,10000,10000,10000
device_0,0.9375,1709,2.0,70.0,0.1,drop,48,16,3,0.20214,0.9387695757970393,0,10000,1000,9.964106066434859,20.39017748460962,30.354283551044478,2.302338895368267,0,10000,10000,10000
device_0,0.9375,1710,2.0,70.0,0.1,drop,48,16,3,0.20082,0.9338903427364145,0,10000,1000,9.934740852314153,20.48213648067816,30.416877332992318,2.3150513783708653,0,10000,10000,10000
device_0,0.975,1701,2.0,70.0,0.1,drop,48,16,3,0.20012,0.9750727182312047,0,10000,1000,9.981167258137978,20.42149436659224,30.402661624730214,2.6167883731361217,0,10000,10000,10000
device_0,0.975,1702,2.0,70.0,0.1,drop,48,16,3,0.19762,0.9739220248349032,0,10000,1000,9.81745124630909,20.735617297541186,30.553068543850273,2.798933412360997,0,10000,10000,10000
device_0,0.975,1703,2.0,70.0,0.1,drop,48,16,3,0.1984,0.975854682367182,0,10000,1000,10.044893468717746,20.452525014225277,30.497418482943022,2.7416384955824142,0,10000,10000,10000
device_0,0.975,1704,2.0,70.0,0.1,drop,48,16,3,0.19634,0.9733501805342133,0,10000,1000,10.186595270774626,20.438204618495263,30.624799889269894,2.917702292241846,0,10000,10000,10000
device_0,0.975,1705,2.0,70.0,0.1,drop,48,16,3,0.19493,0.9747974986214312,0,10000,1000,10.000361757893856,20.718055580629102,30.71841733852296,3.06316439675423,0,10000,10000,10000
device_0,0.975,1706,2.0,70.0,0.1,drop,48,16,3,0.203,0.9742259419786155,0,10000,1000,10.067878035110658,20.29530430575946,30.363182340870114,2.4320403569426703,0,10000,10000,10000
device_0,0.975,1707,2.0,70.0,0.1,drop,48,16,3,0.20266,0.9738223967562294,0,10000,1000,10.006013747186133,20.302029852430028,30.308043599616163,2.44228660033584,0,10000,10000,10000
device_0,0.975,1708,2.0,70.0,0.1,drop,48,16,3,0.19043,0.9746047948044175,0,10000,1000,10.039409851968822,20.89844306205267,30.937852914021494,3.4408074432357685,0,10000,10000,10000
device_0,0.975,1709,2.0,70.0,0.1,drop,48,16,3,0.19294,0.9749540477640206,0,10000,1000,10.036040386290502,20.746071737087355,30.782112123377853,3.246712738745016,0,10000,10000,10000
device_0,0.975,1710,2.0,70.0,0.1,drop,48,16,3,0.19779,0.9774683509778551,0,10000,1000,9.833775788472805,20.768532584148442,30.602308372621245,2.915965067244827,0,10000,10000,10000
device_0,0.0,1701,2.0,70.0,0.1,late,48,16,3,0.19936,-0.002661444942765865,0,10000,1000,1.517199335428284,9.188163049207903,10.705362384636187,0.07356901473503609,0,10000,10000,10000
device_0,0.0,1702,2.0,70.0,0.1,late,48,16,3,0.20106,0.005830007599770396,0,10000,1000,1.5659645737501144,9.08961742937667,10.655582003126785,0.07197623371636136,0,10000,10000,10000
device_0,0.0,1703,2.0,70.0,0.1,late,48,16,3,0.19952,0.005656351965683195,0,10000,1000,1.5629380937525446,9.10426592078274,10.667204014535285,0.06792002547566858,0,10000,10000,10000
device_0,0.0,1704,2.0,70.0,0.1,late,48,16,3,0.20257,0.002457782015709934,0,10000,1000,1.5728122292128943,9.064683317090093,10.637495546302988,0.06773830484504689,0,10000,10000,10000
device_0,0.0,1705,2.0,70.0,0.1,late,48,16,3,0.20104,-0.004155617772998724,0,10000,1000,1.484310729329387,9.180495205399529,10.664805934728916,0.06945998387439739,0,10000,10000,10000
device_0,0.0,1706,2.0,70.0,0.1,late,48,16,3,0.20062,-0.0045443747273977144,0,10000,1000,1.596933200418708,9.065183353785086,10.662116554203793,0.06679484253802015,0,10000,10000,10000
device_0,0.0,1707,2.0,70.0,0.1,late,48,16,3,0.19896,0.001346027845602329,0,10000,1000,1.6407106890996381,9.061568449623259,10.702279138722897,0.07080215265509457,0,10000,10000,10000
device_0,0.0,1708,2.0,70.0,0.1,late,48,16,3,0.19922,-0.001372807149175493,0,10000,1000,1.5498086050794952,9.118688611722268,10.668497216801764,0.07643316992408976,0,10000,10000,10000
device_0,0.0,1709,2.0,70.0,0.1,late,48,16,3,0.20001,0.005034822885721277,0,10000,1000,1.487067771178006,9.20558547162706,10.692653242805067,0.07159998176140875,0,10000,10000,10000
device_0,0.0,1710,2.0,70.0,0.1,late,48,16,3,0.19848,0.0007247411049733544,0,10000,1000,1.57116723222962,9.14021937546833,10.711386607697952,0.06857391353270748,0,10000,10000,10000
device_0,0.375,1701,2.0,70.0,0.1,late,48,16,3,0.19773,0.37585282092426525,0,10000,1000,1.5189110142859952,9.198820939217875,10.717731953503868,0.2224941130562085,0,10000,10000,10000
device_0,0.375,1702,2.0,70.0,0.1,late,48,16,3,0.20083,0.3763938072575695,0,10000,1000,1.6017815233962553,9.075028222172723,10.676809745568978,0.21857447746607503,0,10000,10000,10000
device_0,0.375,1703,2.0,70.0,0.1,late,48,16,3,0.19949,0.3708761472322628,0,10000,1000,1.6002813660648636,9.059903521473885,10.660184887538747,0.21237169049303345,0,10000,10000,10000
device_0,0.375,1704,2.0,70.0,0.1,late,48,16,3,0.19956,0.37083454970073176,0,10000,1000,1.5230529635949368,9.158961312377631,10.68201427597257,0.21116740817998292,0,10000,10000,10000
device_0,0.375,1705,2.0,70.0,0.1,late,48,16,3,0.1976,0.38054564128452917,0,10000,1000,1.5583271386721165,9.143463435941309,10.701790574613426,0.2255381918793117,0,10000,10000,10000
device_0,0.375,1706,2.0,70.0,0.1,late,48,16,3,0.19975,0.37847803043317246,0,10000,1000,1.5467853342615872,9.135350667749329,10.682136002010914,0.2318030977022856,0,10000,10000,10000
device_0,0.375,1707,2.0,70.0,0.1,late,48,16,3,0.19756,0.3714936166119789,0,10000,1000,1.5725983694682937,9.147734668042773,10.720333037511068,0.22505172545376495,0,10000,10000,10000
device_0,0.375,1708,2.0,70.0,0.1,late,48,16,3,0.19968,0.3728274067949136,0,10000,1000,1.5360460069295856,9.165540188778957,10.701586195708543,0.20502126728936676,0,10000,10000,10000
device_0,0.375,1709,2.0,70.0,0.1,late,48,16,3,0.20214,0.3789219763360735,0,10000,1000,1.5515099099406762,9.058977857914536,10.610487767855211,0.20463764975766102,0,10000,10000,10000
device_0,0.375,1710,2.0,70.0,0.1,late,48,16,3,0.19842,0.37511826036297974,0,10000,1000,1.5376603961255721,9.150045142079927,10.687705538205497,0.21866191445493074,0,10000,10000,10000
device_0,0.75,1701,2.0,70.0,0.1,late,48,16,3,0.20817,0.7556341521150168,0,10000,1000,1.5980798424444567,8.948423199579455,10.546503042023913,0.5364236030502348,0,10000,10000,10000
device_0,0.75,1702,2.0,70.0,0.1,late,48,16,3,0.20244,0.7487885933421545,0,10000,1000,1.5814109965081837,9.042500118136841,10.623911114645026,0.7465672278344606,0,10000,10000,9933
device_0,0.75,1703,2.0,70.0,0.1,late,48,16,3,0.20102,0.7470900970852136,0,10000,1000,1.565064602305301,9.094687282559207,10.659751884864509,0.8237775837920741,0,10000,10000,9844
device_0,0.75,1704,2.0,70.0,0.1,late,48,16,3,0.19715,0.7479806369104111,0,10000,1000,1.5077094769261992,9.229297054903562,10.73700653182976,0.9732353891721586,0,10000,10000,9674
device_0,0.75,1705,2.0,70.0,0.1,late,48,16,3,0.20494,0.7506431485678381,0,10000,1000,1.609833589421793,8.956679849381185,10.566513438802977,0.6175907334941827,0,10000,10000,10000
device_0,0.75,1706,2.0,70.0,0.1,late,48,16,3,0.20282,0.7537784223147826,0,10000,1000,1.6212015776908149,9.042105972943386,10.663307550634201,0.7544043808464591,0,10000,10000,9899
device_0,0.75,1707,2.0,70.0,0.1,late,48,16,3,0.20138,0.7431906944181493,0,10000,1000,1.5655799078456007,9.06124234209112,10.626822249936719,0.7452703440663015,0,10000,10000,9939
device_0,0.75,1708,2.0,70.0,0.1,late,48,16,3,0.20034,0.7475350990705809,0,10000,1000,1.5779608059090333,9.12294342264461,10.700904228553645,0.8313522685735992,0,10000,10000,9824
device_0,0.75,1709,2.0,70.0,0.1,late,48,16,3,0.20613,0.7542776800152501,0,10000,1000,1.5577897317418672,9.019768128526723,10.57755786026859,0.6108591469644741,0,10000,10000,10000
device_0,0.75,1710,2.0,70.0,0.1,late,48,16,3,0.20286,0.74728584709585,0,10000,1000,1.5304965887288087,9.098594439356917,10.629091028085725,0.7476322887571749,0,10000,10000,9926
device_0,0.875,1701,2.0,70.0,0.1,late,48,16,3,0.20249,0.8763990178082249,0,10000,1000,1.58035895292442,9.060106958813561,10.640465911737982,1.2053728881170616,0,10000,10000,9454
device_0,0.875,1702,2.0,70.0,0.1,late,48,16,3,0.19703,0.8759866636367837,0,10000,1000,1.6386836211790448,9.104473859449202,10.743157480628248,1.4418473099597715,0,10000,10000,9187
device_0,0.875,1703,2.0,70.0,0.1,late,48,16,3,0.20238,0.8773687974569232,0,10000,1000,1.5856352663956312,9.046485920096792,10.632121186492423,1.2015049367054536,0,10000,10000,9460
device_0,0.875,1704,2.0,70.0,0.1,late,48,16,3,0.19663,0.8771256568671042,0,10000,1000,1.5664031419559958,9.16251278312556,10.728915925081559,1.467675827150844,0,10000,10000,9174
device_0,0.875,1705,2.0,70.0,0.1,late,48,16,3,0.20133,0.8756186617053834,0,10000,1000,1.6120650115341089,9.044217885354696,10.656282896888806,1.2484417666031715,0,10000,10000,9389
device_0,0.875,1706,2.0,70.0,0.1,late,48,16,3,0.19605,0.8731077294363513,0,10000,1000,1.5469417201673112,9.19598577699244,10.742927497159751,1.4758720917197914,0,10000,10000,9159
device_0,0.875,1707,2.0,70.0,0.1,late,48,16,3,0.2,0.8774036452681541,0,10000,1000,1.6229738854635136,9.05644638149744,10.679420266960953,1.3100142532527494,0,10000,10000,9343
device_0,0.875,1708,2.0,70.0,0.1,late,48,16,3,0.20258,0.87442580026271,0,10000,1000,1.4986814392923635,9.114962319586908,10.61364375887927,1.2386792186621935,0,10000,10000,9408
device_0,0.875,1709,2.0,70.0,0.1,late,48,16,3,0.19831,0.8770598020870867,0,10000,1000,1.537440991850176,9.189102353822024,10.7265433456722,1.4223244538092474,0,10000,10000,9207
device_0,0.875,1710,2.0,70.0,0.1,late,48,16,3,0.19668,0.8724656025657239,0,10000,1000,1.5749507125785394,9.155061217430319,10.730011930008859,1.455662769155005,0,10000,10000,9192
device_0,0.9375,1701,2.0,70.0,0.1,late,48,16,3,0.20509,0.9402237906216514,0,10000,1000,1.5161721104655823,9.061400222338538,10.577572332804118,1.2410892585963993,0,10000,10000,9394
device_0,0.9375,1702,2.0,70.0,0.1,late,48,16,3,0.19366,0.9366016280001491,0,10000,1000,1.5311657658659978,9.224293077353106,10.755458843219104,1.7558946238639017,0,10000,10000,8868
device_0,0.9375,1703,2.0,70.0,0.1,late,48,16,3,0.19489,0.9369055048961522,0,10000,1000,1.595890786568102,9.167653330430982,10.763544116999084,1.7488653507914553,0,10000,10000,8879
device_0,0.9375,1704,2.0,70.0,0.1,late,48,16,3,0.19999,0.9358099323716185,0,10000,1000,1.6088717015789578,9.076918307018111,10.685790008597069,1.5262262736508658,0,10000,10000,9109
device_0,0.9375,1705,2.0,70.0,0.1,late,48,16,3,0.19063,0.9374553760710133,0,10000,1000,1.5930308642099795,9.214615941033294,10.807646805243275,1.8867054280094013,0,10000,10000,8748
device_0,0.9375,1706,2.0,70.0,0.1,late,48,16,3,0.20144,0.9386428776611538,0,10000,1000,1.613840067981398,9.050316516860537,10.664156584841935,1.4881964588614753,0,10000,10000,9129
device_0,0.9375,1707,2.0,70.0,0.1,late,48,16,3,0.20073,0.9386652506542138,0,10000,1000,1.5121868445490416,9.163612399179382,10.675799243728424,1.514077165761301,0,10000,10000,9132
device_0,0.9375,1708,2.0,70.0,0.1,late,48,16,3,0.19042,0.9350336658268497,0,10000,1000,1.5399616078570078,9.298251621813051,10.838213229670059,1.9272390182223347,0,10000,10000,8701
device_0,0.9375,1709,2.0,70.0,0.1,late,48,16,3,0.20214,0.9387695757970393,0,10000,1000,1.5923842884589263,9.054335669802322,10.646719958261249,1.4752312895838267,0,10000,10000,9174
device_0,0.9375,1710,2.0,70.0,0.1,late,48,16,3,0.20082,0.9338903427364145,0,10000,1000,1.5666243407140659,9.100843837889288,10.667468178603356,1.4748041907125153,0,10000,10000,9160
device_0,0.975,1701,2.0,70.0,0.1,late,48,16,3,0.20012,0.9750727182312047,0,10000,1000,1.5663435496573475,9.102367216062463,10.668710765719812,1.62215310159171,0,10000,10000,9015
device_0,0.975,1702,2.0,70.0,0.1,late,48,16,3,0.19762,0.9739220248349032,0,10000,1000,1.5784077646559016,9.12529767157387,10.703705436229773,1.7085279862979814,0,10000,10000,8942
device_0,0.975,1703,2.0,70.0,0.1,late,48,16,3,0.1984,0.975854682367182,0,10000,1000,1.5726906924195478,9.130732051091332,10.70342274351088,1.7009960521321033,0,10000,10000,8937
device_0,0.975,1704,2.0,70.0,0.1,late,48,16,3,0.19634,0.9733501805342133,0,10000,1000,1.5855650508792427,9.140840563158385,10.726405614037626,1.814805104682883,0,10000,10000,8824
device_0,0.975,1705,2.0,70.0,0.1,late,48,16,3,0.19493,0.9747974986214312,0,10000,1000,1.5220721365245182,9.246575503611421,10.768647640135939,1.8792335227784644,0,10000,10000,8761
device_0,0.975,1706,2.0,70.0,0.1,late,48,16,3,0.203,0.9742259419786155,0,10000,1000,1.571621369086665,9.058682809409857,10.630304178496523,1.4797292532826163,0,10000,10000,9135
device_0,0.975,1707,2.0,70.0,0.1,late,48,16,3,0.20266,0.9738223967562294,0,10000,1000,1.5882251752217345,9.036491226497954,10.62471640171969,1.5190132387380875,0,10000,10000,9096
device_0,0.975,1708,2.0,70.0,0.1,late,48,16,3,0.19043,0.9746047948044175,0,10000,1000,1.5256560186084922,9.317347196717721,10.843003215326213,2.0882873358399245,0,10000,10000,8522
device_0,0.975,1709,2.0,70.0,0.1,late,48,16,3,0.19294,0.9749540477640206,0,10000,1000,1.5386031167070926,9.264998230528098,10.80360134723519,1.9615124027120452,0,10000,10000,8652
device_0,0.975,1710,2.0,70.0,0.1,late,48,16,3,0.19779,0.9774683509778551,0,10000,1000,1.511145867734615,9.219609336761124,10.73075520449574,1.782070998248474,0,10000,10000,8850
device_0,0.0,1701,2.0,70.0,0.15,drop,48,16,3,0.19936,-0.002661444942765865,0,15000,1000,14.9347767791742,29.03610493748256,43.970881716656756,1.7202224466203484,0,15000,15000,15000
device_0,0.0,1702,2.0,70.0,0.15,drop,48,16,3,0.20106,0.005830007599770396,0,15000,1000,14.873183017078864,28.955121815157135,43.828304832236,1.6787411791607216,0,15000,15000,15000
device_0,0.0,1703,2.0,70.0,0.15,drop,48,16,3,0.19952,0.005656351965683195,0,15000,1000,15.035817265824027,28.86645402055571,43.90227128637974,1.7474571160324224,0,15000,15000,15000
device_0,0.0,1704,2.0,70.0,0.15,drop,48,16,3,0.20257,0.002457782015709934,0,15000,1000,14.765897640926212,28.937115671782628,43.70301331270884,1.5329156773140404,0,15000,15000,15000
device_0,0.0,1705,2.0,70.0,0.15,drop,48,16,3,0.20104,-0.004155617772998724,0,15000,1000,15.05555459406787,28.83069601690116,43.886250610969036,1.6311701508752148,0,15000,15000,15000
device_0,0.0,1706,2.0,70.0,0.15,drop,48,16,3,0.20062,-0.0045443747273977144,0,15000,1000,15.042002258881514,28.896900274530385,43.93890253341189,1.6416281589775945,0,15000,15000,15000
device_0,0.0,1707,2.0,70.0,0.15,drop,48,16,3,0.19896,0.001346027845602329,0,15000,1000,14.989515791573584,28.97376147111215,43.963277262685736,1.6981462176287865,0,15000,15000,15000
device_0,0.0,1708,2.0,70.0,0.15,drop,48,16,3,0.19922,-0.001372807149175493,0,15000,1000,15.0727719561672,28.891044887704386,43.96381684387159,1.6999590182465008,0,15000,15000,15000
device_0,0.0,1709,2.0,70.0,0.15,drop,48,16,3,0.20001,0.005034822885721277,0,15000,1000,14.796947361725753,29.13424338395988,43.93119074568563,1.821231139080202,0,15000,15000,15000
device_0,0.0,1710,2.0,70.0,0.15,drop,48,16,3,0.19848,0.0007247411049733544,0,15000,1000,15.06314947923185,28.974402967243215,44.03755244647507,1.8394259016619399,0,15000,15000,15000
device_0,0.375,1701,2.0,70.0,0.15,drop,48,16,3,0.19773,0.37585282092426525,0,15000,1000,15.2169979089545,28.81750477702447,44.03450268597897,6.395796908990594,0,15000,15000,15000
device_0,0.375,1702,2.0,70.0,0.15,drop,48,16,3,0.20083,0.3763938072575695,0,15000,1000,14.966716439938613,28.887081935979094,43.853798375917705,6.010659881535243,0,15000,15000,15000
device_0,0.375,1703,2.0,70.0,0.15,drop,48,16,3,0.19949,0.3708761472322628,0,15000,1000,14.87867341618327,29.034113455260655,43.91278687144393,5.973805375854503,0,15000,15000,15000
device_0,0.375,1704,2.0,70.0,0.15,drop,48,16,3,0.19956,0.37083454970073176,0,15000,1000,14.910387239695062,29.017518333297186,43.92790557299225,6.080319027921867,0,15000,15000,15000
device_0,0.375,1705,2.0,70.0,0.15,drop,48,16,3,0.1976,0.38054564128452917,0,15000,1000,15.038789232234903,29.048512712072537,44.08730194430744,6.392615844283079,0,15000,15000,15000
device_0,0.375,1706,2.0,70.0,0.15,drop,48,16,3,0.19975,0.37847803043317246,0,15000,1000,14.976782241926616,28.977796427467705,43.95457866939432,6.174365443724086,0,15000,15000,15000
device_0,0.375,1707,2.0,70.0,0.15,drop,48,16,3,0.19756,0.3714936166119789,0,15000,1000,14.99515290946257,29.016566595629705,44.01171950509228,6.1633197059741835,0,15000,15000,15000
device_0,0.375,1708,2.0,70.0,0.15,drop,48,16,3,0.19968,0.3728274067949136,0,15000,1000,15.001426198446088,28.851206461348177,43.85263265979427,5.905052132623888,0,15000,15000,15000
device_0,0.375,1709,2.0,70.0,0.15,drop,48,16,3,0.20214,0.3789219763360735,0,15000,1000,14.880349113446083,28.916316485888355,43.79666559933444,5.858770492479672,0,15000,15000,15000
device_0,0.375,1710,2.0,70.0,0.15,drop,48,16,3,0.19842,0.37511826036297974,0,15000,1000,14.827771529929574,29.228492306551235,44.05626383648081,6.166747510232885,0,15000,15000,15000
device_0,0.75,1701,2.0,70.0,0.15,drop,48,16,3,0.20817,0.7556341521150168,0,15000,1000,14.989336021925315,28.350298634724812,43.339634656650134,8.900832341417642,0,15000,15000,15000
device_0,0.75,1702,2.0,70.0,0.15,drop,48,16,3,0.20244,0.7487885933421545,0,15000,1000,14.931436643838406,28.87618002405504,43.80761666789344,9.458259442794663,0,15000,15000,15000
device_0,0.75,1703,2.0,70.0,0.15,drop,48,16,3,0.20102,0.7470900970852136,0,15000,1000,15.009578181730967,28.85380231044421,43.863380492175175,9.610483865129696,0,15000,15000,15000
device_0,0.75,1704,2.0,70.0,0.15,drop,48,16,3,0.19715,0.7479806369104111,0,15000,1000,15.021224718000637,29.11128229052925,44.132507008529885,9.956148442957577,0,15000,15000,15000
device_0,0.75,1705,2.0,70.0,0.15,drop,48,16,3,0.20494,0.7506431485678381,0,15000,1000,14.888477441126,28.68943273041861,43.57791017154461,9.261693670764327,0,15000,15000,15000
device_0,0.75,1706,2.0,70.0,0.15,drop,48,16,3,0.20282,0.7537784223147826,0,15000,1000,14.988951215151223,28.76008091720288,43.74903213235411,9.501060846311592,0,15000,15000,15000
device_0,0.75,1707,2.0,70.0,0.15,drop,48,16,3,0.20138,0.7431906944181493,0,15000,1000,14.920959724029862,28.864033354096545,43.784993078126405,9.470770699561012,0,15000,15000,15000
device_0,0.75,1708,2.0,70.0,0.15,drop,48,16,3,0.20034,0.7475350990705809,0,15000,1000,14.96979531942518,28.975469343887355,43.94526466331253,9.701452353848428,0,15000,15000,15000
device_0,0.75,1709,2.0,70.0,0.15,drop,48,16,3,0.20613,0.7542776800152501,0,15000,1000,14.917891212328604,28.553672825424528,43.471564037753126,9.117748993096958,0,15000,15000,15000
device_0,0.75,1710,2.0,70.0,0.15,drop,48,16,3,0.20286,0.74728584709585,0,15000,1000,14.895939206316628,28.87572327791856,43.771662484235186,9.402442516790508,0,15000,15000,15000
device_0,0.875,1701,2.0,70.0,0.15,drop,48,16,3,0.20249,0.8763990178082249,0,15000,1000,15.115095038349564,28.652847228944886,43.76794226729445,10.50101168227463,0,15000,15000,15000
device_0,0.875,1702,2.0,70.0,0.15,drop,48,16,3,0.19703,0.8759866636367837,0,15000,1000,15.011962087857585,29.07659986093327,44.088561948790854,10.993467944651968,0,15000,15000,15000
device_0,0.875,1703,2.0,70.0,0.15,drop,48,16,3,0.20238,0.8773687974569232,0,15000,1000,14.906618978942344,28.895268506552483,43.801887485494824,10.500521375200751,0,15000,15000,15000
device_0,0.875,1704,2.0,70.0,0.15,drop,48,16,3,0.19663,0.8771256568671042,0,15000,1000,15.127295745669501,28.95502809545342,44.08232384112292,11.060168248103842,0,15000,15000,15000
device_0,0.875,1705,2.0,70.0,0.15,drop,48,16,3,0.20133,0.8756186617053834,0,15000,1000,14.87070717771119,28.96175238258043,43.83245956029162,10.644781919229578,0,15000,15000,15000
device_0,0.875,1706,2.0,70.0,0.15,drop,48,16,3,0.19605,0.8731077294363513,0,15000,1000,15.055948556561884,29.175826235145752,44.23177479170764,11.16114008557211,0,15000,15000,15000
device_0,0.875,1707,2.0,70.0,0.15,drop,48,16,3,0.2,0.8774036452681541,0,15000,1000,15.170677511703255,28.756996600791563,43.92767411249482,10.760203144959267,0,15000,15000,15000
device_0,0.875,1708,2.0,70.0,0.15,drop,48,16,3,0.20258,0.87442580026271,0,15000,1000,15.017888350492514,28.79915254641298,43.817040896905496,10.580934991757484,0,15000,15000,15000
device_0,0.875,1709,2.0,70.0,0.15,drop,48,16,3,0.19831,0.8770598020870867,0,15000,1000,14.905223460494245,29.12624137100857,44.03146483150282,10.95624378260743,0,15000,15000,15000
device_0,0.875,1710,2.0,70.0,0.15,drop,48,16,3,0.19668,0.8724656025657239,0,15000,1000,14.932538322159104,29.20232496325433,44.13486328541344,11.043273022362694,0,15000,15000,15000
device_0,0.9375,1701,2.0,70.0,0.15,drop,48,16,3,0.20509,0.9402237906216514,0,15000,1000,15.014223653650527,28.48137055347205,43.49559420712258,10.677498124472523,0,15000,15000,15000
device_0,0.9375,1702,2.0,70.0,0.15,drop,48,16,3,0.19366,0.9366016280001491,0,15000,1000,15.086539655741293,29.20580907801931,44.29234873376061,11.734614310166116,0,15000,15000,15000
device_0,0.9375,1703,2.0,70.0,0.15,drop,48,16,3,0.19489,0.9369055048961522,0,15000,1000,14.9049485990287,29.32559210603649,44.230540705065195,11.70619607195388,0,15000,15000,15000
device_0,0.9375,1704,2.0,70.0,0.15,drop,48,16,3,0.19999,0.9358099323716185,0,15000,1000,15.142950737656856,28.832264223121314,43.97521496077817,11.265232687903062,0,15000,15000,15000
device_0,0.9375,1705,2.0,70.0,0.15,drop,48,16,3,0.19063,0.9374553760710133,0,15000,1000,15.12232246654623,29.409910384027523,44.532232850573756,12.066288190603215,0,15000,15000,15000
device_0,0.9375,1706,2.0,70.0,0.15,drop,48,16,3,0.20144,0.9386428776611538,0,15000,1000,15.125839373481012,28.70930764859834,43.835147022079354,11.126547427066233,0,15000,15000,15000
device_0,0.9375,1707,2.0,70.0,0.15,drop,48,16,3,0.20073,0.9386652506542138,0,15000,1000,14.84823695722371,29.055409933778666,43.903646891002374,11.179487124108752,0,15000,15000,15000
device_0,0.9375,1708,2.0,70.0,0.15,drop,48,16,3,0.19042,0.9350336658268497,0,15000,1000,14.918877404447377,29.588633435636922,44.5075108400843,12.05660978380086,0,15000,15000,15000
device_0,0.9375,1709,2.0,70.0,0.15,drop,48,16,3,0.20214,0.9387695757970393,0,15000,1000,15.144239741993195,28.630266910359026,43.77450665235222,11.066110922224706,0,15000,15000,15000
device_0,0.9375,1710,2.0,70.0,0.15,drop,48,16,3,0.20082,0.9338903427364145,0,15000,1000,15.058403441736585,28.818201199208023,43.876604640944606,11.095054905707979,0,15000,15000,15000
device_0,0.975,1701,2.0,70.0,0.15,drop,48,16,3,0.20012,0.9750727182312047,0,15000,1000,15.130282749044666,28.72567954468841,43.85596229373308,11.443722686532693,0,15000,15000,15000
device_0,0.975,1702,2.0,70.0,0.15,drop,48,16,3,0.19762,0.9739220248349032,0,15000,1000,15.076658157996084,28.9650690876397,44.041727245635784,11.669211011057977,0,15000,15000,15000
device_0,0.975,1703,2.0,70.0,0.15,drop,48,16,3,0.1984,0.975854682367182,0,15000,1000,15.044202911361095,28.94225187800334,43.98645478936444,11.60814912027298,0,15000,15000,15000
device_0,0.975,1704,2.0,70.0,0.15,drop,48,16,3,0.19634,0.9733501805342133,0,15000,1000,15.173647083363104,28.981097947189728,44.154745030552824,11.851561108269324,0,15000,15000,15000
device_0,0.975,1705,2.0,70.0,0.15,drop,48,16,3,0.19493,0.9747974986214312,0,15000,1000,14.979328915954246,29.29734376435228,44.27667268030652,12.013378272696341,0,15000,15000,15000
device_0,0.975,1706,2.0,70.0,0.15,drop,48,16,3,0.203,0.9742259419786155,0,15000,1000,15.008687328357382,28.785193734732577,43.79388106308996,11.236082576563165,0,15000,15000,15000
device_0,0.975,1707,2.0,70.0,0.15,drop,48,16,3,0.20266,0.9738223967562294,0,15000,1000,15.015913015113819,28.710285098684196,43.72619811379802,11.22775027427557,0,15000,15000,15000
device_0,0.975,1708,2.0,70.0,0.15,drop,48,16,3,0.19043,0.9746047948044175,0,15000,1000,14.963970467157548,29.601011287593277,44.564981754750825,12.454786712833053,0,15000,15000,15000
device_0,0.975,1709,2.0,70.0,0.15,drop,48,16,3,0.19294,0.9749540477640206,0,15000,1000,14.93566688771692,29.434621222324765,44.370288110041685,12.227006536386853,0,15000,15000,15000
device_0,0.975,1710,2.0,70.0,0.15,drop,48,16,3,0.19779,0.9774683509778551,0,15000,1000,14.979853246784264,29.123653404018295,44.103506650802565,11.807609094441775,0,15000,15000,15000
device_0,0.0,1701,2.0,70.0,0.15,late,48,16,3,0.19936,-0.002661444942765865,0,15000,1000,2.3661155242627054,12.751003429172302,15.117118953435007,1.4772110490477417,0,15000,15000,13893
device_0,0.0,1702,2.0,70.0,0.15,late,48,16,3,0.20106,0.005830007599770396,0,15000,1000,2.306609947730784,12.835847664320694,15.142457612051476,1.4666784179933763,0,15000,15000,13965
device_0,0.0,1703,2.0,70.0,0.15,late,48,16,3,0.19952,0.005656351965683195,0,15000,1000,2.397692606761347,12.730440894268352,15.128133501029698,1.4811166930764659,0,15000,15000,13911
device_0,0.0,1704,2.0,70.0,0.15,late,48,16,3,0.20257,0.002457782015709934,0,15000,1000,2.380531067447568,12.755017933405128,15.135549000852697,1.3887490992620413,0,15000,15000,14062
device_0,0.0,1705,2.0,70.0,0.15,late,48,16,3,0.20104,-0.004155617772998724,0,15000,1000,2.312947127843427,12.814868868019083,15.12781599586251,1.4310377545257862,0,15000,15000,13971
device_0,0.0,1706,2.0,70.0,0.15,late,48,16,3,0.20062,-0.0045443747273977144,0,15000,1000,2.285080164344438,12.817687663759797,15.102767828104234,1.4262705946745162,0,15000,15000,13949
device_0,0.0,1707,2.0,70.0,0.15,late,48,16,3,0.19896,0.001346027845602329,0,15000,1000,2.3684063423083663,12.770494611201618,15.138900953509985,1.4453600967797993,0,15000,15000,13919
device_0,0.0,1708,2.0,70.0,0.15,late,48,16,3,0.19922,-0.001372807149175493,0,15000,1000,2.347273411888562,12.774181946550756,15.121455358439318,1.479032837540847,0,15000,15000,13936
device_0,0.0,1709,2.0,70.0,0.15,late,48,16,3,0.20001,0.005034822885721277,0,15000,1000,2.262545674051783,12.865972497363465,15.128518171415248,1.5273801897388992,0,15000,15000,13844
device_0,0.0,1710,2.0,70.0,0.15,late,48,16,3,0.19848,0.0007247411049733544,0,15000,1000,2.341301181575171,12.80964163015766,15.15094281173283,1.5196377701812969,0,15000,15000,13828
device_0,0.375,1701,2.0,70.0,0.15,late,48,16,3,0.19773,0.37585282092426525,0,15000,1000,2.285770750327552,12.866361976319585,15.152132726647135,3.8053154443553945,0,15000,15000,11337
device_0,0.375,1702,2.0,70.0,0.15,late,48,16,3,0.20083,0.3763938072575695,0,15000,1000,2.374427755549904,12.75815239586864,15.132580151418546,3.6755910782564003,0,15000,15000,11549
device_0,0.375,1703,2.0,70.0,0.15,late,48,16,3,0.19949,0.3708761472322628,0,15000,1000,2.3632717216095767,12.764222313840786,15.127494035450363,3.6384588450523108,0,15000,15000,11585
device_0,0.375,1704,2.0,70.0,0.15,late,48,16,3,0.19956,0.37083454970073176,0,15000,1000,2.3891813318586883,12.747837736226442,15.13701906808513,3.668144365253621,0,15000,15000,11514
device_0,0.375,1705,2.0,70.0,0.15,late,48,16,3,0.1976,0.38054564128452917,0,15000,1000,2.364094755160675,12.770531926629003,15.134626681789676,3.788612727862452,0,15000,15000,11380
device_0,0.375,1706,2.0,70.0,0.15,late,48,16,3,0.19975,0.37847803043317246,0,15000,1000,2.3033558936799885,12.81107392981588,15.114429823495868,3.764574988615899,0,15000,15000,11439
device_0,0.375,1707,2.0,70.0,0.15,late,48,16,3,0.19756,0.3714936166119789,0,15000,1000,2.2993282695383868,12.871361946533762,15.17069021607215,3.711973568053656,0,15000,15000,11482
device_0,0.375,1708,2.0,70.0,0.15,late,48,16,3,0.19968,0.3728274067949136,0,15000,1000,2.309981655849066,12.89838621385297,15.208367869702036,3.6033358001857247,0,15000,15000,11631
device_0,0.375,1709,2.0,70.0,0.15,late,48,16,3,0.20214,0.3789219763360735,0,15000,1000,2.4310826281391207,12.658635632948004,15.089718261087125,3.5798392140915265,0,15000,15000,11655
device_0,0.375,1710,2.0,70.0,0.15,late,48,16,3,0.19842,0.37511826036297974,0,15000,1000,2.300483588594303,12.81145665485232,15.111940243446622,3.6877171747693303,0,15000,15000,11476
device_0,0.75,1701,2.0,70.0,0.15,late,48,16,3,0.20817,0.7556341521150168,0,15000,1000,2.4244132765467725,12.646024658029237,15.070437934576011,5.010019043763477,0,15000,15000,10194
device_0,0.75,1702,2.0,70.0,0.15,late,48,16,3,0.20244,0.7487885933421545,0,15000,1000,2.359252415206874,12.724157026013984,15.083409441220857,5.206065554410292,0,15000,15000,9933
device_0,0.75,1703,2.0,70.0,0.15,late,48,16,3,0.20102,0.7470900970852136,0,15000,1000,2.2835658141673023,12.828185383011755,15.111751197179059,5.275776896106624,0,15000,15000,9844
device_0,0.75,1704,2.0,70.0,0.15,late,48,16,3,0.19715,0.7479806369104111,0,15000,1000,2.3164357084956357,12.818084485825358,15.134520194320995,5.370749051663391,0,15000,15000,9674
device_0,0.75,1705,2.0,70.0,0.15,late,48,16,3,0.20494,0.7506431485678381,0,15000,1000,2.3587793573865152,12.705575696431708,15.064355053818224,5.111832939216484,0,15000,15000,10041
device_0,0.75,1706,2.0,70.0,0.15,late,48,16,3,0.20282,0.7537784223147826,0,15000,1000,2.3892691494402953,12.767142085184346,15.15641123462464,5.247508064836899,0,15000,15000,9899
device_0,0.75,1707,2.0,70.0,0.15,late,48,16,3,0.20138,0.7431906944181493,0,15000,1000,2.3940743854751116,12.69651223221839,15.090586617693502,5.209034711823083,0,15000,15000,9939
device_0,0.75,1708,2.0,70.0,0.15,late,48,16,3,0.20034,0.7475350990705809,0,15000,1000,2.362075888403619,12.802831490862872,15.164907379266491,5.295355419286446,0,15000,15000,9824
device_0,0.75,1709,2.0,70.0,0.15,late,48,16,3,0.20613,0.7542776800152501,0,15000,1000,2.4291842084581807,12.655871073775076,15.085055282233258,5.105098463788864,0,15000,15000,10081
device_0,0.75,1710,2.0,70.0,0.15,late,48,16,3,0.20286,0.74728584709585,0,15000,1000,2.346011784933336,12.754887229914992,15.100899014848329,5.219440275519777,0,15000,15000,9926
device_0,0.875,1701,2.0,70.0,0.15,late,48,16,3,0.20249,0.8763990178082249,0,15000,1000,2.3323634906035107,12.78577799536855,15.11814148597206,5.683048462351141,0,15000,15000,9454
device_0,0.875,1702,2.0,70.0,0.15,late,48,16,3,0.19703,0.8759866636367837,0,15000,1000,2.3753328575014026,12.798174644648597,15.17350750215,5.872197331481524,0,15000,15000,9187
device_0,0.875,1703,2.0,70.0,0.15,late,48,16,3,0.20238,0.8773687974569232,0,15000,1000,2.3647867750410145,12.732131878976974,15.096918654017987,5.666302404231018,0,15000,15000,9460
device_0,0.875,1704,2.0,70.0,0.15,late,48,16,3,0.19663,0.8771256568671042,0,15000,1000,2.367854291289821,12.793619190306933,15.161473481596753,5.90023338366604,0,15000,15000,9174
device_0,0.875,1705,2.0,70.0,0.15,late,48,16,3,0.20133,0.8756186617053834,0,15000,1000,2.429757298128228,12.677636830376064,15.107394128504291,5.699552998218658,0,15000,15000,9389
device_0,0.875,1706,2.0,70.0,0.15,late,48,16,3,0.19605,0.8731077294363513,0,15000,1000,2.291295415901021,12.83284825978758,15.124143675688602,5.857088270248641,0,15000,15000,9159
device_0,0.875,1707,2.0,70.0,0.15,late,48,16,3,0.2,0.8774036452681541,0,15000,1000,2.3365897834698344,12.803183951619511,15.139773735089346,5.770367721381142,0,15000,15000,9343
device_0,0.875,1708,2.0,70.0,0.15,late,48,16,3,0.20258,0.87442580026271,0,15000,1000,2.32093749198073,12.735030783848249,15.05596827582898,5.681003735611901,0,15000,15000,9408
device_0,0.875,1709,2.0,70.0,0.15,late,48,16,3,0.19831,0.8770598020870867,0,15000,1000,2.359915002077747,12.804665929666209,15.164580931743957,5.8603620398810055,0,15000,15000,9207
device_0,0.875,1710,2.0,70.0,0.15,late,48,16,3,0.19668,0.8724656025657239,0,15000,1000,2.3165230210401204,12.812497165918103,15.129020186958222,5.854671026104369,0,15000,15000,9192
device_0,0.9375,1701,2.0,70.0,0.15,late,48,16,3,0.20509,0.9402237906216514,0,15000,1000,2.3949896678092646,12.717178911879456,15.112168579688719,5.7756855054809995,0,15000,15000,9394
device_0,0.9375,1702,2.0,70.0,0.15,late,48,16,3,0.19366,0.9366016280001491,0,15000,1000,2.262310734076884,12.866773919753507,15.129084653830393,6.1295204344751895,0,15000,15000,8868
device_0,0.9375,1703,2.0,70.0,0.15,late,48,16,3,0.19489,0.9369055048961522,0,15000,1000,2.3635905265704267,12.778819340991408,15.142409867561836,6.127731101354206,0,15000,15000,8879
device_0,0.9375,1704,2.0,70.0,0.15,late,48,16,3,0.19999,0.9358099323716185,0,15000,1000,2.2724562950488645,12.861537507457825,15.13399380250669,5.974430067560487,0,15000,15000,9109
device_0,0.9375,1705,2.0,70.0,0.15,late,48,16,3,0.19063,0.9374553760710133,0,15000,1000,2.3531183171150785,12.741972131487872,15.095090448602951,6.174149071369079,0,15000,15000,8748
device_0,0.9375,1706,2.0,70.0,0.15,late,48,16,3,0.20144,0.9386428776611538,0,15000,1000,2.4111403119321486,12.728216324074832,15.139356636006983,5.963396510026522,0,15000,15000,9129
device_0,0.9375,1707,2.0,70.0,0.15,late,48,16,3,0.20073,0.9386652506542138,0,15000,1000,2.414686918669965,12.704351204530683,15.119038123200648,5.957316045233528,0,15000,15000,9132
device_0,0.9375,1708,2.0,70.0,0.15,late,48,16,3,0.19042,0.9350336658268497,0,15000,1000,2.3523044584816133,12.793998867181573,15.146303325663187,6.235329114215461,0,15000,15000,8701
device_0,0.9375,1709,2.0,70.0,0.15,late,48,16,3,0.20214,0.9387695757970393,0,15000,1000,2.4469577839436267,12.676330176828039,15.123287960771664,5.951799292094243,0,15000,15000,9174
device_0,0.9375,1710,2.0,70.0,0.15,late,48,16,3,0.20082,0.9338903427364145,0,15000,1000,2.414228103692538,12.724180363730907,15.138408467423446,5.945744479532607,0,15000,15000,9160
device_0,0.975,1701,2.0,70.0,0.15,late,48,16,3,0.20012,0.9750727182312047,0,15000,1000,2.424348874488042,12.709506819198303,15.133855693686344,6.0872980295582435,0,15000,15000,9015
device_0,0.975,1702,2.0,70.0,0.15,late,48,16,3,0.19762,0.9739220248349032,0,15000,1000,2.3941583003668008,12.756538267292493,15.150696567659294,6.155519117727502,0,15000,15000,8942
device_0,0.975,1703,2.0,70.0,0.15,late,48,16,3,0.1984,0.975854682367182,0,15000,1000,2.385278730169064,12.76803205191208,15.153310782081144,6.150884090702368,0,15000,15000,8937
device_0,0.975,1704,2.0,70.0,0.15,late,48,16,3,0.19634,0.9733501805342133,0,15000,1000,2.391365248601993,12.729952926413107,15.1213181750151,6.209717665660354,0,15000,15000,8824
device_0,0.975,1705,2.0,70.0,0.15,late,48,16,3,0.19493,0.9747974986214312,0,15000,1000,2.2705146841574915,12.871869471236607,15.1423841553941,6.252970038036626,0,15000,15000,8761
device_0,0.975,1706,2.0,70.0,0.15,late,48,16,3,0.203,0.9742259419786155,0,15000,1000,2.456152166821444,12.671061386414207,15.127213553235652,5.976638628021745,0,15000,15000,9135
device_0,0.975,1707,2.0,70.0,0.15,late,48,16,3,0.20266,0.9738223967562294,0,15000,1000,2.38163785070078,12.739483471344538,15.121121322045319,6.0154181590637155,0,15000,15000,9096
device_0,0.975,1708,2.0,70.0,0.15,late,48,16,3,0.19043,0.9746047948044175,0,15000,1000,2.257761411756234,12.847485372989796,15.10524678474603,6.35053090525974,0,15000,15000,8522
device_0,0.975,1709,2.0,70.0,0.15,late,48,16,3,0.19294,0.9749540477640206,0,15000,1000,2.351268660673221,12.7808578844628,15.13212654513602,6.290037600612875,0,15000,15000,8652
device_0,0.975,1710,2.0,70.0,0.15,late,48,16,3,0.19779,0.9774683509778551,0,15000,1000,2.2772190210584773,12.85140519578893,15.128624216847408,6.179940010600142,0,15000,15000,8850
device_0,0.0,1701,2.5,87.5,0.01,drop,48,16,3,0.19936,-0.002661444942765865,0,1000,1000,0.978855197669124,2.656257022595043,3.635112220264167,0.0004368990317534601,0,1000,1000,1000
device_0,0.0,1702,2.5,87.5,0.01,drop,48,16,3,0.20106,0.005830007599770396,0,1000,1000,0.985489381888132,2.632668757440001,3.6181581393281332,0.0004023245116699226,0,1000,1000,1000
device_0,0.0,1703,2.5,87.5,0.01,drop,48,16,3,0.19952,0.005656351965683195,0,1000,1000,0.987711734066741,2.631102628413286,3.618814362480027,0.00047036625401661823,0,1000,1000,1000
device_0,0.0,1704,2.5,87.5,0.01,drop,48,16,3,0.20257,0.002457782015709934,0,1000,1000,1.004263505158442,2.606308590347216,3.610572095505658,0.000538225271624349,0,1000,1000,1000
device_0,0.0,1705,2.5,87.5,0.01,drop,48,16,3,0.20104,-0.004155617772998724,0,1000,1000,0.9663813131847113,2.650939458026464,3.6173207712111757,0.0007757424461041947,0,1000,1000,1000
device_0,0.0,1706,2.5,87.5,0.01,drop,48,16,3,0.20062,-0.0045443747273977144,0,1000,1000,0.9872609706953233,2.6334635334446532,3.6207245041399765,0.00019939098060542756,0,1000,1000,1000
device_0,0.0,1707,2.5,87.5,0.01,drop,48,16,3,0.19896,0.001346027845602329,0,1000,1000,0.9648757392522004,2.666084994210152,3.6309607334623526,0.0006137606906470198,0,1000,1000,1000
device_0,0.0,1708,2.5,87.5,0.01,drop,48,16,3,0.19922,-0.001372807149175493,0,1000,1000,0.9929241244778333,2.62825057227848,3.6211746967563134,0.00027968305922556285,0,1000,1000,1000
device_0,0.0,1709,2.5,87.5,0.01,drop,48,16,3,0.20001,0.005034822885721277,0,1000,1000,1.0046260002429233,2.6214076366445394,3.626033636887463,0.0004149185090240492,0,1000,1000,1000
device_0,0.0,1710,2.5,87.5,0.01,drop,48,16,3,0.19848,0.0007247411049733544,0,1000,1000,0.9919267614678676,2.639617761536747,3.6315445230046146,0.0003839916228343797,0,1000,1000,1000
device_0,0.375,1701,2.5,87.5,0.01,drop,48,16,3,0.19773,0.37585282092426525,0,1000,1000,1.0401991991685775,2.599242922168201,3.6394421213367787,0.0014278498384676657,0,1000,1000,1000
device_0,0.375,1702,2.5,87.5,0.01,drop,48,16,3,0.20083,0.3763938072575695,0,1000,1000,1.020115584646453,2.603408487206636,3.623524071853089,0.0010439355340325599,0,1000,1000,1000
device_0,0.375,1703,2.5,87.5,0.01,drop,48,16,3,0.19949,0.3708761472322628,0,1000,1000,0.9870902506679948,2.6326087152760564,3.619698965944051,0.0017337395919701719,0,1000,1000,1000
device_0,0.375,1704,2.5,87.5,0.01,drop,48,16,3,0.19956,0.37083454970073176,0,1000,1000,0.9877705705790275,2.635198849131822,3.6229694197108495,0.0015410742611561682,0,1000,1000,1000
device_0,0.375,1705,2.5,87.5,0.01,drop,48,16,3,0.1976,0.38054564128452917,0,1000,1000,0.9828730193075915,2.6441701682396355,3.627043187547227,0.001522025224107086,0,1000,1000,1000
device_0,0.375,1706,2.5,87.5,0.01,drop,48,16,3,0.19975,0.37847803043317246,0,1000,1000,1.0235170782187475,2.6070851675217988,3.6306022457405462,0.0010774904424252039,0,1000,1000,1000
device_0,0.375,1707,2.5,87.5,0.01,drop,48,16,3,0.19756,0.3714936166119789,0,1000,1000,1.0366123001993202,2.5987469938725845,3.635359294071905,0.0013546521854816312,0,1000,1000,1000
device_0,0.375,1708,2.5,87.5,0.01,drop,48,16,3,0.19968,0.3728274067949136,0,1000,1000,0.9786884549436152,2.6429265160401374,3.6216149709837526,0.0016308440569679924,0,1000,1000,1000
device_0,0.375,1709,2.5,87.5,0.01,drop,48,16,3,0.20214,0.3789219763360735,0,1000,1000,0.9534712432369401,2.6495252338200284,3.6029964770569682,0.0013526236931888664,0,1000,1000,1000
device_0,0.375,1710,2.5,87.5,0.01,drop,48,16,3,0.19842,0.37511826036297974,0,1000,1000,0.9971896086978025,2.6311705507644443,3.6283601594622468,0.0009820469296105774,0,1000,1000,1000
device_0,0.75,1701,2.5,87.5,0.01,drop,48,16,3,0.20817,0.7556341521150168,0,1000,1000,1.0189753337345488,2.561832809138185,3.5808081428727334,0.0017820524963658242,0,1000,1000,1000
device_0,0.75,1702,2.5,87.5,0.01,drop,48,16,3,0.20244,0.7487885933421545,0,1000,1000,0.9989200851416674,2.6080203655781324,3.6069404507198,0.0014972545094475884,0,1000,1000,1000
device_0,0.75,1703,2.5,87.5,0.01,drop,48,16,3,0.20102,0.7470900970852136,0,1000,1000,0.9832978977133318,2.6352622471186704,3.6185601448320024,0.002621355926700757,0,1000,1000,1000
device_0,0.75,1704,2.5,87.5,0.01,drop,48,16,3,0.19715,0.7479806369104111,0,1000,1000,1.0113013682821708,2.630908080877717,3.642209449159888,0.0016342574594930953,0,1000,1000,1000
device_0,0.75,1705,2.5,87.5,0.01,drop,48,16,3,0.20494,0.7506431485678381,0,1000,1000,0.9649361036522065,2.6234730821970444,3.5884091858492506,0.0012235676885245094,0,1000,1000,1000
device_0,0.75,1706,2.5,87.5,0.01,drop,48,16,3,0.20282,0.7537784223147826,0,1000,1000,1.0322889887374063,2.5801379177533477,3.612426906490754,0.0016062816142788827,0,1000,1000,1000
device_0,0.75,1707,2.5,87.5,0.01,drop,48,16,3,0.20138,0.7431906944181493,0,1000,1000,1.0134043325489326,2.589707800076413,3.6031121326253457,0.0024205190324993113,0,1000,1000,1000
device_0,0.75,1708,2.5,87.5,0.01,drop,48,16,3,0.20034,0.7475350990705809,0,1000,1000,0.9994248965978071,2.6315336544381926,3.630958551036,0.0021660748692625114,0,1000,1000,1000
device_0,0.75,1709,2.5,87.5,0.01,drop,48,16,3,0.20613,0.7542776800152501,0,1000,1000,1.015623364405897,2.5685142290891565,3.5841375934950537,0.0020738840586730653,0,1000,1000,1000
device_0,0.75,1710,2.5,87.5,0.01,drop,48,16,3,0.20286,0.74728584709585,0,1000,1000,0.9956405368927561,2.6122903063283522,3.6079308432211086,0.0015562457486412967,0,1000,1000,1000
device_0,0.875,1701,2.5,87.5,0.01,drop,48,16,3,0.20249,0.8763990178082249,0,1000,1000,0.9943762304090135,2.6191103207784803,3.613486551187494,0.002230148032448578,0,1000,1000,1000
device_0,0.875,1702,2.5,87.5,0.01,drop,48,16,3,0.19703,0.8759866636367837,0,1000,1000,1.0038822229825322,2.6376532913071884,3.6415355142897208,0.0020625840154031767,0,1000,1000,1000
device_0,0.875,1703,2.5,87.5,0.01,drop,48,16,3,0.20238,0.8773687974569232,0,1000,1000,1.0460418576393138,2.5609841226885575,3.607025980327871,0.0019754658358758594,0,1000,1000,1000
device_0,0.875,1704,2.5,87.5,0.01,drop,48,16,3,0.19663,0.8771256568671042,0,1000,1000,0.9657409376426928,2.6729816108852824,3.638722548527975,0.0019254078185133433,0,1000,1000,1000
device_0,0.875,1705,2.5,87.5,0.01,drop,48,16,3,0.20133,0.8756186617053834,0,1000,1000,1.0563852195836814,2.55596679857608,3.6123520181597613,0.002098732705129209,0,1000,1000,1000
device_0,0.875,1706,2.5,87.5,0.01,drop,48,16,3,0.19605,0.8731077294363513,0,1000,1000,1.0189709469567576,2.6270478033008198,3.6460187502575776,0.00208396332614746,0,1000,1000,1000
device_0,0.875,1707,2.5,87.5,0.01,drop,48,16,3,0.2,0.8774036452681541,0,1000,1000,1.0436907565133131,2.5836754942216826,3.6273662507349957,0.002192056190547773,0,1000,1000,1000
device_0,0.875,1708,2.5,87.5,0.01,drop,48,16,3,0.20258,0.87442580026271,0,1000,1000,0.9811891894639102,2.6205821354027115,3.6017713248666214,0.0020388170490098344,0,1000,1000,1000
device_0,0.875,1709,2.5,87.5,0.01,drop,48,16,3,0.19831,0.8770598020870867,0,1000,1000,0.9800899503840806,2.6607224313680202,3.640812381752101,0.001719672871683338,0,1000,1000,1000
device_0,0.875,1710,2.5,87.5,0.01,drop,48,16,3,0.19668,0.8724656025657239,0,1000,1000,1.0148001250463885,2.627178860526881,3.6419789855732696,0.003085423256503238,0,1000,1000,1000
device_0,0.9375,1701,2.5,87.5,0.01,drop,48,16,3,0.20509,0.9402237906216514,0,1000,1000,0.9986691659263567,2.5871034630442185,3.585772628970575,0.0020710277357476477,0,1000,1000,1000
device_0,0.9375,1702,2.5,87.5,0.01,drop,48,16,3,0.19366,0.9366016280001491,0,1000,1000,0.9656139160931293,2.6846223772161606,3.65023629330929,0.002076466642901382,0,1000,1000,1000
device_0,0.9375,1703,2.5,87.5,0.01,drop,48,16,3,0.19489,0.9369055048961522,0,1000,1000,1.035835252276554,2.6151213409421796,3.6509565932187336,0.0022471182809499133,0,1000,1000,1000
device_0,0.9375,1704,2.5,87.5,0.01,drop,48,16,3,0.19999,0.9358099323716185,0,1000,1000,1.000715536738159,2.6256388374985185,3.6263543742366773,0.001896178566643717,0,1000,1000,1000
device_0,0.9375,1705,2.5,87.5,0.01,drop,48,16,3,0.19063,0.9374553760710133,0,1000,1000,0.9954906080882827,2.6761969808477337,3.6716875889360163,0.0027142308719949374,0,1000,1000,1000
device_0,0.9375,1706,2.5,87.5,0.01,drop,48,16,3,0.20144,0.9386428776611538,0,1000,1000,0.9844078182129764,2.6364666085209776,3.620874426733954,0.002483761155126895,0,1000,1000,1000
device_0,0.9375,1707,2.5,87.5,0.01,drop,48,16,3,0.20073,0.9386652506542138,0,1000,1000,1.0214138668521633,2.6060859892928994,3.6274998561450627,0.0025829080555342184,0,1000,1000,1000
device_0,0.9375,1708,2.5,87.5,0.01,drop,48,16,3,0.19042,0.9350336658268497,0,1000,1000,0.9851908973949207,2.69229704326145,3.6774879406563707,0.0023413109513098092,0,1000,1000,1000
device_0,0.9375,1709,2.5,87.5,0.01,drop,48,16,3,0.20214,0.9387695757970393,0,1000,1000,1.003405857057821,2.6092513494082468,3.612657206466068,0.002447322745993785,0,1000,1000,1000
device_0,0.9375,1710,2.5,87.5,0.01,drop,48,16,3,0.20082,0.9338903427364145,0,1000,1000,0.9966477573048542,2.624477441843853,3.621125199148707,0.0022646453066056207,0,1000,1000,1000
device_0,0.975,1701,2.5,87.5,0.01,drop,48,16,3,0.20012,0.9750727182312047,0,1000,1000,1.0297860290907397,2.587931935867482,3.6177179649582216,0.0026417084783195858,0,1000,1000,1000
device_0,0.975,1702,2.5,87.5,0.01,drop,48,16,3,0.19762,0.9739220248349032,0,1000,1000,1.006631000949883,2.62293991855699,3.629570919506873,0.003106378032997563,0,1000,1000,1000
device_0,0.975,1703,2.5,87.5,0.01,drop,48,16,3,0.1984,0.975854682367182,0,1000,1000,0.9783713082098185,2.6558466860790024,3.634217994288821,0.002029715222362602,0,1000,1000,1000
device_0,0.975,1704,2.5,87.5,0.01,drop,48,16,3,0.19634,0.9733501805342133,0,1000,1000,1.062610257637052,2.579456915659349,3.642067173296401,0.002477104472947629,0,1000,1000,1000
device_0,0.975,1705,2.5,87.5,0.01,drop,48,16,3,0.19493,0.9747974986214312,0,1000,1000,0.9676542650293922,2.6886993100831096,3.656353575112502,0.0023657911411979126,0,1000,1000,1000
device_0,0.975,1706,2.5,87.5,0.01,drop,48,16,3,0.203,0.9742259419786155,0,1000,1000,0.9913178589836874,2.6074248298902423,3.5987426888739296,0.0019911741934878885,0,1000,1000,1000
device_0,0.975,1707,2.5,87.5,0.01,drop,48,16,3,0.20266,0.9738223967562294,0,1000,1000,1.0138413466121639,2.5888119637187854,3.602653310330949,0.002398608297220953,0,1000,1000,1000
device_0,0.975,1708,2.5,87.5,0.01,drop,48,16,3,0.19043,0.9746047948044175,0,1000,1000,1.037431966958216,2.6439032780833034,3.6813352450415193,0.0031318913511394894,0,1000,1000,1000
device_0,0.975,1709,2.5,87.5,0.01,drop,48,16,3,0.19294,0.9749540477640206,0,1000,1000,0.9809406342426019,2.6878320888967377,3.6687727231393397,0.002826854388178824,0,1000,1000,1000
device_0,0.975,1710,2.5,87.5,0.01,drop,48,16,3,0.19779,0.9774683509778551,0,1000,1000,1.0115949122493173,2.6293772305833008,3.6409721428326183,0.0024752579093527756,0,1000,1000,1000
device_0,0.0,1701,2.5,87.5,0.01,late,48,16,3,0.19936,-0.002661444942765865,0,1000,1000,0.07683681160942116,0.9890082420495325,1.0658450536589537,6.671004012843001e-05,0,1000,1000,1000
device_0,0.0,1702,2.5,87.5,0.01,late,48,16,3,0.20106,0.005830007599770396,0,1000,1000,0.06941047706105598,0.9922938939183938,1.0617043709794498,5.7896335710277044e-05,0,1000,1000,1000
device_0,0.0,1703,2.5,87.5,0.01,late,48,16,3,0.19952,0.005656351965683195,0,1000,1000,0.07501908620234946,0.9873023736784448,1.0623214598807942,3.920620326146549e-05,0,1000,1000,1000
device_0,0.0,1704,2.5,87.5,0.01,late,48,16,3,0.20257,0.002457782015709934,0,1000,1000,0.08003647300474512,0.9792955429171187,1.059332015921864,0.00011298131824621292,0,1000,1000,1000
device_0,0.0,1705,2.5,87.5,0.01,late,48,16,3,0.20104,-0.004155617772998724,0,1000,1000,0.07118102257260511,0.9907726706388585,1.0619536932114637,0.00015213238024239703,0,1000,1000,1000
device_0,0.0,1706,2.5,87.5,0.01,late,48,16,3,0.20062,-0.0045443747273977144,0,1000,1000,0.08219026281375459,0.9797778602771008,1.0619681230908553,6.396051594635242e-05,0,1000,1000,1000
device_0,0.0,1707,2.5,87.5,0.01,late,48,16,3,0.19896,0.001346027845602329,0,1000,1000,0.07242075472202501,0.9930733043630483,1.0654940590850732,9.889663609174527e-05,0,1000,1000,1000
device_0,0.0,1708,2.5,87.5,0.01,late,48,16,3,0.19922,-0.001372807149175493,0,1000,1000,0.06487903881765376,0.9989687550649636,1.0638477938826174,6.0437389819331895e-05,0,1000,1000,1000
device_0,0.0,1709,2.5,87.5,0.01,late,48,16,3,0.20001,0.005034822885721277,0,1000,1000,0.07671721383141351,0.9867636364901922,1.0634808503216056,5.013544867356199e-05,0,1000,1000,1000
device_0,0.0,1710,2.5,87.5,0.01,late,48,16,3,0.19848,0.0007247411049733544,0,1000,1000,0.07746712120437205,0.9883055275718198,1.0657726487761918,0.00012087935454617227,0,1000,1000,1000
device_0,0.375,1701,2.5,87.5,0.01,late,48,16,3,0.19773,0.37585282092426525,0,1000,1000,0.08905086119560318,0.9789291916422268,1.06798005283783,0.0002145290588423241,0,1000,1000,1000
device_0,0.375,1702,2.5,87.5,0.01,late,48,16,3,0.20083,0.3763938072575695,0,1000,1000,0.08131264722595073,0.9808834732058237,1.0621961204317745,0.00021268873698291637,0,1000,1000,1000
device_0,0.375,1703,2.5,87.5,0.01,late,48,16,3,0.19949,0.3708761472322628,0,1000,1000,0.08054898494827513,0.9807309526497137,1.0612799375979889,0.0002191733490572518,0,1000,1000,1000
device_0,0.375,1704,2.5,87.5,0.01,late,48,16,3,0.19956,0.37083454970073176,0,1000,1000,0.08521469569302767,0.9780093330764618,1.0632240287694894,0.00022024634646107994,0,1000,1000,1000
device_0,0.375,1705,2.5,87.5,0.01,late,48,16,3,0.1976,0.38054564128452917,0,1000,1000,0.07219129055049137,0.9926232560055289,1.0648145465560201,0.00029967382631046214,0,1000,1000,1000
device_0,0.375,1706,2.5,87.5,0.01,late,48,16,3,0.19975,0.37847803043317246,0,1000,1000,0.06473313258762328,0.9981695119819884,1.0629026445696117,0.00039539768781729853,0,1000,1000,1000
device_0,0.375,1707,2.5,87.5,0.01,late,48,16,3,0.19756,0.3714936166119789,0,1000,1000,0.0737280421194215,0.9937952182601227,1.0675232603795441,0.00030159932809005604,0,1000,1000,1000
device_0,0.375,1708,2.5,87.5,0.01,late,48,16,3,0.19968,0.3728274067949136,0,1000,1000,0.07691658765209271,0.9878109664282744,1.0647275540803671,0.0001989154608401612,0,1000,1000,1000
device_0,0.375,1709,2.5,87.5,0.01,late,48,16,3,0.20214,0.3789219763360735,0,1000,1000,0.09036774784446565,0.9664629740120124,1.056830721856478,0.0002952599073324187,0,1000,1000,1000
device_0,0.375,1710,2.5,87.5,0.01,late,48,16,3,0.19842,0.37511826036297974,0,1000,1000,0.07878792924832945,0.9857400251809915,1.064527954429321,0.0003202291225819562,0,1000,1000,1000
device_0,0.75,1701,2.5,87.5,0.01,late,48,16,3,0.20817,0.7556341521150168,0,1000,1000,0.07921064650054134,0.9704373194649021,1.0496479659654434,0.000388122923715629,0,1000,1000,1000
device_0,0.75,1702,2.5,87.5,0.01,late,48,16,3,0.20244,0.7487885933421545,0,1000,1000,0.08315714861934977,0.9750498649677767,1.0582070135871264,0.0005478909926553451,0,1000,1000,1000
device_0,0.75,1703,2.5,87.5,0.01,late,48,16,3,0.20102,0.7470900970852136,0,1000,1000,0.08465709350426656,0.975672566388927,1.0603296598931935,0.0004504517548240396,0,1000,1000,1000
device_0,0.75,1704,2.5,87.5,0.01,late,48,16,3,0.19715,0.7479806369104111,0,1000,1000,0.08686361118849911,0.9812941842455921,1.0681577954340913,0.00047811530295030133,0,1000,1000,1000
device_0,0.75,1705,2.5,87.5,0.01,late,48,16,3,0.20494,0.7506431485678381,0,1000,1000,0.08728412392556614,0.9652555961617657,1.0525397200873319,0.000337119673857108,0,1000,1000,1000
device_0,0.75,1706,2.5,87.5,0.01,late,48,16,3,0.20282,0.7537784223147826,0,1000,1000,0.06789571873025564,0.9939416366975946,1.0618373554278502,0.0003572389593689285,0,1000,1000,1000
device_0,0.75,1707,2.5,87.5,0.01,late,48,16,3,0.20138,0.7431906944181493,0,1000,1000,0.07043364878574516,0.9863554112713383,1.0567890600570835,0.00032209397453210624,0,1000,1000,1000
device_0,0.75,1708,2.5,87.5,0.01,late,48,16,3,0.20034,0.7475350990705809,0,1000,1000,0.08937687667648485,0.9764127306639093,1.065789607340394,0.00033654595255408243,0,1000,1000,1000
device_0,0.75,1709,2.5,87.5,0.01,late,48,16,3,0.20613,0.7542776800152501,0,1000,1000,0.09447463667268799,0.9576931593122995,1.0521677959849876,0.00031489869776884675,0,1000,1000,1000
device_0,0.75,1710,2.5,87.5,0.01,late,48,16,3,0.20286,0.74728584709585,0,1000,1000,0.0774298140340929,0.97980698439607,1.057236798430163,0.00034963351086284814,0,1000,1000,1000
device_0,0.875,1701,2.5,87.5,0.01,late,48,16,3,0.20249,0.8763990178082249,0,1000,1000,0.07726097331308597,0.982247349986463,1.059508323299549,0.0005498018954942789,0,1000,1000,1000
device_0,0.875,1702,2.5,87.5,0.01,late,48,16,3,0.19703,0.8759866636367837,0,1000,1000,0.08041299767366987,0.9889442393669856,1.0693572370406554,0.0004955034837579929,0,1000,1000,1000
device_0,0.875,1703,2.5,87.5,0.01,late,48,16,3,0.20238,0.8773687974569232,0,1000,1000,0.06889748283101367,0.989203598576277,1.0581010814072906,0.0004293691069147581,0,1000,1000,1000
device_0,0.875,1704,2.5,87.5,0.01,late,48,16,3,0.19663,0.8771256568671042,0,1000,1000,0.0628450520076736,1.0059463296860398,1.0687913816937133,0.00039748558623759356,0,1000,1000,1000
device_0,0.875,1705,2.5,87.5,0.01,late,48,16,3,0.20133,0.8756186617053834,0,1000,1000,0.0703138815730953,0.9897894558871302,1.0601033374602256,0.0005539918608930385,0,1000,1000,1000
device_0,0.875,1706,2.5,87.5,0.01,late,48,16,3,0.19605,0.8731077294363513,0,1000,1000,0.0722915580192364,0.9962694162417172,1.0685609742609536,0.00042863393668620287,0,1000,1000,1000
device_0,0.875,1707,2.5,87.5,0.01,late,48,16,3,0.2,0.8774036452681541,0,1000,1000,0.05956228467211624,1.003551080124188,1.0631133647963042,0.00045266278831870805,0,1000,1000,1000
device_0,0.875,1708,2.5,87.5,0.01,late,48,16,3,0.20258,0.87442580026271,0,1000,1000,0.08132190996862432,0.9748113017605747,1.056133211729199,0.00045897661332697476,0,1000,1000,1000
device_0,0.875,1709,2.5,87.5,0.01,late,48,16,3,0.19831,0.8770598020870867,0,1000,1000,0.08529888961546696,0.9832375381410859,1.0685364277565528,0.0002985165759858508,0,1000,1000,1000
device_0,0.875,1710,2.5,87.5,0.01,late,48,16,3,0.19668,0.8724656025657239,0,1000,1000,0.05961497401556651,1.008287341378705,1.0679023153942715,0.00038467589934364774,0,1000,1000,1000
device_0,0.9375,1701,2.5,87.5,0.01,late,48,16,3,0.20509,0.9402237906216514,0,1000,1000,0.07348462051470786,0.979885685585214,1.053370306099922,0.0003612802983926105,0,1000,1000,1000
device_0,0.9375,1702,2.5,87.5,0.01,late,48,16,3,0.19366,0.9366016280001491,0,1000,1000,0.08539865287180647,0.9845731840074204,1.0699718368792268,0.00051703740706011,0,1000,1000,1000
device_0,0.9375,1703,2.5,87.5,0.01,late,48,16,3,0.19489,0.9369055048961522,0,1000,1000,0.08774859672715071,0.9832116982744723,1.070960295001623,0.0005954299108370983,0,1000,1000,1000
device_0,0.9375,1704,2.5,87.5,0.01,late,48,16,3,0.19999,0.9358099323716185,0,1000,1000,0.07525235195344343,0.988736784881905,1.0639891368353485,0.0005589874408049204,0,1000,1000,1000
device_0,0.9375,1705,2.5,87.5,0.01,late,48,16,3,0.19063,0.9374553760710133,0,1000,1000,0.09023921351043158,0.9864752615741739,1.0767144750846056,0.0006584627691171983,0,1000,1000,1000
device_0,0.9375,1706,2.5,87.5,0.01,late,48,16,3,0.20144,0.9386428776611538,0,1000,1000,0.07548429566005045,0.9867137966333195,1.06219809229337,0.0005360912478407765,0,1000,1000,1000
device_0,0.9375,1707,2.5,87.5,0.01,late,48,16,3,0.20073,0.9386652506542138,0,1000,1000,0.0802545912444645,0.982674741697608,1.0629293329420726,0.0006262032291996331,0,1000,1000,1000
device_0,0.9375,1708,2.5,87.5,0.01,late,48,16,3,0.19042,0.9350336658268497,0,1000,1000,0.08643568948873906,0.9933679181164489,1.079803607605188,0.0005414344139410944,0,1000,1000,1000
device_0,0.9375,1709,2.5,87.5,0.01,late,48,16,3,0.20214,0.9387695757970393,0,1000,1000,0.08564807901640864,0.9739403759259382,1.0595884549423469,0.000543296523411426,0,1000,1000,1000
device_0,0.9375,1710,2.5,87.5,0.01,late,48,16,3,0.20082,0.9338903427364145,0,1000,1000,0.07408544295381264,0.9898315319244425,1.063916974878255,0.0004953802226355902,0,1000,1000,1000
device_0,0.975,1701,2.5,87.5,0.01,late,48,16,3,0.20012,0.9750727182312047,0,1000,1000,0.07324551237359266,0.9896617716410875,1.06290728401468,0.0006415235886078175,0,1000,1000,1000
device_0,0.975,1702,2.5,87.5,0.01,late,48,16,3,0.19762,0.9739220248349032,0,1000,1000,0.07865374431891303,0.9869347611280155,1.0655885054469285,0.0006802982495131616,0,1000,1000,1000
device_0,0.975,1703,2.5,87.5,0.01,late,48,16,3,0.1984,0.975854682367182,0,1000,1000,0.08225659415725439,0.984863346085406,1.0671199402426605,0.0005723144971371658,0,1000,1000,1000
device_0,0.975,1704,2.5,87.5,0.01,late,48,16,3,0.19634,0.9733501805342133,0,1000,1000,0.07366430629157497,0.9951201418967681,1.068784448188343,0.00045021239172632197,0,1000,1000,1000
device_0,0.975,1705,2.5,87.5,0.01,late,48,16,3,0.19493,0.9747974986214312,0,1000,1000,0.0829032359325852,0.9901951173950408,1.0730983533276262,0.0004912743030690257,0,1000,1000,1000
device_0,0.975,1706,2.5,87.5,0.01,late,48,16,3,0.203,0.9742259419786155,0,1000,1000,0.0798133159820903,0.9773759320695508,1.057189248051641,0.00046134148025377467,0,1000,1000,1000
device_0,0.975,1707,2.5,87.5,0.01,late,48,16,3,0.20266,0.9738223967562294,0,1000,1000,0.07205167683178026,0.985808667963462,1.0578603447952424,0.0004167502535640408,0,1000,1000,1000
device_0,0.975,1708,2.5,87.5,0.01,late,48,16,3,0.19043,0.9746047948044175,0,1000,1000,0.08743009560892602,0.9920070037511527,1.0794370993600786,0.0006322585832159493,0,1000,1000,1000
device_0,0.975,1709,2.5,87.5,0.01,late,48,16,3,0.19294,0.9749540477640206,0,1000,1000,0.07338034911240789,1.0033754347095099,1.0767557838219177,0.00045245917339344825,0,1000,1000,1000
device_0,0.975,1710,2.5,87.5,0.01,late,48,16,3,0.19779,0.9774683509778551,0,1000,1000,0.08131366171878016,0.9857999571748555,1.0671136188936357,0.0005263234072863526,0,1000,1000,1000
device_0,0.0,1701,2.5,87.5,0.05,drop,48,16,3,0.19936,-0.002661444942765865,0,5000,1000,5.017724220124112,12.030492622548488,17.0482168426726,0.031080760456414273,0,5000,5000,5000
device_0,0.0,1702,2.5,87.5,0.05,drop,48,16,3,0.20106,0.005830007599770396,0,5000,1000,4.886557315470213,12.083510271645657,16.97006758711587,0.029172177558388683,0,5000,5000,5000
device_0,0.0,1703,2.5,87.5,0.05,drop,48,16,3,0.19952,0.005656351965683195,0,5000,1000,4.988322125185051,11.992770296190969,16.98109242137602,0.0283630890698842,0,5000,5000,5000
device_0,0.0,1704,2.5,87.5,0.05,drop,48,16,3,0.20257,0.002457782015709934,0,5000,1000,5.056931196639221,11.863202494092297,16.920133690731518,0.030058412471860595,0,5000,5000,5000
device_0,0.0,1705,2.5,87.5,0.05,drop,48,16,3,0.20104,-0.004155617772998724,0,5000,1000,5.069335361223961,11.902377181307067,16.97171254253103,0.028473439235500764,0,5000,5000,5000
device_0,0.0,1706,2.5,87.5,0.05,drop,48,16,3,0.20062,-0.0045443747273977144,0,5000,1000,4.9988060592539245,11.977670858488697,16.976476917742623,0.025850618737575864,0,5000,5000,5000
device_0,0.0,1707,2.5,87.5,0.05,drop,48,16,3,0.19896,0.001346027845602329,0,5000,1000,5.066918617793668,11.966032000566042,17.032950618359713,0.029689936047150454,0,5000,5000,5000
device_0,0.0,1708,2.5,87.5,0.05,drop,48,16,3,0.19922,-0.001372807149175493,0,5000,1000,5.029751771873007,11.96813805639973,16.99788982827274,0.02613414227870303,0,5000,5000,5000
device_0,0.0,1709,2.5,87.5,0.05,drop,48,16,3,0.20001,0.005034822885721277,0,5000,1000,4.9282394278686885,12.085612878869947,17.013852306738634,0.032478079038941655,0,5000,5000,5000
device_0,0.0,1710,2.5,87.5,0.05,drop,48,16,3,0.19848,0.0007247411049733544,0,5000,1000,5.0441468443779724,11.983135250985963,17.027282095363937,0.025180965371878285,0,5000,5000,5000
device_0,0.375,1701,2.5,87.5,0.05,drop,48,16,3,0.19773,0.37585282092426525,0,5000,1000,4.901029828582961,12.142969220512573,17.043999049095532,0.07729748057246148,0,5000,5000,5000
device_0,0.375,1702,2.5,87.5,0.05,drop,48,16,3,0.20083,0.3763938072575695,0,5000,1000,4.9299047797699505,12.07473301812081,17.00463779789076,0.07117604530681133,0,5000,5000,5000
device_0,0.375,1703,2.5,87.5,0.05,drop,48,16,3,0.19949,0.3708761472322628,0,5000,1000,4.870473104097221,12.102424220875355,16.972897324972575,0.06517522005702979,0,5000,5000,5000
device_0,0.375,1704,2.5,87.5,0.05,drop,48,16,3,0.19956,0.37083454970073176,0,5000,1000,4.997265066778948,12.004045834941108,17.001310901720053,0.07259192805240301,0,5000,5000,5000
device_0,0.375,1705,2.5,87.5,0.05,drop,48,16,3,0.1976,0.38054564128452917,0,5000,1000,4.9427891588306165,12.071048198907164,17.01383735773778,0.07512217800913777,0,5000,5000,5000
device_0,0.375,1706,2.5,87.5,0.05,drop,48,16,3,0.19975,0.37847803043317246,0,5000,1000,4.974615699042701,12.046503583149855,17.021119282192554,0.06869154081804431,0,5000,5000,5000
device_0,0.375,1707,2.5,87.5,0.05,drop,48,16,3,0.19756,0.3714936166119789,0,5000,1000,4.920252693510788,12.137267027418154,17.05751972092894,0.07745394541278944,0,5000,5000,5000
device_0,0.375,1708,2.5,87.5,0.05,drop,48,16,3,0.19968,0.3728274067949136,0,5000,1000,5.034230131559847,11.932946690457841,16.967176822017684,0.07213886015824864,0,5000,5000,5000
device_0,0.375,1709,2.5,87.5,0.05,drop,48,16,3,0.20214,0.3789219763360735,0,5000,1000,5.0351682186956,11.875461126443584,16.910629345139185,0.06981617217208351,0,5000,5000,5000
device_0,0.375,1710,2.5,87.5,0.05,drop,48,16,3,0.19842,0.37511826036297974,0,5000,1000,4.965558318226044,12.0616461912777,17.027204509503747,0.06934600058805628,0,5000,5000,5000
device_0,0.75,1701,2.5,87.5,0.05,drop,48,16,3,0.20817,0.7556341521150168,0,5000,1000,5.029585415948124,11.786118657756646,16.81570407370477,0.10850263537891289,0,5000,5000,5000
device_0,0.75,1702,2.5,87.5,0.05,drop,48,16,3,0.20244,0.7487885933421545,0,5000,1000,4.9162399290375305,12.024305877158566,16.940545806196095,0.12571671984203128,0,5000,5000,5000
device_0,0.75,1703,2.5,87.5,0.05,drop,48,16,3,0.20102,0.7470900970852136,0,5000,1000,4.991324104159568,11.988333159533063,16.979657263692634,0.12628315366321863,0,5000,5000,5000
device_0,0.75,1704,2.5,87.5,0.05,drop,48,16,3,0.19715,0.7479806369104111,0,5000,1000,4.9809044499955695,12.092700681924656,17.073605131920225,0.11941847175525802,0,5000,5000,5000
device_0,0.75,1705,2.5,87.5,0.05,drop,48,16,3,0.20494,0.7506431485678381,0,5000,1000,4.97208397578926,11.88049628390975,16.85258025969901,0.11708409987047913,0,5000,5000,5000
device_0,0.75,1706,2.5,87.5,0.05,drop,48,16,3,0.20282,0.7537784223147826,0,5000,1000,4.995354058487641,11.957599077905321,16.952953136392964,0.11580027203172827,0,5000,5000,5000
device_0,0.75,1707,2.5,87.5,0.05,drop,48,16,3,0.20138,0.7431906944181493,0,5000,1000,5.027154008203723,11.89066167969876,16.917815687902483,0.12148223453175241,0,5000,5000,5000
device_0,0.75,1708,2.5,87.5,0.05,drop,48,16,3,0.20034,0.7475350990705809,0,5000,1000,4.90780052432786,12.12178009241588,17.02958061674374,0.12470551697271338,0,5000,5000,5000
device_0,0.75,1709,2.5,87.5,0.05,drop,48,16,3,0.20613,0.7542776800152501,0,5000,1000,5.043012662438618,11.799809403587991,16.84282206602661,0.12459607072593055,0,5000,5000,5000
device_0,0.75,1710,2.5,87.5,0.05,drop,48,16,3,0.20286,0.74728584709585,0,5000,1000,4.897007613863553,12.027285861719516,16.92429347558307,0.11331320974115901,0,5000,5000,5000
device_0,0.875,1701,2.5,87.5,0.05,drop,48,16,3,0.20249,0.8763990178082249,0,5000,1000,5.016140466836891,11.939274175522144,16.955414642359035,0.1347580529676303,0,5000,5000,5000
device_0,0.875,1702,2.5,87.5,0.05,drop,48,16,3,0.19703,0.8759866636367837,0,5000,1000,4.953805605972975,12.1114714433753,17.065277049348275,0.13892399311015338,0,5000,5000,5000
device_0,0.875,1703,2.5,87.5,0.05,drop,48,16,3,0.20238,0.8773687974569232,0,5000,1000,4.916964660829312,12.013922955798083,16.930887616627395,0.14257032032165948,0,5000,5000,5000
device_0,0.875,1704,2.5,87.5,0.05,drop,48,16,3,0.19663,0.8771256568671042,0,5000,1000,5.084678808893041,11.978509047107975,17.06318785600102,0.1468712219976521,0,5000,5000,5000
device_0,0.875,1705,2.5,87.5,0.05,drop,48,16,3,0.20133,0.8756186617053834,0,5000,1000,5.017654395427866,11.931296665603323,16.948951061031188,0.139094824805835,0,5000,5000,5000
device_0,0.875,1706,2.5,87.5,0.05,drop,48,16,3,0.19605,0.8731077294363513,0,5000,1000,5.068900486539363,12.021427012669532,17.090327499208897,0.14374442868081358,0,5000,5000,5000
device_0,0.875,1707,2.5,87.5,0.05,drop,48,16,3,0.2,0.8774036452681541,0,5000,1000,4.9573587077146195,12.04826676088957,17.00562546860419,0.14622026914140648,0,5000,5000,5000
device_0,0.875,1708,2.5,87.5,0.05,drop,48,16,3,0.20258,0.87442580026271,0,5000,1000,5.088393430844509,11.831861942671226,16.920255373515737,0.14222802704545842,0,5000,5000,5000
device_0,0.875,1709,2.5,87.5,0.05,drop,48,16,3,0.19831,0.8770598020870867,0,5000,1000,4.9309440932747,12.118792695473745,17.049736788748444,0.1369236462695787,0,5000,5000,5000
device_0,0.875,1710,2.5,87.5,0.05,drop,48,16,3,0.19668,0.8724656025657239,0,5000,1000,4.947271945066803,12.127133355262647,17.07440530032945,0.145492758182684,0,5000,5000,5000
device_0,0.9375,1701,2.5,87.5,0.05,drop,48,16,3,0.20509,0.9402237906216514,0,5000,1000,5.03774166287677,11.79374681942653,16.831488482303303,0.13739019789029489,0,5000,5000,5000
device_0,0.9375,1702,2.5,87.5,0.05,drop,48,16,3,0.19366,0.9366016280001491,0,5000,1000,5.007034741533812,12.095505065440369,17.102539806974182,0.1558327150530616,0,5000,5000,5000
device_0,0.9375,1703,2.5,87.5,0.05,drop,48,16,3,0.19489,0.9369055048961522,0,5000,1000,4.948655195487452,12.156558520515324,17.105213716002776,0.15650333717238762,0,5000,5000,5000
device_0,0.9375,1704,2.5,87.5,0.05,drop,48,16,3,0.19999,0.9358099323716185,0,5000,1000,5.005250867190435,12.015805027010183,17.021055894200618,0.16068890797813742,0,5000,5000,5000
device_0,0.9375,1705,2.5,87.5,0.05,drop,48,16,3,0.19063,0.9374553760710133,0,5000,1000,4.992689692967893,12.212278597197765,17.204968290165656,0.1582457808283127,0,5000,5000,5000
device_0,0.9375,1706,2.5,87.5,0.05,drop,48,16,3,0.20144,0.9386428776611538,0,5000,1000,5.124539167051446,11.841623256227045,16.966162423278494,0.14701589652961658,0,5000,5000,5000
device_0,0.9375,1707,2.5,87.5,0.05,drop,48,16,3,0.20073,0.9386652506542138,0,5000,1000,4.988903950577397,12.01577198718057,17.004675937757966,0.15553050585641096,0,5000,5000,5000
device_0,0.9375,1708,2.5,87.5,0.05,drop,48,16,3,0.19042,0.9350336658268497,0,5000,1000,5.134520403983312,12.099118272352797,17.23363867633611,0.15774857437353745,0,5000,5000,5000
device_0,0.9375,1709,2.5,87.5,0.05,drop,48,16,3,0.20214,0.9387695757970393,0,5000,1000,5.0443685004357475,11.920396916144362,16.96476541658011,0.1490375783311217,0,5000,5000,5000
device_0,0.9375,1710,2.5,87.5,0.05,drop,48,16,3,0.20082,0.9338903427364145,0,5000,1000,5.109400374800414,11.86600659438126,16.975406969181673,0.15196204444313705,0,5000,5000,5000
device_0,0.975,1701,2.5,87.5,0.05,drop,48,16,3,0.20012,0.9750727182312047,0,5000,1000,4.9808783358613065,11.994991657337366,16.97586999319867,0.15234555931712623,0,5000,5000,5000
device_0,0.975,1702,2.5,87.5,0.05,drop,48,16,3,0.19762,0.9739220248349032,0,5000,1000,4.840163855133054,12.194140715045807,17.03430457017886,0.16561327774348722,0,5000,5000,5000
device_0,0.975,1703,2.5,87.5,0.05,drop,48,16,3,0.1984,0.975854682367182,0,5000,1000,4.979801006693748,12.054079283624406,17.03388029031815,0.1598742033967616,0,5000,5000,5000
device_0,0.975,1704,2.5,87.5,0.05,drop,48,16,3,0.19634,0.9733501805342133,0,5000,1000,4.946802056355397,12.132091359637998,17.078893415993395,0.16234079931843204,0,5000,5000,5000
device_0,0.975,1705,2.5,87.5,0.05,drop,48,16,3,0.19493,0.9747974986214312,0,5000,1000,4.903018794206474,12.23101027884376,17.134029073050236,0.16757125588117844,0,5000,5000,5000
device_0,0.975,1706,2.5,87.5,0.05,drop,48,16,3,0.203,0.9742259419786155,0,5000,1000,5.083651370169292,11.806373875763567,16.89002524593286,0.1449775439041474,0,5000,5000,5000
device_0,0.975,1707,2.5,87.5,0.05,drop,48,16,3,0.20266,0.9738223967562294,0,5000,1000,5.033198324917541,11.863974786361226,16.897173111278768,0.15226663204766067,0,5000,5000,5000
device_0,0.975,1708,2.5,87.5,0.05,drop,48,16,3,0.19043,0.9746047948044175,0,5000,1000,4.973535387747091,12.253820913808356,17.22735630155545,0.15939074324349445,0,5000,5000,5000
device_0,0.975,1709,2.5,87.5,0.05,drop,48,16,3,0.19294,0.9749540477640206,0,5000,1000,5.086573792927505,12.077005432158119,17.163579225085623,0.16391080100016853,0,5000,5000,5000
device_0,0.975,1710,2.5,87.5,0.05,drop,48,16,3,0.19779,0.9774683509778551,0,5000,1000,4.973001668068564,12.087644390293146,17.06064605836171,0.15742120814147095,0,5000,5000,5000
device_0,0.0,1701,2.5,87.5,0.05,late,48,16,3,0.19936,-0.002661444942765865,0,5000,1000,0.37564960988193064,4.606582506510387,4.982232116392318,0.01915292662693767,0,5000,5000,5000
device_0,0.0,1702,2.5,87.5,0.05,late,48,16,3,0.20106,0.005830007599770396,0,5000,1000,0.3859374759697645,4.582620425518891,4.968557901488655,0.02020585799567734,0,5000,5000,5000
device_0,0.0,1703,2.5,87.5,0.05,late,48,16,3,0.19952,0.005656351965683195,0,5000,1000,0.4039784170375216,4.56641287779374,4.970391294831261,0.018369598839508783,0,5000,5000,5000
device_0,0.0,1704,2.5,87.5,0.05,late,48,16,3,0.20257,0.002457782015709934,0,5000,1000,0.3626502885223391,4.608526626835145,4.971176915357484,0.01739443414999129,0,5000,5000,5000
device_0,0.0,1705,2.5,87.5,0.05,late,48,16,3,0.20104,-0.004155617772998724,0,5000,1000,0.3806371069049971,4.593429915470017,4.974067022375014,0.01869626259784693,0,5000,5000,5000
device_0,0.0,1706,2.5,87.5,0.05,late,48,16,3,0.20062,-0.0045443747273977144,0,5000,1000,0.4166808082505564,4.557662378477963,4.97434318672852,0.01669734268560327,0,5000,5000,5000
device_0,0.0,1707,2.5,87.5,0.05,late,48,16,3,0.19896,0.001346027845602329,0,5000,1000,0.39077299640204566,4.587337865854069,4.9781108622561145,0.016852547927521846,0,5000,5000,5000
device_0,0.0,1708,2.5,87.5,0.05,late,48,16,3,0.19922,-0.001372807149175493,0,5000,1000,0.3488260780095025,4.626804028575606,4.9756301065851085,0.018531054673939347,0,5000,5000,5000
device_0,0.0,1709,2.5,87.5,0.05,late,48,16,3,0.20001,0.005034822885721277,0,5000,1000,0.37448518796928104,4.594677590444358,4.969162778413639,0.019594326874291614,0,5000,5000,5000
device_0,0.0,1710,2.5,87.5,0.05,late,48,16,3,0.19848,0.0007247411049733544,0,5000,1000,0.3735431795234253,4.609845704690126,4.983388884213551,0.019795852142036545,0,5000,5000,5000
device_0,0.375,1701,2.5,87.5,0.05,late,48,16,3,0.19773,0.37585282092426525,0,5000,1000,0.3953736260397,4.603105176908546,4.998478802948246,0.05590679990219194,0,5000,5000,5000
device_0,0.375,1702,2.5,87.5,0.05,late,48,16,3,0.20083,0.3763938072575695,0,5000,1000,0.3890685465320852,4.569581032505532,4.958649579037616,0.050970992726274936,0,5000,5000,5000
device_0,0.375,1703,2.5,87.5,0.05,late,48,16,3,0.19949,0.3708761472322628,0,5000,1000,0.4041121492990217,4.556564764288055,4.9606769135870765,0.04978919946235727,0,5000,5000,5000
device_0,0.375,1704,2.5,87.5,0.05,late,48,16,3,0.19956,0.37083454970073176,0,5000,1000,0.3849675253788153,4.583366772905625,4.96833429828444,0.05232589320076812,0,5000,5000,5000
device_0,0.375,1705,2.5,87.5,0.05,late,48,16,3,0.1976,0.38054564128452917,0,5000,1000,0.39491507159254563,4.589379724020866,4.984294795613411,0.05003416733920343,0,5000,5000,5000
device_0,0.375,1706,2.5,87.5,0.05,late,48,16,3,0.19975,0.37847803043317246,0,5000,1000,0.37742028784087794,4.5774450777601405,4.954865365601019,0.052059308094445436,0,5000,5000,5000
device_0,0.375,1707,2.5,87.5,0.05,late,48,16,3,0.19756,0.3714936166119789,0,5000,1000,0.3966480690155476,4.5845060803599305,4.981154149375477,0.05580767585178298,0,5000,5000,5000
device_0,0.375,1708,2.5,87.5,0.05,late,48,16,3,0.19968,0.3728274067949136,0,5000,1000,0.3840466040350589,4.608622898416247,4.992669502451306,0.047063232348652694,0,5000,5000,5000
device_0,0.375,1709,2.5,87.5,0.05,late,48,16,3,0.20214,0.3789219763360735,0,5000,1000,0.38473714303598405,4.568292193611911,4.953029336647895,0.04991431476143332,0,5000,5000,5000
device_0,0.375,1710,2.5,87.5,0.05,late,48,16,3,0.19842,0.37511826036297974,0,5000,1000,0.41867097547317117,4.558199395529706,4.976870371002877,0.05245336428896189,0,5000,5000,5000
device_0,0.75,1701,2.5,87.5,0.05,late,48,16,3,0.20817,0.7556341521150168,0,5000,1000,0.3662246313360536,4.555709993471683,4.9219346248077365,0.08444124569221627,0,5000,5000,5000
device_0,0.75,1702,2.5,87.5,0.05,late,48,16,3,0.20244,0.7487885933421545,0,5000,1000,0.41162236923007606,4.549671664308527,4.9612940335386035,0.09385440853876657,0,5000,5000,5000
device_0,0.75,1703,2.5,87.5,0.05,late,48,16,3,0.20102,0.7470900970852136,0,5000,1000,0.3921499331999483,4.571451613907989,4.963601547107937,0.08983413890486028,0,5000,5000,5000
device_0,0.75,1704,2.5,87.5,0.05,late,48,16,3,0.19715,0.7479806369104111,0,5000,1000,0.39441538217816074,4.591895577870481,4.986310960048643,0.09279360414294113,0,5000,5000,5000
device_0,0.75,1705,2.5,87.5,0.05,late,48,16,3,0.20494,0.7506431485678381,0,5000,1000,0.39497595220241166,4.543440192255843,4.938416144458254,0.08036791347624825,0,5000,5000,5000
device_0,0.75,1706,2.5,87.5,0.05,late,48,16,3,0.20282,0.7537784223147826,0,5000,1000,0.36214253607886565,4.6056183356482086,4.967760871727075,0.09148747661584579,0,5000,5000,5000
device_0,0.75,1707,2.5,87.5,0.05,late,48,16,3,0.20138,0.7431906944181493,0,5000,1000,0.3962611012928895,4.556859635058128,4.953120736351018,0.08416761834509816,0,5000,5000,5000
device_0,0.75,1708,2.5,87.5,0.05,late,48,16,3,0.20034,0.7475350990705809,0,5000,1000,0.3903976817813619,4.5917474657935875,4.98214514757495,0.09571138892685858,0,5000,5000,5000
device_0,0.75,1709,2.5,87.5,0.05,late,48,16,3,0.20613,0.7542776800152501,0,5000,1000,0.3717929258654489,4.567030290037765,4.938823215903214,0.08410194884732972,0,5000,5000,5000
device_0,0.75,1710,2.5,87.5,0.05,late,48,16,3,0.20286,0.74728584709585,0,5000,1000,0.421105938175851,4.536214245974969,4.957320184150819,0.08317460502628025,0,5000,5000,5000
device_0,0.875,1701,2.5,87.5,0.05,late,48,16,3,0.20249,0.8763990178082249,0,5000,1000,0.3959235210036004,4.567670984777852,4.963594505781452,0.10670264038993563,0,5000,5000,5000
device_0,0.875,1702,2.5,87.5,0.05,late,48,16,3,0.19703,0.8759866636367837,0,5000,1000,0.3620834678834952,4.642640940770468,5.004724408653963,0.11724405575697383,0,5000,5000,5000
device_0,0.875,1703,2.5,87.5,0.05,late,48,16,3,0.20238,0.8773687974569232,0,5000,1000,0.4035248334004304,4.55565838610402,4.9591832195044505,0.10392568799888857,0,5000,5000,5000
device_0,0.875,1704,2.5,87.5,0.05,late,48,16,3,0.19663,0.8771256568671042,0,5000,1000,0.39113522008702706,4.602061925744431,4.993197145831458,0.11794596183725585,0,5000,5000,5000
device_0,0.875,1705,2.5,87.5,0.05,late,48,16,3,0.20133,0.8756186617053834,0,5000,1000,0.3763187885526785,4.597505593964794,4.973824382517472,0.10812937087403918,0,5000,5000,5000
device_0,0.875,1706,2.5,87.5,0.05,late,48,16,3,0.19605,0.8731077294363513,0,5000,1000,0.3886397114562309,4.601914800600585,4.990554512056816,0.1126444134746279,0,5000,5000,5000
device_0,0.875,1707,2.5,87.5,0.05,late,48,16,3,0.2,0.8774036452681541,0,5000,1000,0.39535620705080876,4.573879778504673,4.969235985555482,0.11072974681922909,0,5000,5000,5000
device_0,0.875,1708,2.5,87.5,0.05,late,48,16,3,0.20258,0.87442580026271,0,5000,1000,0.37879852899099664,4.568819139962455,4.947617668953452,0.10296895486238192,0,5000,5000,5000
device_0,0.875,1709,2.5,87.5,0.05,late,48,16,3,0.19831,0.8770598020870867,0,5000,1000,0.4082912354739223,4.59201153650318,5.000302771977102,0.12009259955945333,0,5000,5000,5000
device_0,0.875,1710,2.5,87.5,0.05,late,48,16,3,0.19668,0.8724656025657239,0,5000,1000,0.39833892550414873,4.58540327675868,4.983742202262829,0.11045797408873322,0,5000,5000,5000
device_0,0.9375,1701,2.5,87.5,0.05,late,48,16,3,0.20509,0.9402237906216514,0,5000,1000,0.39335206913910487,4.5560948459321,4.949446915071205,0.10506340185459014,0,5000,5000,5000
device_0,0.9375,1702,2.5,87.5,0.05,late,48,16,3,0.19366,0.9366016280001491,0,5000,1000,0.42794483944583267,4.575242664510225,5.003187503956058,0.12511380084274973,0,5000,5000,5000
device_0,0.9375,1703,2.5,87.5,0.05,late,48,16,3,0.19489,0.9369055048961522,0,5000,1000,0.38138557917143573,4.617910888045413,4.9992964672168485,0.12281744650997882,0,5000,5000,5000
device_0,0.9375,1704,2.5,87.5,0.05,late,48,16,3,0.19999,0.9358099323716185,0,5000,1000,0.40599860673871624,4.5643429645324956,4.970341571271212,0.11531193347000955,0,5000,5000,5000
device_0,0.9375,1705,2.5,87.5,0.05,late,48,16,3,0.19063,0.9374553760710133,0,5000,1000,0.3838680649711295,4.643207063124194,5.027075128095324,0.14326365422953863,0,5000,5000,5000
device_0,0.9375,1706,2.5,87.5,0.05,late,48,16,3,0.20144,0.9386428776611538,0,5000,1000,0.38108075370716243,4.589311709111843,4.970392462819006,0.1183269836962947,0,5000,5000,5000
device_0,0.9375,1707,2.5,87.5,0.05,late,48,16,3,0.20073,0.9386652506542138,0,5000,1000,0.37988989481153024,4.591346854875148,4.971236749686678,0.11785497662607076,0,5000,5000,5000
device_0,0.9375,1708,2.5,87.5,0.05,late,48,16,3,0.19042,0.9350336658268497,0,5000,1000,0.3637044687249291,4.658013346182334,5.021717814907262,0.13144914392866722,0,5000,5000,5000
device_0,0.9375,1709,2.5,87.5,0.05,late,48,16,3,0.20214,0.9387695757970393,0,5000,1000,0.36562371724969145,4.587802625395251,4.953426342644943,0.11537204281954874,0,5000,5000,5000
device_0,0.9375,1710,2.5,87.5,0.05,late,48,16,3,0.20082,0.9338903427364145,0,5000,1000,0.36731700281504875,4.616844643418825,4.984161646233874,0.11405652535134576,0,5000,5000,5000
device_0,0.975,1701,2.5,87.5,0.05,late,48,16,3,0.20012,0.9750727182312047,0,5000,1000,0.379347952734545,4.598134177095471,4.977482129830016,0.12127749723037366,0,5000,5000,5000
device_0,0.975,1702,2.5,87.5,0.05,late,48,16,3,0.19762,0.9739220248349032,0,5000,1000,0.3712721821894106,4.603567664426288,4.974839846615699,0.12653989384711953,0,5000,5000,5000
device_0,0.975,1703,2.5,87.5,0.05,late,48,16,3,0.1984,0.975854682367182,0,5000,1000,0.38555632559276437,4.604292048064211,4.989848373656976,0.1256890831691703,0,5000,5000,5000
device_0,0.975,1704,2.5,87.5,0.05,late,48,16,3,0.19634,0.9733501805342133,0,5000,1000,0.38695876729851386,4.614011472285833,5.000970239584347,0.12104258687933157,0,5000,5000,5000
device_0,0.975,1705,2.5,87.5,0.05,late,48,16,3,0.19493,0.9747974986214312,0,5000,1000,0.4118059525526823,4.592220050736354,5.004026003289036,0.13175457930784756,0,5000,5000,5000
device_0,0.975,1706,2.5,87.5,0.05,late,48,16,3,0.203,0.9742259419786155,0,5000,1000,0.4251940364190399,4.5417275513687025,4.966921587787743,0.10892627211793458,0,5000,5000,5000
device_0,0.975,1707,2.5,87.5,0.05,late,48,16,3,0.20266,0.9738223967562294,0,5000,1000,0.3659268952130611,4.601740553938337,4.967667449151398,0.10999575022242786,0,5000,5000,5000
device_0,0.975,1708,2.5,87.5,0.05,late,48,16,3,0.19043,0.9746047948044175,0,5000,1000,0.3571107158219552,4.670213409769588,5.0273241255915435,0.13970296237794969,0,5000,5000,5000
device_0,0.975,1709,2.5,87.5,0.05,late,48,16,3,0.19294,0.9749540477640206,0,5000,1000,0.35747505341792357,4.669155524910039,5.026630578327962,0.14367662626698013,0,5000,5000,5000
device_0,0.975,1710,2.5,87.5,0.05,late,48,16,3,0.19779,0.9774683509778551,0,5000,1000,0.3771757840300006,4.609372093005547,4.986547877035547,0.13425820709420183,0,5000,5000,5000
device_0,0.0,1701,2.5,87.5,0.1,drop,48,16,3,0.19936,-0.002661444942765865,0,10000,1000,10.004569987908749,21.33419395668016,31.33876394458891,0.9419638700699623,0,10000,10000,10000
device_0,0.0,1702,2.5,87.5,0.1,drop,48,16,3,0.20106,0.005830007599770396,0,10000,1000,9.895340198496848,21.48075557816414,31.37609577666099,1.063768210941232,0,10000,10000,10000
device_0,0.0,1703,2.5,87.5,0.1,drop,48,16,3,0.19952,0.005656351965683195,0,10000,1000,9.917314620139674,21.535272297167747,31.45258691730742,1.0477204836430347,0,10000,10000,10000
device_0,0.0,1704,2.5,87.5,0.1,drop,48,16,3,0.20257,0.002457782015709934,0,10000,1000,10.054968458585293,21.291751560124844,31.346720018710137,0.9998783798559499,0,10000,10000,10000
device_0,0.0,1705,2.5,87.5,0.1,drop,48,16,3,0.20104,-0.004155617772998724,0,10000,1000,9.90305746839327,21.522156492473044,31.425213960866316,0.9846553618545738,0,10000,10000,10000
device_0,0.0,1706,2.5,87.5,0.1,drop,48,16,3,0.20062,-0.0045443747273977144,0,10000,1000,10.087765397708297,21.353173102605727,31.44093850031403,0.927828078494885,0,10000,10000,10000
device_0,0.0,1707,2.5,87.5,0.1,drop,48,16,3,0.19896,0.001346027845602329,0,10000,1000,9.850262260572093,21.458314751819803,31.30857701239189,0.943229844857603,0,10000,10000,10000
device_0,0.0,1708,2.5,87.5,0.1,drop,48,16,3,0.19922,-0.001372807149175493,0,10000,1000,10.055765417983256,21.401024152447935,31.45678957043119,0.9697283853438198,0,10000,10000,10000
device_0,0.0,1709,2.5,87.5,0.1,drop,48,16,3,0.20001,0.005034822885721277,0,10000,1000,9.998723993004056,21.37263302849837,31.371357021502423,0.9782148926701852,0,10000,10000,10000
device_0,0.0,1710,2.5,87.5,0.1,drop,48,16,3,0.19848,0.0007247411049733544,0,10000,1000,9.952135998459843,21.413937885132988,31.36607388359283,0.9915824567849751,0,10000,10000,10000
device_0,0.375,1701,2.5,87.5,0.1,drop,48,16,3,0.19773,0.37585282092426525,0,10000,1000,10.018231217662493,21.29227828195149,31.310509499613985,2.3683854146338907,0,10000,10000,10000
device_0,0.375,1702,2.5,87.5,0.1,drop,48,16,3,0.20083,0.3763938072575695,0,10000,1000,9.990274093685896,21.32572218265142,31.315996276337312,2.272741639488255,0,10000,10000,10000
device_0,0.375,1703,2.5,87.5,0.1,drop,48,16,3,0.19949,0.3708761472322628,0,10000,1000,9.86764971217696,21.57499183221009,31.44264154438705,2.275739561977783,0,10000,10000,10000
device_0,0.375,1704,2.5,87.5,0.1,drop,48,16,3,0.19956,0.37083454970073176,0,10000,1000,10.012375076726398,21.363845517325565,31.376220594051965,2.334166908907548,0,10000,10000,10000
device_0,0.375,1705,2.5,87.5,0.1,drop,48,16,3,0.1976,0.38054564128452917,0,10000,1000,10.04162892534734,21.45853938604482,31.50016831139216,2.4230840386003134,0,10000,10000,10000
device_0,0.375,1706,2.5,87.5,0.1,drop,48,16,3,0.19975,0.37847803043317246,0,10000,1000,10.112071828906055,21.20922711488255,31.32129894378861,2.2288999758643686,0,10000,10000,10000
device_0,0.375,1707,2.5,87.5,0.1,drop,48,16,3,0.19756,0.3714936166119789,0,10000,1000,10.015073886445336,21.310347240674073,31.325421127119405,2.2782584062579723,0,10000,10000,10000
device_0,0.375,1708,2.5,87.5,0.1,drop,48,16,3,0.19968,0.3728274067949136,0,10000,1000,9.932092738693267,21.395199739466946,31.327292478160214,2.3181711233737468,0,10000,10000,10000
device_0,0.375,1709,2.5,87.5,0.1,drop,48,16,3,0.20214,0.3789219763360735,0,10000,1000,9.992369014625153,21.578749276377085,31.57111829100224,2.437285534310257,0,10000,10000,10000
device_0,0.375,1710,2.5,87.5,0.1,drop,48,16,3,0.19842,0.37511826036297974,0,10000,1000,9.94627630005121,21.550239853248172,31.496516153299385,2.339543749631505,0,10000,10000,10000
device_0,0.75,1701,2.5,87.5,0.1,drop,48,16,3,0.20817,0.7556341521150168,0,10000,1000,9.797091183153436,21.540141623867992,31.33723280702143,3.5751413715486633,0,10000,10000,10000
device_0,0.75,1702,2.5,87.5,0.1,drop,48,16,3,0.20244,0.7487885933421545,0,10000,1000,9.941912347232435,21.60716559416703,31.54907794139946,3.7571338260987432,0,10000,10000,10000
device_0,0.75,1703,2.5,87.5,0.1,drop,48,16,3,0.20102,0.7470900970852136,0,10000,1000,10.061616998253562,21.391906349814395,31.453523348067954,3.776464598742979,0,10000,10000,10000
device_0,0.75,1704,2.5,87.5,0.1,drop,48,16,3,0.19715,0.7479806369104111,0,10000,1000,9.897313981046885,21.455518997094057,31.352832978140942,3.7634156189172816,0,10000,10000,10000
device_0,0.75,1705,2.5,87.5,0.1,drop,48,16,3,0.20494,0.7506431485678381,0,10000,1000,10.174687884007168,21.366116950300324,31.540804834307494,3.786095662307879,0,10000,10000,10000
device_0,0.75,1706,2.5,87.5,0.1,drop,48,16,3,0.20282,0.7537784223147826,0,10000,1000,9.884125210898981,21.388149695496416,31.272274906395396,3.6343920417997753,0,10000,10000,10000
device_0,0.75,1707,2.5,87.5,0.1,drop,48,16,3,0.20138,0.7431906944181493,0,10000,1000,9.977147792156313,21.494402024161932,31.471549816318245,3.7628186112109723,0,10000,10000,10000
device_0,0.75,1708,2.5,87.5,0.1,drop,48,16,3,0.20034,0.7475350990705809,0,10000,1000,10.094065534950579,21.231757614656754,31.32582314960733,3.6703179240402752,0,10000,10000,10000
device_0,0.75,1709,2.5,87.5,0.1,drop,48,16,3,0.20613,0.7542776800152501,0,10000,1000,10.025534075386851,21.36331684983153,31.388850925218378,3.687291759665678,0,10000,10000,10000
device_0,0.75,1710,2.5,87.5,0.1,drop,48,16,3,0.20286,0.74728584709585,0,10000,1000,10.00774409307297,21.433383946658946,31.441128039731915,3.625653965269275,0,10000,10000,10000
device_0,0.875,1701,2.5,87.5,0.1,drop,48,16,3,0.20249,0.8763990178082249,0,10000,1000,10.097645699494954,21.325554564613633,31.423200264108587,4.2535656434675735,0,10000,10000,10000
device_0,0.875,1702,2.5,87.5,0.1,drop,48,16,3,0.19703,0.8759866636367837,0,10000,1000,9.924458946002288,21.4185084266165,31.342967372618787,4.353307620916398,0,10000,10000,10000
device_0,0.875,1703,2.5,87.5,0.1,drop,48,16,3,0.20238,0.8773687974569232,0,10000,1000,10.038891165862456,21.459883605690706,31.498774771553162,4.377382265148697,0,10000,10000,10000
device_0,0.875,1704,2.5,87.5,0.1,drop,48,16,3,0.19663,0.8771256568671042,0,10000,1000,9.951117615080769,21.401514465699357,31.352632080780122,4.469081916377875,0,10000,10000,10000
device_0,0.875,1705,2.5,87.5,0.1,drop,48,16,3,0.20133,0.8756186617053834,0,10000,1000,10.035901285092054,21.359892911995004,31.39579419708706,4.365616230646796,0,10000,10000,10000
device_0,0.875,1706,2.5,87.5,0.1,drop,48,16,3,0.19605,0.8731077294363513,0,10000,1000,9.94315986421604,21.57254414295881,31.515704007174854,4.566879440756417,0,10000,10000,10000
device_0,0.875,1707,2.5,87.5,0.1,drop,48,16,3,0.2,0.8774036452681541,0,10000,1000,9.85234922423197,21.51309627779749,31.36544550202946,4.3807276840212195,0,10000,10000,10000
device_0,0.875,1708,2.5,87.5,0.1,drop,48,16,3,0.20258,0.87442580026271,0,10000,1000,9.918680268046492,21.6088481376627,31.527528405709194,4.400995798225506,0,10000,10000,10000
device_0,0.875,1709,2.5,87.5,0.1,drop,48,16,3,0.19831,0.8770598020870867,0,10000,1000,9.86875106140193,21.42620641797251,31.29495747937444,4.393991184962883,0,10000,10000,10000
device_0,0.875,1710,2.5,87.5,0.1,drop,48,16,3,0.19668,0.8724656025657239,0,10000,1000,10.008988207244926,21.370865329138734,31.37985353638366,4.404237263185841,0,10000,10000,10000
device_0,0.9375,1701,2.5,87.5,0.1,drop,48,16,3,0.20509,0.9402237906216514,0,10000,1000,10.236444530436602,21.197462350102544,31.433906880539148,4.5128513920906155,0,10000,10000,10000
device_0,0.9375,1702,2.5,87.5,0.1,drop,48,16,3,0.19366,0.9366016280001491,0,10000,1000,9.99165934251661,21.484150973234158,31.475810315750763,4.857010021476503,0,10000,10000,10000
device_0,0.9375,1703,2.5,87.5,0.1,drop,48,16,3,0.19489,0.9369055048961522,0,10000,1000,9.90408451443134,21.44865248361597,31.35273699804731,4.7883247626921435,0,10000,10000,10000
device_0,0.9375,1704,2.5,87.5,0.1,drop,48,16,3,0.19999,0.9358099323716185,0,10000,1000,9.939698165248632,21.44194291922031,31.381641084468942,4.6271452882690065,0,10000,10000,10000
device_0,0.9375,1705,2.5,87.5,0.1,drop,48,16,3,0.19063,0.9374553760710133,0,10000,1000,9.93818849298552,21.497228386599446,31.435416879584967,4.905418248387093,0,10000,10000,10000
device_0,0.9375,1706,2.5,87.5,0.1,drop,48,16,3,0.20144,0.9386428776611538,0,10000,1000,9.78800718223844,21.55628818539275,31.344295367631187,4.581926180351931,0,10000,10000,10000
device_0,0.9375,1707,2.5,87.5,0.1,drop,48,16,3,0.20073,0.9386652506542138,0,10000,1000,10.047828078816817,21.324179330928406,31.372007409745223,4.618256621114677,0,10000,10000,10000
device_0,0.9375,1708,2.5,87.5,0.1,drop,48,16,3,0.19042,0.9350336658268497,0,10000,1000,10.047236889320374,21.251632393929142,31.298869283249516,4.8073419401988655,0,10000,10000,10000
device_0,0.9375,1709,2.5,87.5,0.1,drop,48,16,3,0.20214,0.9387695757970393,0,10000,1000,10.16854530798789,21.18438174573386,31.352927053721746,4.578172516555442,0,10000,10000,10000
device_0,0.9375,1710,2.5,87.5,0.1,drop,48,16,3,0.20082,0.9338903427364145,0,10000,1000,10.191251386589444,21.17190294456404,31.36315433115349,4.570465989899692,0,10000,10000,10000
device_0,0.975,1701,2.5,87.5,0.1,drop,48,16,3,0.20012,0.9750727182312047,0,10000,1000,9.691904909432107,21.637872763466337,31.329777672898445,4.778708395032983,0,10000,10000,10000
device_0,0.975,1702,2.5,87.5,0.1,drop,48,16,3,0.19762,0.9739220248349032,0,10000,1000,10.037598962025982,21.377982685775745,31.41558164780173,4.93481160812693,0,10000,10000,10000
device_0,0.975,1703,2.5,87.5,0.1,drop,48,16,3,0.1984,0.975854682367182,0,10000,1000,10.005016417680336,21.313085552125802,31.31810196980614,4.80659728490257,0,10000,10000,10000
device_0,0.975,1704,2.5,87.5,0.1,drop,48,16,3,0.19634,0.9733501805342133,0,10000,1000,10.034441073284173,21.37175693314383,31.406198006428006,4.879396069244848,0,10000,10000,10000
device_0,0.975,1705,2.5,87.5,0.1,drop,48,16,3,0.19493,0.9747974986214312,0,10000,1000,9.904527731336973,21.432132486126317,31.336660217463294,4.938201542992545,0,10000,10000,10000
device_0,0.975,1706,2.5,87.5,0.1,drop,48,16,3,0.203,0.9742259419786155,0,10000,1000,9.922692005923134,21.606840757515386,31.52953276343852,4.814153742256782,0,10000,10000,10000
device_0,0.975,1707,2.5,87.5,0.1,drop,48,16,3,0.20266,0.9738223967562294,0,10000,1000,10.077650487434235,21.33378465711508,31.411435144549312,4.750540606850838,0,10000,10000,10000
device_0,0.975,1708,2.5,87.5,0.1,drop,48,16,3,0.19043,0.9746047948044175,0,10000,1000,9.937884168564791,21.385461635834858,31.32334580439965,5.039231646189246,0,10000,10000,10000
device_0,0.975,1709,2.5,87.5,0.1,drop,48,16,3,0.19294,0.9749540477640206,0,10000,1000,10.011811527072068,21.240445479477184,31.252257006549254,4.986797581345906,0,10000,10000,10000
device_0,0.975,1710,2.5,87.5,0.1,drop,48,16,3,0.19779,0.9774683509778551,0,10000,1000,10.101583575983156,21.258261658303745,31.3598452342869,4.923082167558242,0,10000,10000,10000
device_0,0.0,1701,2.5,87.5,0.1,late,48,16,3,0.19936,-0.002661444942765865,0,10000,1000,0.775016874604826,6.857007979237147,7.632024853841973,0.5393335991239077,0,10000,10000,8064
device_0,0.0,1702,2.5,87.5,0.1,late,48,16,3,0.20106,0.005830007599770396,0,10000,1000,0.8007195908216658,6.9431623793147965,7.743881970136464,0.6242762328820461,0,10000,10000,8090
device_0,0.0,1703,2.5,87.5,0.1,late,48,16,3,0.19952,0.005656351965683195,0,10000,1000,0.7530045075035743,7.0338184944516415,7.786823001955216,0.6125406302897121,0,10000,10000,8152
device_0,0.0,1704,2.5,87.5,0.1,late,48,16,3,0.20257,0.002457782015709934,0,10000,1000,0.7758066162727898,7.008092026760293,7.7838986430330825,0.5864433778261069,0,10000,10000,8182
device_0,0.0,1705,2.5,87.5,0.1,late,48,16,3,0.20104,-0.004155617772998724,0,10000,1000,0.767219399050876,7.018495205293351,7.785714604344228,0.5853516224033972,0,10000,10000,8178
device_0,0.0,1706,2.5,87.5,0.1,late,48,16,3,0.20062,-0.0045443747273977144,0,10000,1000,0.7405666188124239,7.041210220607533,7.7817768394199565,0.5390440986362786,0,10000,10000,8228
device_0,0.0,1707,2.5,87.5,0.1,late,48,16,3,0.19896,0.001346027845602329,0,10000,1000,0.7602993207076193,6.880675738164522,7.640975058872141,0.5370632015157266,0,10000,10000,8036
device_0,0.0,1708,2.5,87.5,0.1,late,48,16,3,0.19922,-0.001372807149175493,0,10000,1000,0.7668787141543053,7.016942161724418,7.783820875878723,0.575263665870611,0,10000,10000,8194
device_0,0.0,1709,2.5,87.5,0.1,late,48,16,3,0.20001,0.005034822885721277,0,10000,1000,0.7990357925030177,6.888608614917691,7.6876444074207075,0.555875777672754,0,10000,10000,8109
device_0,0.0,1710,2.5,87.5,0.1,late,48,16,3,0.19848,0.0007247411049733544,0,10000,1000,0.7706183404395432,6.9303422579833,7.700960598422843,0.5830403309345255,0,10000,10000,8044
device_0,0.375,1701,2.5,87.5,0.1,late,48,16,3,0.19773,0.37585282092426525,0,10000,1000,0.7403510057535164,6.911684683352494,7.65203568910601,1.2801307961430097,0,10000,10000,7096
device_0,0.375,1702,2.5,87.5,0.1,late,48,16,3,0.20083,0.3763938072575695,0,10000,1000,0.7995786984884061,6.844155532238688,7.643734230727094,1.2342851935376336,0,10000,10000,7224
device_0,0.375,1703,2.5,87.5,0.1,late,48,16,3,0.19949,0.3708761472322628,0,10000,1000,0.7554905762630935,7.017653473246942,7.7731440495100355,1.2534949423134545,0,10000,10000,7338
device_0,0.375,1704,2.5,87.5,0.1,late,48,16,3,0.19956,0.37083454970073176,0,10000,1000,0.8100724304737852,6.899304653406365,7.709377083880151,1.2843625841579873,0,10000,10000,7218
device_0,0.375,1705,2.5,87.5,0.1,late,48,16,3,0.1976,0.38054564128452917,0,10000,1000,0.8033714115075192,7.003456826758541,7.8068282382660605,1.3243385329885415,0,10000,10000,7259
device_0,0.375,1706,2.5,87.5,0.1,late,48,16,3,0.19975,0.37847803043317246,0,10000,1000,0.7660221735258528,6.846353425366131,7.612375598891984,1.2033599334135652,0,10000,10000,7229
device_0,0.375,1707,2.5,87.5,0.1,late,48,16,3,0.19756,0.3714936166119789,0,10000,1000,0.6985467311860805,6.933742557215738,7.632289288401818,1.2360251225460974,0,10000,10000,7149
device_0,0.375,1708,2.5,87.5,0.1,late,48,16,3,0.19968,0.3728274067949136,0,10000,1000,0.7603836903889856,7.002572110761892,7.762955801150876,1.2807201164525035,0,10000,10000,7226
device_0,0.375,1709,2.5,87.5,0.1,late,48,16,3,0.20214,0.3789219763360735,0,10000,1000,0.7279884566923631,7.192820490981885,7.920808947674248,1.3730398419692207,0,10000,10000,7391
device_0,0.375,1710,2.5,87.5,0.1,late,48,16,3,0.19842,0.37511826036297974,0,10000,1000,0.7863501293839068,6.98094891494362,7.767299044327527,1.2857002434041855,0,10000,10000,7275
device_0,0.75,1701,2.5,87.5,0.1,late,48,16,3,0.20817,0.7556341521150168,0,10000,1000,0.7896781279801903,7.039503876107114,7.829182004087304,1.8527566744965416,0,10000,10000,6758
device_0,0.75,1702,2.5,87.5,0.1,late,48,16,3,0.20244,0.7487885933421545,0,10000,1000,0.8242330916776607,7.056304216995573,7.880537308673234,1.9237059467591822,0,10000,10000,6688
device_0,0.75,1703,2.5,87.5,0.1,late,48,16,3,0.20102,0.7470900970852136,0,10000,1000,0.7690511907126742,6.9979923982886,7.7670435890012754,1.8677571743075083,0,10000,10000,6592
device_0,0.75,1704,2.5,87.5,0.1,late,48,16,3,0.19715,0.7479806369104111,0,10000,1000,0.7785851315988915,6.848372958059156,7.626958089658047,1.817837018858921,0,10000,10000,6429
device_0,0.75,1705,2.5,87.5,0.1,late,48,16,3,0.20494,0.7506431485678381,0,10000,1000,0.765919893281839,7.184500574416721,7.950420467698559,1.954071976886403,0,10000,10000,6732
device_0,0.75,1706,2.5,87.5,0.1,late,48,16,3,0.20282,0.7537784223147826,0,10000,1000,0.8015031917230245,6.909525419839855,7.71102861156288,1.8277222103494901,0,10000,10000,6560
device_0,0.75,1707,2.5,87.5,0.1,late,48,16,3,0.20138,0.7431906944181493,0,10000,1000,0.7860345855453839,7.063899866951292,7.849934452496676,1.9195938209343748,0,10000,10000,6648
device_0,0.75,1708,2.5,87.5,0.1,late,48,16,3,0.20034,0.7475350990705809,0,10000,1000,0.7508079733209637,6.914538065435049,7.665346038756013,1.8165360845394294,0,10000,10000,6497
device_0,0.75,1709,2.5,87.5,0.1,late,48,16,3,0.20613,0.7542776800152501,0,10000,1000,0.8182504634528929,7.054654757647701,7.872905221100594,1.9068061008889485,0,10000,10000,6712
device_0,0.75,1710,2.5,87.5,0.1,late,48,16,3,0.20286,0.74728584709585,0,10000,1000,0.7662862335646476,7.055803659797919,7.822089893362564,1.849672116087145,0,10000,10000,6710
device_0,0.875,1701,2.5,87.5,0.1,late,48,16,3,0.20249,0.8763990178082249,0,10000,1000,0.7536728916110103,7.026613864466242,7.780286756077252,2.0397697387948477,0,10000,10000,6425
device_0,0.875,1702,2.5,87.5,0.1,late,48,16,3,0.19703,0.8759866636367837,0,10000,1000,0.7782560067228931,6.88725647754701,7.665512484269901,2.0105225788227945,0,10000,10000,6232
device_0,0.875,1703,2.5,87.5,0.1,late,48,16,3,0.20238,0.8773687974569232,0,10000,1000,0.7804816152127098,7.079801396883983,7.8602830120966924,2.1144751719154438,0,10000,10000,6414
device_0,0.875,1704,2.5,87.5,0.1,late,48,16,3,0.19663,0.8771256568671042,0,10000,1000,0.7355851078968711,6.926612962549763,7.662198070446635,2.043227656585227,0,10000,10000,6203
device_0,0.875,1705,2.5,87.5,0.1,late,48,16,3,0.20133,0.8756186617053834,0,10000,1000,0.7892312731947153,7.007500002341765,7.79673127553648,2.0851283234309568,0,10000,10000,6351
device_0,0.875,1706,2.5,87.5,0.1,late,48,16,3,0.19605,0.8731077294363513,0,10000,1000,0.7683813176364152,6.9482010041330815,7.716582321769496,2.0879942456861427,0,10000,10000,6232
device_0,0.875,1707,2.5,87.5,0.1,late,48,16,3,0.2,0.8774036452681541,0,10000,1000,0.7660992300619053,6.921562413730466,7.687661643792371,2.0471826077160116,0,10000,10000,6272
device_0,0.875,1708,2.5,87.5,0.1,late,48,16,3,0.20258,0.87442580026271,0,10000,1000,0.8053441275182097,7.063153132422813,7.868497259941023,2.1051794173513034,0,10000,10000,6452
device_0,0.875,1709,2.5,87.5,0.1,late,48,16,3,0.19831,0.8770598020870867,0,10000,1000,0.7468626567647944,6.8937366107455755,7.64059926751037,2.046200058094487,0,10000,10000,6183
device_0,0.875,1710,2.5,87.5,0.1,late,48,16,3,0.19668,0.8724656025657239,0,10000,1000,0.7506775216925291,6.888142152840319,7.638819674532849,2.0146481193940025,0,10000,10000,6235
device_0,0.9375,1701,2.5,87.5,0.1,late,48,16,3,0.20509,0.9402237906216514,0,10000,1000,0.7852278833869909,7.153696294727394,7.938924178114383,2.1745478501091258,0,10000,10000,6449
device_0,0.9375,1702,2.5,87.5,0.1,late,48,16,3,0.19366,0.9366016280001491,0,10000,1000,0.7560336870537727,6.946404914135491,7.7024386011892645,2.15623273324092,0,10000,10000,6093
device_0,0.9375,1703,2.5,87.5,0.1,late,48,16,3,0.19489,0.9369055048961522,0,10000,1000,0.7380687797190738,6.8720390541328555,7.61010783385193,2.0940016912738453,0,10000,10000,6062
device_0,0.9375,1704,2.5,87.5,0.1,late,48,16,3,0.19999,0.9358099323716185,0,10000,1000,0.7549586593955878,6.9367635267870575,7.691722186182645,2.080452675886011,0,10000,10000,6221
device_0,0.9375,1705,2.5,87.5,0.1,late,48,16,3,0.19063,0.9374553760710133,0,10000,1000,0.7398159240776541,6.850873818263617,7.59068974234127,2.1188570810614706,0,10000,10000,5999
device_0,0.9375,1706,2.5,87.5,0.1,late,48,16,3,0.20144,0.9386428776611538,0,10000,1000,0.7890253970922627,6.934725859157909,7.723751256250172,2.0997451185226277,0,10000,10000,6250
device_0,0.9375,1707,2.5,87.5,0.1,late,48,16,3,0.20073,0.9386652506542138,0,10000,1000,0.7951954205537336,6.891276277877047,7.686471698430781,2.112451524761453,0,10000,10000,6202
device_0,0.9375,1708,2.5,87.5,0.1,late,48,16,3,0.19042,0.9350336658268497,0,10000,1000,0.7263855239041289,6.736567188401654,7.462952712305784,2.030732119779552,0,10000,10000,5927
device_0,0.9375,1709,2.5,87.5,0.1,late,48,16,3,0.20214,0.9387695757970393,0,10000,1000,0.7806733952950824,6.9315299342370835,7.712203329532167,2.115089632572196,0,10000,10000,6252
device_0,0.9375,1710,2.5,87.5,0.1,late,48,16,3,0.20082,0.9338903427364145,0,10000,1000,0.7670838574209504,6.989564647605619,7.756648505026569,2.1142507216433004,0,10000,10000,6241
device_0,0.975,1701,2.5,87.5,0.1,late,48,16,3,0.20012,0.9750727182312047,0,10000,1000,0.7794357495876508,6.950527446909885,7.729963196497536,2.158534279984496,0,10000,10000,6168
device_0,0.975,1702,2.5,87.5,0.1,late,48,16,3,0.19762,0.9739220248349032,0,10000,1000,0.7426038910653395,6.970107908805382,7.712711799870721,2.1764340454730386,0,10000,10000,6108
device_0,0.975,1703,2.5,87.5,0.1,late,48,16,3,0.1984,0.975854682367182,0,10000,1000,0.7418600164589194,6.9159212994909725,7.657781315949892,2.1341288553163333,0,10000,10000,6100
device_0,0.975,1704,2.5,87.5,0.1,late,48,16,3,0.19634,0.9733501805342133,0,10000,1000,0.7940025009792679,6.885794462385603,7.67979696336487,2.124849050967601,0,10000,10000,6123
device_0,0.975,1705,2.5,87.5,0.1,late,48,16,3,0.19493,0.9747974986214312,0,10000,1000,0.7098416112279115,6.860638040386507,7.570479651614418,2.106741301093693,0,10000,10000,6003
device_0,0.975,1706,2.5,87.5,0.1,late,48,16,3,0.203,0.9742259419786155,0,10000,1000,0.8211781649368797,7.1418591463342125,7.963037311271092,2.254349943119836,0,10000,10000,6331
device_0,0.975,1707,2.5,87.5,0.1,late,48,16,3,0.20266,0.9738223967562294,0,10000,1000,0.8201514604492595,7.04712406200191,7.867275522451171,2.212692835139485,0,10000,10000,6267
device_0,0.975,1708,2.5,87.5,0.1,late,48,16,3,0.19043,0.9746047948044175,0,10000,1000,0.7138956158376056,6.776256839455454,7.490152455293059,2.093617773865365,0,10000,10000,5887
device_0,0.975,1709,2.5,87.5,0.1,late,48,16,3,0.19294,0.9749540477640206,0,10000,1000,0.715215955044678,6.803968682476326,7.519184637521004,2.112250926071678,0,10000,10000,5902
device_0,0.975,1710,2.5,87.5,0.1,late,48,16,3,0.19779,0.9774683509778551,0,10000,1000,0.7545709977483541,6.887822774506705,7.642393772255059,2.1514897727165168,0,10000,10000,6064
device_0,0.0,1701,2.5,87.5,0.15,drop,48,16,3,0.19936,-0.002661444942765865,0,15000,1000,15.020896178765543,25.12634042180856,40.147236600574104,1.499150621299866,0,15000,15000,15000
device_0,0.0,1702,2.5,87.5,0.15,drop,48,16,3,0.20106,0.005830007599770396,0,15000,1000,15.049849339406522,25.200432638491357,40.25028197789788,1.675638603774184,0,15000,15000,15000
device_0,0.0,1703,2.5,87.5,0.15,drop,48,16,3,0.19952,0.005656351965683195,0,15000,1000,14.930053281266593,25.37084298964614,40.30089627091273,1.658100443495205,0,15000,15000,15000
device_0,0.0,1704,2.5,87.5,0.15,drop,48,16,3,0.20257,0.002457782015709934,0,15000,1000,15.044839650029159,25.168906345915573,40.213745995944734,1.589366673129779,0,15000,15000,15000
device_0,0.0,1705,2.5,87.5,0.15,drop,48,16,3,0.20104,-0.004155617772998724,0,15000,1000,14.87871988738706,25.402756945239332,40.28147683262639,1.5668087817841414,0,15000,15000,15000
device_0,0.0,1706,2.5,87.5,0.15,drop,48,16,3,0.20062,-0.0045443747273977144,0,15000,1000,15.03102123297628,25.264495099087164,40.29551633206344,1.507006321820033,0,15000,15000,15000
device_0,0.0,1707,2.5,87.5,0.15,drop,48,16,3,0.19896,0.001346027845602329,0,15000,1000,15.026097230898623,25.114346423925895,40.140443654824516,1.5199108564952968,0,15000,15000,15000
device_0,0.0,1708,2.5,87.5,0.15,drop,48,16,3,0.19922,-0.001372807149175493,0,15000,1000,14.965197962337001,25.350243530921734,40.31544149325873,1.560764022756611,0,15000,15000,15000
device_0,0.0,1709,2.5,87.5,0.15,drop,48,16,3,0.20001,0.005034822885721277,0,15000,1000,14.94292237025427,25.24486277652359,40.187785146777856,1.5735010674776382,0,15000,15000,15000
device_0,0.0,1710,2.5,87.5,0.15,drop,48,16,3,0.19848,0.0007247411049733544,0,15000,1000,14.939303601327802,25.262756961226042,40.20206056255385,1.5910087798797314,0,15000,15000,15000
device_0,0.375,1701,2.5,87.5,0.15,drop,48,16,3,0.19773,0.37585282092426525,0,15000,1000,14.920537517623384,25.22309929133701,40.143636808960395,4.644302529274871,0,15000,15000,15000
device_0,0.375,1702,2.5,87.5,0.15,drop,48,16,3,0.20083,0.3763938072575695,0,15000,1000,15.059925931902855,25.093356792826306,40.153282724729166,4.4541556648036424,0,15000,15000,15000
device_0,0.375,1703,2.5,87.5,0.15,drop,48,16,3,0.19949,0.3708761472322628,0,15000,1000,14.899480929032427,25.401012272723122,40.30049320175555,4.48251988681794,0,15000,15000,15000
device_0,0.375,1704,2.5,87.5,0.15,drop,48,16,3,0.19956,0.37083454970073176,0,15000,1000,14.887234962212014,25.33661837438728,40.2238533365993,4.53397678004925,0,15000,15000,15000
device_0,0.375,1705,2.5,87.5,0.15,drop,48,16,3,0.1976,0.38054564128452917,0,15000,1000,15.01036426500115,25.33753610195726,40.34790036695841,4.721270283903072,0,15000,15000,15000
device_0,0.375,1706,2.5,87.5,0.15,drop,48,16,3,0.19975,0.37847803043317246,0,15000,1000,14.9339258629631,25.21955436170346,40.15348022466656,4.437449939471634,0,15000,15000,15000
device_0,0.375,1707,2.5,87.5,0.15,drop,48,16,3,0.19756,0.3714936166119789,0,15000,1000,14.817908773734894,25.343857794984313,40.16176656871921,4.488051268365134,0,15000,15000,15000
device_0,0.375,1708,2.5,87.5,0.15,drop,48,16,3,0.19968,0.3728274067949136,0,15000,1000,15.181955127558227,24.9946619830375,40.17661711059573,4.474617019501196,0,15000,15000,15000
device_0,0.375,1709,2.5,87.5,0.15,drop,48,16,3,0.20214,0.3789219763360735,0,15000,1000,15.02411850075204,25.424031625498497,40.44815012625054,4.6368930202731,0,15000,15000,15000
device_0,0.375,1710,2.5,87.5,0.15,drop,48,16,3,0.19842,0.37511826036297974,0,15000,1000,15.070357962208274,25.2764272279731,40.34678519018137,4.5800559208301745,0,15000,15000,15000
device_0,0.75,1701,2.5,87.5,0.15,drop,48,16,3,0.20817,0.7556341521150168,0,15000,1000,14.972569663936163,25.227961559923948,40.20053122386011,7.0206244888492595,0,15000,15000,15000
device_0,0.75,1702,2.5,87.5,0.15,drop,48,16,3,0.20244,0.7487885933421545,0,15000,1000,15.021311786896623,25.389353086598575,40.4106648734952,7.294414842435613,0,15000,15000,15000
device_0,0.75,1703,2.5,87.5,0.15,drop,48,16,3,0.20102,0.7470900970852136,0,15000,1000,15.00699793209176,25.282336839071373,40.28933477116313,7.285790147914049,0,15000,15000,15000
device_0,0.75,1704,2.5,87.5,0.15,drop,48,16,3,0.19715,0.7479806369104111,0,15000,1000,15.081696997844565,25.09201922577135,40.17371622361591,7.2896067176359205,0,15000,15000,15000
device_0,0.75,1705,2.5,87.5,0.15,drop,48,16,3,0.20494,0.7506431485678381,0,15000,1000,15.045287530241568,25.375607157113997,40.42089468735556,7.330467844619125,0,15000,15000,15000
device_0,0.75,1706,2.5,87.5,0.15,drop,48,16,3,0.20282,0.7537784223147826,0,15000,1000,15.07944171340216,25.037628490754845,40.117070204157,7.150791786894823,0,15000,15000,15000
device_0,0.75,1707,2.5,87.5,0.15,drop,48,16,3,0.20138,0.7431906944181493,0,15000,1000,15.013616215222797,25.3149661822656,40.3285823974884,7.307165761337135,0,15000,15000,15000
device_0,0.75,1708,2.5,87.5,0.15,drop,48,16,3,0.20034,0.7475350990705809,0,15000,1000,14.948772111692223,25.219259806653472,40.1680319183457,7.215558523478395,0,15000,15000,15000
device_0,0.75,1709,2.5,87.5,0.15,drop,48,16,3,0.20613,0.7542776800152501,0,15000,1000,14.895778451044121,25.350421757072976,40.246200208117095,7.140059370790277,0,15000,15000,15000
device_0,0.75,1710,2.5,87.5,0.15,drop,48,16,3,0.20286,0.74728584709585,0,15000,1000,14.946091813225593,25.34772587988883,40.29381769311443,7.127580293561656,0,15000,15000,15000
device_0,0.875,1701,2.5,87.5,0.15,drop,48,16,3,0.20249,0.8763990178082249,0,15000,1000,14.991075470432781,25.28890138847036,40.27997685890315,8.029563331675426,0,15000,15000,15000
device_0,0.875,1702,2.5,87.5,0.15,drop,48,16,3,0.19703,0.8759866636367837,0,15000,1000,14.906586781482734,25.26397352349,40.17056030497274,8.096439574026364,0,15000,15000,15000
device_0,0.875,1703,2.5,87.5,0.15,drop,48,16,3,0.20238,0.8773687974569232,0,15000,1000,15.047520161466716,25.295457258781607,40.34297742024832,8.121408702052838,0,15000,15000,15000
device_0,0.875,1704,2.5,87.5,0.15,drop,48,16,3,0.19663,0.8771256568671042,0,15000,1000,14.903178393180458,25.28217571072958,40.18535410391004,8.221287576776042,0,15000,15000,15000
device_0,0.875,1705,2.5,87.5,0.15,drop,48,16,3,0.20133,0.8756186617053834,0,15000,1000,15.090789988075596,25.139423583656455,40.23021357173205,8.110127374710116,0,15000,15000,15000
device_0,0.875,1706,2.5,87.5,0.15,drop,48,16,3,0.19605,0.8731077294363513,0,15000,1000,14.955626433145893,25.376896368472078,40.33252280161797,8.317268794410921,0,15000,15000,15000
device_0,0.875,1707,2.5,87.5,0.15,drop,48,16,3,0.2,0.8774036452681541,0,15000,1000,14.95803531921426,25.262044590281686,40.220079909495944,8.129748538667117,0,15000,15000,15000
device_0,0.875,1708,2.5,87.5,0.15,drop,48,16,3,0.20258,0.87442580026271,0,15000,1000,15.165394118513142,25.219289148485817,40.38468326699896,8.163749199510923,0,15000,15000,15000
device_0,0.875,1709,2.5,87.5,0.15,drop,48,16,3,0.19831,0.8770598020870867,0,15000,1000,14.944047750265355,25.181989335489302,40.12603708575466,8.137781084073456,0,15000,15000,15000
device_0,0.875,1710,2.5,87.5,0.15,drop,48,16,3,0.19668,0.8724656025657239,0,15000,1000,14.923913449897569,25.282774088441396,40.20668753833896,8.14015037111202,0,15000,15000,15000
device_0,0.9375,1701,2.5,87.5,0.15,drop,48,16,3,0.20509,0.9402237906216514,0,15000,1000,14.809970280309091,25.50481171744912,40.31478199775821,8.378879352571513,0,15000,15000,15000
device_0,0.9375,1702,2.5,87.5,0.15,drop,48,16,3,0.19366,0.9366016280001491,0,15000,1000,14.89435305615676,25.408245405495187,40.302598461651954,8.678244831821916,0,15000,15000,15000
device_0,0.9375,1703,2.5,87.5,0.15,drop,48,16,3,0.19489,0.9369055048961522,0,15000,1000,15.070112596549125,25.096599283452132,40.16671188000126,8.586172234693315,0,15000,15000,15000
device_0,0.9375,1704,2.5,87.5,0.15,drop,48,16,3,0.19999,0.9358099323716185,0,15000,1000,14.991054776495766,25.25656883953038,40.24762361602615,8.477256318255636,0,15000,15000,15000
device_0,0.9375,1705,2.5,87.5,0.15,drop,48,16,3,0.19063,0.9374553760710133,0,15000,1000,14.961118287142583,25.29416086075976,40.25527914790234,8.737770040596702,0,15000,15000,15000
device_0,0.9375,1706,2.5,87.5,0.15,drop,48,16,3,0.20144,0.9386428776611538,0,15000,1000,15.030629491474583,25.156995583935352,40.18762507540993,8.391465174859958,0,15000,15000,15000
device_0,0.9375,1707,2.5,87.5,0.15,drop,48,16,3,0.20073,0.9386652506542138,0,15000,1000,14.951008863697599,25.26255284873225,40.21356171242985,8.42689203107519,0,15000,15000,15000
device_0,0.9375,1708,2.5,87.5,0.15,drop,48,16,3,0.19042,0.9350336658268497,0,15000,1000,14.944944727907329,25.1737221061112,40.118666834018526,8.599937439939305,0,15000,15000,15000
device_0,0.9375,1709,2.5,87.5,0.15,drop,48,16,3,0.20214,0.9387695757970393,0,15000,1000,14.879128226840377,25.3354720146354,40.21460024147578,8.417179863245014,0,15000,15000,15000
device_0,0.9375,1710,2.5,87.5,0.15,drop,48,16,3,0.20082,0.9338903427364145,0,15000,1000,14.951675590789156,25.26692088126949,40.21859647205864,8.38309407910686,0,15000,15000,15000
device_0,0.975,1701,2.5,87.5,0.15,drop,48,16,3,0.20012,0.9750727182312047,0,15000,1000,15.018002257393174,25.166056000269133,40.18405825766231,8.641299867800223,0,15000,15000,15000
device_0,0.975,1702,2.5,87.5,0.15,drop,48,16,3,0.19762,0.9739220248349032,0,15000,1000,15.105578421592977,25.160660137850044,40.26623855944302,8.795759936602115,0,15000,15000,15000
device_0,0.975,1703,2.5,87.5,0.15,drop,48,16,3,0.1984,0.975854682367182,0,15000,1000,14.897029058013434,25.27564795190327,40.172677009916704,8.669282570734897,0,15000,15000,15000
device_0,0.975,1704,2.5,87.5,0.15,drop,48,16,3,0.19634,0.9733501805342133,0,15000,1000,14.991352181737456,25.254897015480424,40.24624919721788,8.7583861429276,0,15000,15000,15000
device_0,0.975,1705,2.5,87.5,0.15,drop,48,16,3,0.19493,0.9747974986214312,0,15000,1000,15.014831461966638,25.15547322118518,40.17030468315182,8.797875589446543,0,15000,15000,15000
device_0,0.975,1706,2.5,87.5,0.15,drop,48,16,3,0.203,0.9742259419786155,0,15000,1000,15.01359402494348,25.393760719581117,40.407354744524596,8.709512063621707,0,15000,15000,15000
device_0,0.975,1707,2.5,87.5,0.15,drop,48,16,3,0.20266,0.9738223967562294,0,15000,1000,15.026568437359824,25.250541096767297,40.27710953412712,8.618356112877798,0,15000,15000,15000
device_0,0.975,1708,2.5,87.5,0.15,drop,48,16,3,0.19043,0.9746047948044175,0,15000,1000,14.933489055986717,25.17846338094286,40.11195243692958,8.846537778423373,0,15000,15000,15000
device_0,0.975,1709,2.5,87.5,0.15,drop,48,16,3,0.19294,0.9749540477640206,0,15000,1000,14.970914542897761,25.079088974620966,40.050003517518725,8.802899008295544,0,15000,15000,15000
device_0,0.975,1710,2.5,87.5,0.15,drop,48,16,3,0.19779,0.9774683509778551,0,15000,1000,15.06136494871355,25.113636040009258,40.17500098872281,8.764513341294782,0,15000,15000,15000
device_0,0.0,1701,2.5,87.5,0.15,late,48,16,3,0.19936,-0.002661444942765865,0,15000,1000,1.1213450148675121,6.51067983897446,7.632024853841973,0.5393335991239077,0,15000,15000,8064
device_0,0.0,1702,2.5,87.5,0.15,late,48,16,3,0.20106,0.005830007599770396,0,15000,1000,1.1859433485488065,6.557938621587657,7.743881970136464,0.6242762328820461,0,15000,15000,8090
device_0,0.0,1703,2.5,87.5,0.15,late,48,16,3,0.19952,0.005656351965683195,0,15000,1000,1.195118140968686,6.591704860986529,7.786823001955216,0.6125406302897121,0,15000,15000,8152
device_0,0.0,1704,2.5,87.5,0.15,late,48,16,3,0.20257,0.002457782015709934,0,15000,1000,1.2249253156875364,6.558973327345546,7.7838986430330825,0.5864433778261069,0,15000,15000,8182
device_0,0.0,1705,2.5,87.5,0.15,late,48,16,3,0.20104,-0.004155617772998724,0,15000,1000,1.1719032071164093,6.613811397227817,7.785714604344228,0.5853516224033972,0,15000,15000,8178
device_0,0.0,1706,2.5,87.5,0.15,late,48,16,3,0.20062,-0.0045443747273977144,0,15000,1000,1.1641842542272676,6.617592585192689,7.7817768394199565,0.5390440986362786,0,15000,15000,8228
device_0,0.0,1707,2.5,87.5,0.15,late,48,16,3,0.19896,0.001346027845602329,0,15000,1000,1.1700197161681907,6.47095534270395,7.640975058872141,0.5370632015157266,0,15000,15000,8036
device_0,0.0,1708,2.5,87.5,0.15,late,48,16,3,0.19922,-0.001372807149175493,0,15000,1000,1.1918550590730879,6.591965816805634,7.783820875878723,0.575263665870611,0,15000,15000,8194
device_0,0.0,1709,2.5,87.5,0.15,late,48,16,3,0.20001,0.005034822885721277,0,15000,1000,1.132005652292437,6.555638755128271,7.6876444074207075,0.555875777672754,0,15000,15000,8109
device_0,0.0,1710,2.5,87.5,0.15,late,48,16,3,0.19848,0.0007247411049733544,0,15000,1000,1.2221649013110005,6.478795697111843,7.700960598422843,0.5830403309345255,0,15000,15000,8044
device_0,0.375,1701,2.5,87.5,0.15,late,48,16,3,0.19773,0.37585282092426525,0,15000,1000,1.1177351900905976,6.534300499015413,7.65203568910601,1.2801307961430097,0,15000,15000,7096
device_0,0.375,1702,2.5,87.5,0.15,late,48,16,3,0.20083,0.3763938072575695,0,15000,1000,1.133860636330002,6.509873594397093,7.643734230727094,1.2342851935376336,0,15000,15000,7224
device_0,0.375,1703,2.5,87.5,0.15,late,48,16,3,0.19949,0.3708761472322628,0,15000,1000,1.1961239014237013,6.577020148086333,7.7731440495100355,1.2534949423134545,0,15000,15000,7338
device_0,0.375,1704,2.5,87.5,0.15,late,48,16,3,0.19956,0.37083454970073176,0,15000,1000,1.140925463540407,6.568451620339743,7.709377083880151,1.2843625841579873,0,15000,15000,7218
device_0,0.375,1705,2.5,87.5,0.15,late,48,16,3,0.1976,0.38054564128452917,0,15000,1000,1.1702718561701966,6.636556382095863,7.8068282382660605,1.3243385329885415,0,15000,15000,7259
device_0,0.375,1706,2.5,87.5,0.15,late,48,16,3,0.19975,0.37847803043317246,0,15000,1000,1.1298028363034949,6.482572762588489,7.612375598891984,1.2033599334135652,0,15000,15000,7229
device_0,0.375,1707,2.5,87.5,0.15,late,48,16,3,0.19756,0.3714936166119789,0,15000,1000,1.1592280027668473,6.473061285634971,7.632289288401818,1.2360251225460974,0,15000,15000,7149
device_0,0.375,1708,2.5,87.5,0.15,late,48,16,3,0.19968,0.3728274067949136,0,15000,1000,1.1702869149229822,6.592668886227894,7.762955801150876,1.2807201164525035,0,15000,15000,7226
device_0,0.375,1709,2.5,87.5,0.15,late,48,16,3,0.20214,0.3789219763360735,0,15000,1000,1.1822340947617904,6.738574852912457,7.920808947674248,1.3730398419692207,0,15000,15000,7391
device_0,0.375,1710,2.5,87.5,0.15,late,48,16,3,0.19842,0.37511826036297974,0,15000,1000,1.1530262946297372,6.61427274969779,7.767299044327527,1.2857002434041855,0,15000,15000,7275
device_0,0.75,1701,2.5,87.5,0.15,late,48,16,3,0.20817,0.7556341521150168,0,15000,1000,1.2014184801183925,6.627763523968911,7.829182004087304,1.8527566744965416,0,15000,15000,6758
device_0,0.75,1702,2.5,87.5,0.15,late,48,16,3,0.20244,0.7487885933421545,0,15000,1000,1.1796789383507977,6.700858370322436,7.880537308673234,1.9237059467591822,0,15000,15000,6688
device_0,0.75,1703,2.5,87.5,0.15,late,48,16,3,0.20102,0.7470900970852136,0,15000,1000,1.200193478151355,6.56685011084992,7.7670435890012754,1.8677571743075083,0,15000,15000,6592
device_0,0.75,1704,2.5,87.5,0.15,late,48,16,3,0.19715,0.7479806369104111,0,15000,1000,1.2376540089216805,6.389304080736368,7.626958089658047,1.817837018858921,0,15000,15000,6429
device_0,0.75,1705,2.5,87.5,0.15,late,48,16,3,0.20494,0.7506431485678381,0,15000,1000,1.1539117408486648,6.796508726849895,7.950420467698559,1.954071976886403,0,15000,15000,6732
device_0,0.75,1706,2.5,87.5,0.15,late,48,16,3,0.20282,0.7537784223147826,0,15000,1000,1.1505981772544258,6.560430434308455,7.71102861156288,1.8277222103494901,0,15000,15000,6560
device_0,0.75,1707,2.5,87.5,0.15,late,48,16,3,0.20138,0.7431906944181493,0,15000,1000,1.179234954450226,6.670699498046449,7.849934452496676,1.9195938209343748,0,15000,15000,6648
device_0,0.75,1708,2.5,87.5,0.15,late,48,16,3,0.20034,0.7475350990705809,0,15000,1000,1.177057897980773,6.488288140775238,7.665346038756013,1.8165360845394294,0,15000,15000,6497
device_0,0.75,1709,2.5,87.5,0.15,late,48,16,3,0.20613,0.7542776800152501,0,15000,1000,1.216334530130258,6.656570690970336,7.872905221100594,1.9068061008889485,0,15000,15000,6712
device_0,0.75,1710,2.5,87.5,0.15,late,48,16,3,0.20286,0.74728584709585,0,15000,1000,1.2055769783613468,6.616512915001219,7.822089893362564,1.849672116087145,0,15000,15000,6710
device_0,0.875,1701,2.5,87.5,0.15,late,48,16,3,0.20249,0.8763990178082249,0,15000,1000,1.1738884998485992,6.606398256228652,7.780286756077252,2.0397697387948477,0,15000,15000,6425
device_0,0.875,1702,2.5,87.5,0.15,late,48,16,3,0.19703,0.8759866636367837,0,15000,1000,1.1330204724334307,6.532492011836471,7.665512484269901,2.0105225788227945,0,15000,15000,6232
device_0,0.875,1703,2.5,87.5,0.15,late,48,16,3,0.20238,0.8773687974569232,0,15000,1000,1.1536862906100787,6.706596721486614,7.8602830120966924,2.1144751719154438,0,15000,15000,6414
device_0,0.875,1704,2.5,87.5,0.15,late,48,16,3,0.19663,0.8771256568671042,0,15000,1000,1.2058428700401067,6.456355200406527,7.662198070446635,2.043227656585227,0,15000,15000,6203
device_0,0.875,1705,2.5,87.5,0.15,late,48,16,3,0.20133,0.8756186617053834,0,15000,1000,1.1629518072154699,6.633779468321009,7.79673127553648,2.0851283234309568,0,15000,15000,6351
device_0,0.875,1706,2.5,87.5,0.15,late,48,16,3,0.19605,0.8731077294363513,0,15000,1000,1.1547429674364302,6.561839354333067,7.716582321769496,2.0879942456861427,0,15000,15000,6232
device_0,0.875,1707,2.5,87.5,0.15,late,48,16,3,0.2,0.8774036452681541,0,15000,1000,1.1900973309344598,6.497564312857912,7.687661643792371,2.0471826077160116,0,15000,15000,6272
device_0,0.875,1708,2.5,87.5,0.15,late,48,16,3,0.20258,0.87442580026271,0,15000,1000,1.1453198123974537,6.723177447543569,7.868497259941023,2.1051794173513034,0,15000,15000,6452
device_0,0.875,1709,2.5,87.5,0.15,late,48,16,3,0.19831,0.8770598020870867,0,15000,1000,1.1362326631672526,6.504366604343117,7.64059926751037,2.046200058094487,0,15000,15000,6183
device_0,0.875,1710,2.5,87.5,0.15,late,48,16,3,0.19668,0.8724656025657239,0,15000,1000,1.1368038816866406,6.502015792846208,7.638819674532849,2.0146481193940025,0,15000,15000,6235
device_0,0.9375,1701,2.5,87.5,0.15,late,48,16,3,0.20509,0.9402237906216514,0,15000,1000,1.214813992208805,6.724110185905579,7.938924178114383,2.1745478501091258,0,15000,15000,6449
device_0,0.9375,1702,2.5,87.5,0.15,late,48,16,3,0.19366,0.9366016280001491,0,15000,1000,1.161399271389171,6.541039329800094,7.7024386011892645,2.15623273324092,0,15000,15000,6093
device_0,0.9375,1703,2.5,87.5,0.15,late,48,16,3,0.19489,0.9369055048961522,0,15000,1000,1.1230476275304264,6.4870602063215035,7.61010783385193,2.0940016912738453,0,15000,15000,6062
device_0,0.9375,1704,2.5,87.5,0.15,late,48,16,3,0.19999,0.9358099323716185,0,15000,1000,1.1849837692011815,6.506738416981463,7.691722186182645,2.080452675886011,0,15000,15000,6221
device_0,0.9375,1705,2.5,87.5,0.15,late,48,16,3,0.19063,0.9374553760710133,0,15000,1000,1.123488000289901,6.46720174205137,7.59068974234127,2.1188570810614706,0,15000,15000,5999
device_0,0.9375,1706,2.5,87.5,0.15,late,48,16,3,0.20144,0.9386428776611538,0,15000,1000,1.1558838421762627,6.567867414073908,7.723751256250172,2.0997451185226277,0,15000,15000,6250
device_0,0.9375,1707,2.5,87.5,0.15,late,48,16,3,0.20073,0.9386652506542138,0,15000,1000,1.1802651299192808,6.5062065685115,7.686471698430781,2.112451524761453,0,15000,15000,6202
device_0,0.9375,1708,2.5,87.5,0.15,late,48,16,3,0.19042,0.9350336658268497,0,15000,1000,1.0797406543677412,6.383212057938042,7.462952712305784,2.030732119779552,0,15000,15000,5927
device_0,0.9375,1709,2.5,87.5,0.15,late,48,16,3,0.20214,0.9387695757970393,0,15000,1000,1.1545732974117944,6.557630032120371,7.712203329532167,2.115089632572196,0,15000,15000,6252
device_0,0.9375,1710,2.5,87.5,0.15,late,48,16,3,0.20082,0.9338903427364145,0,15000,1000,1.1657748860319979,6.5908736189945705,7.756648505026569,2.1142507216433004,0,15000,15000,6241
device_0,0.975,1701,2.5,87.5,0.15,late,48,16,3,0.20012,0.9750727182312047,0,15000,1000,1.167886028412419,6.562077168085118,7.729963196497536,2.158534279984496,0,15000,15000,6168
device_0,0.975,1702,2.5,87.5,0.15,late,48,16,3,0.19762,0.9739220248349032,0,15000,1000,1.1652055711159817,6.54750622875474,7.712711799870721,2.1764340454730386,0,15000,15000,6108
device_0,0.975,1703,2.5,87.5,0.15,late,48,16,3,0.1984,0.975854682367182,0,15000,1000,1.1317543246345403,6.526026991315352,7.657781315949892,2.1341288553163333,0,15000,15000,6100
device_0,0.975,1704,2.5,87.5,0.15,late,48,16,3,0.19634,0.9733501805342133,0,15000,1000,1.178637904132168,6.501159059232702,7.67979696336487,2.124849050967601,0,15000,15000,6123
device_0,0.975,1705,2.5,87.5,0.15,late,48,16,3,0.19493,0.9747974986214312,0,15000,1000,1.1474162731286306,6.423063378485788,7.570479651614418,2.106741301093693,0,15000,15000,6003
device_0,0.975,1706,2.5,87.5,0.15,late,48,16,3,0.203,0.9742259419786155,0,15000,1000,1.1971983472323033,6.76583896403879,7.963037311271092,2.254349943119836,0,15000,15000,6331
device_0,0.975,1707,2.5,87.5,0.15,late,48,16,3,0.20266,0.9738223967562294,0,15000,1000,1.1315240944135914,6.735751428037579,7.867275522451171,2.212692835139485,0,15000,15000,6267
device_0,0.975,1708,2.5,87.5,0.15,late,48,16,3,0.19043,0.9746047948044175,0,15000,1000,1.1169489656021239,6.373203489690936,7.490152455293059,2.093617773865365,0,15000,15000,5887
device_0,0.975,1709,2.5,87.5,0.15,late,48,16,3,0.19294,0.9749540477640206,0,15000,1000,1.1282412603918794,6.390943377129125,7.519184637521004,2.112250926071678,0,15000,15000,5902
device_0,0.975,1710,2.5,87.5,0.15,late,48,16,3,0.19779,0.9774683509778551,0,15000,1000,1.178404966607233,6.463988805647826,7.642393772255059,2.1514897727165168,0,15000,15000,6064
device_0,0.0,1701,3.0,105.0,0.01,drop,48,16,3,0.19936,-0.002661444942765865,0,1000,1000,0.952000805776994,2.8881964922161827,3.8401972979931767,0.0004615479191763549,0,1000,1000,1000
device_0,0.0,1702,3.0,105.0,0.01,drop,48,16,3,0.20106,0.005830007599770396,0,1000,1000,1.0125738130901907,2.812175682509791,3.8247494955999817,0.0004252966326258658,0,1000,1000,1000
device_0,0.0,1703,3.0,105.0,0.01,drop,48,16,3,0.19952,0.005656351965683195,0,1000,1000,1.0397074163192597,2.7868878932137586,3.826595309533018,0.0004973732059835813,0,1000,1000,1000
device_0,0.0,1704,3.0,105.0,0.01,drop,48,16,3,0.20257,0.002457782015709934,0,1000,1000,0.9856286997547049,2.8368037034272247,3.8224324031819297,0.0005698071286190194,0,1000,1000,1000
device_0,0.0,1705,3.0,105.0,0.01,drop,48,16,3,0.20104,-0.004155617772998724,0,1000,1000,0.9725115800405355,2.854237241524074,3.8267488215646095,0.0008206547550742648,0,1000,1000,1000
device_0,0.0,1706,3.0,105.0,0.01,drop,48,16,3,0.20062,-0.0045443747273977144,0,1000,1000,1.0172060001411636,2.813995418408254,3.831201418549418,0.00021098180954337006,0,1000,1000,1000
device_0,0.0,1707,3.0,105.0,0.01,drop,48,16,3,0.19896,0.001346027845602329,0,1000,1000,1.007502200939876,2.827830795710201,3.835332996650077,0.0006483068261065329,0,1000,1000,1000
device_0,0.0,1708,3.0,105.0,0.01,drop,48,16,3,0.19922,-0.001372807149175493,0,1000,1000,0.9864594261913604,2.8420177738953,3.8284772000866605,0.0002956941615173803,0,1000,1000,1000
device_0,0.0,1709,3.0,105.0,0.01,drop,48,16,3,0.20001,0.005034822885721277,0,1000,1000,1.011716183031994,2.8189850848349494,3.8307012678669436,0.0004383381451321113,0,1000,1000,1000
device_0,0.0,1710,3.0,105.0,0.01,drop,48,16,3,0.19848,0.0007247411049733544,0,1000,1000,0.9800578928819134,2.860151057321701,3.840208950203614,0.00040605534572704335,0,1000,1000,1000
device_0,0.375,1701,3.0,105.0,0.01,drop,48,16,3,0.19773,0.37585282092426525,0,1000,1000,0.9868815200393536,2.8590631036411893,3.845944623680543,0.0015088662566316911,0,1000,1000,1000
device_0,0.375,1702,3.0,105.0,0.01,drop,48,16,3,0.20083,0.3763938072575695,0,1000,1000,1.0028125611781509,2.8239348861990528,3.8267474473772034,0.0011024840902821335,0,1000,1000,1000
device_0,0.375,1703,3.0,105.0,0.01,drop,48,16,3,0.19949,0.3708761472322628,0,1000,1000,0.9886809962458,2.8387167917615765,3.8273977880073766,0.0018332218070084298,0,1000,1000,1000
device_0,0.375,1704,3.0,105.0,0.01,drop,48,16,3,0.19956,0.37083454970073176,0,1000,1000,1.0161407150393942,2.8121210013945186,3.8282617164339126,0.0016283978451833861,0,1000,1000,1000
device_0,0.375,1705,3.0,105.0,0.01,drop,48,16,3,0.1976,0.38054564128452917,0,1000,1000,0.9985676388319555,2.8389406562861472,3.837508295118103,0.0016103432247198837,0,1000,1000,1000
device_0,0.375,1706,3.0,105.0,0.01,drop,48,16,3,0.19975,0.37847803043317246,0,1000,1000,1.0197996146327843,2.812690383348534,3.8324899979813187,0.0011374067066585968,0,1000,1000,1000
device_0,0.375,1707,3.0,105.0,0.01,drop,48,16,3,0.19756,0.3714936166119789,0,1000,1000,0.9642519394322494,2.8739824028852556,3.838234342317505,0.0014302499752059435,0,1000,1000,1000
device_0,0.375,1708,3.0,105.0,0.01,drop,48,16,3,0.19968,0.3728274067949136,0,1000,1000,1.0015853623591169,2.8322498919821655,3.8338352543412824,0.0017264086574720675,0,1000,1000,1000
device_0,0.375,1709,3.0,105.0,0.01,drop,48,16,3,0.20214,0.3789219763360735,0,1000,1000,1.0081619621671671,2.806890556802443,3.81505251896961,0.0014322329929484883,0,1000,1000,1000
device_0,0.375,1710,3.0,105.0,0.01,drop,48,16,3,0.19842,0.37511826036297974,0,1000,1000,0.981556450653387,2.8527997808488115,3.8343562315021984,0.001037801540831064,0,1000,1000,1000
device_0,0.75,1701,3.0,105.0,0.01,drop,48,16,3,0.20817,0.7556341521150168,0,1000,1000,0.9717351136246184,2.815576431625496,3.7873115452501143,0.0018848225664413216,0,1000,1000,1000
device_0,0.75,1702,3.0,105.0,0.01,drop,48,16,3,0.20244,0.7487885933421545,0,1000,1000,1.0425624079283817,2.772962942770069,3.8155253506984503,0.001583838883756675,0,1000,1000,1000
device_0,0.75,1703,3.0,105.0,0.01,drop,48,16,3,0.20102,0.7470900970852136,0,1000,1000,1.033502644857341,2.7910178771446352,3.8245205220019765,0.0027705576626816026,0,1000,1000,1000
device_0,0.75,1704,3.0,105.0,0.01,drop,48,16,3,0.19715,0.7479806369104111,0,1000,1000,0.9830229743149597,2.8631063181490295,3.8461292924639894,0.0017257561856831665,0,1000,1000,1000
device_0,0.75,1705,3.0,105.0,0.01,drop,48,16,3,0.20494,0.7506431485678381,0,1000,1000,0.9863661142079381,2.812628102267577,3.7989942164755153,0.0012953724983486934,0,1000,1000,1000
device_0,0.75,1706,3.0,105.0,0.01,drop,48,16,3,0.20282,0.7537784223147826,0,1000,1000,0.9800953212895526,2.838217405338046,3.8183127266275987,0.001697829655535023,0,1000,1000,1000
device_0,0.75,1707,3.0,105.0,0.01,drop,48,16,3,0.20138,0.7431906944181493,0,1000,1000,0.9842373033531648,2.829580216829323,3.8138175201824875,0.002562067888600135,0,1000,1000,1000
device_0,0.75,1708,3.0,105.0,0.01,drop,48,16,3,0.20034,0.7475350990705809,0,1000,1000,1.0007984574647997,2.8344772928744377,3.835275750339237,0.0022879617882375965,0,1000,1000,1000
device_0,0.75,1709,3.0,105.0,0.01,drop,48,16,3,0.20613,0.7542776800152501,0,1000,1000,0.9836091872310706,2.8084254818830963,3.792034669114167,0.0021941792258589415,0,1000,1000,1000
device_0,0.75,1710,3.0,105.0,0.01,drop,48,16,3,0.20286,0.74728584709585,0,1000,1000,1.0325229366302053,2.785715433311508,3.8182383699417137,0.0016469598472568406,0,1000,1000,1000
device_0,0.875,1701,3.0,105.0,0.01,drop,48,16,3,0.20249,0.8763990178082249,0,1000,1000,1.0165353894482603,2.8052634662896487,3.8217988557379092,0.0023587128601944216,0,1000,1000,1000
device_0,0.875,1702,3.0,105.0,0.01,drop,48,16,3,0.19703,0.8759866636367837,0,1000,1000,0.9875100042928472,2.8630364765831953,3.850546480876042,0.002180968877237786,0,1000,1000,1000
device_0,0.875,1703,3.0,105.0,0.01,drop,48,16,3,0.20238,0.8773687974569232,0,1000,1000,0.9648755925680007,2.8513558695954004,3.816231462163401,0.0020900417452931535,0,1000,1000,1000
device_0,0.875,1704,3.0,105.0,0.01,drop,48,16,3,0.19663,0.8771256568671042,0,1000,1000,0.9915903882537316,2.8524022859810594,3.843992674234791,0.002034025252167394,0,1000,1000,1000
device_0,0.875,1705,3.0,105.0,0.01,drop,48,16,3,0.20133,0.8756186617053834,0,1000,1000,1.075368632612206,2.7465290302318017,3.821897662844008,0.0022204761829413555,0,1000,1000,1000
device_0,0.875,1706,3.0,105.0,0.01,drop,48,16,3,0.19605,0.8731077294363513,0,1000,1000,0.9882670392501224,2.8648931320500917,3.8531601713002144,0.002202359624780993,0,1000,1000,1000
device_0,0.875,1707,3.0,105.0,0.01,drop,48,16,3,0.2,0.8774036452681541,0,1000,1000,0.9763708357214347,2.8568084459482073,3.8331792816696417,0.0023164312046564154,0,1000,1000,1000
device_0,0.875,1708,3.0,105.0,0.01,drop,48,16,3,0.20258,0.87442580026271,0,1000,1000,0.9885259979602118,2.8214605984752943,3.8099865964355057,0.002156679291570335,0,1000,1000,1000
device_0,0.875,1709,3.0,105.0,0.01,drop,48,16,3,0.19831,0.8770598020870867,0,1000,1000,1.0313529663279768,2.8164175557270057,3.8477705220549825,0.0018174258625525954,0,1000,1000,1000
device_0,0.875,1710,3.0,105.0,0.01,drop,48,16,3,0.19668,0.8724656025657239,0,1000,1000,1.0020429117121932,2.8449847667670802,3.847027678479273,0.0032591370556452007,0,1000,1000,1000
device_0,0.9375,1701,3.0,105.0,0.01,drop,48,16,3,0.20509,0.9402237906216514,0,1000,1000,1.008687180721916,2.790771750118312,3.7994589308402276,0.002194446118259093,0,1000,1000,1000
device_0,0.9375,1702,3.0,105.0,0.01,drop,48,16,3,0.19366,0.9366016280001491,0,1000,1000,0.9730566167543162,2.887084947252754,3.8601415640070704,0.002195872965602209,0,1000,1000,1000
device_0,0.9375,1703,3.0,105.0,0.01,drop,48,16,3,0.19489,0.9369055048961522,0,1000,1000,1.0634753670834425,2.794019305967634,3.857494673051076,0.00237423989501691,0,1000,1000,1000
device_0,0.9375,1704,3.0,105.0,0.01,drop,48,16,3,0.19999,0.9358099323716185,0,1000,1000,0.9680746033854217,2.8623745304597303,3.830449133845152,0.002002897344992211,0,1000,1000,1000
device_0,0.9375,1705,3.0,105.0,0.01,drop,48,16,3,0.19063,0.9374553760710133,0,1000,1000,1.043344694826745,2.8339476229691845,3.8772923177959293,0.0028662205739846303,0,1000,1000,1000
device_0,0.9375,1706,3.0,105.0,0.01,drop,48,16,3,0.20144,0.9386428776611538,0,1000,1000,1.0083749384840872,2.82008006459923,3.828455003083317,0.002626152332289992,0,1000,1000,1000
device_0,0.9375,1707,3.0,105.0,0.01,drop,48,16,3,0.20073,0.9386652506542138,0,1000,1000,0.9814608349999578,2.8513936857857547,3.8328545207857125,0.002729127831847453,0,1000,1000,1000
device_0,0.9375,1708,3.0,105.0,0.01,drop,48,16,3,0.19042,0.9350336658268497,0,1000,1000,1.0057825081310527,2.8738757317395724,3.879658239870625,0.0024700247753322276,0,1000,1000,1000
device_0,0.9375,1709,3.0,105.0,0.01,drop,48,16,3,0.20214,0.9387695757970393,0,1000,1000,1.0044205792599412,2.81244192706349,3.816862506323431,0.0025856575634825504,0,1000,1000,1000
device_0,0.9375,1710,3.0,105.0,0.01,drop,48,16,3,0.20082,0.9338903427364145,0,1000,1000,1.0043279900903204,2.8260019331930786,3.830329923283399,0.0023954815717530955,0,1000,1000,1000
device_0,0.975,1701,3.0,105.0,0.01,drop,48,16,3,0.20012,0.9750727182312047,0,1000,1000,0.9737572706926357,2.851796359256879,3.8255536299495145,0.0027934730005384047,0,1000,1000,1000
device_0,0.975,1702,3.0,105.0,0.01,drop,48,16,3,0.19762,0.9739220248349032,0,1000,1000,1.0092614024870519,2.82588007911109,3.8351414815981415,0.0032823161514344496,0,1000,1000,1000
device_0,0.975,1703,3.0,105.0,0.01,drop,48,16,3,0.1984,0.975854682367182,0,1000,1000,1.0119452050607523,2.828609127825206,3.8405543328859584,0.002144954321418369,0,1000,1000,1000
device_0,0.975,1704,3.0,105.0,0.01,drop,48,16,3,0.19634,0.9733501805342133,0,1000,1000,0.9663680888601385,2.8821818737170233,3.8485499625771618,0.0026175410482706207,0,1000,1000,1000
device_0,0.975,1705,3.0,105.0,0.01,drop,48,16,3,0.19493,0.9747974986214312,0,1000,1000,1.0115126308898228,2.848934024540807,3.86044665543063,0.002497846641737626,0,1000,1000,1000
device_0,0.975,1706,3.0,105.0,0.01,drop,48,16,3,0.203,0.9742259419786155,0,1000,1000,0.972474094634093,2.8411524759075704,3.8136265705416634,0.0021100688399698915,0,1000,1000,1000
device_0,0.975,1707,3.0,105.0,0.01,drop,48,16,3,0.20266,0.9738223967562294,0,1000,1000,0.9954355967202823,2.819209462410511,3.814645059130793,0.0025397501512260264,0,1000,1000,1000
device_0,0.975,1708,3.0,105.0,0.01,drop,48,16,3,0.19043,0.9746047948044175,0,1000,1000,1.0416648195712441,2.8436179981263994,3.8852828176976435,0.0033053994932276637,0,1000,1000,1000
device_0,0.975,1709,3.0,105.0,0.01,drop,48,16,3,0.19294,0.9749540477640206,0,1000,1000,0.9975075371093868,2.8772060729462194,3.8747136100556063,0.0029855354905030307,0,1000,1000,1000
device_0,0.975,1710,3.0,105.0,0.01,drop,48,16,3,0.19779,0.9774683509778551,0,1000,1000,0.9724421603258344,2.8746447857693616,3.847086946095196,0.0026153818314801967,0,1000,1000,1000
device_0,0.0,1701,3.0,105.0,0.01,late,48,16,3,0.19936,-0.002661444942765865,0,1000,1000,0.02721241959452506,0.8591420945074811,0.8863545141020063,0.00033288520348432303,0,1000,1000,1000
device_0,0.0,1702,3.0,105.0,0.01,late,48,16,3,0.20106,0.005830007599770396,0,1000,1000,0.023554515669640654,0.8626761535331758,0.8862306692028166,0.00037989024942864833,0,1000,1000,1000
device_0,0.0,1703,3.0,105.0,0.01,late,48,16,3,0.19952,0.005656351965683195,0,1000,1000,0.02562290711600039,0.8609254860777898,0.8865483931937902,0.00021274573921045765,0,1000,1000,1000
device_0,0.0,1704,3.0,105.0,0.01,late,48,16,3,0.20257,0.002457782015709934,0,1000,1000,0.027973302917037042,0.8536532343585613,0.8816265372755984,0.0002352079258244972,0,1000,1000,1000
device_0,0.0,1705,3.0,105.0,0.01,late,48,16,3,0.20104,-0.004155617772998724,0,1000,1000,0.029640607455769467,0.8552006432866884,0.8848412507424579,0.0002602213817269337,0,1000,1000,1000
device_0,0.0,1706,3.0,105.0,0.01,late,48,16,3,0.20062,-0.0045443747273977144,0,1000,1000,0.0205257497254376,0.8651079813870498,0.8856337311124874,0.00024259774499368149,0,1000,1000,1000
device_0,0.0,1707,3.0,105.0,0.01,late,48,16,3,0.19896,0.001346027845602329,0,1000,1000,0.024692630587445415,0.8639565756843133,0.8886492062717587,0.00017077705966715936,0,1000,1000,1000
device_0,0.0,1708,3.0,105.0,0.01,late,48,16,3,0.19922,-0.001372807149175493,0,1000,1000,0.026714997199190446,0.8627044710630619,0.8894194682622523,0.00018120716147290974,0,1000,1000,1000
device_0,0.0,1709,3.0,105.0,0.01,late,48,16,3,0.20001,0.005034822885721277,0,1000,1000,0.021942541257758855,0.8658295242342544,0.8877720654920133,0.0002759945384730092,0,1000,1000,1000
device_0,0.0,1710,3.0,105.0,0.01,late,48,16,3,0.19848,0.0007247411049733544,0,1000,1000,0.026787558016734696,0.8615758715699663,0.888363429586701,0.00040123005341162205,0,1000,1000,1000
device_0,0.375,1701,3.0,105.0,0.01,late,48,16,3,0.19773,0.37585282092426525,0,1000,1000,0.03306517382219068,0.8575630204986827,0.8906281943208735,0.0008491020194969551,0,1000,1000,1000
device_0,0.375,1702,3.0,105.0,0.01,late,48,16,3,0.20083,0.3763938072575695,0,1000,1000,0.031617987860681485,0.8536190644728796,0.8852370523335611,0.0005938241231276399,0,1000,1000,1000
device_0,0.375,1703,3.0,105.0,0.01,late,48,16,3,0.19949,0.3708761472322628,0,1000,1000,0.020370831655509652,0.8667673813174299,0.8871382129729396,0.00036535359865048553,0,1000,1000,1000
device_0,0.375,1704,3.0,105.0,0.01,late,48,16,3,0.19956,0.37083454970073176,0,1000,1000,0.020170178589160703,0.8673276068302268,0.8874977854193875,0.0006224142882091077,0,1000,1000,1000
device_0,0.375,1705,3.0,105.0,0.01,late,48,16,3,0.1976,0.38054564128452917,0,1000,1000,0.02891839586584709,0.8597060950153652,0.8886244908812122,0.00063568805706681,0,1000,1000,1000
device_0,0.375,1706,3.0,105.0,0.01,late,48,16,3,0.19975,0.37847803043317246,0,1000,1000,0.020704850663574012,0.8662308274330157,0.8869356780965898,0.0009572663122282185,0,1000,1000,1000
device_0,0.375,1707,3.0,105.0,0.01,late,48,16,3,0.19756,0.3714936166119789,0,1000,1000,0.028512112049527635,0.8615663794222079,0.8900784914717356,0.0005608807248090033,0,1000,1000,1000
device_0,0.375,1708,3.0,105.0,0.01,late,48,16,3,0.19968,0.3728274067949136,0,1000,1000,0.017390547112486332,0.8702785663120133,0.8876691134244995,0.0007752054292348695,0,1000,1000,1000
device_0,0.375,1709,3.0,105.0,0.01,late,48,16,3,0.20214,0.3789219763360735,0,1000,1000,0.03157354592741798,0.8511295205156381,0.882703066443056,0.00045404502120318806,0,1000,1000,1000
device_0,0.375,1710,3.0,105.0,0.01,late,48,16,3,0.19842,0.37511826036297974,0,1000,1000,0.02213509098923202,0.8680418293556339,0.8901769203448658,0.0006786069732266494,0,1000,1000,1000
device_0,0.75,1701,3.0,105.0,0.01,late,48,16,3,0.20817,0.7556341521150168,0,1000,1000,0.026757678129139338,0.8500802654618694,0.8768379435910088,0.0010276143719077783,0,1000,1000,1000
device_0,0.75,1702,3.0,105.0,0.01,late,48,16,3,0.20244,0.7487885933421545,0,1000,1000,0.03293549824465783,0.8511672116517438,0.8841027098964016,0.0009210865259755351,0,1000,1000,1000
device_0,0.75,1703,3.0,105.0,0.01,late,48,16,3,0.20102,0.7470900970852136,0,1000,1000,0.024888033120571383,0.8608433742099372,0.8857314073305086,0.000633011330839599,0,1000,1000,1000
device_0,0.75,1704,3.0,105.0,0.01,late,48,16,3,0.19715,0.7479806369104111,0,1000,1000,0.024271070564801222,0.8668613725149117,0.891132443079713,0.0012120393399871086,0,1000,1000,1000
device_0,0.75,1705,3.0,105.0,0.01,late,48,16,3,0.20494,0.7506431485678381,0,1000,1000,0.02251207264747924,0.8577292334271606,0.8802413060746398,0.0010037727433270993,0,1000,1000,1000
device_0,0.75,1706,3.0,105.0,0.01,late,48,16,3,0.20282,0.7537784223147826,0,1000,1000,0.02938144502472878,0.8554489601670608,0.8848304051917896,0.0010092358459959834,0,1000,1000,1000
device_0,0.75,1707,3.0,105.0,0.01,late,48,16,3,0.20138,0.7431906944181493,0,1000,1000,0.021582179770896024,0.8593390493385332,0.8809212291094293,0.0015533412403131806,0,1000,1000,1000
device_0,0.75,1708,3.0,105.0,0.01,late,48,16,3,0.20034,0.7475350990705809,0,1000,1000,0.021454184820725464,0.8679080877237682,0.8893622725444936,0.000855135920628661,0,1000,1000,1000
device_0,0.75,1709,3.0,105.0,0.01,late,48,16,3,0.20613,0.7542776800152501,0,1000,1000,0.024352680310136255,0.8550766112762391,0.8794292915863754,0.0010520899946049238,0,1000,1000,1000
device_0,0.75,1710,3.0,105.0,0.01,late,48,16,3,0.20286,0.74728584709585,0,1000,1000,0.024647618961750713,0.8575624157089253,0.882210034670676,0.0008674731257923567,0,1000,1000,1000
device_0,0.875,1701,3.0,105.0,0.01,late,48,16,3,0.20249,0.8763990178082249,0,1000,1000,0.02237339949789715,0.8602086175968074,0.8825820170947046,0.0010291342482538891,0,1000,1000,1000
device_0,0.875,1702,3.0,105.0,0.01,late,48,16,3,0.19703,0.8759866636367837,0,1000,1000,0.02133634963569233,0.8673426888497258,0.8886790384854181,0.001265757685420993,0,1000,1000,1000
device_0,0.875,1703,3.0,105.0,0.01,late,48,16,3,0.20238,0.8773687974569232,0,1000,1000,0.02410237449177387,0.8604676290753772,0.8845700035671511,0.0007212073952600373,0,1000,1000,1000
device_0,0.875,1704,3.0,105.0,0.01,late,48,16,3,0.19663,0.8771256568671042,0,1000,1000,0.024826138423370798,0.8657676386779752,0.8905937771013461,0.0010173850437202952,0,1000,1000,1000
device_0,0.875,1705,3.0,105.0,0.01,late,48,16,3,0.20133,0.8756186617053834,0,1000,1000,0.030955867269879072,0.8517678568197893,0.8827237240896683,0.0011307682582031913,0,1000,1000,1000
device_0,0.875,1706,3.0,105.0,0.01,late,48,16,3,0.19605,0.8731077294363513,0,1000,1000,0.024707925380562913,0.8676934003194259,0.8924013256999888,0.0008299825287179504,0,1000,1000,1000
device_0,0.875,1707,3.0,105.0,0.01,late,48,16,3,0.2,0.8774036452681541,0,1000,1000,0.028175402203814412,0.85901568923427,0.8871910914380844,0.001346648522145999,0,1000,1000,1000
device_0,0.875,1708,3.0,105.0,0.01,late,48,16,3,0.20258,0.87442580026271,0,1000,1000,0.018747735907655803,0.8636657644728667,0.8824135003805225,0.0012490374227945072,0,1000,1000,1000
device_0,0.875,1709,3.0,105.0,0.01,late,48,16,3,0.19831,0.8770598020870867,0,1000,1000,0.020151830064608377,0.8710307866824128,0.8911826167470212,0.0011036128285239928,0,1000,1000,1000
device_0,0.875,1710,3.0,105.0,0.01,late,48,16,3,0.19668,0.8724656025657239,0,1000,1000,0.016609650627982857,0.872913359162546,0.8895230097905289,0.0015920815212766288,0,1000,1000,1000
device_0,0.9375,1701,3.0,105.0,0.01,late,48,16,3,0.20509,0.9402237906216514,0,1000,1000,0.02663644758180974,0.853220546986701,0.8798569945685107,0.0009993005008459147,0,1000,1000,1000
device_0,0.9375,1702,3.0,105.0,0.01,late,48,16,3,0.19366,0.9366016280001491,0,1000,1000,0.019383490575029513,0.8728742023877016,0.8922576929627312,0.0012813935874812772,0,1000,1000,1000
device_0,0.9375,1703,3.0,105.0,0.01,late,48,16,3,0.19489,0.9369055048961522,0,1000,1000,0.018978467269692174,0.8728274020471376,0.8918058693168298,0.0010952129041177038,0,1000,1000,1000
device_0,0.9375,1704,3.0,105.0,0.01,late,48,16,3,0.19999,0.9358099323716185,0,1000,1000,0.019246673709857352,0.8672654363293646,0.886512110039222,0.0013029594373308905,0,1000,1000,1000
device_0,0.9375,1705,3.0,105.0,0.01,late,48,16,3,0.19063,0.9374553760710133,0,1000,1000,0.02899919452838022,0.8680454711977182,0.8970446657260985,0.0014324851791410959,0,1000,1000,1000
device_0,0.9375,1706,3.0,105.0,0.01,late,48,16,3,0.20144,0.9386428776611538,0,1000,1000,0.025340123660120974,0.8619211642838257,0.8872612879439467,0.0011238905162865944,0,1000,1000,1000
device_0,0.9375,1707,3.0,105.0,0.01,late,48,16,3,0.20073,0.9386652506542138,0,1000,1000,0.029614707756185143,0.8572416468456292,0.8868563546018143,0.0019369158384152044,0,1000,1000,1000
device_0,0.9375,1708,3.0,105.0,0.01,late,48,16,3,0.19042,0.9350336658268497,0,1000,1000,0.024153402122655265,0.87288280305466,0.8970362051773153,0.0017758399036858345,0,1000,1000,1000
device_0,0.9375,1709,3.0,105.0,0.01,late,48,16,3,0.20214,0.9387695757970393,0,1000,1000,0.022125365824170268,0.8619819602552344,0.8841073260794047,0.0013960361437196666,0,1000,1000,1000
device_0,0.9375,1710,3.0,105.0,0.01,late,48,16,3,0.20082,0.9338903427364145,0,1000,1000,0.021811786819565564,0.8654673651943197,0.8872791520138852,0.0014238748154128003,0,1000,1000,1000
device_0,0.975,1701,3.0,105.0,0.01,late,48,16,3,0.20012,0.9750727182312047,0,1000,1000,0.02608754000182319,0.8590799337935248,0.8851674737953479,0.0016725523500499056,0,1000,1000,1000
device_0,0.975,1702,3.0,105.0,0.01,late,48,16,3,0.19762,0.9739220248349032,0,1000,1000,0.02689610411522733,0.8618906405007357,0.8887867446159631,0.0010501639489936298,0,1000,1000,1000
device_0,0.975,1703,3.0,105.0,0.01,late,48,16,3,0.1984,0.975854682367182,0,1000,1000,0.01552411727822682,0.8722874841475952,0.8878116014258219,0.0015929925108553588,0,1000,1000,1000
device_0,0.975,1704,3.0,105.0,0.01,late,48,16,3,0.19634,0.9733501805342133,0,1000,1000,0.017534118422569436,0.8728836495447694,0.8904177679673388,0.001465610731557835,0,1000,1000,1000
device_0,0.975,1705,3.0,105.0,0.01,late,48,16,3,0.19493,0.9747974986214312,0,1000,1000,0.026948927838120907,0.8652648732507047,0.8922138010888256,0.0011852923032678942,0,1000,1000,1000
device_0,0.975,1706,3.0,105.0,0.01,late,48,16,3,0.203,0.9742259419786155,0,1000,1000,0.02431971248970683,0.8598883427301506,0.8842080552198573,0.0015369242334553155,0,1000,1000,1000
device_0,0.975,1707,3.0,105.0,0.01,late,48,16,3,0.20266,0.9738223967562294,0,1000,1000,0.029134903584537856,0.8557509698284738,0.8848858734130116,0.0013942627122489706,0,1000,1000,1000
device_0,0.975,1708,3.0,105.0,0.01,late,48,16,3,0.19043,0.9746047948044175,0,1000,1000,0.023572210876890643,0.8759428890771724,0.8995150999540631,0.0012344784694373518,0,1000,1000,1000
device_0,0.975,1709,3.0,105.0,0.01,late,48,16,3,0.19294,0.9749540477640206,0,1000,1000,0.0156596923138003,0.8807813368803051,0.8964410291941055,0.0014176179360742523,0,1000,1000,1000
device_0,0.975,1710,3.0,105.0,0.01,late,48,16,3,0.19779,0.9774683509778551,0,1000,1000,0.035605740454590806,0.8538756303154011,0.8894813707699919,0.0018298842304962175,0,1000,1000,1000
device_0,0.0,1701,3.0,105.0,0.05,drop,48,16,3,0.19936,-0.002661444942765865,0,5000,1000,5.0350046528261165,11.457489276425258,16.492493929251374,0.16440039688641933,0,5000,5000,5000
device_0,0.0,1702,3.0,105.0,0.05,drop,48,16,3,0.20106,0.005830007599770396,0,5000,1000,4.916222026904809,11.553528421131643,16.469750448036454,0.15700381618766357,0,5000,5000,5000
device_0,0.0,1703,3.0,105.0,0.05,drop,48,16,3,0.19952,0.005656351965683195,0,5000,1000,5.051645820136543,11.456481152162022,16.508126972298566,0.14966144870809167,0,5000,5000,5000
device_0,0.0,1704,3.0,105.0,0.05,drop,48,16,3,0.20257,0.002457782015709934,0,5000,1000,4.885864474148281,11.455767336122864,16.341631810271146,0.1566205844653598,0,5000,5000,5000
device_0,0.0,1705,3.0,105.0,0.05,drop,48,16,3,0.20104,-0.004155617772998724,0,5000,1000,5.0759359750695205,11.377492524790174,16.453428499859697,0.1494187151181578,0,5000,5000,5000
device_0,0.0,1706,3.0,105.0,0.05,drop,48,16,3,0.20062,-0.0045443747273977144,0,5000,1000,5.020560515346529,11.428187011924907,16.448747527271436,0.14543426614345195,0,5000,5000,5000
device_0,0.0,1707,3.0,105.0,0.05,drop,48,16,3,0.19896,0.001346027845602329,0,5000,1000,4.920942523307514,11.538213345672295,16.45915586897981,0.15566291781741207,0,5000,5000,5000
device_0,0.0,1708,3.0,105.0,0.05,drop,48,16,3,0.19922,-0.001372807149175493,0,5000,1000,4.999728880095078,11.525076773672696,16.52480565376777,0.14066416885152214,0,5000,5000,5000
device_0,0.0,1709,3.0,105.0,0.05,drop,48,16,3,0.20001,0.005034822885721277,0,5000,1000,4.949868836545503,11.55789143296894,16.507760269514442,0.1743594846822814,0,5000,5000,5000
device_0,0.0,1710,3.0,105.0,0.05,drop,48,16,3,0.19848,0.0007247411049733544,0,5000,1000,5.096342012924667,11.310567922001425,16.406909934926095,0.14056547759205354,0,5000,5000,5000
device_0,0.375,1701,3.0,105.0,0.05,drop,48,16,3,0.19773,0.37585282092426525,0,5000,1000,4.929890858379573,11.501670576895712,16.431561435275285,0.38359367557157453,0,5000,5000,5000
device_0,0.375,1702,3.0,105.0,0.05,drop,48,16,3,0.20083,0.3763938072575695,0,5000,1000,5.007067117701838,11.48185352030455,16.488920638006388,0.3625917182002844,0,5000,5000,5000
device_0,0.375,1703,3.0,105.0,0.05,drop,48,16,3,0.19949,0.3708761472322628,0,5000,1000,5.0484200121692515,11.443528442025203,16.491948454194453,0.3418465211667366,0,5000,5000,5000
device_0,0.375,1704,3.0,105.0,0.05,drop,48,16,3,0.19956,0.37083454970073176,0,5000,1000,4.965131580749722,11.522123007220616,16.487254587970337,0.363943277768884,0,5000,5000,5000
device_0,0.375,1705,3.0,105.0,0.05,drop,48,16,3,0.1976,0.38054564128452917,0,5000,1000,5.054392479603226,11.428133826500996,16.482526306104223,0.3820977883264905,0,5000,5000,5000
device_0,0.375,1706,3.0,105.0,0.05,drop,48,16,3,0.19975,0.37847803043317246,0,5000,1000,4.965852654803067,11.548348186034515,16.51420084083758,0.3654350801884907,0,5000,5000,5000
device_0,0.375,1707,3.0,105.0,0.05,drop,48,16,3,0.19756,0.3714936166119789,0,5000,1000,5.07731500535691,11.421927473559451,16.49924247891636,0.3937971285838186,0,5000,5000,5000
device_0,0.375,1708,3.0,105.0,0.05,drop,48,16,3,0.19968,0.3728274067949136,0,5000,1000,5.075209011670972,11.236276892351073,16.311485904022046,0.346674624798099,0,5000,5000,5000
device_0,0.375,1709,3.0,105.0,0.05,drop,48,16,3,0.20214,0.3789219763360735,0,5000,1000,5.047112087174878,11.461668126634857,16.508780213809732,0.3629747671346065,0,5000,5000,5000
device_0,0.375,1710,3.0,105.0,0.05,drop,48,16,3,0.19842,0.37511826036297974,0,5000,1000,4.9607330488784225,11.620057274051714,16.580790322930135,0.3637725728892283,0,5000,5000,5000
device_0,0.75,1701,3.0,105.0,0.05,drop,48,16,3,0.20817,0.7556341521150168,0,5000,1000,4.974227224066854,11.46640536479851,16.440632588865366,0.5348950024647905,0,5000,5000,5000
device_0,0.75,1702,3.0,105.0,0.05,drop,48,16,3,0.20244,0.7487885933421545,0,5000,1000,4.973437504900905,11.608796452855824,16.582233957756728,0.6284707596958241,0,5000,5000,5000
device_0,0.75,1703,3.0,105.0,0.05,drop,48,16,3,0.20102,0.7470900970852136,0,5000,1000,4.9816728128620005,11.572377277478878,16.55405009034088,0.6151318308525583,0,5000,5000,5000
device_0,0.75,1704,3.0,105.0,0.05,drop,48,16,3,0.19715,0.7479806369104111,0,5000,1000,5.03658721409545,11.466900543687851,16.5034877577833,0.5626598979917952,0,5000,5000,5000
device_0,0.75,1705,3.0,105.0,0.05,drop,48,16,3,0.20494,0.7506431485678381,0,5000,1000,4.994395264114133,11.52942235623934,16.523817620353476,0.6047451818485916,0,5000,5000,5000
device_0,0.75,1706,3.0,105.0,0.05,drop,48,16,3,0.20282,0.7537784223147826,0,5000,1000,5.0006654980334355,11.393813321961144,16.394478819994575,0.5609662759115294,0,5000,5000,5000
device_0,0.75,1707,3.0,105.0,0.05,drop,48,16,3,0.20138,0.7431906944181493,0,5000,1000,4.988422914205802,11.46435052224922,16.452773436455026,0.5893017286606552,0,5000,5000,5000
device_0,0.75,1708,3.0,105.0,0.05,drop,48,16,3,0.20034,0.7475350990705809,0,5000,1000,4.938639314687852,11.540325698322997,16.47896501301085,0.5888585901887202,0,5000,5000,5000
device_0,0.75,1709,3.0,105.0,0.05,drop,48,16,3,0.20613,0.7542776800152501,0,5000,1000,5.053412549053977,11.397457698896854,16.450870247950828,0.6035596365496048,0,5000,5000,5000
device_0,0.75,1710,3.0,105.0,0.05,drop,48,16,3,0.20286,0.74728584709585,0,5000,1000,5.005065823583079,11.43867470809945,16.443740531682533,0.5496516219538988,0,5000,5000,5000
device_0,0.875,1701,3.0,105.0,0.05,drop,48,16,3,0.20249,0.8763990178082249,0,5000,1000,5.008395755881991,11.472740773135849,16.48113652901784,0.6433733671283506,0,5000,5000,5000
device_0,0.875,1702,3.0,105.0,0.05,drop,48,16,3,0.19703,0.8759866636367837,0,5000,1000,5.070430826311346,11.331064472004686,16.401495298316032,0.6295596538829974,0,5000,5000,5000
device_0,0.875,1703,3.0,105.0,0.05,drop,48,16,3,0.20238,0.8773687974569232,0,5000,1000,4.960423995320288,11.555946008341367,16.516370003661656,0.6910907745441187,0,5000,5000,5000
device_0,0.875,1704,3.0,105.0,0.05,drop,48,16,3,0.19663,0.8771256568671042,0,5000,1000,5.00170158881309,11.480764085697006,16.482465674510095,0.6768315506310948,0,5000,5000,5000
device_0,0.875,1705,3.0,105.0,0.05,drop,48,16,3,0.20133,0.8756186617053834,0,5000,1000,5.05645822859735,11.372316655552902,16.428774884150254,0.6396751616082477,0,5000,5000,5000
device_0,0.875,1706,3.0,105.0,0.05,drop,48,16,3,0.19605,0.8731077294363513,0,5000,1000,4.992018243324182,11.585834182521927,16.577852425846107,0.6612171389280529,0,5000,5000,5000
device_0,0.875,1707,3.0,105.0,0.05,drop,48,16,3,0.2,0.8774036452681541,0,5000,1000,5.011787338056129,11.465393365208266,16.477180703264395,0.687723458363393,0,5000,5000,5000
device_0,0.875,1708,3.0,105.0,0.05,drop,48,16,3,0.20258,0.87442580026271,0,5000,1000,5.017965777513323,11.539671285186044,16.557637062699367,0.7001176718957854,0,5000,5000,5000
device_0,0.875,1709,3.0,105.0,0.05,drop,48,16,3,0.19831,0.8770598020870867,0,5000,1000,4.95608716536202,11.452899030562547,16.408986195924566,0.6099255625888731,0,5000,5000,5000
device_0,0.875,1710,3.0,105.0,0.05,drop,48,16,3,0.19668,0.8724656025657239,0,5000,1000,4.993517303568644,11.50973115039924,16.503248453967885,0.6576965202861377,0,5000,5000,5000
device_0,0.9375,1701,3.0,105.0,0.05,drop,48,16,3,0.20509,0.9402237906216514,0,5000,1000,4.999705325707828,11.369886432331679,16.36959175803951,0.6431441721395685,0,5000,5000,5000
device_0,0.9375,1702,3.0,105.0,0.05,drop,48,16,3,0.19366,0.9366016280001491,0,5000,1000,4.95718454985199,11.52427589697685,16.48146044682884,0.703208807658643,0,5000,5000,5000
device_0,0.9375,1703,3.0,105.0,0.05,drop,48,16,3,0.19489,0.9369055048961522,0,5000,1000,4.9911123394554275,11.4572682472842,16.448380586739628,0.6914495825681743,0,5000,5000,5000
device_0,0.9375,1704,3.0,105.0,0.05,drop,48,16,3,0.19999,0.9358099323716185,0,5000,1000,4.985388385133757,11.535199289287318,16.520587674421076,0.7499305807062253,0,5000,5000,5000
device_0,0.9375,1705,3.0,105.0,0.05,drop,48,16,3,0.19063,0.9374553760710133,0,5000,1000,5.036624187787084,11.507470547344825,16.54409473513191,0.6872071001316167,0,5000,5000,5000
device_0,0.9375,1706,3.0,105.0,0.05,drop,48,16,3,0.20144,0.9386428776611538,0,5000,1000,5.011453234234589,11.414424644575252,16.425877878809843,0.679897056346561,0,5000,5000,5000
device_0,0.9375,1707,3.0,105.0,0.05,drop,48,16,3,0.20073,0.9386652506542138,0,5000,1000,5.076657127621565,11.428559778242901,16.505216905864465,0.7338232046245736,0,5000,5000,5000
device_0,0.9375,1708,3.0,105.0,0.05,drop,48,16,3,0.19042,0.9350336658268497,0,5000,1000,4.959517144500497,11.535960779021028,16.495477923521527,0.6849049499602793,0,5000,5000,5000
device_0,0.9375,1709,3.0,105.0,0.05,drop,48,16,3,0.20214,0.9387695757970393,0,5000,1000,5.03577282574372,11.453062847900732,16.488835673644452,0.6969421288332447,0,5000,5000,5000
device_0,0.9375,1710,3.0,105.0,0.05,drop,48,16,3,0.20082,0.9338903427364145,0,5000,1000,4.975237977963964,11.441488085678358,16.416726063642322,0.7036865925448358,0,5000,5000,5000
device_0,0.975,1701,3.0,105.0,0.05,drop,48,16,3,0.20012,0.9750727182312047,0,5000,1000,5.023287183417516,11.381633705535663,16.40492088895318,0.6884157095705219,0,5000,5000,5000
device_0,0.975,1702,3.0,105.0,0.05,drop,48,16,3,0.19762,0.9739220248349032,0,5000,1000,4.993845020533911,11.516215678127447,16.510060698661356,0.7512589884285482,0,5000,5000,5000
device_0,0.975,1703,3.0,105.0,0.05,drop,48,16,3,0.1984,0.975854682367182,0,5000,1000,4.992877769085645,11.442509734744302,16.435387503829947,0.7247858674147911,0,5000,5000,5000
device_0,0.975,1704,3.0,105.0,0.05,drop,48,16,3,0.19634,0.9733501805342133,0,5000,1000,4.98900061205313,11.51856614562621,16.50756675767934,0.7304444941790165,0,5000,5000,5000
device_0,0.975,1705,3.0,105.0,0.05,drop,48,16,3,0.19493,0.9747974986214312,0,5000,1000,5.020581530453445,11.46874786779032,16.489329398243765,0.7471142597786502,0,5000,5000,5000
device_0,0.975,1706,3.0,105.0,0.05,drop,48,16,3,0.203,0.9742259419786155,0,5000,1000,5.068355657911754,11.339955246255721,16.408310904167475,0.6894177995096669,0,5000,5000,5000
device_0,0.975,1707,3.0,105.0,0.05,drop,48,16,3,0.20266,0.9738223967562294,0,5000,1000,5.014414903527714,11.371846423709979,16.386261327237694,0.7215287774609656,0,5000,5000,5000
device_0,0.975,1708,3.0,105.0,0.05,drop,48,16,3,0.19043,0.9746047948044175,0,5000,1000,5.078875411486223,11.403000451530755,16.481875863016977,0.6817029117668361,0,5000,5000,5000
device_0,0.975,1709,3.0,105.0,0.05,drop,48,16,3,0.19294,0.9749540477640206,0,5000,1000,5.09780626916022,11.29888575090794,16.39669202006816,0.6966095150144872,0,5000,5000,5000
device_0,0.975,1710,3.0,105.0,0.05,drop,48,16,3,0.19779,0.9774683509778551,0,5000,1000,4.9934290594115485,11.473371778091968,16.466800837503516,0.7171734929438767,0,5000,5000,5000
device_0,0.0,1701,3.0,105.0,0.05,late,48,16,3,0.19936,-0.002661444942765865,0,5000,1000,0.15020832450932242,2.2706174755815653,2.4208258000908875,0.07821753390366483,0,5000,5000,3224
device_0,0.0,1702,3.0,105.0,0.05,late,48,16,3,0.20106,0.005830007599770396,0,5000,1000,0.12262100702081845,2.353576186987658,2.476197194008477,0.07853762868512841,0,5000,5000,3274
device_0,0.0,1703,3.0,105.0,0.05,late,48,16,3,0.19952,0.005656351965683195,0,5000,1000,0.12883884653172648,2.3633933507463563,2.4922321972780828,0.06937532171918119,0,5000,5000,3303
device_0,0.0,1704,3.0,105.0,0.05,late,48,16,3,0.20257,0.002457782015709934,0,5000,1000,0.12765734253705133,2.2452064036956667,2.372863746232718,0.07217806274533889,0,5000,5000,3174
device_0,0.0,1705,3.0,105.0,0.05,late,48,16,3,0.20104,-0.004155617772998724,0,5000,1000,0.12338399446941899,2.3235013418580044,2.4468853363274237,0.06884916154598816,0,5000,5000,3242
device_0,0.0,1706,3.0,105.0,0.05,late,48,16,3,0.20062,-0.0045443747273977144,0,5000,1000,0.13413498577213578,2.286889595096588,2.4210245808687234,0.06914655333648727,0,5000,5000,3225
device_0,0.0,1707,3.0,105.0,0.05,late,48,16,3,0.19896,0.001346027845602329,0,5000,1000,0.11299486029241847,2.329459933935167,2.4424547942275856,0.07344959300738167,0,5000,5000,3215
device_0,0.0,1708,3.0,105.0,0.05,late,48,16,3,0.19922,-0.001372807149175493,0,5000,1000,0.11102284844364323,2.3936700148828858,2.5046928633265293,0.06660302092588924,0,5000,5000,3319
device_0,0.0,1709,3.0,105.0,0.05,late,48,16,3,0.20001,0.005034822885721277,0,5000,1000,0.13007774128239855,2.347093454563834,2.4771711958462324,0.079821839085591,0,5000,5000,3270
device_0,0.0,1710,3.0,105.0,0.05,late,48,16,3,0.19848,0.0007247411049733544,0,5000,1000,0.1163622375933231,2.2812002981749355,2.397562535768259,0.06815414071032787,0,5000,5000,3158
device_0,0.375,1701,3.0,105.0,0.05,late,48,16,3,0.19773,0.37585282092426525,0,5000,1000,0.11374024400633108,2.298457832420505,2.412198076426836,0.17482621443836627,0,5000,5000,3018
device_0,0.375,1702,3.0,105.0,0.05,late,48,16,3,0.20083,0.3763938072575695,0,5000,1000,0.11515927347628567,2.34882405502021,2.463983328496496,0.16609277235540307,0,5000,5000,3127
device_0,0.375,1703,3.0,105.0,0.05,late,48,16,3,0.19949,0.3708761472322628,0,5000,1000,0.11372470030795781,2.3674297324560634,2.481154432764021,0.15559484086863973,0,5000,5000,3142
device_0,0.375,1704,3.0,105.0,0.05,late,48,16,3,0.19956,0.37083454970073176,0,5000,1000,0.13381569547026023,2.3459964239988595,2.47981211946912,0.16088893200420276,0,5000,5000,3124
device_0,0.375,1705,3.0,105.0,0.05,late,48,16,3,0.1976,0.38054564128452917,0,5000,1000,0.12146426066620526,2.335704541850591,2.457168802516796,0.1711308971416636,0,5000,5000,3095
device_0,0.375,1706,3.0,105.0,0.05,late,48,16,3,0.19975,0.37847803043317246,0,5000,1000,0.11405210224768345,2.360903156234646,2.4749552584823293,0.16518919838269136,0,5000,5000,3138
device_0,0.375,1707,3.0,105.0,0.05,late,48,16,3,0.19756,0.3714936166119789,0,5000,1000,0.13046765121504095,2.347144409682167,2.477612060897208,0.18076609080654846,0,5000,5000,3074
device_0,0.375,1708,3.0,105.0,0.05,late,48,16,3,0.19968,0.3728274067949136,0,5000,1000,0.1128746202159307,2.2451522161585706,2.358026836374501,0.15152588608382508,0,5000,5000,2991
device_0,0.375,1709,3.0,105.0,0.05,late,48,16,3,0.20214,0.3789219763360735,0,5000,1000,0.13341452250398284,2.36803059247968,2.501445114983663,0.1686304941998246,0,5000,5000,3180
device_0,0.375,1710,3.0,105.0,0.05,late,48,16,3,0.19842,0.37511826036297974,0,5000,1000,0.13888587203945227,2.3920051875514514,2.5308910595909038,0.1759495806712816,0,5000,5000,3179
device_0,0.75,1701,3.0,105.0,0.05,late,48,16,3,0.20817,0.7556341521150168,0,5000,1000,0.13674506235042025,2.376992283259918,2.5137373456103385,0.23986256135605466,0,5000,5000,3108
device_0,0.75,1702,3.0,105.0,0.05,late,48,16,3,0.20244,0.7487885933421545,0,5000,1000,0.1101216880250762,2.4432611599408984,2.5533828479659744,0.2936915488282712,0,5000,5000,3062
device_0,0.75,1703,3.0,105.0,0.05,late,48,16,3,0.20102,0.7470900970852136,0,5000,1000,0.13165116544077785,2.3856981447348455,2.5173493101756237,0.26813971742526455,0,5000,5000,3039
device_0,0.75,1704,3.0,105.0,0.05,late,48,16,3,0.19715,0.7479806369104111,0,5000,1000,0.1197088741524464,2.335471893301786,2.455180767454232,0.23952483182373469,0,5000,5000,2967
device_0,0.75,1705,3.0,105.0,0.05,late,48,16,3,0.20494,0.7506431485678381,0,5000,1000,0.12635497700065937,2.4221554740289637,2.5485104510296233,0.28697643514328475,0,5000,5000,3075
device_0,0.75,1706,3.0,105.0,0.05,late,48,16,3,0.20282,0.7537784223147826,0,5000,1000,0.1245935686633884,2.3265388413307093,2.4511324099940976,0.25970453525984666,0,5000,5000,2957
device_0,0.75,1707,3.0,105.0,0.05,late,48,16,3,0.20138,0.7431906944181493,0,5000,1000,0.10578558211856003,2.3553309374613884,2.4611165195799485,0.2632185491928234,0,5000,5000,2989
device_0,0.75,1708,3.0,105.0,0.05,late,48,16,3,0.20034,0.7475350990705809,0,5000,1000,0.11606812119725506,2.3535265392860425,2.4695946604832972,0.2663523949520593,0,5000,5000,2955
device_0,0.75,1709,3.0,105.0,0.05,late,48,16,3,0.20613,0.7542776800152501,0,5000,1000,0.12161063620581242,2.4074836707775855,2.529094306983398,0.2780442539916909,0,5000,5000,3057
device_0,0.75,1710,3.0,105.0,0.05,late,48,16,3,0.20286,0.74728584709585,0,5000,1000,0.11479810056700403,2.3342097867412375,2.4490078873082415,0.24587009520075623,0,5000,5000,3012
device_0,0.875,1701,3.0,105.0,0.05,late,48,16,3,0.20249,0.8763990178082249,0,5000,1000,0.10794790393385185,2.3560049683195077,2.4639528722533597,0.28500375347551404,0,5000,5000,2955
device_0,0.875,1702,3.0,105.0,0.05,late,48,16,3,0.19703,0.8759866636367837,0,5000,1000,0.1403873659203009,2.2254595214636184,2.365846887383919,0.26667445083886754,0,5000,5000,2817
device_0,0.875,1703,3.0,105.0,0.05,late,48,16,3,0.20238,0.8773687974569232,0,5000,1000,0.12394609629578847,2.3922850587388518,2.51623115503464,0.3032507737261426,0,5000,5000,2984
device_0,0.875,1704,3.0,105.0,0.05,late,48,16,3,0.19663,0.8771256568671042,0,5000,1000,0.12410154179706812,2.3290727691331115,2.4531743109301796,0.2897356624228912,0,5000,5000,2889
device_0,0.875,1705,3.0,105.0,0.05,late,48,16,3,0.20133,0.8756186617053834,0,5000,1000,0.11809292440703824,2.3301027461464505,2.448195670553489,0.27296076085123605,0,5000,5000,2937
device_0,0.875,1706,3.0,105.0,0.05,late,48,16,3,0.19605,0.8731077294363513,0,5000,1000,0.11952958577368279,2.3541509338065496,2.4736805195802325,0.28526540475545076,0,5000,5000,2937
device_0,0.875,1707,3.0,105.0,0.05,late,48,16,3,0.2,0.8774036452681541,0,5000,1000,0.1226069001369648,2.3273475929352374,2.449954493072202,0.30540869229005074,0,5000,5000,2890
device_0,0.875,1708,3.0,105.0,0.05,late,48,16,3,0.20258,0.87442580026271,0,5000,1000,0.13617714046014545,2.4062779772072864,2.5424551176674317,0.3193124352127255,0,5000,5000,3007
device_0,0.875,1709,3.0,105.0,0.05,late,48,16,3,0.19831,0.8770598020870867,0,5000,1000,0.12475028094922196,2.26577625255022,2.3905265334994423,0.26098564134485647,0,5000,5000,2862
device_0,0.875,1710,3.0,105.0,0.05,late,48,16,3,0.19668,0.8724656025657239,0,5000,1000,0.12214016806088827,2.316611253467262,2.43875142152815,0.28513999182607724,0,5000,5000,2892
device_0,0.9375,1701,3.0,105.0,0.05,late,48,16,3,0.20509,0.9402237906216514,0,5000,1000,0.12906013796803603,2.3236849445781527,2.4527450825461887,0.27986927787403937,0,5000,5000,2956
device_0,0.9375,1702,3.0,105.0,0.05,late,48,16,3,0.19366,0.9366016280001491,0,5000,1000,0.12195529472166204,2.272951669221273,2.394906963942935,0.302007162615657,0,5000,5000,2787
device_0,0.9375,1703,3.0,105.0,0.05,late,48,16,3,0.19489,0.9369055048961522,0,5000,1000,0.11048689528044234,2.2730370456388003,2.383523940919243,0.28496287779755314,0,5000,5000,2811
device_0,0.9375,1704,3.0,105.0,0.05,late,48,16,3,0.19999,0.9358099323716185,0,5000,1000,0.1282151786368338,2.368307138461903,2.4965223170987367,0.3292473407295177,0,5000,5000,2902
device_0,0.9375,1705,3.0,105.0,0.05,late,48,16,3,0.19063,0.9374553760710133,0,5000,1000,0.12712220911232808,2.28889220493808,2.4160144140504083,0.28035312266816903,0,5000,5000,2836
device_0,0.9375,1706,3.0,105.0,0.05,late,48,16,3,0.20144,0.9386428776611538,0,5000,1000,0.12018097591711409,2.3134788161935824,2.433659792110696,0.29081814732932065,0,5000,5000,2898
device_0,0.9375,1707,3.0,105.0,0.05,late,48,16,3,0.20073,0.9386652506542138,0,5000,1000,0.11690882958243512,2.343645736405496,2.4605545659879313,0.3226504753390171,0,5000,5000,2892
device_0,0.9375,1708,3.0,105.0,0.05,late,48,16,3,0.19042,0.9350336658268497,0,5000,1000,0.1209055853325352,2.254812895222745,2.3757184805552805,0.28891229729770307,0,5000,5000,2778
device_0,0.9375,1709,3.0,105.0,0.05,late,48,16,3,0.20214,0.9387695757970393,0,5000,1000,0.1167181318302028,2.3789212905209505,2.4956394223511533,0.3139126044501402,0,5000,5000,2948
device_0,0.9375,1710,3.0,105.0,0.05,late,48,16,3,0.20082,0.9338903427364145,0,5000,1000,0.1084913841192399,2.318944834266444,2.427436218385684,0.3066088377451893,0,5000,5000,2853
device_0,0.975,1701,3.0,105.0,0.05,late,48,16,3,0.20012,0.9750727182312047,0,5000,1000,0.12224358044597962,2.306862931373563,2.4291065118195427,0.30364419754691985,0,5000,5000,2863
device_0,0.975,1702,3.0,105.0,0.05,late,48,16,3,0.19762,0.9739220248349032,0,5000,1000,0.11806306568608636,2.3677086550644755,2.4857717207505616,0.3183049950765457,0,5000,5000,2883
device_0,0.975,1703,3.0,105.0,0.05,late,48,16,3,0.1984,0.975854682367182,0,5000,1000,0.11036403287787137,2.304596040333056,2.4149600732109273,0.31796904967667455,0,5000,5000,2817
device_0,0.975,1704,3.0,105.0,0.05,late,48,16,3,0.19634,0.9733501805342133,0,5000,1000,0.11829379740189078,2.327515948556496,2.4458097459583867,0.309465465149818,0,5000,5000,2854
device_0,0.975,1705,3.0,105.0,0.05,late,48,16,3,0.19493,0.9747974986214312,0,5000,1000,0.12011647135924457,2.291063037995631,2.411179509354876,0.3160691999547783,0,5000,5000,2792
device_0,0.975,1706,3.0,105.0,0.05,late,48,16,3,0.203,0.9742259419786155,0,5000,1000,0.12277165622298297,2.344663021214416,2.467434677437399,0.31050691550460446,0,5000,5000,2902
device_0,0.975,1707,3.0,105.0,0.05,late,48,16,3,0.20266,0.9738223967562294,0,5000,1000,0.13063347533556946,2.3152551688158973,2.445888644151467,0.3139636552794765,0,5000,5000,2860
device_0,0.975,1708,3.0,105.0,0.05,late,48,16,3,0.19043,0.9746047948044175,0,5000,1000,0.1267592187699291,2.2383074734307282,2.3650666922006574,0.2826908011733853,0,5000,5000,2760
device_0,0.975,1709,3.0,105.0,0.05,late,48,16,3,0.19294,0.9749540477640206,0,5000,1000,0.12441037223642445,2.2035066191948207,2.327916991431245,0.2865355214758039,0,5000,5000,2721
device_0,0.975,1710,3.0,105.0,0.05,late,48,16,3,0.19779,0.9774683509778551,0,5000,1000,0.1120204807321641,2.3020251771579328,2.414045657890097,0.3031158058409924,0,5000,5000,2833
device_0,0.0,1701,3.0,105.0,0.1,drop,48,16,3,0.19936,-0.002661444942765865,0,10000,1000,10.0959684081499,17.36907883110728,27.46504723925718,0.3897490880146381,0,10000,10000,10000
device_0,0.0,1702,3.0,105.0,0.1,drop,48,16,3,0.20106,0.005830007599770396,0,10000,1000,9.980562151056736,17.47721250744564,27.457774658502377,0.39950377522575775,0,10000,10000,10000
device_0,0.0,1703,3.0,105.0,0.1,drop,48,16,3,0.19952,0.005656351965683195,0,10000,1000,9.974423512975646,17.542386384093938,27.516809897069585,0.39304532150658855,0,10000,10000,10000
device_0,0.0,1704,3.0,105.0,0.1,drop,48,16,3,0.20257,0.002457782015709934,0,10000,1000,9.877526629184764,17.440772232133863,27.31829886131863,0.37996740373821575,0,10000,10000,10000
device_0,0.0,1705,3.0,105.0,0.1,drop,48,16,3,0.20104,-0.004155617772998724,0,10000,1000,9.918780317556763,17.53623452304435,27.455014840601113,0.373972461506966,0,10000,10000,10000
device_0,0.0,1706,3.0,105.0,0.1,drop,48,16,3,0.20062,-0.0045443747273977144,0,10000,1000,9.95695924002464,17.498561506808972,27.455520746833614,0.3587693892307719,0,10000,10000,10000
device_0,0.0,1707,3.0,105.0,0.1,drop,48,16,3,0.19896,0.001346027845602329,0,10000,1000,10.146469132374227,17.295742306799752,27.44221143917398,0.3794142512033228,0,10000,10000,10000
device_0,0.0,1708,3.0,105.0,0.1,drop,48,16,3,0.19922,-0.001372807149175493,0,10000,1000,10.138184536213338,17.394690752734174,27.532875288947515,0.365167083265199,0,10000,10000,10000
device_0,0.0,1709,3.0,105.0,0.1,drop,48,16,3,0.20001,0.005034822885721277,0,10000,1000,9.904352350779371,17.593333551719393,27.497685902498763,0.41270120789394116,0,10000,10000,10000
device_0,0.0,1710,3.0,105.0,0.1,drop,48,16,3,0.19848,0.0007247411049733544,0,10000,1000,9.997958961827198,17.424487413201206,27.422446375028404,0.37924957940807785,0,10000,10000,10000
device_0,0.375,1701,3.0,105.0,0.1,drop,48,16,3,0.19773,0.37585282092426525,0,10000,1000,9.991025285715459,17.422032022012658,27.413057307728117,1.0735616971540383,0,10000,10000,10000
device_0,0.375,1702,3.0,105.0,0.1,drop,48,16,3,0.20083,0.3763938072575695,0,10000,1000,10.080469321998386,17.383421985681615,27.46389130768,1.0253199324867268,0,10000,10000,10000
device_0,0.375,1703,3.0,105.0,0.1,drop,48,16,3,0.19949,0.3708761472322628,0,10000,1000,9.952793991235309,17.556016942104975,27.508810933340285,0.9897957649651031,0,10000,10000,10000
device_0,0.375,1704,3.0,105.0,0.1,drop,48,16,3,0.19956,0.37083454970073176,0,10000,1000,10.020559209841363,17.467156775969034,27.487715985810397,1.0359135490870783,0,10000,10000,10000
device_0,0.375,1705,3.0,105.0,0.1,drop,48,16,3,0.1976,0.38054564128452917,0,10000,1000,10.117424852707298,17.40792879575884,27.525353648466137,1.0837467259678009,0,10000,10000,10000
device_0,0.375,1706,3.0,105.0,0.1,drop,48,16,3,0.19975,0.37847803043317246,0,10000,1000,9.995397390386177,17.506868884835804,27.50226627522198,1.0204709904873919,0,10000,10000,10000
device_0,0.375,1707,3.0,105.0,0.1,drop,48,16,3,0.19756,0.3714936166119789,0,10000,1000,10.034373954963302,17.458590081931206,27.49296403689451,1.058307314587149,0,10000,10000,10000
device_0,0.375,1708,3.0,105.0,0.1,drop,48,16,3,0.19968,0.3728274067949136,0,10000,1000,9.955813108123449,17.34737919208419,27.303192300207638,1.0003799879580677,0,10000,10000,10000
device_0,0.375,1709,3.0,105.0,0.1,drop,48,16,3,0.20214,0.3789219763360735,0,10000,1000,10.045114256738277,17.498590213540155,27.54370447027843,1.0319423979246876,0,10000,10000,10000
device_0,0.375,1710,3.0,105.0,0.1,drop,48,16,3,0.19842,0.37511826036297974,0,10000,1000,10.04056406068098,17.566743752405767,27.607307813086745,1.0379605436897337,0,10000,10000,10000
device_0,0.75,1701,3.0,105.0,0.1,drop,48,16,3,0.20817,0.7556341521150168,0,10000,1000,10.009150562341146,17.368335037832775,27.37748560017392,1.7657830377375374,0,10000,10000,10000
device_0,0.75,1702,3.0,105.0,0.1,drop,48,16,3,0.20244,0.7487885933421545,0,10000,1000,9.92878682302588,17.661859054935903,27.590645877961784,1.9518277588897102,0,10000,10000,10000
device_0,0.75,1703,3.0,105.0,0.1,drop,48,16,3,0.20102,0.7470900970852136,0,10000,1000,9.869064855009272,17.6829458416612,27.552010696670475,1.9892263584890444,0,10000,10000,10000
device_0,0.75,1704,3.0,105.0,0.1,drop,48,16,3,0.19715,0.7479806369104111,0,10000,1000,9.9902526936025,17.519166077374177,27.50941877097668,2.0130892563942013,0,10000,10000,10000
device_0,0.75,1705,3.0,105.0,0.1,drop,48,16,3,0.20494,0.7506431485678381,0,10000,1000,10.05566325029405,17.46762826154491,27.52329151183896,1.9059569061454325,0,10000,10000,10000
device_0,0.75,1706,3.0,105.0,0.1,drop,48,16,3,0.20282,0.7537784223147826,0,10000,1000,10.157279342492306,17.197943561656952,27.355222904149255,1.9025626380996785,0,10000,10000,10000
device_0,0.75,1707,3.0,105.0,0.1,drop,48,16,3,0.20138,0.7431906944181493,0,10000,1000,9.950476470026645,17.51361725745738,27.464093727484023,1.9283269083010413,0,10000,10000,10000
device_0,0.75,1708,3.0,105.0,0.1,drop,48,16,3,0.20034,0.7475350990705809,0,10000,1000,10.008190112966862,17.453277307620912,27.461467420587773,1.9588276629168682,0,10000,10000,10000
device_0,0.75,1709,3.0,105.0,0.1,drop,48,16,3,0.20613,0.7542776800152501,0,10000,1000,9.951784588042184,17.45729243747958,27.409077025521764,1.8783195832643962,0,10000,10000,10000
device_0,0.75,1710,3.0,105.0,0.1,drop,48,16,3,0.20286,0.74728584709585,0,10000,1000,10.056087988667116,17.388719882176815,27.444807870843928,1.8416633757212306,0,10000,10000,10000
device_0,0.875,1701,3.0,105.0,0.1,drop,48,16,3,0.20249,0.8763990178082249,0,10000,1000,10.039994456383457,17.429851896118272,27.46984635250173,2.3497773707157523,0,10000,10000,10000
device_0,0.875,1702,3.0,105.0,0.1,drop,48,16,3,0.19703,0.8759866636367837,0,10000,1000,10.064110959206111,17.338191082513173,27.402302041719285,2.453930584471041,0,10000,10000,10000
device_0,0.875,1703,3.0,105.0,0.1,drop,48,16,3,0.20238,0.8773687974569232,0,10000,1000,9.718399155486095,17.807343010147868,27.52574216563396,2.414925656831271,0,10000,10000,10000
device_0,0.875,1704,3.0,105.0,0.1,drop,48,16,3,0.19663,0.8771256568671042,0,10000,1000,10.081818869355645,17.398230552457846,27.48004942181349,2.5792031071150685,0,10000,10000,10000
device_0,0.875,1705,3.0,105.0,0.1,drop,48,16,3,0.20133,0.8756186617053834,0,10000,1000,10.033535681548935,17.382659500616153,27.416195182165094,2.3960448550828093,0,10000,10000,10000
device_0,0.875,1706,3.0,105.0,0.1,drop,48,16,3,0.19605,0.8731077294363513,0,10000,1000,10.01763392476924,17.6072688104546,27.624902735223838,2.611993026415457,0,10000,10000,10000
device_0,0.875,1707,3.0,105.0,0.1,drop,48,16,3,0.2,0.8774036452681541,0,10000,1000,10.000392143434343,17.47079931539939,27.471191458833736,2.49019679576285,0,10000,10000,10000
device_0,0.875,1708,3.0,105.0,0.1,drop,48,16,3,0.20258,0.87442580026271,0,10000,1000,9.931753732997574,17.63744056927517,27.56919430227275,2.466302521824591,0,10000,10000,10000
device_0,0.875,1709,3.0,105.0,0.1,drop,48,16,3,0.19831,0.8770598020870867,0,10000,1000,9.996414599400806,17.39307719303885,27.389491792439653,2.449428766859924,0,10000,10000,10000
device_0,0.875,1710,3.0,105.0,0.1,drop,48,16,3,0.19668,0.8724656025657239,0,10000,1000,9.90520533508024,17.611234547595558,27.516439882675797,2.5391241530773483,0,10000,10000,10000
device_0,0.9375,1701,3.0,105.0,0.1,drop,48,16,3,0.20509,0.9402237906216514,0,10000,1000,10.000601317340134,17.347258736366875,27.34786005370701,2.464967113728639,0,10000,10000,10000
device_0,0.9375,1702,3.0,105.0,0.1,drop,48,16,3,0.19366,0.9366016280001491,0,10000,1000,9.95498172699919,17.580374484072408,27.5353562110716,2.8748484584609377,0,10000,10000,10000
device_0,0.9375,1703,3.0,105.0,0.1,drop,48,16,3,0.19489,0.9369055048961522,0,10000,1000,9.971304235011676,17.497991937553408,27.469296172565084,2.848566587110887,0,10000,10000,10000
device_0,0.9375,1704,3.0,105.0,0.1,drop,48,16,3,0.19999,0.9358099323716185,0,10000,1000,9.929441908257955,17.59029103863594,27.519732946893892,2.7436474505251938,0,10000,10000,10000
device_0,0.9375,1705,3.0,105.0,0.1,drop,48,16,3,0.19063,0.9374553760710133,0,10000,1000,10.089977713381018,17.506005069374353,27.59598278275537,2.947596668230553,0,10000,10000,10000
device_0,0.9375,1706,3.0,105.0,0.1,drop,48,16,3,0.20144,0.9386428776611538,0,10000,1000,9.897295168174002,17.51104742737643,27.408342595550433,2.6236893200000178,0,10000,10000,10000
device_0,0.9375,1707,3.0,105.0,0.1,drop,48,16,3,0.20073,0.9386652506542138,0,10000,1000,9.922394798656127,17.564546046728598,27.48694084538472,2.6925622724667018,0,10000,10000,10000
device_0,0.9375,1708,3.0,105.0,0.1,drop,48,16,3,0.19042,0.9350336658268497,0,10000,1000,9.81869011677012,17.70332703875113,27.522017155521254,2.9409957861862632,0,10000,10000,10000
device_0,0.9375,1709,3.0,105.0,0.1,drop,48,16,3,0.20214,0.9387695757970393,0,10000,1000,10.046311690294335,17.426342391434684,27.472654081729015,2.6367554991403193,0,10000,10000,10000
device_0,0.9375,1710,3.0,105.0,0.1,drop,48,16,3,0.20082,0.9338903427364145,0,10000,1000,10.066000156442092,17.331770054050697,27.397770210492787,2.6246728893205113,0,10000,10000,10000
device_0,0.975,1701,3.0,105.0,0.1,drop,48,16,3,0.20012,0.9750727182312047,0,10000,1000,9.944205229388123,17.44051053965376,27.384715769041886,2.76093295588651,0,10000,10000,10000
device_0,0.975,1702,3.0,105.0,0.1,drop,48,16,3,0.19762,0.9739220248349032,0,10000,1000,9.981851464769527,17.549266221854207,27.531117686623734,2.9289479793816384,0,10000,10000,10000
device_0,0.975,1703,3.0,105.0,0.1,drop,48,16,3,0.1984,0.975854682367182,0,10000,1000,9.948368285113828,17.470250662561632,27.418618947675462,2.8574489636477276,0,10000,10000,10000
device_0,0.975,1704,3.0,105.0,0.1,drop,48,16,3,0.19634,0.9733501805342133,0,10000,1000,9.976170612403422,17.541181063333575,27.517351675736997,2.9280945510012972,0,10000,10000,10000
device_0,0.975,1705,3.0,105.0,0.1,drop,48,16,3,0.19493,0.9747974986214312,0,10000,1000,10.00503467045842,17.49892385848806,27.503958528946477,3.0138664049253605,0,10000,10000,10000
device_0,0.975,1706,3.0,105.0,0.1,drop,48,16,3,0.203,0.9742259419786155,0,10000,1000,9.93643741624847,17.504667512411533,27.441104928660003,2.7170788708287215,0,10000,10000,10000
device_0,0.975,1707,3.0,105.0,0.1,drop,48,16,3,0.20266,0.9738223967562294,0,10000,1000,10.013737118394932,17.361725491776966,27.3754626101719,2.7084605040211085,0,10000,10000,10000
device_0,0.975,1708,3.0,105.0,0.1,drop,48,16,3,0.19043,0.9746047948044175,0,10000,1000,9.931982379858379,17.586646932012254,27.518629311870637,3.114861544470703,0,10000,10000,10000
device_0,0.975,1709,3.0,105.0,0.1,drop,48,16,3,0.19294,0.9749540477640206,0,10000,1000,9.956086418570722,17.437122281097036,27.393208699667756,3.024502238802032,0,10000,10000,10000
device_0,0.975,1710,3.0,105.0,0.1,drop,48,16,3,0.19779,0.9774683509778551,0,10000,1000,9.919015357730977,17.555122587282042,27.47413794501302,2.9361864193807317,0,10000,10000,10000
device_0,0.0,1701,3.0,105.0,0.1,late,48,16,3,0.19936,-0.002661444942765865,0,10000,1000,0.22448476804869547,2.1963410320421923,2.4208258000908875,0.07821753390366483,0,10000,10000,3224
device_0,0.0,1702,3.0,105.0,0.1,late,48,16,3,0.20106,0.005830007599770396,0,10000,1000,0.2630535056780269,2.21314368833045,2.476197194008477,0.07853762868512841,0,10000,10000,3274
device_0,0.0,1703,3.0,105.0,0.1,late,48,16,3,0.19952,0.005656351965683195,0,10000,1000,0.24397874185802934,2.2482534554200533,2.4922321972780828,0.06937532171918119,0,10000,10000,3303
device_0,0.0,1704,3.0,105.0,0.1,late,48,16,3,0.20257,0.002457782015709934,0,10000,1000,0.24098747630017112,2.131876269932547,2.372863746232718,0.07217806274533889,0,10000,10000,3174
device_0,0.0,1705,3.0,105.0,0.1,late,48,16,3,0.20104,-0.004155617772998724,0,10000,1000,0.24078176579994195,2.2061035705274814,2.4468853363274237,0.06884916154598816,0,10000,10000,3242
device_0,0.0,1706,3.0,105.0,0.1,late,48,16,3,0.20062,-0.0045443747273977144,0,10000,1000,0.2354242696285761,2.1856003112401474,2.4210245808687234,0.06914655333648727,0,10000,10000,3225
device_0,0.0,1707,3.0,105.0,0.1,late,48,16,3,0.19896,0.001346027845602329,0,10000,1000,0.2563521581335036,2.186102636094082,2.4424547942275856,0.07344959300738167,0,10000,10000,3215
device_0,0.0,1708,3.0,105.0,0.1,late,48,16,3,0.19922,-0.001372807149175493,0,10000,1000,0.23269143473384715,2.272001428592682,2.5046928633265293,0.06660302092588924,0,10000,10000,3319
device_0,0.0,1709,3.0,105.0,0.1,late,48,16,3,0.20001,0.005034822885721277,0,10000,1000,0.26399775177133683,2.213173444074896,2.4771711958462324,0.079821839085591,0,10000,10000,3270
device_0,0.0,1710,3.0,105.0,0.1,late,48,16,3,0.19848,0.0007247411049733544,0,10000,1000,0.23676510395758726,2.1607974318106717,2.397562535768259,0.06815414071032787,0,10000,10000,3158
device_0,0.375,1701,3.0,105.0,0.1,late,48,16,3,0.19773,0.37585282092426525,0,10000,1000,0.2269885552661677,2.1852095211606684,2.412198076426836,0.17482621443836627,0,10000,10000,3018
device_0,0.375,1702,3.0,105.0,0.1,late,48,16,3,0.20083,0.3763938072575695,0,10000,1000,0.2685995514290083,2.1953837770674878,2.463983328496496,0.16609277235540307,0,10000,10000,3127
device_0,0.375,1703,3.0,105.0,0.1,late,48,16,3,0.19949,0.3708761472322628,0,10000,1000,0.25908711827537495,2.2220673144886463,2.481154432764021,0.15559484086863973,0,10000,10000,3142
device_0,0.375,1704,3.0,105.0,0.1,late,48,16,3,0.19956,0.37083454970073176,0,10000,1000,0.24978894989325676,2.230023169575863,2.47981211946912,0.16088893200420276,0,10000,10000,3124
device_0,0.375,1705,3.0,105.0,0.1,late,48,16,3,0.1976,0.38054564128452917,0,10000,1000,0.2469818389718921,2.2101869635449036,2.457168802516796,0.1711308971416636,0,10000,10000,3095
device_0,0.375,1706,3.0,105.0,0.1,late,48,16,3,0.19975,0.37847803043317246,0,10000,1000,0.22622023443695002,2.2487350240453794,2.4749552584823293,0.16518919838269136,0,10000,10000,3138
device_0,0.375,1707,3.0,105.0,0.1,late,48,16,3,0.19756,0.3714936166119789,0,10000,1000,0.21585022495998304,2.2617618359372247,2.477612060897208,0.18076609080654846,0,10000,10000,3074
device_0,0.375,1708,3.0,105.0,0.1,late,48,16,3,0.19968,0.3728274067949136,0,10000,1000,0.24636067868231865,2.1116661576921825,2.358026836374501,0.15152588608382508,0,10000,10000,2991
device_0,0.375,1709,3.0,105.0,0.1,late,48,16,3,0.20214,0.3789219763360735,0,10000,1000,0.255655592945313,2.2457895220383497,2.501445114983663,0.1686304941998246,0,10000,10000,3180
device_0,0.375,1710,3.0,105.0,0.1,late,48,16,3,0.19842,0.37511826036297974,0,10000,1000,0.2360141251210876,2.294876934469816,2.5308910595909038,0.1759495806712816,0,10000,10000,3179
device_0,0.75,1701,3.0,105.0,0.1,late,48,16,3,0.20817,0.7556341521150168,0,10000,1000,0.2568178802281871,2.2569194653821514,2.5137373456103385,0.23986256135605466,0,10000,10000,3108
device_0,0.75,1702,3.0,105.0,0.1,late,48,16,3,0.20244,0.7487885933421545,0,10000,1000,0.24788471201180115,2.3054981359541733,2.5533828479659744,0.2936915488282712,0,10000,10000,3062
device_0,0.75,1703,3.0,105.0,0.1,late,48,16,3,0.20102,0.7470900970852136,0,10000,1000,0.2531162055973521,2.2642331045782713,2.5173493101756237,0.26813971742526455,0,10000,10000,3039
device_0,0.75,1704,3.0,105.0,0.1,late,48,16,3,0.19715,0.7479806369104111,0,10000,1000,0.2660059020373971,2.189174865416835,2.455180767454232,0.23952483182373469,0,10000,10000,2967
device_0,0.75,1705,3.0,105.0,0.1,late,48,16,3,0.20494,0.7506431485678381,0,10000,1000,0.25847409040296715,2.290036360626656,2.5485104510296233,0.28697643514328475,0,10000,10000,3075
device_0,0.75,1706,3.0,105.0,0.1,late,48,16,3,0.20282,0.7537784223147826,0,10000,1000,0.23865298823543787,2.2124794217586596,2.4511324099940976,0.25970453525984666,0,10000,10000,2957
device_0,0.75,1707,3.0,105.0,0.1,late,48,16,3,0.20138,0.7431906944181493,0,10000,1000,0.2598720983903984,2.20124442118955,2.4611165195799485,0.2632185491928234,0,10000,10000,2989
device_0,0.75,1708,3.0,105.0,0.1,late,48,16,3,0.20034,0.7475350990705809,0,10000,1000,0.2612927635432546,2.2083018969400428,2.4695946604832972,0.2663523949520593,0,10000,10000,2955
device_0,0.75,1709,3.0,105.0,0.1,late,48,16,3,0.20613,0.7542776800152501,0,10000,1000,0.2405986206288435,2.2884956863545542,2.529094306983398,0.2780442539916909,0,10000,10000,3057
device_0,0.75,1710,3.0,105.0,0.1,late,48,16,3,0.20286,0.74728584709585,0,10000,1000,0.24296766831673972,2.2060402189915016,2.4490078873082415,0.24587009520075623,0,10000,10000,3012
device_0,0.875,1701,3.0,105.0,0.1,late,48,16,3,0.20249,0.8763990178082249,0,10000,1000,0.2655401793266556,2.1984126929267043,2.4639528722533597,0.28500375347551404,0,10000,10000,2955
device_0,0.875,1702,3.0,105.0,0.1,late,48,16,3,0.19703,0.8759866636367837,0,10000,1000,0.25064535062114385,2.1152015367627754,2.365846887383919,0.26667445083886754,0,10000,10000,2817
device_0,0.875,1703,3.0,105.0,0.1,late,48,16,3,0.20238,0.8773687974569232,0,10000,1000,0.2619810398852294,2.2542501151494108,2.51623115503464,0.3032507737261426,0,10000,10000,2984
device_0,0.875,1704,3.0,105.0,0.1,late,48,16,3,0.19663,0.8771256568671042,0,10000,1000,0.26709539566234636,2.1860789152678333,2.4531743109301796,0.2897356624228912,0,10000,10000,2889
device_0,0.875,1705,3.0,105.0,0.1,late,48,16,3,0.20133,0.8756186617053834,0,10000,1000,0.23248468421864898,2.2157109863348396,2.448195670553489,0.27296076085123605,0,10000,10000,2937
device_0,0.875,1706,3.0,105.0,0.1,late,48,16,3,0.19605,0.8731077294363513,0,10000,1000,0.24180419781409124,2.231876321766141,2.4736805195802325,0.28526540475545076,0,10000,10000,2937
device_0,0.875,1707,3.0,105.0,0.1,late,48,16,3,0.2,0.8774036452681541,0,10000,1000,0.2582692246288207,2.1916852684433814,2.449954493072202,0.30540869229005074,0,10000,10000,2890
device_0,0.875,1708,3.0,105.0,0.1,late,48,16,3,0.20258,0.87442580026271,0,10000,1000,0.2631355220780326,2.2793195955893992,2.5424551176674317,0.3193124352127255,0,10000,10000,3007
device_0,0.875,1709,3.0,105.0,0.1,late,48,16,3,0.19831,0.8770598020870867,0,10000,1000,0.2600914398855866,2.1304350936138556,2.3905265334994423,0.26098564134485647,0,10000,10000,2862
device_0,0.875,1710,3.0,105.0,0.1,late,48,16,3,0.19668,0.8724656025657239,0,10000,1000,0.2496823618796992,2.189069059648451,2.43875142152815,0.28513999182607724,0,10000,10000,2892
device_0,0.9375,1701,3.0,105.0,0.1,late,48,16,3,0.20509,0.9402237906216514,0,10000,1000,0.25103244187569695,2.201712640670492,2.4527450825461887,0.27986927787403937,0,10000,10000,2956
device_0,0.9375,1702,3.0,105.0,0.1,late,48,16,3,0.19366,0.9366016280001491,0,10000,1000,0.23183941585572726,2.163067548087208,2.394906963942935,0.302007162615657,0,10000,10000,2787
device_0,0.9375,1703,3.0,105.0,0.1,late,48,16,3,0.19489,0.9369055048961522,0,10000,1000,0.25412569864599,2.1293982422732527,2.383523940919243,0.28496287779755314,0,10000,10000,2811
device_0,0.9375,1704,3.0,105.0,0.1,late,48,16,3,0.19999,0.9358099323716185,0,10000,1000,0.2598841762957475,2.236638140802989,2.4965223170987367,0.3292473407295177,0,10000,10000,2902
device_0,0.9375,1705,3.0,105.0,0.1,late,48,16,3,0.19063,0.9374553760710133,0,10000,1000,0.23595864049093443,2.1800557735594737,2.4160144140504083,0.28035312266816903,0,10000,10000,2836
device_0,0.9375,1706,3.0,105.0,0.1,late,48,16,3,0.20144,0.9386428776611538,0,10000,1000,0.2278331687732895,2.205826623337407,2.433659792110696,0.29081814732932065,0,10000,10000,2898
device_0,0.9375,1707,3.0,105.0,0.1,late,48,16,3,0.20073,0.9386652506542138,0,10000,1000,0.2447043495627094,2.215850216425222,2.4605545659879313,0.3226504753390171,0,10000,10000,2892
device_0,0.9375,1708,3.0,105.0,0.1,late,48,16,3,0.19042,0.9350336658268497,0,10000,1000,0.2631193887629314,2.1125990917923487,2.3757184805552805,0.28891229729770307,0,10000,10000,2778
device_0,0.9375,1709,3.0,105.0,0.1,late,48,16,3,0.20214,0.9387695757970393,0,10000,1000,0.2459966974413878,2.2496427249097652,2.4956394223511533,0.3139126044501402,0,10000,10000,2948
device_0,0.9375,1710,3.0,105.0,0.1,late,48,16,3,0.20082,0.9338903427364145,0,10000,1000,0.2512861085697161,2.1761501098159677,2.427436218385684,0.3066088377451893,0,10000,10000,2853
device_0,0.975,1701,3.0,105.0,0.1,late,48,16,3,0.20012,0.9750727182312047,0,10000,1000,0.22880926799581633,2.2002972438237265,2.4291065118195427,0.30364419754691985,0,10000,10000,2863
device_0,0.975,1702,3.0,105.0,0.1,late,48,16,3,0.19762,0.9739220248349032,0,10000,1000,0.23869644601429177,2.24707527473627,2.4857717207505616,0.3183049950765457,0,10000,10000,2883
device_0,0.975,1703,3.0,105.0,0.1,late,48,16,3,0.1984,0.975854682367182,0,10000,1000,0.2532873906186836,2.161672682592244,2.4149600732109273,0.31796904967667455,0,10000,10000,2817
device_0,0.975,1704,3.0,105.0,0.1,late,48,16,3,0.19634,0.9733501805342133,0,10000,1000,0.2508198733789537,2.194989872579433,2.4458097459583867,0.309465465149818,0,10000,10000,2854
device_0,0.975,1705,3.0,105.0,0.1,late,48,16,3,0.19493,0.9747974986214312,0,10000,1000,0.23105097013059517,2.1801285392242806,2.411179509354876,0.3160691999547783,0,10000,10000,2792
device_0,0.975,1706,3.0,105.0,0.1,late,48,16,3,0.203,0.9742259419786155,0,10000,1000,0.22818455366232293,2.239250123775076,2.467434677437399,0.31050691550460446,0,10000,10000,2902
device_0,0.975,1707,3.0,105.0,0.1,late,48,16,3,0.20266,0.9738223967562294,0,10000,1000,0.22224442443247794,2.223644219718989,2.445888644151467,0.3139636552794765,0,10000,10000,2860
device_0,0.975,1708,3.0,105.0,0.1,late,48,16,3,0.19043,0.9746047948044175,0,10000,1000,0.23341605788669795,2.131650634313959,2.3650666922006574,0.2826908011733853,0,10000,10000,2760
device_0,0.975,1709,3.0,105.0,0.1,late,48,16,3,0.19294,0.9749540477640206,0,10000,1000,0.21242723685425383,2.1154897545769913,2.327916991431245,0.2865355214758039,0,10000,10000,2721
device_0,0.975,1710,3.0,105.0,0.1,late,48,16,3,0.19779,0.9774683509778551,0,10000,1000,0.23867316859777482,2.175372489292322,2.414045657890097,0.3031158058409924,0,10000,10000,2833
device_0,0.0,1701,3.0,105.0,0.15,drop,48,16,3,0.19936,-0.002661444942765865,0,15000,1000,15.05255398060569,21.717920668675934,36.770474649281624,0.9821148583095332,0,15000,15000,15000
device_0,0.0,1702,3.0,105.0,0.15,drop,48,16,3,0.20106,0.005830007599770396,0,15000,1000,15.041605424880919,21.797058042241506,36.83866346712243,1.0523867391139212,0,15000,15000,15000
device_0,0.0,1703,3.0,105.0,0.15,drop,48,16,3,0.19952,0.005656351965683195,0,15000,1000,14.954607951399376,21.91855341283951,36.87316136423889,1.0420914861827524,0,15000,15000,15000
device_0,0.0,1704,3.0,105.0,0.15,drop,48,16,3,0.20257,0.002457782015709934,0,15000,1000,15.036875240712117,21.668746880936197,36.70562212164831,1.0074866703625789,0,15000,15000,15000
device_0,0.0,1705,3.0,105.0,0.15,drop,48,16,3,0.20104,-0.004155617772998724,0,15000,1000,14.984595254797975,21.839423788498372,36.824019043296346,0.9945292309957114,0,15000,15000,15000
device_0,0.0,1706,3.0,105.0,0.15,drop,48,16,3,0.20062,-0.0045443747273977144,0,15000,1000,14.953050297366163,21.871775159302707,36.82482545666887,0.9776725993799862,0,15000,15000,15000
device_0,0.0,1707,3.0,105.0,0.15,drop,48,16,3,0.19896,0.001346027845602329,0,15000,1000,14.939837767173145,21.831350778133025,36.771188545306174,0.9954370996237872,0,15000,15000,15000
device_0,0.0,1708,3.0,105.0,0.15,drop,48,16,3,0.19922,-0.001372807149175493,0,15000,1000,15.047999159759964,21.85066202745667,36.89866118721664,0.9959513374996047,0,15000,15000,15000
device_0,0.0,1709,3.0,105.0,0.15,drop,48,16,3,0.20001,0.005034822885721277,0,15000,1000,15.078742181425262,21.733005800911485,36.81174798233675,1.0530599923995854,0,15000,15000,15000
device_0,0.0,1710,3.0,105.0,0.15,drop,48,16,3,0.19848,0.0007247411049733544,0,15000,1000,14.952284049669764,21.813854771775805,36.76613882144557,1.0157480182594956,0,15000,15000,15000
device_0,0.375,1701,3.0,105.0,0.15,drop,48,16,3,0.19773,0.37585282092426525,0,15000,1000,15.009731244914995,21.737646366054655,36.74737761096965,3.4994291013057763,0,15000,15000,15000
device_0,0.375,1702,3.0,105.0,0.15,drop,48,16,3,0.20083,0.3763938072575695,0,15000,1000,15.036063524385185,21.76074863259114,36.79681215697632,3.3474119795848547,0,15000,15000,15000
device_0,0.375,1703,3.0,105.0,0.15,drop,48,16,3,0.19949,0.3708761472322628,0,15000,1000,15.059481088201755,21.815446242905796,36.87492733110755,3.3566456328020453,0,15000,15000,15000
device_0,0.375,1704,3.0,105.0,0.15,drop,48,16,3,0.19956,0.37083454970073176,0,15000,1000,14.839326100947648,21.997365762242467,36.83669186319012,3.3938257218188097,0,15000,15000,15000
device_0,0.375,1705,3.0,105.0,0.15,drop,48,16,3,0.1976,0.38054564128452917,0,15000,1000,15.075706478025385,21.810783335786063,36.886489813811444,3.538625549488468,0,15000,15000,15000
device_0,0.375,1706,3.0,105.0,0.15,drop,48,16,3,0.19975,0.37847803043317246,0,15000,1000,14.952994073351302,21.872586662724885,36.82558073607619,3.3689874552218986,0,15000,15000,15000
device_0,0.375,1707,3.0,105.0,0.15,drop,48,16,3,0.19756,0.3714936166119789,0,15000,1000,15.12208507383321,21.700345954077818,36.82243102791102,3.4180377254030594,0,15000,15000,15000
device_0,0.375,1708,3.0,105.0,0.15,drop,48,16,3,0.19968,0.3728274067949136,0,15000,1000,15.063780319418262,21.607291510988585,36.671071830406845,3.315106071765488,0,15000,15000,15000
device_0,0.375,1709,3.0,105.0,0.15,drop,48,16,3,0.20214,0.3789219763360735,0,15000,1000,14.879886034787553,22.06331212905686,36.943198163844414,3.3909628288512095,0,15000,15000,15000
device_0,0.375,1710,3.0,105.0,0.15,drop,48,16,3,0.19842,0.37511826036297974,0,15000,1000,14.941056189086323,22.01898474326973,36.96004093235606,3.4365755206101194,0,15000,15000,15000
device_0,0.75,1701,3.0,105.0,0.15,drop,48,16,3,0.20817,0.7556341521150168,0,15000,1000,15.058304790238019,21.693621183097047,36.75192597333507,5.44077593860072,0,15000,15000,15000
device_0,0.75,1702,3.0,105.0,0.15,drop,48,16,3,0.20244,0.7487885933421545,0,15000,1000,14.961046261349455,22.00364114814966,36.96468740949912,5.703741836261853,0,15000,15000,15000
device_0,0.75,1703,3.0,105.0,0.15,drop,48,16,3,0.20102,0.7470900970852136,0,15000,1000,14.956634863839154,21.934101945876453,36.890736809715605,5.718358337299593,0,15000,15000,15000
device_0,0.75,1704,3.0,105.0,0.15,drop,48,16,3,0.19715,0.7479806369104111,0,15000,1000,15.00111742355359,21.82304776972224,36.82416519327583,5.752076230432328,0,15000,15000,15000
device_0,0.75,1705,3.0,105.0,0.15,drop,48,16,3,0.20494,0.7506431485678381,0,15000,1000,14.940487203486747,21.984020347634168,36.92450755112091,5.684669357591292,0,15000,15000,15000
device_0,0.75,1706,3.0,105.0,0.15,drop,48,16,3,0.20282,0.7537784223147826,0,15000,1000,15.142865248329189,21.561251162614035,36.70411641094322,5.636615078714138,0,15000,15000,15000
device_0,0.75,1707,3.0,105.0,0.15,drop,48,16,3,0.20138,0.7431906944181493,0,15000,1000,14.936293901028145,21.90278034094826,36.839074241976405,5.694970431189952,0,15000,15000,15000
device_0,0.75,1708,3.0,105.0,0.15,drop,48,16,3,0.20034,0.7475350990705809,0,15000,1000,15.003658378063589,21.797576597982324,36.80123497604592,5.723407636349642,0,15000,15000,15000
device_0,0.75,1709,3.0,105.0,0.15,drop,48,16,3,0.20613,0.7542776800152501,0,15000,1000,14.988481176917338,21.791713636650268,36.780194813567604,5.56282350237645,0,15000,15000,15000
device_0,0.75,1710,3.0,105.0,0.15,drop,48,16,3,0.20286,0.74728584709585,0,15000,1000,14.947982980960326,21.865540860490547,36.81352384145087,5.5616696758882265,0,15000,15000,15000
device_0,0.875,1701,3.0,105.0,0.15,drop,48,16,3,0.20249,0.8763990178082249,0,15000,1000,14.97488663895377,21.862316745605668,36.83720338455944,6.347082680434776,0,15000,15000,15000
device_0,0.875,1702,3.0,105.0,0.15,drop,48,16,3,0.19703,0.8759866636367837,0,15000,1000,15.094282116550534,21.642284761224342,36.73656687777488,6.40345760879666,0,15000,15000,15000
device_0,0.875,1703,3.0,105.0,0.15,drop,48,16,3,0.20238,0.8773687974569232,0,15000,1000,15.047775858517229,21.83512774420493,36.88290360272215,6.3827928680944055,0,15000,15000,15000
device_0,0.875,1704,3.0,105.0,0.15,drop,48,16,3,0.19663,0.8771256568671042,0,15000,1000,15.07728688385951,21.733762166985645,36.811049050845156,6.550321931098109,0,15000,15000,15000
device_0,0.875,1705,3.0,105.0,0.15,drop,48,16,3,0.20133,0.8756186617053834,0,15000,1000,14.95964915958401,21.803433200464628,36.76308236004864,6.369103184296957,0,15000,15000,15000
device_0,0.875,1706,3.0,105.0,0.15,drop,48,16,3,0.19605,0.8731077294363513,0,15000,1000,14.97197091498486,21.970660922405415,36.94263183739027,6.591532585904055,0,15000,15000,15000
device_0,0.875,1707,3.0,105.0,0.15,drop,48,16,3,0.2,0.8774036452681541,0,15000,1000,15.099759651642042,21.72846906544547,36.82822871708752,6.466935528434404,0,15000,15000,15000
device_0,0.875,1708,3.0,105.0,0.15,drop,48,16,3,0.20258,0.87442580026271,0,15000,1000,14.955672213165847,21.982701379054564,36.93837359222041,6.457907669342179,0,15000,15000,15000
device_0,0.875,1709,3.0,105.0,0.15,drop,48,16,3,0.19831,0.8770598020870867,0,15000,1000,14.871333810556964,21.8512309953837,36.722564805940664,6.414345655155026,0,15000,15000,15000
device_0,0.875,1710,3.0,105.0,0.15,drop,48,16,3,0.19668,0.8724656025657239,0,15000,1000,14.886689583188748,21.953547842903877,36.84023742609262,6.4964701138504175,0,15000,15000,15000
device_0,0.9375,1701,3.0,105.0,0.15,drop,48,16,3,0.20509,0.9402237906216514,0,15000,1000,14.917672104884485,21.84029945594326,36.75797156082775,6.566213140296917,0,15000,15000,15000
device_0,0.9375,1702,3.0,105.0,0.15,drop,48,16,3,0.19366,0.9366016280001491,0,15000,1000,15.069062080159618,21.80066293907154,36.869725019231154,6.9218984853301935,0,15000,15000,15000
device_0,0.9375,1703,3.0,105.0,0.15,drop,48,16,3,0.19489,0.9369055048961522,0,15000,1000,14.959580732610616,21.822305246881914,36.78188597949253,6.8693634596657365,0,15000,15000,15000
device_0,0.9375,1704,3.0,105.0,0.15,drop,48,16,3,0.19999,0.9358099323716185,0,15000,1000,15.008040511836835,21.876661107165482,36.884701619002314,6.806703808026323,0,15000,15000,15000
device_0,0.9375,1705,3.0,105.0,0.15,drop,48,16,3,0.19063,0.9374553760710133,0,15000,1000,14.822369996880356,22.087363857728864,36.909733854609215,6.995841066095874,0,15000,15000,15000
device_0,0.9375,1706,3.0,105.0,0.15,drop,48,16,3,0.20144,0.9386428776611538,0,15000,1000,15.008720676967318,21.749929571809176,36.7586502487765,6.654073327252877,0,15000,15000,15000
device_0,0.9375,1707,3.0,105.0,0.15,drop,48,16,3,0.20073,0.9386652506542138,0,15000,1000,14.883395735898748,21.945624426845377,36.82902016274412,6.721684022543157,0,15000,15000,15000
device_0,0.9375,1708,3.0,105.0,0.15,drop,48,16,3,0.19042,0.9350336658268497,0,15000,1000,14.943301432515161,21.883382602681685,36.82668403519685,6.954463380555585,0,15000,15000,15000
device_0,0.9375,1709,3.0,105.0,0.15,drop,48,16,3,0.20214,0.9387695757970393,0,15000,1000,14.988118586200542,21.847114395372866,36.835232981573405,6.699172668160314,0,15000,15000,15000
device_0,0.9375,1710,3.0,105.0,0.15,drop,48,16,3,0.20082,0.9338903427364145,0,15000,1000,15.001195756250107,21.763625619496015,36.76482137574612,6.66366154972213,0,15000,15000,15000
device_0,0.975,1701,3.0,105.0,0.15,drop,48,16,3,0.20012,0.9750727182312047,0,15000,1000,14.982867840206154,21.76480147019235,36.7476693103985,6.850154583592058,0,15000,15000,15000
device_0,0.975,1702,3.0,105.0,0.15,drop,48,16,3,0.19762,0.9739220248349032,0,15000,1000,14.948473954892009,21.934581526582832,36.88305548147484,7.012997103784335,0,15000,15000,15000
device_0,0.975,1703,3.0,105.0,0.15,drop,48,16,3,0.1984,0.975854682367182,0,15000,1000,15.06311908522113,21.71280220083953,36.77592128606066,6.939282994291153,0,15000,15000,15000
device_0,0.975,1704,3.0,105.0,0.15,drop,48,16,3,0.19634,0.9733501805342133,0,15000,1000,14.989629269526494,21.868950082882375,36.85857935240887,7.0251613009615825,0,15000,15000,15000
device_0,0.975,1705,3.0,105.0,0.15,drop,48,16,3,0.19493,0.9747974986214312,0,15000,1000,14.980775529431309,21.84991044320373,36.83068597263504,7.089694711711196,0,15000,15000,15000
device_0,0.975,1706,3.0,105.0,0.15,drop,48,16,3,0.203,0.9742259419786155,0,15000,1000,14.930795614911876,21.918233336847138,36.84902895175902,6.8460590152248315,0,15000,15000,15000
device_0,0.975,1707,3.0,105.0,0.15,drop,48,16,3,0.20266,0.9738223967562294,0,15000,1000,15.010180998030016,21.75264089788975,36.762821895919764,6.808991044615339,0,15000,15000,15000
device_0,0.975,1708,3.0,105.0,0.15,drop,48,16,3,0.19043,0.9746047948044175,0,15000,1000,14.984710521973755,21.809418049809324,36.79412857178308,7.1384697103381844,0,15000,15000,15000
device_0,0.975,1709,3.0,105.0,0.15,drop,48,16,3,0.19294,0.9749540477640206,0,15000,1000,14.891991700946765,21.792811413624758,36.68480311457152,7.05531295564016,0,15000,15000,15000
device_0,0.975,1710,3.0,105.0,0.15,drop,48,16,3,0.19779,0.9774683509778551,0,15000,1000,15.056729180319886,21.73158896171678,36.788318142036665,7.000235462946876,0,15000,15000,15000
device_0,0.0,1701,3.0,105.0,0.15,late,48,16,3,0.19936,-0.002661444942765865,0,15000,1000,0.3592291535353721,2.0615966465555156,2.4208258000908875,0.07821753390366483,0,15000,15000,3224
device_0,0.0,1702,3.0,105.0,0.15,late,48,16,3,0.20106,0.005830007599770396,0,15000,1000,0.3666420214021035,2.1095551726063735,2.476197194008477,0.07853762868512841,0,15000,15000,3274
device_0,0.0,1703,3.0,105.0,0.15,late,48,16,3,0.19952,0.005656351965683195,0,15000,1000,0.36273483274701207,2.1294973645310704,2.4922321972780828,0.06937532171918119,0,15000,15000,3303
device_0,0.0,1704,3.0,105.0,0.15,late,48,16,3,0.20257,0.002457782015709934,0,15000,1000,0.33663415286507425,2.036229593367644,2.372863746232718,0.07217806274533889,0,15000,15000,3174
device_0,0.0,1705,3.0,105.0,0.15,late,48,16,3,0.20104,-0.004155617772998724,0,15000,1000,0.3470150050865861,2.0998703312408376,2.4468853363274237,0.06884916154598816,0,15000,15000,3242
device_0,0.0,1706,3.0,105.0,0.15,late,48,16,3,0.20062,-0.0045443747273977144,0,15000,1000,0.3525474145566302,2.0684771663120936,2.4210245808687234,0.06914655333648727,0,15000,15000,3225
device_0,0.0,1707,3.0,105.0,0.15,late,48,16,3,0.19896,0.001346027845602329,0,15000,1000,0.3550946999580743,2.087360094269511,2.4424547942275856,0.07344959300738167,0,15000,15000,3215
device_0,0.0,1708,3.0,105.0,0.15,late,48,16,3,0.19922,-0.001372807149175493,0,15000,1000,0.3578584152665515,2.1468344480599777,2.5046928633265293,0.06660302092588924,0,15000,15000,3319
device_0,0.0,1709,3.0,105.0,0.15,late,48,16,3,0.20001,0.005034822885721277,0,15000,1000,0.36344067458751433,2.1137305212587183,2.4771711958462324,0.079821839085591,0,15000,15000,3270
device_0,0.0,1710,3.0,105.0,0.15,late,48,16,3,0.19848,0.0007247411049733544,0,15000,1000,0.40487442759428105,1.9926881081739778,2.397562535768259,0.06815414071032787,0,15000,15000,3158
device_0,0.375,1701,3.0,105.0,0.15,late,48,16,3,0.19773,0.37585282092426525,0,15000,1000,0.35043131884712125,2.061766757579715,2.412198076426836,0.17482621443836627,0,15000,15000,3018
device_0,0.375,1702,3.0,105.0,0.15,late,48,16,3,0.20083,0.3763938072575695,0,15000,1000,0.33719722698364124,2.1267861015128546,2.463983328496496,0.16609277235540307,0,15000,15000,3127
device_0,0.375,1703,3.0,105.0,0.15,late,48,16,3,0.19949,0.3708761472322628,0,15000,1000,0.3605063346021827,2.1206480981618387,2.481154432764021,0.15559484086863973,0,15000,15000,3142
device_0,0.375,1704,3.0,105.0,0.15,late,48,16,3,0.19956,0.37083454970073176,0,15000,1000,0.37197864037100525,2.1078334790981144,2.47981211946912,0.16088893200420276,0,15000,15000,3124
device_0,0.375,1705,3.0,105.0,0.15,late,48,16,3,0.1976,0.38054564128452917,0,15000,1000,0.37368373994519805,2.0834850625715977,2.457168802516796,0.1711308971416636,0,15000,15000,3095
device_0,0.375,1706,3.0,105.0,0.15,late,48,16,3,0.19975,0.37847803043317246,0,15000,1000,0.3644690546989459,2.110486203783384,2.4749552584823293,0.16518919838269136,0,15000,15000,3138
device_0,0.375,1707,3.0,105.0,0.15,late,48,16,3,0.19756,0.3714936166119789,0,15000,1000,0.35570603907422826,2.1219060218229795,2.477612060897208,0.18076609080654846,0,15000,15000,3074
device_0,0.375,1708,3.0,105.0,0.15,late,48,16,3,0.19968,0.3728274067949136,0,15000,1000,0.3465625862626845,2.0114642501118167,2.358026836374501,0.15152588608382508,0,15000,15000,2991
device_0,0.375,1709,3.0,105.0,0.15,late,48,16,3,0.20214,0.3789219763360735,0,15000,1000,0.3588155630369309,2.1426295519467318,2.501445114983663,0.1686304941998246,0,15000,15000,3180
device_0,0.375,1710,3.0,105.0,0.15,late,48,16,3,0.19842,0.37511826036297974,0,15000,1000,0.38701306155988846,2.1438779980310154,2.5308910595909038,0.1759495806712816,0,15000,15000,3179
device_0,0.75,1701,3.0,105.0,0.15,late,48,16,3,0.20817,0.7556341521150168,0,15000,1000,0.37804083908638025,2.135696506523958,2.5137373456103385,0.23986256135605466,0,15000,15000,3108
device_0,0.75,1702,3.0,105.0,0.15,late,48,16,3,0.20244,0.7487885933421545,0,15000,1000,0.36989083705868964,2.183492010907285,2.5533828479659744,0.2936915488282712,0,15000,15000,3062
device_0,0.75,1703,3.0,105.0,0.15,late,48,16,3,0.20102,0.7470900970852136,0,15000,1000,0.35865914265107796,2.1586901675245453,2.5173493101756237,0.26813971742526455,0,15000,15000,3039
device_0,0.75,1704,3.0,105.0,0.15,late,48,16,3,0.19715,0.7479806369104111,0,15000,1000,0.3765111510047841,2.078669616449448,2.455180767454232,0.23952483182373469,0,15000,15000,2967
device_0,0.75,1705,3.0,105.0,0.15,late,48,16,3,0.20494,0.7506431485678381,0,15000,1000,0.38556277396597427,2.162947677063649,2.5485104510296233,0.28697643514328475,0,15000,15000,3075
device_0,0.75,1706,3.0,105.0,0.15,late,48,16,3,0.20282,0.7537784223147826,0,15000,1000,0.37879829952737654,2.0723341104667212,2.4511324099940976,0.25970453525984666,0,15000,15000,2957
device_0,0.75,1707,3.0,105.0,0.15,late,48,16,3,0.20138,0.7431906944181493,0,15000,1000,0.370031966804887,2.0910845527750617,2.4611165195799485,0.2632185491928234,0,15000,15000,2989
device_0,0.75,1708,3.0,105.0,0.15,late,48,16,3,0.20034,0.7475350990705809,0,15000,1000,0.3762911816350547,2.0933034788482425,2.4695946604832972,0.2663523949520593,0,15000,15000,2955
device_0,0.75,1709,3.0,105.0,0.15,late,48,16,3,0.20613,0.7542776800152501,0,15000,1000,0.3658084066377924,2.1632859003456053,2.529094306983398,0.2780442539916909,0,15000,15000,3057
device_0,0.75,1710,3.0,105.0,0.15,late,48,16,3,0.20286,0.74728584709585,0,15000,1000,0.37164601221985694,2.077361875088384,2.4490078873082415,0.24587009520075623,0,15000,15000,3012
device_0,0.875,1701,3.0,105.0,0.15,late,48,16,3,0.20249,0.8763990178082249,0,15000,1000,0.38303109113344985,2.0809217811199097,2.4639528722533597,0.28500375347551404,0,15000,15000,2955
device_0,0.875,1702,3.0,105.0,0.15,late,48,16,3,0.19703,0.8759866636367837,0,15000,1000,0.3772706235354432,1.9885762638484759,2.365846887383919,0.26667445083886754,0,15000,15000,2817
device_0,0.875,1703,3.0,105.0,0.15,late,48,16,3,0.20238,0.8773687974569232,0,15000,1000,0.3992149168155199,2.1170162382191204,2.51623115503464,0.3032507737261426,0,15000,15000,2984
device_0,0.875,1704,3.0,105.0,0.15,late,48,16,3,0.19663,0.8771256568671042,0,15000,1000,0.40163126548739025,2.0515430454427896,2.4531743109301796,0.2897356624228912,0,15000,15000,2889
device_0,0.875,1705,3.0,105.0,0.15,late,48,16,3,0.20133,0.8756186617053834,0,15000,1000,0.3927792566838706,2.0554164138696183,2.448195670553489,0.27296076085123605,0,15000,15000,2937
device_0,0.875,1706,3.0,105.0,0.15,late,48,16,3,0.19605,0.8731077294363513,0,15000,1000,0.3455652854731204,2.128115234107112,2.4736805195802325,0.28526540475545076,0,15000,15000,2937
device_0,0.875,1707,3.0,105.0,0.15,late,48,16,3,0.2,0.8774036452681541,0,15000,1000,0.38441752424488373,2.065536968827318,2.449954493072202,0.30540869229005074,0,15000,15000,2890
device_0,0.875,1708,3.0,105.0,0.15,late,48,16,3,0.20258,0.87442580026271,0,15000,1000,0.37514503487397755,2.1673100827934544,2.5424551176674317,0.3193124352127255,0,15000,15000,3007
device_0,0.875,1709,3.0,105.0,0.15,late,48,16,3,0.19831,0.8770598020870867,0,15000,1000,0.3591748662894021,2.03135166721004,2.3905265334994423,0.26098564134485647,0,15000,15000,2862
device_0,0.875,1710,3.0,105.0,0.15,late,48,16,3,0.19668,0.8724656025657239,0,15000,1000,0.3583441204260656,2.0804073011020843,2.43875142152815,0.28513999182607724,0,15000,15000,2892
device_0,0.9375,1701,3.0,105.0,0.15,late,48,16,3,0.20509,0.9402237906216514,0,15000,1000,0.35879127318625664,2.093953809359932,2.4527450825461887,0.27986927787403937,0,15000,15000,2956
device_0,0.9375,1702,3.0,105.0,0.15,late,48,16,3,0.19366,0.9366016280001491,0,15000,1000,0.3651489608797558,2.029758003063179,2.394906963942935,0.302007162615657,0,15000,15000,2787
device_0,0.9375,1703,3.0,105.0,0.15,late,48,16,3,0.19489,0.9369055048961522,0,15000,1000,0.34357328576760915,2.0399506551516335,2.383523940919243,0.28496287779755314,0,15000,15000,2811
device_0,0.9375,1704,3.0,105.0,0.15,late,48,16,3,0.19999,0.9358099323716185,0,15000,1000,0.3703247609194246,2.126197556179312,2.4965223170987367,0.3292473407295177,0,15000,15000,2902
device_0,0.9375,1705,3.0,105.0,0.15,late,48,16,3,0.19063,0.9374553760710133,0,15000,1000,0.3727686202789071,2.043245793771501,2.4160144140504083,0.28035312266816903,0,15000,15000,2836
device_0,0.9375,1706,3.0,105.0,0.15,late,48,16,3,0.20144,0.9386428776611538,0,15000,1000,0.3682698395749855,2.065389952535711,2.433659792110696,0.29081814732932065,0,15000,15000,2898
device_0,0.9375,1707,3.0,105.0,0.15,late,48,16,3,0.20073,0.9386652506542138,0,15000,1000,0.3703484353182988,2.0902061306696327,2.4605545659879313,0.3226504753390171,0,15000,15000,2892
device_0,0.9375,1708,3.0,105.0,0.15,late,48,16,3,0.19042,0.9350336658268497,0,15000,1000,0.3478759353629839,2.0278425451922963,2.3757184805552805,0.28891229729770307,0,15000,15000,2778
device_0,0.9375,1709,3.0,105.0,0.15,late,48,16,3,0.20214,0.9387695757970393,0,15000,1000,0.3803945120246023,2.1152449103265507,2.4956394223511533,0.3139126044501402,0,15000,15000,2948
device_0,0.9375,1710,3.0,105.0,0.15,late,48,16,3,0.20082,0.9338903427364145,0,15000,1000,0.3807067466758891,2.046729471709795,2.427436218385684,0.3066088377451893,0,15000,15000,2853
device_0,0.975,1701,3.0,105.0,0.15,late,48,16,3,0.20012,0.9750727182312047,0,15000,1000,0.34654467622918095,2.082561835590362,2.4291065118195427,0.30364419754691985,0,15000,15000,2863
device_0,0.975,1702,3.0,105.0,0.15,late,48,16,3,0.19762,0.9739220248349032,0,15000,1000,0.357772761515737,2.1279989592348247,2.4857717207505616,0.3183049950765457,0,15000,15000,2883
device_0,0.975,1703,3.0,105.0,0.15,late,48,16,3,0.1984,0.975854682367182,0,15000,1000,0.3792082314873016,2.0357518417236258,2.4149600732109273,0.31796904967667455,0,15000,15000,2817
device_0,0.975,1704,3.0,105.0,0.15,late,48,16,3,0.19634,0.9733501805342133,0,15000,1000,0.37455115891999347,2.0712585870383933,2.4458097459583867,0.309465465149818,0,15000,15000,2854
device_0,0.975,1705,3.0,105.0,0.15,late,48,16,3,0.19493,0.9747974986214312,0,15000,1000,0.34192821061868117,2.0692512987361944,2.411179509354876,0.3160691999547783,0,15000,15000,2792
device_0,0.975,1706,3.0,105.0,0.15,late,48,16,3,0.203,0.9742259419786155,0,15000,1000,0.3871184184301282,2.0803162590072706,2.467434677437399,0.31050691550460446,0,15000,15000,2902
device_0,0.975,1707,3.0,105.0,0.15,late,48,16,3,0.20266,0.9738223967562294,0,15000,1000,0.35943421129069036,2.0864544328607764,2.445888644151467,0.3139636552794765,0,15000,15000,2860
device_0,0.975,1708,3.0,105.0,0.15,late,48,16,3,0.19043,0.9746047948044175,0,15000,1000,0.3527134046985965,2.012353287502061,2.3650666922006574,0.2826908011733853,0,15000,15000,2760
device_0,0.975,1709,3.0,105.0,0.15,late,48,16,3,0.19294,0.9749540477640206,0,15000,1000,0.3411817189553583,1.9867352724758869,2.327916991431245,0.2865355214758039,0,15000,15000,2721
device_0,0.975,1710,3.0,105.0,0.15,late,48,16,3,0.19779,0.9774683509778551,0,15000,1000,0.3803489119229421,2.0336967459671547,2.414045657890097,0.3031158058409924,0,15000,15000,2833
device_0,0.0,1701,4.0,140.0,0.01,drop,48,16,3,0.19936,-0.002661444942765865,0,1000,1000,0.9664606698351852,2.5681603378193394,3.5346210076545246,0.0018626047812885442,0,1000,1000,1000
device_0,0.0,1702,4.0,140.0,0.01,drop,48,16,3,0.20106,0.005830007599770396,0,1000,1000,1.0007448540765742,2.507006824796834,3.507751678873408,0.0019263952696789415,0,1000,1000,1000
device_0,0.0,1703,4.0,140.0,0.01,drop,48,16,3,0.19952,0.005656351965683195,0,1000,1000,1.0413479146679274,2.4754153191458528,3.51676323381378,0.001817876009780664,0,1000,1000,1000
device_0,0.0,1704,4.0,140.0,0.01,drop,48,16,3,0.20257,0.002457782015709934,0,1000,1000,0.9887060090705018,2.5231479637581833,3.511853972828685,0.0022950916746587776,0,1000,1000,1000
device_0,0.0,1705,4.0,140.0,0.01,drop,48,16,3,0.20104,-0.004155617772998724,0,1000,1000,0.9871033963241489,2.5218300386972947,3.5089334350214436,0.0034466100573871013,0,1000,1000,1000
device_0,0.0,1706,4.0,140.0,0.01,drop,48,16,3,0.20062,-0.0045443747273977144,0,1000,1000,1.0061268456692194,2.517514652243971,3.5236414979131903,0.0010975010202636806,0,1000,1000,1000
device_0,0.0,1707,4.0,140.0,0.01,drop,48,16,3,0.19896,0.001346027845602329,0,1000,1000,1.0108201987020267,2.4931229639489287,3.5039431626509554,0.0021767298614271888,0,1000,1000,1000
device_0,0.0,1708,4.0,140.0,0.01,drop,48,16,3,0.19922,-0.001372807149175493,0,1000,1000,0.978293905784766,2.53054667557688,3.5088405813616457,0.0010718923720700183,0,1000,1000,1000
device_0,0.0,1709,4.0,140.0,0.01,drop,48,16,3,0.20001,0.005034822885721277,0,1000,1000,0.9840892779048802,2.5267771059874033,3.510866383892284,0.0015827311213419753,0,1000,1000,1000
device_0,0.0,1710,4.0,140.0,0.01,drop,48,16,3,0.19848,0.0007247411049733544,0,1000,1000,1.0293632959849437,2.4746577567216814,3.504021052706625,0.0016491457115260565,0,1000,1000,1000
device_0,0.375,1701,4.0,140.0,0.01,drop,48,16,3,0.19773,0.37585282092426525,0,1000,1000,1.0175370023985755,2.5091910030891937,3.526728005487769,0.0055906478106277045,0,1000,1000,1000
device_0,0.375,1702,4.0,140.0,0.01,drop,48,16,3,0.20083,0.3763938072575695,0,1000,1000,1.0098149236899991,2.502029645596303,3.511844569286302,0.005270210250269387,0,1000,1000,1000
device_0,0.375,1703,4.0,140.0,0.01,drop,48,16,3,0.19949,0.3708761472322628,0,1000,1000,1.0083149468048753,2.515469238131639,3.523784184936514,0.008526215601439607,0,1000,1000,1000
device_0,0.375,1704,4.0,140.0,0.01,drop,48,16,3,0.19956,0.37083454970073176,0,1000,1000,0.9865874702522424,2.5147808481912834,3.5013683184435256,0.006847937392771,0,1000,1000,1000
device_0,0.375,1705,4.0,140.0,0.01,drop,48,16,3,0.1976,0.38054564128452917,0,1000,1000,0.9943741455719305,2.520183576967723,3.514557722539654,0.005998538120732923,0,1000,1000,1000
device_0,0.375,1706,4.0,140.0,0.01,drop,48,16,3,0.19975,0.37847803043317246,0,1000,1000,1.0069284845712034,2.52730005689819,3.5342285414693935,0.004775490153273825,0,1000,1000,1000
device_0,0.375,1707,4.0,140.0,0.01,drop,48,16,3,0.19756,0.3714936166119789,0,1000,1000,1.0402672966289002,2.464454301362325,3.5047215979912254,0.005532141985964532,0,1000,1000,1000
device_0,0.375,1708,4.0,140.0,0.01,drop,48,16,3,0.19968,0.3728274067949136,0,1000,1000,0.9611321145950583,2.534649038365569,3.4957811529606273,0.006309277389469063,0,1000,1000,1000
device_0,0.375,1709,4.0,140.0,0.01,drop,48,16,3,0.20214,0.3789219763360735,0,1000,1000,1.0322391551603751,2.4791979253403955,3.5114370805007704,0.005381456324670072,0,1000,1000,1000
device_0,0.375,1710,4.0,140.0,0.01,drop,48,16,3,0.19842,0.37511826036297974,0,1000,1000,1.0155158098618302,2.503450954949739,3.518966764811569,0.004548352129003251,0,1000,1000,1000
device_0,0.75,1701,4.0,140.0,0.01,drop,48,16,3,0.20817,0.7556341521150168,0,1000,1000,1.019217519399721,2.467701435947759,3.48691895534748,0.007882094627051172,0,1000,1000,1000
device_0,0.75,1702,4.0,140.0,0.01,drop,48,16,3,0.20244,0.7487885933421545,0,1000,1000,1.0016698780111724,2.5124481165875827,3.514117994598755,0.006477422739907581,0,1000,1000,1000
device_0,0.75,1703,4.0,140.0,0.01,drop,48,16,3,0.20102,0.7470900970852136,0,1000,1000,0.9812695847542342,2.541120349597293,3.5223899343515273,0.013298415691952857,0,1000,1000,1000
device_0,0.75,1704,4.0,140.0,0.01,drop,48,16,3,0.19715,0.7479806369104111,0,1000,1000,0.967607051972801,2.5543850325364805,3.5219920845092814,0.006525339753078411,0,1000,1000,1000
device_0,0.75,1705,4.0,140.0,0.01,drop,48,16,3,0.20494,0.7506431485678381,0,1000,1000,1.0393993666644863,2.466275515360298,3.5056748820247843,0.005033383214479536,0,1000,1000,1000
device_0,0.75,1706,4.0,140.0,0.01,drop,48,16,3,0.20282,0.7537784223147826,0,1000,1000,1.0227528277381481,2.4586157479988717,3.48136857573702,0.00639085077583183,0,1000,1000,1000
device_0,0.75,1707,4.0,140.0,0.01,drop,48,16,3,0.20138,0.7431906944181493,0,1000,1000,0.992342243164143,2.505307920293199,3.497650163457342,0.01091594598456227,0,1000,1000,1000
device_0,0.75,1708,4.0,140.0,0.01,drop,48,16,3,0.20034,0.7475350990705809,0,1000,1000,1.0210146042005885,2.4908200960262126,3.5118347002268013,0.007873211473145552,0,1000,1000,1000
device_0,0.75,1709,4.0,140.0,0.01,drop,48,16,3,0.20613,0.7542776800152501,0,1000,1000,0.9862429393402087,2.4866654748549077,3.4729084141951163,0.008539573856141786,0,1000,1000,1000
device_0,0.75,1710,4.0,140.0,0.01,drop,48,16,3,0.20286,0.74728584709585,0,1000,1000,1.027637333931357,2.4880367734141022,3.5156741073454594,0.007731401826287458,0,1000,1000,1000
device_0,0.875,1701,4.0,140.0,0.01,drop,48,16,3,0.20249,0.8763990178082249,0,1000,1000,0.946671112793588,2.5673965203323292,3.514067633125917,0.009656424853657895,0,1000,1000,1000
device_0,0.875,1702,4.0,140.0,0.01,drop,48,16,3,0.19703,0.8759866636367837,0,1000,1000,1.0086154692147065,2.5099971236335286,3.518612592848235,0.007151720739889005,0,1000,1000,1000
device_0,0.875,1703,4.0,140.0,0.01,drop,48,16,3,0.20238,0.8773687974569232,0,1000,1000,1.0101473369644935,2.501723755591717,3.5118710925562104,0.007561474276459151,0,1000,1000,1000
device_0,0.875,1704,4.0,140.0,0.01,drop,48,16,3,0.19663,0.8771256568671042,0,1000,1000,1.0292709417917076,2.481455318322511,3.5107262601142186,0.007868107969364753,0,1000,1000,1000
device_0,0.875,1705,4.0,140.0,0.01,drop,48,16,3,0.20133,0.8756186617053834,0,1000,1000,0.9833685080178018,2.512207940251153,3.495576448268955,0.008745689964479868,0,1000,1000,1000
device_0,0.875,1706,4.0,140.0,0.01,drop,48,16,3,0.19605,0.8731077294363513,0,1000,1000,1.0037302648170758,2.5445344704352952,3.548264735252371,0.009808550030435202,0,1000,1000,1000
device_0,0.875,1707,4.0,140.0,0.01,drop,48,16,3,0.2,0.8774036452681541,0,1000,1000,0.9937031535333966,2.533140244996086,3.5268433985294823,0.009494101050334016,0,1000,1000,1000
device_0,0.875,1708,4.0,140.0,0.01,drop,48,16,3,0.20258,0.87442580026271,0,1000,1000,1.0334471688935567,2.4741597347663102,3.507606903659867,0.009365703010972377,0,1000,1000,1000
device_0,0.875,1709,4.0,140.0,0.01,drop,48,16,3,0.19831,0.8770598020870867,0,1000,1000,0.9935210802755724,2.529040568062238,3.52256164833781,0.006151103337740582,0,1000,1000,1000
device_0,0.875,1710,4.0,140.0,0.01,drop,48,16,3,0.19668,0.8724656025657239,0,1000,1000,0.9865139899472327,2.5391408096897585,3.525654799636991,0.013320468446685375,0,1000,1000,1000
device_0,0.9375,1701,4.0,140.0,0.01,drop,48,16,3,0.20509,0.9402237906216514,0,1000,1000,1.003102091324343,2.4818448382779352,3.4849469296022786,0.007316740231897542,0,1000,1000,1000
device_0,0.9375,1702,4.0,140.0,0.01,drop,48,16,3,0.19366,0.9366016280001491,0,1000,1000,0.9997684688609458,2.535049387981595,3.534817856842541,0.007854526450830653,0,1000,1000,1000
device_0,0.9375,1703,4.0,140.0,0.01,drop,48,16,3,0.19489,0.9369055048961522,0,1000,1000,1.0253393822054282,2.5091428230199373,3.5344822052253653,0.008358694238112424,0,1000,1000,1000
device_0,0.9375,1704,4.0,140.0,0.01,drop,48,16,3,0.19999,0.9358099323716185,0,1000,1000,1.0028580300915944,2.503233089081562,3.5060911191731563,0.007947550479260067,0,1000,1000,1000
device_0,0.9375,1705,4.0,140.0,0.01,drop,48,16,3,0.19063,0.9374553760710133,0,1000,1000,0.9887429854161841,2.5508927850099443,3.5396357704261283,0.00985944128899575,0,1000,1000,1000
device_0,0.9375,1706,4.0,140.0,0.01,drop,48,16,3,0.20144,0.9386428776611538,0,1000,1000,0.962438116473537,2.560556572233581,3.522994688707118,0.009789170623043955,0,1000,1000,1000
device_0,0.9375,1707,4.0,140.0,0.01,drop,48,16,3,0.20073,0.9386652506542138,0,1000,1000,1.0001733533954398,2.5418957129819884,3.542069066377428,0.012378326722206078,0,1000,1000,1000
device_0,0.9375,1708,4.0,140.0,0.01,drop,48,16,3,0.19042,0.9350336658268497,0,1000,1000,0.9954024499564895,2.5309504820971798,3.5263529320536695,0.00800260163198452,0,1000,1000,1000
device_0,0.9375,1709,4.0,140.0,0.01,drop,48,16,3,0.20214,0.9387695757970393,0,1000,1000,0.9936792259753926,2.5010715927989273,3.49475081877432,0.009983993773813128,0,1000,1000,1000
device_0,0.9375,1710,4.0,140.0,0.01,drop,48,16,3,0.20082,0.9338903427364145,0,1000,1000,0.9954956018095106,2.5119673966205998,3.5074629984301104,0.009443210272331193,0,1000,1000,1000
device_0,0.975,1701,4.0,140.0,0.01,drop,48,16,3,0.20012,0.9750727182312047,0,1000,1000,1.0245873780459063,2.46194854775802,3.486535925803926,0.009832274073936829,0,1000,1000,1000
device_0,0.975,1702,4.0,140.0,0.01,drop,48,16,3,0.19762,0.9739220248349032,0,1000,1000,1.0030356541417527,2.5005965014995164,3.503632155641269,0.01151995630605905,0,1000,1000,1000
device_0,0.975,1703,4.0,140.0,0.01,drop,48,16,3,0.1984,0.975854682367182,0,1000,1000,0.9709033017944039,2.5459083812250967,3.5168116830195006,0.007531010515328237,0,1000,1000,1000
device_0,0.975,1704,4.0,140.0,0.01,drop,48,16,3,0.19634,0.9733501805342133,0,1000,1000,0.9929618553030214,2.529228534225425,3.5221903895284465,0.009314007603845993,0,1000,1000,1000
device_0,0.975,1705,4.0,140.0,0.01,drop,48,16,3,0.19493,0.9747974986214312,0,1000,1000,0.9939550357513974,2.539524011079491,3.5334790468308888,0.008434718524906909,0,1000,1000,1000
device_0,0.975,1706,4.0,140.0,0.01,drop,48,16,3,0.203,0.9742259419786155,0,1000,1000,1.0218474271262585,2.465889447507396,3.4877368746336543,0.006524214676961449,0,1000,1000,1000
device_0,0.975,1707,4.0,140.0,0.01,drop,48,16,3,0.20266,0.9738223967562294,0,1000,1000,0.9979939623332367,2.489074372505857,3.487068334839093,0.009726266505672381,0,1000,1000,1000
device_0,0.975,1708,4.0,140.0,0.01,drop,48,16,3,0.19043,0.9746047948044175,0,1000,1000,0.9985617303298027,2.5481388496420294,3.5467005799718323,0.01183868125867611,0,1000,1000,1000
device_0,0.975,1709,4.0,140.0,0.01,drop,48,16,3,0.19294,0.9749540477640206,0,1000,1000,1.039651631985498,2.504172530937757,3.5438241629232548,0.00906675207095231,0,1000,1000,1000
device_0,0.975,1710,4.0,140.0,0.01,drop,48,16,3,0.19779,0.9774683509778551,0,1000,1000,0.9706810224691471,2.5641311236800672,3.534812146149214,0.010325104028491901,0,1000,1000,1000
device_0,0.0,1701,4.0,140.0,0.01,late,48,16,3,0.19936,-0.002661444942765865,0,1000,1000,0.0001981888004078982,0.045008302254535136,0.04520649105494303,0.0,0,1000,1000,214
device_0,0.0,1702,4.0,140.0,0.01,late,48,16,3,0.20106,0.005830007599770396,0,1000,1000,0.000740341354555335,0.040252908914782844,0.04099325026933818,4.2726642007241054e-05,0,1000,1000,201
device_0,0.0,1703,4.0,140.0,0.01,late,48,16,3,0.19952,0.005656351965683195,0,1000,1000,0.00041568883636487514,0.04726445951796224,0.04768014835432711,0.0,0,1000,1000,220
device_0,0.0,1704,4.0,140.0,0.01,late,48,16,3,0.20257,0.002457782015709934,0,1000,1000,0.001057901378863615,0.04355749010048142,0.04461539147934503,0.00027948198627240396,0,1000,1000,213
device_0,0.0,1705,4.0,140.0,0.01,late,48,16,3,0.20104,-0.004155617772998724,0,1000,1000,0.0012417137306677077,0.042230458299220335,0.04347217202988805,0.00018396756352339176,0,1000,1000,203
device_0,0.0,1706,4.0,140.0,0.01,late,48,16,3,0.20062,-0.0045443747273977144,0,1000,1000,0.000704673828372235,0.042129653054081236,0.04283432688245347,0.0,0,1000,1000,209
device_0,0.0,1707,4.0,140.0,0.01,late,48,16,3,0.19896,0.001346027845602329,0,1000,1000,0.0,0.03986432758362262,0.03986432758362262,0.0,0,1000,1000,184
device_0,0.0,1708,4.0,140.0,0.01,late,48,16,3,0.19922,-0.001372807149175493,0,1000,1000,0.0,0.044458206659325816,0.044458206659325816,0.0,0,1000,1000,203
device_0,0.0,1709,4.0,140.0,0.01,late,48,16,3,0.20001,0.005034822885721277,0,1000,1000,0.0,0.039078350076943776,0.039078350076943776,0.0,0,1000,1000,182
device_0,0.0,1710,4.0,140.0,0.01,late,48,16,3,0.19848,0.0007247411049733544,0,1000,1000,0.00048479489283978575,0.03903716179093609,0.03952195668377587,0.0002987149663654614,0,1000,1000,184
device_0,0.375,1701,4.0,140.0,0.01,late,48,16,3,0.19773,0.37585282092426525,0,1000,1000,6.74643032155072e-05,0.04195876678063148,0.04202623108384699,0.0002237471635016625,0,1000,1000,204
device_0,0.375,1702,4.0,140.0,0.01,late,48,16,3,0.20083,0.3763938072575695,0,1000,1000,0.000222338234880166,0.04203297830453848,0.04225531653941865,0.00031840335880301137,0,1000,1000,197
device_0,0.375,1703,4.0,140.0,0.01,late,48,16,3,0.19949,0.3708761472322628,0,1000,1000,0.00031912487550080315,0.04630154329498508,0.046620668170485886,0.0006418656419002902,0,1000,1000,215
device_0,0.375,1704,4.0,140.0,0.01,late,48,16,3,0.19956,0.37083454970073176,0,1000,1000,0.0005451643602321094,0.038031268988718454,0.03857643334895056,0.00016115351783060205,0,1000,1000,182
device_0,0.375,1705,4.0,140.0,0.01,late,48,16,3,0.1976,0.38054564128452917,0,1000,1000,0.00021622633941880407,0.04561270267028079,0.04582892900969959,1.6402242776551246e-05,0,1000,1000,210
device_0,0.375,1706,4.0,140.0,0.01,late,48,16,3,0.19975,0.37847803043317246,0,1000,1000,0.000857284201862931,0.04456506826198464,0.04542235246384758,3.881549949641085e-06,0,1000,1000,217
device_0,0.375,1707,4.0,140.0,0.01,late,48,16,3,0.19756,0.3714936166119789,0,1000,1000,0.0009033505062927747,0.040547923828570906,0.04145127433486368,0.00022382333610015387,0,1000,1000,194
device_0,0.375,1708,4.0,140.0,0.01,late,48,16,3,0.19968,0.3728274067949136,0,1000,1000,0.0005072246780692902,0.03848711641458835,0.03899434109265764,0.0,0,1000,1000,198
device_0,0.375,1709,4.0,140.0,0.01,late,48,16,3,0.20214,0.3789219763360735,0,1000,1000,0.0003147088513313449,0.04056944585624491,0.04088415470757626,0.0,0,1000,1000,199
device_0,0.375,1710,4.0,140.0,0.01,late,48,16,3,0.19842,0.37511826036297974,0,1000,1000,0.0,0.040634995014386645,0.040634995014386645,0.00040719385124897607,0,1000,1000,198
device_0,0.75,1701,4.0,140.0,0.01,late,48,16,3,0.20817,0.7556341521150168,0,1000,1000,0.0,0.0398362377854283,0.0398362377854283,0.00017295607588085888,0,1000,1000,192
device_0,0.75,1702,4.0,140.0,0.01,late,48,16,3,0.20244,0.7487885933421545,0,1000,1000,0.000838618156835353,0.042274940629229436,0.04311355878606479,0.0,0,1000,1000,204
device_0,0.75,1703,4.0,140.0,0.01,late,48,16,3,0.20102,0.7470900970852136,0,1000,1000,0.0002966219946574086,0.04115018922542028,0.04144681122007769,0.0009950542286032767,0,1000,1000,201
device_0,0.75,1704,4.0,140.0,0.01,late,48,16,3,0.19715,0.7479806369104111,0,1000,1000,0.00035650410483771143,0.03949011759836183,0.03984662170319954,3.183506006831864e-06,0,1000,1000,185
device_0,0.75,1705,4.0,140.0,0.01,late,48,16,3,0.20494,0.7506431485678381,0,1000,1000,0.0007819817740306936,0.04370825421953184,0.044490235993562534,0.0002678098650399279,0,1000,1000,220
device_0,0.75,1706,4.0,140.0,0.01,late,48,16,3,0.20282,0.7537784223147826,0,1000,1000,0.000150942161249635,0.04258241723692407,0.0427333593981737,7.110361148130999e-05,0,1000,1000,191
device_0,0.75,1707,4.0,140.0,0.01,late,48,16,3,0.20138,0.7431906944181493,0,1000,1000,0.0004817778495185681,0.041139445434042646,0.041621223283561215,0.0005294515338088739,0,1000,1000,193
device_0,0.75,1708,4.0,140.0,0.01,late,48,16,3,0.20034,0.7475350990705809,0,1000,1000,0.0002718917235855816,0.04398761384311321,0.04425950556669879,0.0002272220375583469,0,1000,1000,206
device_0,0.75,1709,4.0,140.0,0.01,late,48,16,3,0.20613,0.7542776800152501,0,1000,1000,0.0004870833509666906,0.04133172055600291,0.041818803906969605,0.0002340558825056183,0,1000,1000,190
device_0,0.75,1710,4.0,140.0,0.01,late,48,16,3,0.20286,0.74728584709585,0,1000,1000,0.00021106757068687745,0.045742602000391853,0.04595366957107873,0.000764054681099092,0,1000,1000,224
device_0,0.875,1701,4.0,140.0,0.01,late,48,16,3,0.20249,0.8763990178082249,0,1000,1000,0.00017102558207262263,0.04144352338043026,0.041614548962502884,0.0003419792560291865,0,1000,1000,190
device_0,0.875,1702,4.0,140.0,0.01,late,48,16,3,0.19703,0.8759866636367837,0,1000,1000,0.0,0.04248257198082928,0.04248257198082928,0.0,0,1000,1000,198
device_0,0.875,1703,4.0,140.0,0.01,late,48,16,3,0.20238,0.8773687974569232,0,1000,1000,0.0006126126111645261,0.04535598711507174,0.045968599726236264,3.3749557500967224e-05,0,1000,1000,219
device_0,0.875,1704,4.0,140.0,0.01,late,48,16,3,0.19663,0.8771256568671042,0,1000,1000,0.0006879169392208588,0.04016379748593697,0.04085171442515783,0.00026287361036258,0,1000,1000,190
device_0,0.875,1705,4.0,140.0,0.01,late,48,16,3,0.20133,0.8756186617053834,0,1000,1000,0.0004750636145330102,0.039248152003286345,0.03972321561781935,0.00030393222020377045,0,1000,1000,185
device_0,0.875,1706,4.0,140.0,0.01,late,48,16,3,0.19605,0.8731077294363513,0,1000,1000,0.00012275591793481965,0.0435481970721567,0.04367095299009152,0.0008772274075544091,0,1000,1000,202
device_0,0.875,1707,4.0,140.0,0.01,late,48,16,3,0.2,0.8774036452681541,0,1000,1000,0.0006643048066172571,0.045142169381124815,0.04580647418774207,0.000278713264797966,0,1000,1000,212
device_0,0.875,1708,4.0,140.0,0.01,late,48,16,3,0.20258,0.87442580026271,0,1000,1000,0.00027769219107739345,0.041844844688310866,0.04212253687938826,0.000343401030778133,0,1000,1000,205
device_0,0.875,1709,4.0,140.0,0.01,late,48,16,3,0.19831,0.8770598020870867,0,1000,1000,0.0012074396022409702,0.03901881596083506,0.04022625556307603,0.0,0,1000,1000,192
device_0,0.875,1710,4.0,140.0,0.01,late,48,16,3,0.19668,0.8724656025657239,0,1000,1000,0.00047795390340226146,0.037599562081041864,0.03807751598444412,0.0004397127959192919,0,1000,1000,198
device_0,0.9375,1701,4.0,140.0,0.01,late,48,16,3,0.20509,0.9402237906216514,0,1000,1000,0.0,0.04713144960815772,0.04713144960815772,0.00029238296029606586,0,1000,1000,220
device_0,0.9375,1702,4.0,140.0,0.01,late,48,16,3,0.19366,0.9366016280001491,0,1000,1000,0.0005729067653415766,0.038653368726411196,0.039226275491752775,0.0002004344684771221,0,1000,1000,182
device_0,0.9375,1703,4.0,140.0,0.01,late,48,16,3,0.19489,0.9369055048961522,0,1000,1000,0.0006451595279445565,0.04553339800850035,0.046178557536444904,0.0,0,1000,1000,220
device_0,0.9375,1704,4.0,140.0,0.01,late,48,16,3,0.19999,0.9358099323716185,0,1000,1000,0.0005125411798630413,0.04059234400167278,0.04110488518153582,0.0006186426016897737,0,1000,1000,192
device_0,0.9375,1705,4.0,140.0,0.01,late,48,16,3,0.19063,0.9374553760710133,0,1000,1000,0.0005480733209047392,0.038427767234109754,0.03897584055501449,5.5809932905523286e-05,0,1000,1000,192
device_0,0.9375,1706,4.0,140.0,0.01,late,48,16,3,0.20144,0.9386428776611538,0,1000,1000,0.0001897394752904088,0.04538262001072971,0.04557235948602011,0.0,0,1000,1000,220
device_0,0.9375,1707,4.0,140.0,0.01,late,48,16,3,0.20073,0.9386652506542138,0,1000,1000,0.0008486989438217616,0.049144925209952235,0.049993624153773994,0.0005621932984651064,0,1000,1000,232
device_0,0.9375,1708,4.0,140.0,0.01,late,48,16,3,0.19042,0.9350336658268497,0,1000,1000,0.00013344353704000016,0.034271604894155296,0.034405048431195295,0.0,0,1000,1000,168
device_0,0.9375,1709,4.0,140.0,0.01,late,48,16,3,0.20214,0.9387695757970393,0,1000,1000,0.0,0.04059355148685318,0.04059355148685318,0.00015842181237909407,0,1000,1000,189
device_0,0.9375,1710,4.0,140.0,0.01,late,48,16,3,0.20082,0.9338903427364145,0,1000,1000,0.0003160858328332464,0.04081010440389731,0.04112619023673056,9.962352681578275e-05,0,1000,1000,190
device_0,0.975,1701,4.0,140.0,0.01,late,48,16,3,0.20012,0.9750727182312047,0,1000,1000,0.0,0.03721097382683672,0.03721097382683672,0.0,0,1000,1000,177
device_0,0.975,1702,4.0,140.0,0.01,late,48,16,3,0.19762,0.9739220248349032,0,1000,1000,0.0006733117335084921,0.03916990253377084,0.03984321426727933,0.00015922255218992428,0,1000,1000,185
device_0,0.975,1703,4.0,140.0,0.01,late,48,16,3,0.1984,0.975854682367182,0,1000,1000,0.0004938502424955075,0.040718614613163576,0.04121246485565908,0.0001105522361894294,0,1000,1000,191
device_0,0.975,1704,4.0,140.0,0.01,late,48,16,3,0.19634,0.9733501805342133,0,1000,1000,0.0,0.04018452862335612,0.04018452862335612,0.0006573341683112516,0,1000,1000,198
device_0,0.975,1705,4.0,140.0,0.01,late,48,16,3,0.19493,0.9747974986214312,0,1000,1000,0.0005821712380210786,0.043465718867540144,0.04404789010556122,0.0003939339794390669,0,1000,1000,196
device_0,0.975,1706,4.0,140.0,0.01,late,48,16,3,0.203,0.9742259419786155,0,1000,1000,0.0002372360125508107,0.0457133280223861,0.045950564034936914,0.0,0,1000,1000,211
device_0,0.975,1707,4.0,140.0,0.01,late,48,16,3,0.20266,0.9738223967562294,0,1000,1000,0.00012356314846008912,0.0365666095290524,0.03669017267751249,0.0005128701113791364,0,1000,1000,170
device_0,0.975,1708,4.0,140.0,0.01,late,48,16,3,0.19043,0.9746047948044175,0,1000,1000,0.0006208264290984712,0.03712501779136106,0.03774584422045953,0.00024229674530857253,0,1000,1000,176
device_0,0.975,1709,4.0,140.0,0.01,late,48,16,3,0.19294,0.9749540477640206,0,1000,1000,0.00028942992007690384,0.04514737504163216,0.045436804961709064,2.5172653130771457e-05,0,1000,1000,219
device_0,0.975,1710,4.0,140.0,0.01,late,48,16,3,0.19779,0.9774683509778551,0,1000,1000,0.0003510594376472778,0.0454481931615891,0.045799252599236374,0.0002433436862870437,0,1000,1000,205
device_0,0.0,1701,4.0,140.0,0.05,drop,48,16,3,0.19936,-0.002661444942765865,0,5000,1000,4.864494838134441,9.594962375058197,14.459457213192636,0.06412723835354721,0,5000,5000,5000
device_0,0.0,1702,4.0,140.0,0.05,drop,48,16,3,0.20106,0.005830007599770396,0,5000,1000,5.027387475320306,9.356583016666699,14.383970491987006,0.06054524410220367,0,5000,5000,5000
device_0,0.0,1703,4.0,140.0,0.05,drop,48,16,3,0.19952,0.005656351965683195,0,5000,1000,4.992612693910428,9.422345355771778,14.414958049682205,0.0585826231120992,0,5000,5000,5000
device_0,0.0,1704,4.0,140.0,0.05,drop,48,16,3,0.20257,0.002457782015709934,0,5000,1000,4.949914074735473,9.39660177113011,14.34651584586558,0.062290749060494886,0,5000,5000,5000
device_0,0.0,1705,4.0,140.0,0.05,drop,48,16,3,0.20104,-0.004155617772998724,0,5000,1000,4.949957379582286,9.445136740410229,14.395094119992516,0.059765754395776555,0,5000,5000,5000
device_0,0.0,1706,4.0,140.0,0.05,drop,48,16,3,0.20062,-0.0045443747273977144,0,5000,1000,5.02581318469183,9.386627100312413,14.412440285004244,0.05322976813245031,0,5000,5000,5000
device_0,0.0,1707,4.0,140.0,0.05,drop,48,16,3,0.19896,0.001346027845602329,0,5000,1000,4.975026593397238,9.426733968420802,14.40176056181804,0.061197199863358566,0,5000,5000,5000
device_0,0.0,1708,4.0,140.0,0.05,drop,48,16,3,0.19922,-0.001372807149175493,0,5000,1000,5.095264574080645,9.323095424669749,14.418359998750393,0.05372740123104768,0,5000,5000,5000
device_0,0.0,1709,4.0,140.0,0.05,drop,48,16,3,0.20001,0.005034822885721277,0,5000,1000,5.028071900717832,9.39236343308391,14.420435333801741,0.06668228612547585,0,5000,5000,5000
device_0,0.0,1710,4.0,140.0,0.05,drop,48,16,3,0.19848,0.0007247411049733544,0,5000,1000,4.992135432093022,9.39519483222551,14.387330264318532,0.05200770477962953,0,5000,5000,5000
device_0,0.375,1701,4.0,140.0,0.05,drop,48,16,3,0.19773,0.37585282092426525,0,5000,1000,5.053915344459618,9.347970697568183,14.401886042027803,0.15967524869073602,0,5000,5000,5000
device_0,0.375,1702,4.0,140.0,0.05,drop,48,16,3,0.20083,0.3763938072575695,0,5000,1000,5.060426615093339,9.354992078694346,14.415418693787684,0.1477492959524985,0,5000,5000,5000
device_0,0.375,1703,4.0,140.0,0.05,drop,48,16,3,0.19949,0.3708761472322628,0,5000,1000,5.002394904415755,9.404795778897272,14.407190683313027,0.13833938544618166,0,5000,5000,5000
device_0,0.375,1704,4.0,140.0,0.05,drop,48,16,3,0.19956,0.37083454970073176,0,5000,1000,5.02149109972877,9.375177951270741,14.396669050999511,0.151482506144981,0,5000,5000,5000
device_0,0.375,1705,4.0,140.0,0.05,drop,48,16,3,0.1976,0.38054564128452917,0,5000,1000,5.033917583447688,9.383987345766798,14.417904929214485,0.15614828211908702,0,5000,5000,5000
device_0,0.375,1706,4.0,140.0,0.05,drop,48,16,3,0.19975,0.37847803043317246,0,5000,1000,4.999044558385073,9.435367477638076,14.434412036023149,0.14193537544924242,0,5000,5000,5000
device_0,0.375,1707,4.0,140.0,0.05,drop,48,16,3,0.19756,0.3714936166119789,0,5000,1000,4.956454738503692,9.456894691442828,14.41334942994652,0.15997240341930197,0,5000,5000,5000
device_0,0.375,1708,4.0,140.0,0.05,drop,48,16,3,0.19968,0.3728274067949136,0,5000,1000,4.961138802573033,9.362714351082548,14.32385315365558,0.14970136416079208,0,5000,5000,5000
device_0,0.375,1709,4.0,140.0,0.05,drop,48,16,3,0.20214,0.3789219763360735,0,5000,1000,4.971218950843619,9.430501971943723,14.401720922787344,0.14521827407332571,0,5000,5000,5000
device_0,0.375,1710,4.0,140.0,0.05,drop,48,16,3,0.19842,0.37511826036297974,0,5000,1000,4.983702180047986,9.46579552044206,14.449497700490046,0.14364023870893192,0,5000,5000,5000
device_0,0.75,1701,4.0,140.0,0.05,drop,48,16,3,0.20817,0.7556341521150168,0,5000,1000,5.014372661759762,9.305780528480852,14.320153190240614,0.22519613544110478,0,5000,5000,5000
device_0,0.75,1702,4.0,140.0,0.05,drop,48,16,3,0.20244,0.7487885933421545,0,5000,1000,4.957929351359521,9.475424918340563,14.433354269700084,0.25979905229376515,0,5000,5000,5000
device_0,0.75,1703,4.0,140.0,0.05,drop,48,16,3,0.20102,0.7470900970852136,0,5000,1000,4.977818301269155,9.456838907907379,14.434657209176533,0.26514347382673636,0,5000,5000,5000
device_0,0.75,1704,4.0,140.0,0.05,drop,48,16,3,0.19715,0.7479806369104111,0,5000,1000,4.968028231041711,9.467979381138353,14.436007612180065,0.24635915888564394,0,5000,5000,5000
device_0,0.75,1705,4.0,140.0,0.05,drop,48,16,3,0.20494,0.7506431485678381,0,5000,1000,4.946143855268327,9.432749668797896,14.378893524066221,0.24221068422469363,0,5000,5000,5000
device_0,0.75,1706,4.0,140.0,0.05,drop,48,16,3,0.20282,0.7537784223147826,0,5000,1000,4.990360034061062,9.33996916729528,14.33032920135634,0.2398235886077553,0,5000,5000,5000
device_0,0.75,1707,4.0,140.0,0.05,drop,48,16,3,0.20138,0.7431906944181493,0,5000,1000,4.958317963398518,9.4220294366268,14.38034740002532,0.2540940878024474,0,5000,5000,5000
device_0,0.75,1708,4.0,140.0,0.05,drop,48,16,3,0.20034,0.7475350990705809,0,5000,1000,5.065015081437729,9.336992477907238,14.402007559344966,0.2569921048724755,0,5000,5000,5000
device_0,0.75,1709,4.0,140.0,0.05,drop,48,16,3,0.20613,0.7542776800152501,0,5000,1000,4.964308763658742,9.354543706698843,14.318852470357587,0.25869626004403534,0,5000,5000,5000
device_0,0.75,1710,4.0,140.0,0.05,drop,48,16,3,0.20286,0.74728584709585,0,5000,1000,4.89507022323048,9.490359907039357,14.385430130269839,0.23566678784729453,0,5000,5000,5000
device_0,0.875,1701,4.0,140.0,0.05,drop,48,16,3,0.20249,0.8763990178082249,0,5000,1000,5.0280043272406205,9.378915031191225,14.406919358431844,0.2798885078726304,0,5000,5000,5000
device_0,0.875,1702,4.0,140.0,0.05,drop,48,16,3,0.19703,0.8759866636367837,0,5000,1000,4.939216004799153,9.472916181810305,14.412132186609458,0.2859089261929897,0,5000,5000,5000
device_0,0.875,1703,4.0,140.0,0.05,drop,48,16,3,0.20238,0.8773687974569232,0,5000,1000,5.0509221017560835,9.34995229063975,14.400874392395833,0.29457781241688974,0,5000,5000,5000
device_0,0.875,1704,4.0,140.0,0.05,drop,48,16,3,0.19663,0.8771256568671042,0,5000,1000,5.0283094547377,9.38877650254867,14.41708595728637,0.30291617891423783,0,5000,5000,5000
device_0,0.875,1705,4.0,140.0,0.05,drop,48,16,3,0.20133,0.8756186617053834,0,5000,1000,5.014555268117097,9.350915968291247,14.365471236408341,0.2884263355641978,0,5000,5000,5000
device_0,0.875,1706,4.0,140.0,0.05,drop,48,16,3,0.19605,0.8731077294363513,0,5000,1000,4.97458739101279,9.524681348391756,14.499268739404545,0.2985884385313508,0,5000,5000,5000
device_0,0.875,1707,4.0,140.0,0.05,drop,48,16,3,0.2,0.8774036452681541,0,5000,1000,4.978737276343813,9.440000301646682,14.418737577990495,0.30284521264583814,0,5000,5000,5000
device_0,0.875,1708,4.0,140.0,0.05,drop,48,16,3,0.20258,0.87442580026271,0,5000,1000,5.092042636093925,9.324829861666199,14.416872497760123,0.29615265895708415,0,5000,5000,5000
device_0,0.875,1709,4.0,140.0,0.05,drop,48,16,3,0.19831,0.8770598020870867,0,5000,1000,5.04988569935335,9.346345217811034,14.396230917164385,0.2820184608612106,0,5000,5000,5000
device_0,0.875,1710,4.0,140.0,0.05,drop,48,16,3,0.19668,0.8724656025657239,0,5000,1000,4.976817711971141,9.471839646096635,14.448657358067775,0.30293641665251675,0,5000,5000,5000
device_0,0.9375,1701,4.0,140.0,0.05,drop,48,16,3,0.20509,0.9402237906216514,0,5000,1000,4.8979846891979255,9.4091969029658,14.307181592163724,0.28312095243848256,0,5000,5000,5000
device_0,0.9375,1702,4.0,140.0,0.05,drop,48,16,3,0.19366,0.9366016280001491,0,5000,1000,5.032029362509448,9.433726732904338,14.465756095413788,0.32147205601608647,0,5000,5000,5000
device_0,0.9375,1703,4.0,140.0,0.05,drop,48,16,3,0.19489,0.9369055048961522,0,5000,1000,4.98414506922267,9.463661436236402,14.447806505459072,0.3229638369128478,0,5000,5000,5000
device_0,0.9375,1704,4.0,140.0,0.05,drop,48,16,3,0.19999,0.9358099323716185,0,5000,1000,5.0060097588679575,9.412326702554834,14.418336461422792,0.3316750933520615,0,5000,5000,5000
device_0,0.9375,1705,4.0,140.0,0.05,drop,48,16,3,0.19063,0.9374553760710133,0,5000,1000,5.01228890615671,9.498911755122863,14.511200661279572,0.32674610939800935,0,5000,5000,5000
device_0,0.9375,1706,4.0,140.0,0.05,drop,48,16,3,0.20144,0.9386428776611538,0,5000,1000,5.051414706268914,9.328856969571804,14.380271675840719,0.3044467933827346,0,5000,5000,5000
device_0,0.9375,1707,4.0,140.0,0.05,drop,48,16,3,0.20073,0.9386652506542138,0,5000,1000,4.975156817053835,9.46659476892831,14.441751585982145,0.3239977318133569,0,5000,5000,5000
device_0,0.9375,1708,4.0,140.0,0.05,drop,48,16,3,0.19042,0.9350336658268497,0,5000,1000,5.06438270807702,9.428414569422854,14.492797277499875,0.3250286224551744,0,5000,5000,5000
device_0,0.9375,1709,4.0,140.0,0.05,drop,48,16,3,0.20214,0.9387695757970393,0,5000,1000,5.041575966857156,9.34454616725061,14.386122134107765,0.30848385581214705,0,5000,5000,5000
device_0,0.9375,1710,4.0,140.0,0.05,drop,48,16,3,0.20082,0.9338903427364145,0,5000,1000,4.943918369464937,9.428630550013473,14.37254891947841,0.3140566723835063,0,5000,5000,5000
device_0,0.975,1701,4.0,140.0,0.05,drop,48,16,3,0.20012,0.9750727182312047,0,5000,1000,5.035115836769795,9.320518737632192,14.355634574401988,0.31452040662375175,0,5000,5000,5000
device_0,0.975,1702,4.0,140.0,0.05,drop,48,16,3,0.19762,0.9739220248349032,0,5000,1000,5.012066633899878,9.40383379558609,14.41590042948597,0.34420869462030484,0,5000,5000,5000
device_0,0.975,1703,4.0,140.0,0.05,drop,48,16,3,0.1984,0.975854682367182,0,5000,1000,4.953446203793392,9.449239369446227,14.40268557323962,0.32877423685835316,0,5000,5000,5000
device_0,0.975,1704,4.0,140.0,0.05,drop,48,16,3,0.19634,0.9733501805342133,0,5000,1000,5.114662815377414,9.334032843671007,14.448695659048422,0.33574742627182075,0,5000,5000,5000
device_0,0.975,1705,4.0,140.0,0.05,drop,48,16,3,0.19493,0.9747974986214312,0,5000,1000,5.085460938215982,9.378218924227921,14.4636798624439,0.3441288893011602,0,5000,5000,5000
device_0,0.975,1706,4.0,140.0,0.05,drop,48,16,3,0.203,0.9742259419786155,0,5000,1000,5.010403535872488,9.322539551519121,14.332943087391609,0.2989477093824846,0,5000,5000,5000
device_0,0.975,1707,4.0,140.0,0.05,drop,48,16,3,0.20266,0.9738223967562294,0,5000,1000,4.984488770142448,9.336845834839117,14.321334604981564,0.31713922078624673,0,5000,5000,5000
device_0,0.975,1708,4.0,140.0,0.05,drop,48,16,3,0.19043,0.9746047948044175,0,5000,1000,4.955388109963676,9.535668843233127,14.4910569531968,0.3299461471469379,0,5000,5000,5000
device_0,0.975,1709,4.0,140.0,0.05,drop,48,16,3,0.19294,0.9749540477640206,0,5000,1000,4.988296219020592,9.45468612158098,14.442982340601572,0.33665566055381096,0,5000,5000,5000
device_0,0.975,1710,4.0,140.0,0.05,drop,48,16,3,0.19779,0.9774683509778551,0,5000,1000,5.015501071042575,9.424090010992451,14.439591082035026,0.32528349393939127,0,5000,5000,5000
device_0,0.0,1701,4.0,140.0,0.05,late,48,16,3,0.19936,-0.002661444942765865,0,5000,1000,0.002063416267073868,0.04314307478786916,0.04520649105494303,0.0,0,5000,5000,214
device_0,0.0,1702,4.0,140.0,0.05,late,48,16,3,0.20106,0.005830007599770396,0,5000,1000,0.001982224618837953,0.03901102565050022,0.04099325026933818,4.2726642007241054e-05,0,5000,5000,201
device_0,0.0,1703,4.0,140.0,0.05,late,48,16,3,0.19952,0.005656351965683195,0,5000,1000,0.002086127244566376,0.045594021109760734,0.04768014835432711,0.0,0,5000,5000,220
device_0,0.0,1704,4.0,140.0,0.05,late,48,16,3,0.20257,0.002457782015709934,0,5000,1000,0.0016246291824894555,0.042990762296855584,0.04461539147934503,0.00027948198627240396,0,5000,5000,213
device_0,0.0,1705,4.0,140.0,0.05,late,48,16,3,0.20104,-0.004155617772998724,0,5000,1000,0.002160510334806393,0.04131166169508165,0.04347217202988805,0.00018396756352339176,0,5000,5000,203
device_0,0.0,1706,4.0,140.0,0.05,late,48,16,3,0.20062,-0.0045443747273977144,0,5000,1000,0.001845619642049516,0.04098870724040395,0.04283432688245347,0.0,0,5000,5000,209
device_0,0.0,1707,4.0,140.0,0.05,late,48,16,3,0.19896,0.001346027845602329,0,5000,1000,0.0007384003950789957,0.03912592718854363,0.03986432758362262,0.0,0,5000,5000,184
device_0,0.0,1708,4.0,140.0,0.05,late,48,16,3,0.19922,-0.001372807149175493,0,5000,1000,0.001823986927955421,0.042634219731370396,0.044458206659325816,0.0,0,5000,5000,203
device_0,0.0,1709,4.0,140.0,0.05,late,48,16,3,0.20001,0.005034822885721277,0,5000,1000,0.0020489864013879303,0.03702936367555584,0.039078350076943776,0.0,0,5000,5000,182
device_0,0.0,1710,4.0,140.0,0.05,late,48,16,3,0.19848,0.0007247411049733544,0,5000,1000,0.0017755701572306699,0.0377463865265452,0.03952195668377587,0.0002987149663654614,0,5000,5000,184
device_0,0.375,1701,4.0,140.0,0.05,late,48,16,3,0.19773,0.37585282092426525,0,5000,1000,0.002156858418063516,0.03986937266578347,0.04202623108384699,0.0002237471635016625,0,5000,5000,204
device_0,0.375,1702,4.0,140.0,0.05,late,48,16,3,0.20083,0.3763938072575695,0,5000,1000,0.0009299905515849446,0.04132532598783371,0.04225531653941865,0.00031840335880301137,0,5000,5000,197
device_0,0.375,1703,4.0,140.0,0.05,late,48,16,3,0.19949,0.3708761472322628,0,5000,1000,0.0027104788905028382,0.043910189279983046,0.046620668170485886,0.0006418656419002902,0,5000,5000,215
device_0,0.375,1704,4.0,140.0,0.05,late,48,16,3,0.19956,0.37083454970073176,0,5000,1000,0.001392030071035214,0.03718440327791535,0.03857643334895056,0.00016115351783060205,0,5000,5000,182
device_0,0.375,1705,4.0,140.0,0.05,late,48,16,3,0.1976,0.38054564128452917,0,5000,1000,0.0018014636675979722,0.04402746534210162,0.04582892900969959,1.6402242776551246e-05,0,5000,5000,210
device_0,0.375,1706,4.0,140.0,0.05,late,48,16,3,0.19975,0.37847803043317246,0,5000,1000,0.001898145934539424,0.04352420652930815,0.04542235246384758,3.881549949641085e-06,0,5000,5000,217
device_0,0.375,1707,4.0,140.0,0.05,late,48,16,3,0.19756,0.3714936166119789,0,5000,1000,0.0027357727015450916,0.03871550163331859,0.04145127433486368,0.00022382333610015387,0,5000,5000,194
device_0,0.375,1708,4.0,140.0,0.05,late,48,16,3,0.19968,0.3728274067949136,0,5000,1000,0.002776814980787389,0.03621752611187025,0.03899434109265764,0.0,0,5000,5000,198
device_0,0.375,1709,4.0,140.0,0.05,late,48,16,3,0.20214,0.3789219763360735,0,5000,1000,0.0020875334399185646,0.03879662126765769,0.04088415470757626,0.0,0,5000,5000,199
device_0,0.375,1710,4.0,140.0,0.05,late,48,16,3,0.19842,0.37511826036297974,0,5000,1000,0.0021837729970554903,0.03845122201733116,0.040634995014386645,0.00040719385124897607,0,5000,5000,198
device_0,0.75,1701,4.0,140.0,0.05,late,48,16,3,0.20817,0.7556341521150168,0,5000,1000,0.002174050799715599,0.037662186985712706,0.0398362377854283,0.00017295607588085888,0,5000,5000,192
device_0,0.75,1702,4.0,140.0,0.05,late,48,16,3,0.20244,0.7487885933421545,0,5000,1000,0.0011083980552204053,0.042005160730844385,0.04311355878606479,0.0,0,5000,5000,204
device_0,0.75,1703,4.0,140.0,0.05,late,48,16,3,0.20102,0.7470900970852136,0,5000,1000,0.0017072130006492666,0.03973959821942843,0.04144681122007769,0.0009950542286032767,0,5000,5000,201
device_0,0.75,1704,4.0,140.0,0.05,late,48,16,3,0.19715,0.7479806369104111,0,5000,1000,0.0034273000385400187,0.03641932166465952,0.03984662170319954,3.183506006831864e-06,0,5000,5000,185
device_0,0.75,1705,4.0,140.0,0.05,late,48,16,3,0.20494,0.7506431485678381,0,5000,1000,0.0031361247284548096,0.041354111265107726,0.044490235993562534,0.0002678098650399279,0,5000,5000,220
device_0,0.75,1706,4.0,140.0,0.05,late,48,16,3,0.20282,0.7537784223147826,0,5000,1000,0.0018515304774251403,0.04088182892074856,0.0427333593981737,7.110361148130999e-05,0,5000,5000,191
device_0,0.75,1707,4.0,140.0,0.05,late,48,16,3,0.20138,0.7431906944181493,0,5000,1000,0.001724139867578715,0.0398970834159825,0.041621223283561215,0.0005294515338088739,0,5000,5000,193
device_0,0.75,1708,4.0,140.0,0.05,late,48,16,3,0.20034,0.7475350990705809,0,5000,1000,0.003953427957892092,0.0403060776088067,0.04425950556669879,0.0002272220375583469,0,5000,5000,206
device_0,0.75,1709,4.0,140.0,0.05,late,48,16,3,0.20613,0.7542776800152501,0,5000,1000,0.001930119759988033,0.039888684146981566,0.041818803906969605,0.0002340558825056183,0,5000,5000,190
device_0,0.75,1710,4.0,140.0,0.05,late,48,16,3,0.20286,0.74728584709585,0,5000,1000,0.0037096130191033093,0.042244056551975426,0.04595366957107873,0.000764054681099092,0,5000,5000,224
device_0,0.875,1701,4.0,140.0,0.05,late,48,16,3,0.20249,0.8763990178082249,0,5000,1000,0.0021497703419415684,0.03946477862056132,0.041614548962502884,0.0003419792560291865,0,5000,5000,190
device_0,0.875,1702,4.0,140.0,0.05,late,48,16,3,0.19703,0.8759866636367837,0,5000,1000,0.002198923605728267,0.04028364837510102,0.04248257198082928,0.0,0,5000,5000,198
device_0,0.875,1703,4.0,140.0,0.05,late,48,16,3,0.20238,0.8773687974569232,0,5000,1000,0.0017843476271073016,0.04418425209912896,0.045968599726236264,3.3749557500967224e-05,0,5000,5000,219
device_0,0.875,1704,4.0,140.0,0.05,late,48,16,3,0.19663,0.8771256568671042,0,5000,1000,0.0026650553852966877,0.03818665903986115,0.04085171442515783,0.00026287361036258,0,5000,5000,190
device_0,0.875,1705,4.0,140.0,0.05,late,48,16,3,0.20133,0.8756186617053834,0,5000,1000,0.0014637373174376145,0.03825947830038174,0.03972321561781935,0.00030393222020377045,0,5000,5000,185
device_0,0.875,1706,4.0,140.0,0.05,late,48,16,3,0.19605,0.8731077294363513,0,5000,1000,0.0026753859331534536,0.04099556705693807,0.04367095299009152,0.0008772274075544091,0,5000,5000,202
device_0,0.875,1707,4.0,140.0,0.05,late,48,16,3,0.2,0.8774036452681541,0,5000,1000,0.0014854199662357646,0.044321054221506305,0.04580647418774207,0.000278713264797966,0,5000,5000,212
device_0,0.875,1708,4.0,140.0,0.05,late,48,16,3,0.20258,0.87442580026271,0,5000,1000,0.001908130209702621,0.040214406669685634,0.04212253687938826,0.000343401030778133,0,5000,5000,205
device_0,0.875,1709,4.0,140.0,0.05,late,48,16,3,0.19831,0.8770598020870867,0,5000,1000,0.0016206893943172544,0.03860556616875878,0.04022625556307603,0.0,0,5000,5000,192
device_0,0.875,1710,4.0,140.0,0.05,late,48,16,3,0.19668,0.8724656025657239,0,5000,1000,0.001820266574905707,0.036257249409538415,0.03807751598444412,0.0004397127959192919,0,5000,5000,198
device_0,0.9375,1701,4.0,140.0,0.05,late,48,16,3,0.20509,0.9402237906216514,0,5000,1000,0.0016904109378721042,0.04544103867028561,0.04713144960815772,0.00029238296029606586,0,5000,5000,220
device_0,0.9375,1702,4.0,140.0,0.05,late,48,16,3,0.19366,0.9366016280001491,0,5000,1000,0.0014688641101824578,0.037757411381570315,0.039226275491752775,0.0002004344684771221,0,5000,5000,182
device_0,0.9375,1703,4.0,140.0,0.05,late,48,16,3,0.19489,0.9369055048961522,0,5000,1000,0.0025135327799300083,0.043665024756514896,0.046178557536444904,0.0,0,5000,5000,220
device_0,0.9375,1704,4.0,140.0,0.05,late,48,16,3,0.19999,0.9358099323716185,0,5000,1000,0.0016215701437498147,0.03948331503778601,0.04110488518153582,0.0006186426016897737,0,5000,5000,192
device_0,0.9375,1705,4.0,140.0,0.05,late,48,16,3,0.19063,0.9374553760710133,0,5000,1000,0.001821742035591693,0.0371540985194228,0.03897584055501449,5.5809932905523286e-05,0,5000,5000,192
device_0,0.9375,1706,4.0,140.0,0.05,late,48,16,3,0.20144,0.9386428776611538,0,5000,1000,0.0019167231339137839,0.043655636352106335,0.04557235948602011,0.0,0,5000,5000,220
device_0,0.9375,1707,4.0,140.0,0.05,late,48,16,3,0.20073,0.9386652506542138,0,5000,1000,0.0027657200627566264,0.04722790409101737,0.049993624153773994,0.0005621932984651064,0,5000,5000,232
device_0,0.9375,1708,4.0,140.0,0.05,late,48,16,3,0.19042,0.9350336658268497,0,5000,1000,0.0015153900662104587,0.032889658364984836,0.034405048431195295,0.0,0,5000,5000,168
device_0,0.9375,1709,4.0,140.0,0.05,late,48,16,3,0.20214,0.9387695757970393,0,5000,1000,0.0015645681493099124,0.03902898333754327,0.04059355148685318,0.00015842181237909407,0,5000,5000,189
device_0,0.9375,1710,4.0,140.0,0.05,late,48,16,3,0.20082,0.9338903427364145,0,5000,1000,0.0019183259806746166,0.03920786425605594,0.04112619023673056,9.962352681578275e-05,0,5000,5000,190
device_0,0.975,1701,4.0,140.0,0.05,late,48,16,3,0.20012,0.9750727182312047,0,5000,1000,0.0012831443303749277,0.03592782949646179,0.03721097382683672,0.0,0,5000,5000,177
device_0,0.975,1702,4.0,140.0,0.05,late,48,16,3,0.19762,0.9739220248349032,0,5000,1000,0.002748986612564529,0.0370942276547148,0.03984321426727933,0.00015922255218992428,0,5000,5000,185
device_0,0.975,1703,4.0,140.0,0.05,late,48,16,3,0.1984,0.975854682367182,0,5000,1000,0.002602486596602002,0.038609978259057084,0.04121246485565908,0.0001105522361894294,0,5000,5000,191
device_0,0.975,1704,4.0,140.0,0.05,late,48,16,3,0.19634,0.9733501805342133,0,5000,1000,0.0017593665937638216,0.0384251620295923,0.04018452862335612,0.0006573341683112516,0,5000,5000,198
device_0,0.975,1705,4.0,140.0,0.05,late,48,16,3,0.19493,0.9747974986214312,0,5000,1000,0.0018834803307433746,0.04216440977481785,0.04404789010556122,0.0003939339794390669,0,5000,5000,196
device_0,0.975,1706,4.0,140.0,0.05,late,48,16,3,0.203,0.9742259419786155,0,5000,1000,0.0030274744487114313,0.04292308958622548,0.045950564034936914,0.0,0,5000,5000,211
device_0,0.975,1707,4.0,140.0,0.05,late,48,16,3,0.20266,0.9738223967562294,0,5000,1000,0.0026770752109255584,0.034013097466586935,0.03669017267751249,0.0005128701113791364,0,5000,5000,170
device_0,0.975,1708,4.0,140.0,0.05,late,48,16,3,0.19043,0.9746047948044175,0,5000,1000,0.002004053961495416,0.035741790258964116,0.03774584422045953,0.00024229674530857253,0,5000,5000,176
device_0,0.975,1709,4.0,140.0,0.05,late,48,16,3,0.19294,0.9749540477640206,0,5000,1000,0.0017630623154931725,0.04367374264621589,0.045436804961709064,2.5172653130771457e-05,0,5000,5000,219
device_0,0.975,1710,4.0,140.0,0.05,late,48,16,3,0.19779,0.9774683509778551,0,5000,1000,0.0023448506192835297,0.043454401979952845,0.045799252599236374,0.0002433436862870437,0,5000,5000,205
device_0,0.0,1701,4.0,140.0,0.1,drop,48,16,3,0.19936,-0.002661444942765865,0,10000,1000,9.981559877383267,15.717583563534626,25.699143440917894,0.2956119254879933,0,10000,10000,10000
device_0,0.0,1702,4.0,140.0,0.1,drop,48,16,3,0.20106,0.005830007599770396,0,10000,1000,9.982287762856405,15.664081801131186,25.64636956398759,0.3094441065858615,0,10000,10000,10000
device_0,0.0,1703,4.0,140.0,0.1,drop,48,16,3,0.19952,0.005656351965683195,0,10000,1000,9.939255869437345,15.760376433769789,25.69963230320713,0.30892093994070774,0,10000,10000,10000
device_0,0.0,1704,4.0,140.0,0.1,drop,48,16,3,0.20257,0.002457782015709934,0,10000,1000,10.031354428257844,15.553604118161592,25.584958546419436,0.29132418528938864,0,10000,10000,10000
device_0,0.0,1705,4.0,140.0,0.1,drop,48,16,3,0.20104,-0.004155617772998724,0,10000,1000,10.012031583475897,15.65569463044238,25.66772621391828,0.28958786549375787,0,10000,10000,10000
device_0,0.0,1706,4.0,140.0,0.1,drop,48,16,3,0.20062,-0.0045443747273977144,0,10000,1000,9.988973497470607,15.698496572469297,25.687470069939906,0.2721179125386287,0,10000,10000,10000
device_0,0.0,1707,4.0,140.0,0.1,drop,48,16,3,0.19896,0.001346027845602329,0,10000,1000,9.984839842471747,15.67046059243996,25.6553004349117,0.29027450902136387,0,10000,10000,10000
device_0,0.0,1708,4.0,140.0,0.1,drop,48,16,3,0.19922,-0.001372807149175493,0,10000,1000,9.92818835873457,15.776023203524788,25.70421156225936,0.2838632411895968,0,10000,10000,10000
device_0,0.0,1709,4.0,140.0,0.1,drop,48,16,3,0.20001,0.005034822885721277,0,10000,1000,9.99594489189064,15.689166709078975,25.685111600969616,0.3120183156863629,0,10000,10000,10000
device_0,0.0,1710,4.0,140.0,0.1,drop,48,16,3,0.19848,0.0007247411049733544,0,10000,1000,10.03495541283244,15.634042779704814,25.668998192537256,0.2967354044931843,0,10000,10000,10000
device_0,0.375,1701,4.0,140.0,0.1,drop,48,16,3,0.19773,0.37585282092426525,0,10000,1000,9.928388851986853,15.721707055673196,25.650095907660052,0.8676229808843954,0,10000,10000,10000
device_0,0.375,1702,4.0,140.0,0.1,drop,48,16,3,0.20083,0.3763938072575695,0,10000,1000,10.037936509777133,15.624951104157837,25.66288761393497,0.8265700792788885,0,10000,10000,10000
device_0,0.375,1703,4.0,140.0,0.1,drop,48,16,3,0.19949,0.3708761472322628,0,10000,1000,9.980438078697299,15.718648319946372,25.69908639864367,0.8045654686930657,0,10000,10000,10000
device_0,0.375,1704,4.0,140.0,0.1,drop,48,16,3,0.19956,0.37083454970073176,0,10000,1000,9.983895173215464,15.68861127224435,25.672506445459817,0.8416658060387721,0,10000,10000,10000
device_0,0.375,1705,4.0,140.0,0.1,drop,48,16,3,0.1976,0.38054564128452917,0,10000,1000,9.977990830968617,15.755729312294438,25.733720143263053,0.8766002885222342,0,10000,10000,10000
device_0,0.375,1706,4.0,140.0,0.1,drop,48,16,3,0.19975,0.37847803043317246,0,10000,1000,9.963586133272003,15.732624782909156,25.69621091618116,0.8130886780454093,0,10000,10000,10000
device_0,0.375,1707,4.0,140.0,0.1,drop,48,16,3,0.19756,0.3714936166119789,0,10000,1000,10.09607326325996,15.585626698830676,25.681699962090633,0.8420138997295209,0,10000,10000,10000
device_0,0.375,1708,4.0,140.0,0.1,drop,48,16,3,0.19968,0.3728274067949136,0,10000,1000,10.109327749796932,15.467288838175127,25.576616587972058,0.8189591912822834,0,10000,10000,10000
device_0,0.375,1709,4.0,140.0,0.1,drop,48,16,3,0.20214,0.3789219763360735,0,10000,1000,9.956352325564426,15.758780097498377,25.715132423062805,0.8324565315175396,0,10000,10000,10000
device_0,0.375,1710,4.0,140.0,0.1,drop,48,16,3,0.19842,0.37511826036297974,0,10000,1000,9.942855064271134,15.81487863544499,25.757733699716127,0.8365754306797467,0,10000,10000,10000
device_0,0.75,1701,4.0,140.0,0.1,drop,48,16,3,0.20817,0.7556341521150168,0,10000,1000,9.969506393431756,15.565043454207492,25.534549847639248,1.4777262949230845,0,10000,10000,10000
device_0,0.75,1702,4.0,140.0,0.1,drop,48,16,3,0.20244,0.7487885933421545,0,10000,1000,9.926585336747635,15.798762563570484,25.72534790031812,1.6093135857308503,0,10000,10000,10000
device_0,0.75,1703,4.0,140.0,0.1,drop,48,16,3,0.20102,0.7470900970852136,0,10000,1000,10.025691191277291,15.686257130282346,25.71194832155964,1.6744645415862105,0,10000,10000,10000
device_0,0.75,1704,4.0,140.0,0.1,drop,48,16,3,0.19715,0.7479806369104111,0,10000,1000,10.016157863054376,15.698301652624604,25.714459515678982,1.7210659827097057,0,10000,10000,10000
device_0,0.75,1705,4.0,140.0,0.1,drop,48,16,3,0.20494,0.7506431485678381,0,10000,1000,9.968094017146134,15.692905353099299,25.66099937024543,1.5726427272690675,0,10000,10000,10000
device_0,0.75,1706,4.0,140.0,0.1,drop,48,16,3,0.20282,0.7537784223147826,0,10000,1000,9.897101622944,15.66458316527613,25.561684788220127,1.6005378708843845,0,10000,10000,10000
device_0,0.75,1707,4.0,140.0,0.1,drop,48,16,3,0.20138,0.7431906944181493,0,10000,1000,9.921975876118298,15.742832502008842,25.664808378127137,1.6215052623944433,0,10000,10000,10000
device_0,0.75,1708,4.0,140.0,0.1,drop,48,16,3,0.20034,0.7475350990705809,0,10000,1000,10.057999733543111,15.599617364281473,25.657617097824584,1.644217568213888,0,10000,10000,10000
device_0,0.75,1709,4.0,140.0,0.1,drop,48,16,3,0.20613,0.7542776800152501,0,10000,1000,9.995588288483116,15.561103933836153,25.556692222319267,1.562297298366046,0,10000,10000,10000
device_0,0.75,1710,4.0,140.0,0.1,drop,48,16,3,0.20286,0.74728584709585,0,10000,1000,10.011968196378316,15.645527657553645,25.657495853931962,1.5544032088888313,0,10000,10000,10000
device_0,0.875,1701,4.0,140.0,0.1,drop,48,16,3,0.20249,0.8763990178082249,0,10000,1000,10.005940302153235,15.66259693491553,25.668537237068765,2.014265557481407,0,10000,10000,10000
device_0,0.875,1702,4.0,140.0,0.1,drop,48,16,3,0.19703,0.8759866636367837,0,10000,1000,10.022231860907567,15.652489253038137,25.674721113945704,2.138218346198314,0,10000,10000,10000
device_0,0.875,1703,4.0,140.0,0.1,drop,48,16,3,0.20238,0.8773687974569232,0,10000,1000,9.948836450745526,15.740390288030813,25.68922673877634,2.052825506819464,0,10000,10000,10000
device_0,0.875,1704,4.0,140.0,0.1,drop,48,16,3,0.19663,0.8771256568671042,0,10000,1000,9.932013807153586,15.754624970680448,25.68663877783403,2.2275166100519432,0,10000,10000,10000
device_0,0.875,1705,4.0,140.0,0.1,drop,48,16,3,0.20133,0.8756186617053834,0,10000,1000,9.95577922100781,15.668382530511517,25.624161751519324,2.0703300256160526,0,10000,10000,10000
device_0,0.875,1706,4.0,140.0,0.1,drop,48,16,3,0.19605,0.8731077294363513,0,10000,1000,9.900161192949666,15.921411121591092,25.821572314540756,2.2680649036036558,0,10000,10000,10000
device_0,0.875,1707,4.0,140.0,0.1,drop,48,16,3,0.2,0.8774036452681541,0,10000,1000,10.049362701809867,15.634336086362715,25.68369878817258,2.130687078010657,0,10000,10000,10000
device_0,0.875,1708,4.0,140.0,0.1,drop,48,16,3,0.20258,0.87442580026271,0,10000,1000,9.996416199664058,15.714521735106183,25.71093793477024,2.0831585888057895,0,10000,10000,10000
device_0,0.875,1709,4.0,140.0,0.1,drop,48,16,3,0.19831,0.8770598020870867,0,10000,1000,9.901804628391563,15.739327178478666,25.64113180687023,2.1414598082212692,0,10000,10000,10000
device_0,0.875,1710,4.0,140.0,0.1,drop,48,16,3,0.19668,0.8724656025657239,0,10000,1000,10.052487993234676,15.680360618419135,25.73284861165381,2.2132802242519083,0,10000,10000,10000
device_0,0.9375,1701,4.0,140.0,0.1,drop,48,16,3,0.20509,0.9402237906216514,0,10000,1000,9.948950022642606,15.607235027346256,25.556185049988862,2.1222818107800854,0,10000,10000,10000
device_0,0.9375,1702,4.0,140.0,0.1,drop,48,16,3,0.19366,0.9366016280001491,0,10000,1000,9.995930514449057,15.7905050546842,25.786435569133253,2.5164331620961047,0,10000,10000,10000
device_0,0.9375,1703,4.0,140.0,0.1,drop,48,16,3,0.19489,0.9369055048961522,0,10000,1000,9.950893878626145,15.781714876110465,25.732608754736606,2.5030293961045347,0,10000,10000,10000
device_0,0.9375,1704,4.0,140.0,0.1,drop,48,16,3,0.19999,0.9358099323716185,0,10000,1000,10.07097857024379,15.623493212417594,25.694471782661388,2.351353924967852,0,10000,10000,10000
device_0,0.9375,1705,4.0,140.0,0.1,drop,48,16,3,0.19063,0.9374553760710133,0,10000,1000,10.025641787964936,15.8066587597599,25.832300547724838,2.613634803578688,0,10000,10000,10000
device_0,0.9375,1706,4.0,140.0,0.1,drop,48,16,3,0.20144,0.9386428776611538,0,10000,1000,10.045913532491157,15.585635710028038,25.631549242519196,2.2732120145963646,0,10000,10000,10000
device_0,0.9375,1707,4.0,140.0,0.1,drop,48,16,3,0.20073,0.9386652506542138,0,10000,1000,10.086529654033232,15.60834494171016,25.69487459574339,2.3152562224464845,0,10000,10000,10000
device_0,0.9375,1708,4.0,140.0,0.1,drop,48,16,3,0.19042,0.9350336658268497,0,10000,1000,10.012091843406996,15.77169305958559,25.783784902992586,2.602448809988744,0,10000,10000,10000
device_0,0.9375,1709,4.0,140.0,0.1,drop,48,16,3,0.20214,0.9387695757970393,0,10000,1000,10.102189791705227,15.544310464015163,25.64650025572039,2.2722685565310976,0,10000,10000,10000
device_0,0.9375,1710,4.0,140.0,0.1,drop,48,16,3,0.20082,0.9338903427364145,0,10000,1000,9.904866898446874,15.71728707016418,25.62215396861105,2.258062080263986,0,10000,10000,10000
device_0,0.975,1701,4.0,140.0,0.1,drop,48,16,3,0.20012,0.9750727182312047,0,10000,1000,9.886094753093746,15.718498193119412,25.60459294621316,2.4192694558335184,0,10000,10000,10000
device_0,0.975,1702,4.0,140.0,0.1,drop,48,16,3,0.19762,0.9739220248349032,0,10000,1000,10.072489230964772,15.640906998891943,25.713396229856716,2.5568973331000455,0,10000,10000,10000
device_0,0.975,1703,4.0,140.0,0.1,drop,48,16,3,0.1984,0.975854682367182,0,10000,1000,10.031976591583016,15.621106575061516,25.653083166644528,2.4860886690568837,0,10000,10000,10000
device_0,0.975,1704,4.0,140.0,0.1,drop,48,16,3,0.19634,0.9733501805342133,0,10000,1000,10.115278422813045,15.61469655312248,25.729974975935523,2.563107252246621,0,10000,10000,10000
device_0,0.975,1705,4.0,140.0,0.1,drop,48,16,3,0.19493,0.9747974986214312,0,10000,1000,10.010914001810876,15.734567775661892,25.74548177747277,2.639423545155865,0,10000,10000,10000
device_0,0.975,1706,4.0,140.0,0.1,drop,48,16,3,0.203,0.9742259419786155,0,10000,1000,10.083392281754502,15.55626088440746,25.63965316616196,2.357046616253183,0,10000,10000,10000
device_0,0.975,1707,4.0,140.0,0.1,drop,48,16,3,0.20266,0.9738223967562294,0,10000,1000,10.021779645131192,15.5601457984435,25.581925443574693,2.336699622796488,0,10000,10000,10000
device_0,0.975,1708,4.0,140.0,0.1,drop,48,16,3,0.19043,0.9746047948044175,0,10000,1000,10.032048843859512,15.758844304553435,25.790893148412948,2.7792605700386885,0,10000,10000,10000
device_0,0.975,1709,4.0,140.0,0.1,drop,48,16,3,0.19294,0.9749540477640206,0,10000,1000,9.976053560311035,15.720420950411473,25.69647451072251,2.693460357590753,0,10000,10000,10000
device_0,0.975,1710,4.0,140.0,0.1,drop,48,16,3,0.19779,0.9774683509778551,0,10000,1000,10.02302656899472,15.691031113850624,25.714057682845343,2.5717412161205697,0,10000,10000,10000
device_0,0.0,1701,4.0,140.0,0.1,late,48,16,3,0.19936,-0.002661444942765865,0,10000,1000,0.005342260572842039,0.03986423048210099,0.04520649105494303,0.0,0,10000,10000,214
device_0,0.0,1702,4.0,140.0,0.1,late,48,16,3,0.20106,0.005830007599770396,0,10000,1000,0.004120524977488307,0.03687272529184987,0.04099325026933818,4.2726642007241054e-05,0,10000,10000,201
device_0,0.0,1703,4.0,140.0,0.1,late,48,16,3,0.19952,0.005656351965683195,0,10000,1000,0.004106300856492868,0.043573847497834245,0.04768014835432711,0.0,0,10000,10000,220
device_0,0.0,1704,4.0,140.0,0.1,late,48,16,3,0.20257,0.002457782015709934,0,10000,1000,0.004866351421987618,0.03974904005735742,0.04461539147934503,0.00027948198627240396,0,10000,10000,213
device_0,0.0,1705,4.0,140.0,0.1,late,48,16,3,0.20104,-0.004155617772998724,0,10000,1000,0.003338033734880014,0.04013413829500803,0.04347217202988805,0.00018396756352339176,0,10000,10000,203
device_0,0.0,1706,4.0,140.0,0.1,late,48,16,3,0.20062,-0.0045443747273977144,0,10000,1000,0.0031483125235902587,0.03968601435886321,0.04283432688245347,0.0,0,10000,10000,209
device_0,0.0,1707,4.0,140.0,0.1,late,48,16,3,0.19896,0.001346027845602329,0,10000,1000,0.0036471376623515464,0.03621718992127108,0.03986432758362262,0.0,0,10000,10000,184
device_0,0.0,1708,4.0,140.0,0.1,late,48,16,3,0.19922,-0.001372807149175493,0,10000,1000,0.004304539009764215,0.0401536676495616,0.044458206659325816,0.0,0,10000,10000,203
device_0,0.0,1709,4.0,140.0,0.1,late,48,16,3,0.20001,0.005034822885721277,0,10000,1000,0.004029825650968502,0.03504852442597527,0.039078350076943776,0.0,0,10000,10000,182
device_0,0.0,1710,4.0,140.0,0.1,late,48,16,3,0.19848,0.0007247411049733544,0,10000,1000,0.0054362192106406386,0.03408573747313524,0.03952195668377587,0.0002987149663654614,0,10000,10000,184
device_0,0.375,1701,4.0,140.0,0.1,late,48,16,3,0.19773,0.37585282092426525,0,10000,1000,0.0037823784966656755,0.03824385258718131,0.04202623108384699,0.0002237471635016625,0,10000,10000,204
device_0,0.375,1702,4.0,140.0,0.1,late,48,16,3,0.20083,0.3763938072575695,0,10000,1000,0.003086017384514813,0.03916929915490384,0.04225531653941865,0.00031840335880301137,0,10000,10000,197
device_0,0.375,1703,4.0,140.0,0.1,late,48,16,3,0.19949,0.3708761472322628,0,10000,1000,0.00434382270870613,0.042276845461779754,0.046620668170485886,0.0006418656419002902,0,10000,10000,215
device_0,0.375,1704,4.0,140.0,0.1,late,48,16,3,0.19956,0.37083454970073176,0,10000,1000,0.0052760616343166394,0.033300371714633924,0.03857643334895056,0.00016115351783060205,0,10000,10000,182
device_0,0.375,1705,4.0,140.0,0.1,late,48,16,3,0.1976,0.38054564128452917,0,10000,1000,0.005821262938117229,0.04000766607158236,0.04582892900969959,1.6402242776551246e-05,0,10000,10000,210
device_0,0.375,1706,4.0,140.0,0.1,late,48,16,3,0.19975,0.37847803043317246,0,10000,1000,0.0029939956011153903,0.042428356862732185,0.04542235246384758,3.881549949641085e-06,0,10000,10000,217
device_0,0.375,1707,4.0,140.0,0.1,late,48,16,3,0.19756,0.3714936166119789,0,10000,1000,0.003790574079519331,0.03766070025534435,0.04145127433486368,0.00022382333610015387,0,10000,10000,194
device_0,0.375,1708,4.0,140.0,0.1,late,48,16,3,0.19968,0.3728274067949136,0,10000,1000,0.003704758554912557,0.035289582537745084,0.03899434109265764,0.0,0,10000,10000,198
device_0,0.375,1709,4.0,140.0,0.1,late,48,16,3,0.20214,0.3789219763360735,0,10000,1000,0.0032569851764310356,0.03762716953114522,0.04088415470757626,0.0,0,10000,10000,199
device_0,0.375,1710,4.0,140.0,0.1,late,48,16,3,0.19842,0.37511826036297974,0,10000,1000,0.0031036091344364618,0.03753138587995018,0.040634995014386645,0.00040719385124897607,0,10000,10000,198
device_0,0.75,1701,4.0,140.0,0.1,late,48,16,3,0.20817,0.7556341521150168,0,10000,1000,0.0047915152776646696,0.03504472250776364,0.0398362377854283,0.00017295607588085888,0,10000,10000,192
device_0,0.75,1702,4.0,140.0,0.1,late,48,16,3,0.20244,0.7487885933421545,0,10000,1000,0.005232836862839596,0.0378807219232252,0.04311355878606479,0.0,0,10000,10000,204
device_0,0.75,1703,4.0,140.0,0.1,late,48,16,3,0.20102,0.7470900970852136,0,10000,1000,0.004376638127038125,0.03707017309303957,0.04144681122007769,0.0009950542286032767,0,10000,10000,201
device_0,0.75,1704,4.0,140.0,0.1,late,48,16,3,0.19715,0.7479806369104111,0,10000,1000,0.006010616628733529,0.03383600507446601,0.03984662170319954,3.183506006831864e-06,0,10000,10000,185
device_0,0.75,1705,4.0,140.0,0.1,late,48,16,3,0.20494,0.7506431485678381,0,10000,1000,0.0023092992077604355,0.0421809367858021,0.044490235993562534,0.0002678098650399279,0,10000,10000,220
device_0,0.75,1706,4.0,140.0,0.1,late,48,16,3,0.20282,0.7537784223147826,0,10000,1000,0.00381707015034416,0.03891628924782954,0.0427333593981737,7.110361148130999e-05,0,10000,10000,191
device_0,0.75,1707,4.0,140.0,0.1,late,48,16,3,0.20138,0.7431906944181493,0,10000,1000,0.0042176365667268186,0.03740358671683439,0.041621223283561215,0.0005294515338088739,0,10000,10000,193
device_0,0.75,1708,4.0,140.0,0.1,late,48,16,3,0.20034,0.7475350990705809,0,10000,1000,0.0033007006017677716,0.04095880496493102,0.04425950556669879,0.0002272220375583469,0,10000,10000,206
device_0,0.75,1709,4.0,140.0,0.1,late,48,16,3,0.20613,0.7542776800152501,0,10000,1000,0.0037686633172776996,0.0380501405896919,0.041818803906969605,0.0002340558825056183,0,10000,10000,190
device_0,0.75,1710,4.0,140.0,0.1,late,48,16,3,0.20286,0.74728584709585,0,10000,1000,0.0038512695253473607,0.04210240004573137,0.04595366957107873,0.000764054681099092,0,10000,10000,224
device_0,0.875,1701,4.0,140.0,0.1,late,48,16,3,0.20249,0.8763990178082249,0,10000,1000,0.004743549598932529,0.036870999363570356,0.041614548962502884,0.0003419792560291865,0,10000,10000,190
device_0,0.875,1702,4.0,140.0,0.1,late,48,16,3,0.19703,0.8759866636367837,0,10000,1000,0.0038795634572736204,0.038603008523555665,0.04248257198082928,0.0,0,10000,10000,198
device_0,0.875,1703,4.0,140.0,0.1,late,48,16,3,0.20238,0.8773687974569232,0,10000,1000,0.005429038210542047,0.04053956151569422,0.045968599726236264,3.3749557500967224e-05,0,10000,10000,219
device_0,0.875,1704,4.0,140.0,0.1,late,48,16,3,0.19663,0.8771256568671042,0,10000,1000,0.0037037778205362784,0.037147936604621554,0.04085171442515783,0.00026287361036258,0,10000,10000,190
device_0,0.875,1705,4.0,140.0,0.1,late,48,16,3,0.20133,0.8756186617053834,0,10000,1000,0.004809268066975912,0.03491394755084344,0.03972321561781935,0.00030393222020377045,0,10000,10000,185
device_0,0.875,1706,4.0,140.0,0.1,late,48,16,3,0.19605,0.8731077294363513,0,10000,1000,0.0031791903749142946,0.04049176261517723,0.04367095299009152,0.0008772274075544091,0,10000,10000,202
device_0,0.875,1707,4.0,140.0,0.1,late,48,16,3,0.2,0.8774036452681541,0,10000,1000,0.003907454036368635,0.04189902015137344,0.04580647418774207,0.000278713264797966,0,10000,10000,212
device_0,0.875,1708,4.0,140.0,0.1,late,48,16,3,0.20258,0.87442580026271,0,10000,1000,0.004903897934697881,0.03721863894469038,0.04212253687938826,0.000343401030778133,0,10000,10000,205
device_0,0.875,1709,4.0,140.0,0.1,late,48,16,3,0.19831,0.8770598020870867,0,10000,1000,0.0023586723415158235,0.03786758322156021,0.04022625556307603,0.0,0,10000,10000,192
device_0,0.875,1710,4.0,140.0,0.1,late,48,16,3,0.19668,0.8724656025657239,0,10000,1000,0.004923596952102243,0.03315391903234188,0.03807751598444412,0.0004397127959192919,0,10000,10000,198
device_0,0.9375,1701,4.0,140.0,0.1,late,48,16,3,0.20509,0.9402237906216514,0,10000,1000,0.006230139537036549,0.04090131007112117,0.04713144960815772,0.00029238296029606586,0,10000,10000,220
device_0,0.9375,1702,4.0,140.0,0.1,late,48,16,3,0.19366,0.9366016280001491,0,10000,1000,0.005466127751274575,0.0337601477404782,0.039226275491752775,0.0002004344684771221,0,10000,10000,182
device_0,0.9375,1703,4.0,140.0,0.1,late,48,16,3,0.19489,0.9369055048961522,0,10000,1000,0.0033045903041075335,0.04287396723233737,0.046178557536444904,0.0,0,10000,10000,220
device_0,0.9375,1704,4.0,140.0,0.1,late,48,16,3,0.19999,0.9358099323716185,0,10000,1000,0.003430940880521259,0.03767394430101456,0.04110488518153582,0.0006186426016897737,0,10000,10000,192
device_0,0.9375,1705,4.0,140.0,0.1,late,48,16,3,0.19063,0.9374553760710133,0,10000,1000,0.0026056681642076768,0.03637017239080682,0.03897584055501449,5.5809932905523286e-05,0,10000,10000,192
device_0,0.9375,1706,4.0,140.0,0.1,late,48,16,3,0.20144,0.9386428776611538,0,10000,1000,0.005136266141436827,0.040436093344583285,0.04557235948602011,0.0,0,10000,10000,220
device_0,0.9375,1707,4.0,140.0,0.1,late,48,16,3,0.20073,0.9386652506542138,0,10000,1000,0.005064754890638464,0.04492886926313553,0.049993624153773994,0.0005621932984651064,0,10000,10000,232
device_0,0.9375,1708,4.0,140.0,0.1,late,48,16,3,0.19042,0.9350336658268497,0,10000,1000,0.00288005337363245,0.03152499505756285,0.034405048431195295,0.0,0,10000,10000,168
device_0,0.9375,1709,4.0,140.0,0.1,late,48,16,3,0.20214,0.9387695757970393,0,10000,1000,0.003935355567001717,0.03665819591985146,0.04059355148685318,0.00015842181237909407,0,10000,10000,189
device_0,0.9375,1710,4.0,140.0,0.1,late,48,16,3,0.20082,0.9338903427364145,0,10000,1000,0.0024793451004986563,0.0386468451362319,0.04112619023673056,9.962352681578275e-05,0,10000,10000,190
device_0,0.975,1701,4.0,140.0,0.1,late,48,16,3,0.20012,0.9750727182312047,0,10000,1000,0.004418377568173899,0.03279259625866282,0.03721097382683672,0.0,0,10000,10000,177
device_0,0.975,1702,4.0,140.0,0.1,late,48,16,3,0.19762,0.9739220248349032,0,10000,1000,0.004130630685508902,0.03571258358177043,0.03984321426727933,0.00015922255218992428,0,10000,10000,185
device_0,0.975,1703,4.0,140.0,0.1,late,48,16,3,0.1984,0.975854682367182,0,10000,1000,0.00407839536872658,0.03713406948693251,0.04121246485565908,0.0001105522361894294,0,10000,10000,191
device_0,0.975,1704,4.0,140.0,0.1,late,48,16,3,0.19634,0.9733501805342133,0,10000,1000,0.00333134439178109,0.036853184231575034,0.04018452862335612,0.0006573341683112516,0,10000,10000,198
device_0,0.975,1705,4.0,140.0,0.1,late,48,16,3,0.19493,0.9747974986214312,0,10000,1000,0.004187284712353703,0.039860605393207516,0.04404789010556122,0.0003939339794390669,0,10000,10000,196
device_0,0.975,1706,4.0,140.0,0.1,late,48,16,3,0.203,0.9742259419786155,0,10000,1000,0.004628764148748354,0.04132179988618856,0.045950564034936914,0.0,0,10000,10000,211
device_0,0.975,1707,4.0,140.0,0.1,late,48,16,3,0.20266,0.9738223967562294,0,10000,1000,0.0034252572369443905,0.0332649154405681,0.03669017267751249,0.0005128701113791364,0,10000,10000,170
device_0,0.975,1708,4.0,140.0,0.1,late,48,16,3,0.19043,0.9746047948044175,0,10000,1000,0.0032071318009154505,0.03453871241954408,0.03774584422045953,0.00024229674530857253,0,10000,10000,176
device_0,0.975,1709,4.0,140.0,0.1,late,48,16,3,0.19294,0.9749540477640206,0,10000,1000,0.005875338294081261,0.039561466667627804,0.045436804961709064,2.5172653130771457e-05,0,10000,10000,219
device_0,0.975,1710,4.0,140.0,0.1,late,48,16,3,0.19779,0.9774683509778551,0,10000,1000,0.005496207050633685,0.040303045548602694,0.045799252599236374,0.0002433436862870437,0,10000,10000,205
device_0,0.0,1701,4.0,140.0,0.15,drop,48,16,3,0.19936,-0.002661444942765865,0,15000,1000,14.945935971287152,20.285180689407557,35.23111666069471,0.8995038441796245,0,15000,15000,15000
device_0,0.0,1702,4.0,140.0,0.15,drop,48,16,3,0.20106,0.005830007599770396,0,15000,1000,14.943256066430587,20.318246426742938,35.26150249317352,0.976896199228229,0,15000,15000,15000
device_0,0.0,1703,4.0,140.0,0.15,drop,48,16,3,0.19952,0.005656351965683195,0,15000,1000,15.020996393273977,20.269554208698835,35.29055060197282,0.97398296491558,0,15000,15000,15000
device_0,0.0,1704,4.0,140.0,0.15,drop,48,16,3,0.20257,0.002457782015709934,0,15000,1000,15.023209793691686,20.17294439910786,35.19615419279955,0.9341590476624838,0,15000,15000,15000
device_0,0.0,1705,4.0,140.0,0.15,drop,48,16,3,0.20104,-0.004155617772998724,0,15000,1000,15.012394472876908,20.255159819680994,35.267554292557904,0.9241128539200896,0,15000,15000,15000
device_0,0.0,1706,4.0,140.0,0.15,drop,48,16,3,0.20062,-0.0045443747273977144,0,15000,1000,15.160560177872682,20.12456286085734,35.28512303873002,0.9046811384813186,0,15000,15000,15000
device_0,0.0,1707,4.0,140.0,0.15,drop,48,16,3,0.19896,0.001346027845602329,0,15000,1000,15.013704563918605,20.20032159791579,35.21402616183439,0.9191053775930682,0,15000,15000,15000
device_0,0.0,1708,4.0,140.0,0.15,drop,48,16,3,0.19922,-0.001372807149175493,0,15000,1000,15.026101230373328,20.280236129280198,35.306337359653526,0.9280831125591182,0,15000,15000,15000
device_0,0.0,1709,4.0,140.0,0.15,drop,48,16,3,0.20001,0.005034822885721277,0,15000,1000,15.112164867546344,20.119862478401625,35.23202734594797,0.9659335789078424,0,15000,15000,15000
device_0,0.0,1710,4.0,140.0,0.15,drop,48,16,3,0.19848,0.0007247411049733544,0,15000,1000,14.962233093237082,20.276197870647355,35.23843096388443,0.9480334513674594,0,15000,15000,15000
device_0,0.375,1701,4.0,140.0,0.15,drop,48,16,3,0.19773,0.37585282092426525,0,15000,1000,15.02218582984892,20.188938460772327,35.21112429062125,3.3309174542069906,0,15000,15000,15000
device_0,0.375,1702,4.0,140.0,0.15,drop,48,16,3,0.20083,0.3763938072575695,0,15000,1000,15.067638920273808,20.1598972331526,35.227536153426406,3.1823363881490785,0,15000,15000,15000
device_0,0.375,1703,4.0,140.0,0.15,drop,48,16,3,0.19949,0.3708761472322628,0,15000,1000,14.889428133643241,20.409597432929147,35.29902556657239,3.199965178733659,0,15000,15000,15000
device_0,0.375,1704,4.0,140.0,0.15,drop,48,16,3,0.19956,0.37083454970073176,0,15000,1000,14.924064509948359,20.33145195532429,35.25551646527265,3.229578392384189,0,15000,15000,15000
device_0,0.375,1705,4.0,140.0,0.15,drop,48,16,3,0.1976,0.38054564128452917,0,15000,1000,14.964676527402364,20.361594849025042,35.32627137642741,3.3691596470164393,0,15000,15000,15000
device_0,0.375,1706,4.0,140.0,0.15,drop,48,16,3,0.19975,0.37847803043317246,0,15000,1000,15.162975752044426,20.088810982428285,35.25178673447272,3.197002847526401,0,15000,15000,15000
device_0,0.375,1707,4.0,140.0,0.15,drop,48,16,3,0.19756,0.3714936166119789,0,15000,1000,15.018416036792747,20.22580593192,35.24422196871275,3.2409518832708653,0,15000,15000,15000
device_0,0.375,1708,4.0,140.0,0.15,drop,48,16,3,0.19968,0.3728274067949136,0,15000,1000,14.955539926790356,20.21144674885882,35.16698667564918,3.1630347434398165,0,15000,15000,15000
device_0,0.375,1709,4.0,140.0,0.15,drop,48,16,3,0.20214,0.3789219763360735,0,15000,1000,15.162821673091262,20.189018495130654,35.35184016822191,3.2265443999609786,0,15000,15000,15000
device_0,0.375,1710,4.0,140.0,0.15,drop,48,16,3,0.19842,0.37511826036297974,0,15000,1000,14.977998848994707,20.371422656494175,35.349421505488884,3.274524190889964,0,15000,15000,15000
device_0,0.75,1701,4.0,140.0,0.15,drop,48,16,3,0.20817,0.7556341521150168,0,15000,1000,14.928193493860443,20.218691152194722,35.14688464605517,5.201029100798783,0,15000,15000,15000
device_0,0.75,1702,4.0,140.0,0.15,drop,48,16,3,0.20244,0.7487885933421545,0,15000,1000,15.040651464479902,20.300217551375912,35.340869015855816,5.419311248441886,0,15000,15000,15000
device_0,0.75,1703,4.0,140.0,0.15,drop,48,16,3,0.20102,0.7470900970852136,0,15000,1000,15.108650766391136,20.17921228748826,35.28786305387939,5.463742936163729,0,15000,15000,15000
device_0,0.75,1704,4.0,140.0,0.15,drop,48,16,3,0.19715,0.7479806369104111,0,15000,1000,14.895514993157963,20.364335947494844,35.25985094065281,5.519391289775378,0,15000,15000,15000
device_0,0.75,1705,4.0,140.0,0.15,drop,48,16,3,0.20494,0.7506431485678381,0,15000,1000,15.046493550556791,20.257286509416026,35.303780059972816,5.407074744587806,0,15000,15000,15000
device_0,0.75,1706,4.0,140.0,0.15,drop,48,16,3,0.20282,0.7537784223147826,0,15000,1000,15.12401785177493,20.017376718221648,35.141394569996585,5.383315587993536,0,15000,15000,15000
device_0,0.75,1707,4.0,140.0,0.15,drop,48,16,3,0.20138,0.7431906944181493,0,15000,1000,15.024746108643026,20.24759333662085,35.272339445263874,5.44831672054274,0,15000,15000,15000
device_0,0.75,1708,4.0,140.0,0.15,drop,48,16,3,0.20034,0.7475350990705809,0,15000,1000,15.04276500044793,20.18687611185542,35.22964111230335,5.466365869566466,0,15000,15000,15000
device_0,0.75,1709,4.0,140.0,0.15,drop,48,16,3,0.20613,0.7542776800152501,0,15000,1000,14.978612845911176,20.18833059144865,35.166943437359826,5.295046232459086,0,15000,15000,15000
device_0,0.75,1710,4.0,140.0,0.15,drop,48,16,3,0.20286,0.74728584709585,0,15000,1000,14.977598492219009,20.279400656368235,35.25699914858724,5.3329639423670905,0,15000,15000,15000
device_0,0.875,1701,4.0,140.0,0.15,drop,48,16,3,0.20249,0.8763990178082249,0,15000,1000,14.954450653957972,20.31408486519766,35.26853551915563,6.080196142364503,0,15000,15000,15000
device_0,0.875,1702,4.0,140.0,0.15,drop,48,16,3,0.19703,0.8759866636367837,0,15000,1000,14.846762041674173,20.38434800260383,35.231110044278005,6.163034407971487,0,15000,15000,15000
device_0,0.875,1703,4.0,140.0,0.15,drop,48,16,3,0.20238,0.8773687974569232,0,15000,1000,15.051708813468878,20.231792122764773,35.28350093623365,6.0907389851527105,0,15000,15000,15000
device_0,0.875,1704,4.0,140.0,0.15,drop,48,16,3,0.19663,0.8771256568671042,0,15000,1000,15.005641844379234,20.242751188217106,35.24839303259634,6.270113990130622,0,15000,15000,15000
device_0,0.875,1705,4.0,140.0,0.15,drop,48,16,3,0.20133,0.8756186617053834,0,15000,1000,14.996841272650355,20.204974483281926,35.20181575593228,6.113026152401908,0,15000,15000,15000
device_0,0.875,1706,4.0,140.0,0.15,drop,48,16,3,0.19605,0.8731077294363513,0,15000,1000,14.989701786478133,20.38176435230396,35.3714661387821,6.316835136512905,0,15000,15000,15000
device_0,0.875,1707,4.0,140.0,0.15,drop,48,16,3,0.2,0.8774036452681541,0,15000,1000,15.01468820957478,20.256654624066883,35.27134283364166,6.1742169673569185,0,15000,15000,15000
device_0,0.875,1708,4.0,140.0,0.15,drop,48,16,3,0.20258,0.87442580026271,0,15000,1000,15.05795454894979,20.26253466812833,35.32048921707812,6.144717384756554,0,15000,15000,15000
device_0,0.875,1709,4.0,140.0,0.15,drop,48,16,3,0.19831,0.8770598020870867,0,15000,1000,15.08812157820926,20.11081065148624,35.198932229695494,6.172290441950531,0,15000,15000,15000
device_0,0.875,1710,4.0,140.0,0.15,drop,48,16,3,0.19668,0.8724656025657239,0,15000,1000,15.05914007315407,20.22693526398622,35.28607533714029,6.238034682454379,0,15000,15000,15000
device_0,0.9375,1701,4.0,140.0,0.15,drop,48,16,3,0.20509,0.9402237906216514,0,15000,1000,14.994740159203145,20.203619232971903,35.19835939217505,6.294546989128701,0,15000,15000,15000
device_0,0.9375,1702,4.0,140.0,0.15,drop,48,16,3,0.19366,0.9366016280001491,0,15000,1000,14.969136958393484,20.37695066648703,35.34608762488051,6.635993038650672,0,15000,15000,15000
device_0,0.9375,1703,4.0,140.0,0.15,drop,48,16,3,0.19489,0.9369055048961522,0,15000,1000,14.919927088152088,20.348253696096865,35.268180784248955,6.593891984002816,0,15000,15000,15000
device_0,0.9375,1704,4.0,140.0,0.15,drop,48,16,3,0.19999,0.9358099323716185,0,15000,1000,14.903322632816382,20.391954613351132,35.295277246167515,6.490139632030771,0,15000,15000,15000
device_0,0.9375,1705,4.0,140.0,0.15,drop,48,16,3,0.19063,0.9374553760710133,0,15000,1000,14.903548180930693,20.469376172209696,35.37292435314039,6.739488972990424,0,15000,15000,15000
device_0,0.9375,1706,4.0,140.0,0.15,drop,48,16,3,0.20144,0.9386428776611538,0,15000,1000,15.138520059382873,20.0722001118554,35.21072017123827,6.376746657808009,0,15000,15000,15000
device_0,0.9375,1707,4.0,140.0,0.15,drop,48,16,3,0.20073,0.9386652506542138,0,15000,1000,14.999146794450834,20.26868449772398,35.26783129217482,6.419897099405356,0,15000,15000,15000
device_0,0.9375,1708,4.0,140.0,0.15,drop,48,16,3,0.19042,0.9350336658268497,0,15000,1000,14.935699444051071,20.375905238774287,35.311604682825354,6.684085444461254,0,15000,15000,15000
device_0,0.9375,1709,4.0,140.0,0.15,drop,48,16,3,0.20214,0.9387695757970393,0,15000,1000,14.984347383995127,20.2604705686094,35.24481795260452,6.409022941256803,0,15000,15000,15000
device_0,0.9375,1710,4.0,140.0,0.15,drop,48,16,3,0.20082,0.9338903427364145,0,15000,1000,14.969010136507666,20.249282839917235,35.218292976424905,6.370629215304495,0,15000,15000,15000
device_0,0.975,1701,4.0,140.0,0.15,drop,48,16,3,0.20012,0.9750727182312047,0,15000,1000,14.989476694310717,20.20759732957005,35.197074023880766,6.584849146099312,0,15000,15000,15000
device_0,0.975,1702,4.0,140.0,0.15,drop,48,16,3,0.19762,0.9739220248349032,0,15000,1000,14.82443490312136,20.47547177469489,35.29990667781625,6.71701518099195,0,15000,15000,15000
device_0,0.975,1703,4.0,140.0,0.15,drop,48,16,3,0.1984,0.975854682367182,0,15000,1000,14.953767979232007,20.284233091288733,35.238001070520745,6.6466829679881165,0,15000,15000,15000
device_0,0.975,1704,4.0,140.0,0.15,drop,48,16,3,0.19634,0.9733501805342133,0,15000,1000,15.05610371435441,20.245447760803323,35.30155147515773,6.741739226802249,0,15000,15000,15000
device_0,0.975,1705,4.0,140.0,0.15,drop,48,16,3,0.19493,0.9747974986214312,0,15000,1000,15.12186119589914,20.176578768958816,35.298439964857955,6.790875844793762,0,15000,15000,15000
device_0,0.975,1706,4.0,140.0,0.15,drop,48,16,3,0.203,0.9742259419786155,0,15000,1000,14.92510389477059,20.35604798297201,35.281151877742595,6.563017359364717,0,15000,15000,15000
device_0,0.975,1707,4.0,140.0,0.15,drop,48,16,3,0.20266,0.9738223967562294,0,15000,1000,14.989172678093734,20.211942481828558,35.20111515992229,6.51215320015996,0,15000,15000,15000
device_0,0.975,1708,4.0,140.0,0.15,drop,48,16,3,0.19043,0.9746047948044175,0,15000,1000,14.88115715937116,20.406335034365718,35.28749219373688,6.875730861104308,0,15000,15000,15000
device_0,0.975,1709,4.0,140.0,0.15,drop,48,16,3,0.19294,0.9749540477640206,0,15000,1000,14.984867047195877,20.220335367340102,35.205202414535975,6.802428860210593,0,15000,15000,15000
device_0,0.975,1710,4.0,140.0,0.15,drop,48,16,3,0.19779,0.9774683509778551,0,15000,1000,15.032983598503414,20.221293714176802,35.254277312680216,6.7135439339731855,0,15000,15000,15000
device_0,0.0,1701,4.0,140.0,0.15,late,48,16,3,0.19936,-0.002661444942765865,0,15000,1000,0.00494001440705559,0.04026647664788744,0.04520649105494303,0.0,0,15000,15000,214
device_0,0.0,1702,4.0,140.0,0.15,late,48,16,3,0.20106,0.005830007599770396,0,15000,1000,0.006629211496992511,0.034364038772345666,0.04099325026933818,4.2726642007241054e-05,0,15000,15000,201
device_0,0.0,1703,4.0,140.0,0.15,late,48,16,3,0.19952,0.005656351965683195,0,15000,1000,0.006525157822707027,0.041154990531620084,0.04768014835432711,0.0,0,15000,15000,220
device_0,0.0,1704,4.0,140.0,0.15,late,48,16,3,0.20257,0.002457782015709934,0,15000,1000,0.006519047331010783,0.03809634414833425,0.04461539147934503,0.00027948198627240396,0,15000,15000,213
device_0,0.0,1705,4.0,140.0,0.15,late,48,16,3,0.20104,-0.004155617772998724,0,15000,1000,0.006502900009265371,0.036969272020622675,0.04347217202988805,0.00018396756352339176,0,15000,15000,203
device_0,0.0,1706,4.0,140.0,0.15,late,48,16,3,0.20062,-0.0045443747273977144,0,15000,1000,0.005540092005180547,0.03729423487727292,0.04283432688245347,0.0,0,15000,15000,209
device_0,0.0,1707,4.0,140.0,0.15,late,48,16,3,0.19896,0.001346027845602329,0,15000,1000,0.004686856675532017,0.035177470908090605,0.03986432758362262,0.0,0,15000,15000,184
device_0,0.0,1708,4.0,140.0,0.15,late,48,16,3,0.19922,-0.001372807149175493,0,15000,1000,0.007120422700894647,0.03733778395843117,0.044458206659325816,0.0,0,15000,15000,203
device_0,0.0,1709,4.0,140.0,0.15,late,48,16,3,0.20001,0.005034822885721277,0,15000,1000,0.00536726487660061,0.03371108520034316,0.039078350076943776,0.0,0,15000,15000,182
device_0,0.0,1710,4.0,140.0,0.15,late,48,16,3,0.19848,0.0007247411049733544,0,15000,1000,0.004109564276119697,0.03541239240765618,0.03952195668377587,0.0002987149663654614,0,15000,15000,184
device_0,0.375,1701,4.0,140.0,0.15,late,48,16,3,0.19773,0.37585282092426525,0,15000,1000,0.0074372401785976604,0.03458899090524933,0.04202623108384699,0.0002237471635016625,0,15000,15000,204
device_0,0.375,1702,4.0,140.0,0.15,late,48,16,3,0.20083,0.3763938072575695,0,15000,1000,0.006361798885532746,0.035893517653885904,0.04225531653941865,0.00031840335880301137,0,15000,15000,197
device_0,0.375,1703,4.0,140.0,0.15,late,48,16,3,0.19949,0.3708761472322628,0,15000,1000,0.007451227592947189,0.03916944057753869,0.046620668170485886,0.0006418656419002902,0,15000,15000,215
device_0,0.375,1704,4.0,140.0,0.15,late,48,16,3,0.19956,0.37083454970073176,0,15000,1000,0.0047861860125582864,0.03379024733639228,0.03857643334895056,0.00016115351783060205,0,15000,15000,182
device_0,0.375,1705,4.0,140.0,0.15,late,48,16,3,0.1976,0.38054564128452917,0,15000,1000,0.006072365779439992,0.0397565632302596,0.04582892900969959,1.6402242776551246e-05,0,15000,15000,210
device_0,0.375,1706,4.0,140.0,0.15,late,48,16,3,0.19975,0.37847803043317246,0,15000,1000,0.005617209952328113,0.03980514251151946,0.04542235246384758,3.881549949641085e-06,0,15000,15000,217
device_0,0.375,1707,4.0,140.0,0.15,late,48,16,3,0.19756,0.3714936166119789,0,15000,1000,0.0060205997913911485,0.03543067454347253,0.04145127433486368,0.00022382333610015387,0,15000,15000,194
device_0,0.375,1708,4.0,140.0,0.15,late,48,16,3,0.19968,0.3728274067949136,0,15000,1000,0.004876748688540768,0.03411759240411687,0.03899434109265764,0.0,0,15000,15000,198
device_0,0.375,1709,4.0,140.0,0.15,late,48,16,3,0.20214,0.3789219763360735,0,15000,1000,0.006315382523513594,0.034568772184062665,0.04088415470757626,0.0,0,15000,15000,199
device_0,0.375,1710,4.0,140.0,0.15,late,48,16,3,0.19842,0.37511826036297974,0,15000,1000,0.007634247983789841,0.03300074703059681,0.040634995014386645,0.00040719385124897607,0,15000,15000,198
device_0,0.75,1701,4.0,140.0,0.15,late,48,16,3,0.20817,0.7556341521150168,0,15000,1000,0.005759636214309198,0.03407660157111911,0.0398362377854283,0.00017295607588085888,0,15000,15000,192
device_0,0.75,1702,4.0,140.0,0.15,late,48,16,3,0.20244,0.7487885933421545,0,15000,1000,0.007609478979728538,0.03550407980633625,0.04311355878606479,0.0,0,15000,15000,204
device_0,0.75,1703,4.0,140.0,0.15,late,48,16,3,0.20102,0.7470900970852136,0,15000,1000,0.00517418329032337,0.036272627929754324,0.04144681122007769,0.0009950542286032767,0,15000,15000,201
device_0,0.75,1704,4.0,140.0,0.15,late,48,16,3,0.19715,0.7479806369104111,0,15000,1000,0.0044582130594862145,0.03538840864371332,0.03984662170319954,3.183506006831864e-06,0,15000,15000,185
device_0,0.75,1705,4.0,140.0,0.15,late,48,16,3,0.20494,0.7506431485678381,0,15000,1000,0.00733652531323233,0.0371537106803302,0.044490235993562534,0.0002678098650399279,0,15000,15000,220
device_0,0.75,1706,4.0,140.0,0.15,late,48,16,3,0.20282,0.7537784223147826,0,15000,1000,0.0057838377930131074,0.036949521605160594,0.0427333593981737,7.110361148130999e-05,0,15000,15000,191
device_0,0.75,1707,4.0,140.0,0.15,late,48,16,3,0.20138,0.7431906944181493,0,15000,1000,0.006541279944828372,0.03507994333873284,0.041621223283561215,0.0005294515338088739,0,15000,15000,193
device_0,0.75,1708,4.0,140.0,0.15,late,48,16,3,0.20034,0.7475350990705809,0,15000,1000,0.005304770408125441,0.03895473515857335,0.04425950556669879,0.0002272220375583469,0,15000,15000,206
device_0,0.75,1709,4.0,140.0,0.15,late,48,16,3,0.20613,0.7542776800152501,0,15000,1000,0.00782996817786195,0.03398883572910765,0.041818803906969605,0.0002340558825056183,0,15000,15000,190
device_0,0.75,1710,4.0,140.0,0.15,late,48,16,3,0.20286,0.74728584709585,0,15000,1000,0.005739400051982444,0.04021426951909629,0.04595366957107873,0.000764054681099092,0,15000,15000,224
device_0,0.875,1701,4.0,140.0,0.15,late,48,16,3,0.20249,0.8763990178082249,0,15000,1000,0.005055170778480277,0.036559378184022606,0.041614548962502884,0.0003419792560291865,0,15000,15000,190
device_0,0.875,1702,4.0,140.0,0.15,late,48,16,3,0.19703,0.8759866636367837,0,15000,1000,0.005573229426716581,0.036909342554112705,0.04248257198082928,0.0,0,15000,15000,198
device_0,0.875,1703,4.0,140.0,0.15,late,48,16,3,0.20238,0.8773687974569232,0,15000,1000,0.008012430190160173,0.03795616953607609,0.045968599726236264,3.3749557500967224e-05,0,15000,15000,219
device_0,0.875,1704,4.0,140.0,0.15,late,48,16,3,0.19663,0.8771256568671042,0,15000,1000,0.006908594886877429,0.0339431195382804,0.04085171442515783,0.00026287361036258,0,15000,15000,190
device_0,0.875,1705,4.0,140.0,0.15,late,48,16,3,0.20133,0.8756186617053834,0,15000,1000,0.006405018745533562,0.033318196872285794,0.03972321561781935,0.00030393222020377045,0,15000,15000,185
device_0,0.875,1706,4.0,140.0,0.15,late,48,16,3,0.19605,0.8731077294363513,0,15000,1000,0.005460839460249468,0.038210113529842056,0.04367095299009152,0.0008772274075544091,0,15000,15000,202
device_0,0.875,1707,4.0,140.0,0.15,late,48,16,3,0.2,0.8774036452681541,0,15000,1000,0.0071442753564416065,0.03866219883130046,0.04580647418774207,0.000278713264797966,0,15000,15000,212
device_0,0.875,1708,4.0,140.0,0.15,late,48,16,3,0.20258,0.87442580026271,0,15000,1000,0.006812585301815464,0.035309951577572794,0.04212253687938826,0.000343401030778133,0,15000,15000,205
device_0,0.875,1709,4.0,140.0,0.15,late,48,16,3,0.19831,0.8770598020870867,0,15000,1000,0.005939490719732441,0.034286764843343594,0.04022625556307603,0.0,0,15000,15000,192
device_0,0.875,1710,4.0,140.0,0.15,late,48,16,3,0.19668,0.8724656025657239,0,15000,1000,0.007010666488896721,0.031066849495547402,0.03807751598444412,0.0004397127959192919,0,15000,15000,198
device_0,0.9375,1701,4.0,140.0,0.15,late,48,16,3,0.20509,0.9402237906216514,0,15000,1000,0.008219742070536041,0.03891170753762167,0.04713144960815772,0.00029238296029606586,0,15000,15000,220
device_0,0.9375,1702,4.0,140.0,0.15,late,48,16,3,0.19366,0.9366016280001491,0,15000,1000,0.004385673631241556,0.03484060186051122,0.039226275491752775,0.0002004344684771221,0,15000,15000,182
device_0,0.9375,1703,4.0,140.0,0.15,late,48,16,3,0.19489,0.9369055048961522,0,15000,1000,0.0075942024410870146,0.03858435509535789,0.046178557536444904,0.0,0,15000,15000,220
device_0,0.9375,1704,4.0,140.0,0.15,late,48,16,3,0.19999,0.9358099323716185,0,15000,1000,0.006914795611446089,0.03419008957008973,0.04110488518153582,0.0006186426016897737,0,15000,15000,192
device_0,0.9375,1705,4.0,140.0,0.15,late,48,16,3,0.19063,0.9374553760710133,0,15000,1000,0.005592207899938222,0.03338363265507627,0.03897584055501449,5.5809932905523286e-05,0,15000,15000,192
device_0,0.9375,1706,4.0,140.0,0.15,late,48,16,3,0.20144,0.9386428776611538,0,15000,1000,0.00531538718237132,0.040256972303648796,0.04557235948602011,0.0,0,15000,15000,220
device_0,0.9375,1707,4.0,140.0,0.15,late,48,16,3,0.20073,0.9386652506542138,0,15000,1000,0.009680346039917482,0.040313278113856515,0.049993624153773994,0.0005621932984651064,0,15000,15000,232
device_0,0.9375,1708,4.0,140.0,0.15,late,48,16,3,0.19042,0.9350336658268497,0,15000,1000,0.004690731367299046,0.02971431706389625,0.034405048431195295,0.0,0,15000,15000,168
device_0,0.9375,1709,4.0,140.0,0.15,late,48,16,3,0.20214,0.9387695757970393,0,15000,1000,0.0040883195917907275,0.036505231895062454,0.04059355148685318,0.00015842181237909407,0,15000,15000,189
device_0,0.9375,1710,4.0,140.0,0.15,late,48,16,3,0.20082,0.9338903427364145,0,15000,1000,0.0068192483957379355,0.03430694184099262,0.04112619023673056,9.962352681578275e-05,0,15000,15000,190
device_0,0.975,1701,4.0,140.0,0.15,late,48,16,3,0.20012,0.9750727182312047,0,15000,1000,0.0061834652662106,0.031027508560626117,0.03721097382683672,0.0,0,15000,15000,177
device_0,0.975,1702,4.0,140.0,0.15,late,48,16,3,0.19762,0.9739220248349032,0,15000,1000,0.006729483298631849,0.03311373096864748,0.03984321426727933,0.00015922255218992428,0,15000,15000,185
device_0,0.975,1703,4.0,140.0,0.15,late,48,16,3,0.1984,0.975854682367182,0,15000,1000,0.006672323303706536,0.03454014155195255,0.04121246485565908,0.0001105522361894294,0,15000,15000,191
device_0,0.975,1704,4.0,140.0,0.15,late,48,16,3,0.19634,0.9733501805342133,0,15000,1000,0.005326935807433815,0.03485759281592231,0.04018452862335612,0.0006573341683112516,0,15000,15000,198
device_0,0.975,1705,4.0,140.0,0.15,late,48,16,3,0.19493,0.9747974986214312,0,15000,1000,0.006748888947772513,0.037299001157788704,0.04404789010556122,0.0003939339794390669,0,15000,15000,196
device_0,0.975,1706,4.0,140.0,0.15,late,48,16,3,0.203,0.9742259419786155,0,15000,1000,0.007617045281873328,0.03833351875306358,0.045950564034936914,0.0,0,15000,15000,211
device_0,0.975,1707,4.0,140.0,0.15,late,48,16,3,0.20266,0.9738223967562294,0,15000,1000,0.0038571177476175926,0.0328330549298949,0.03669017267751249,0.0005128701113791364,0,15000,15000,170
device_0,0.975,1708,4.0,140.0,0.15,late,48,16,3,0.19043,0.9746047948044175,0,15000,1000,0.005867466021703954,0.03187837819875558,0.03774584422045953,0.00024229674530857253,0,15000,15000,176
device_0,0.975,1709,4.0,140.0,0.15,late,48,16,3,0.19294,0.9749540477640206,0,15000,1000,0.007311438623046691,0.03812536633866237,0.045436804961709064,2.5172653130771457e-05,0,15000,15000,219
device_0,0.975,1710,4.0,140.0,0.15,late,48,16,3,0.19779,0.9774683509778551,0,15000,1000,0.005979037837681217,0.03982021476155516,0.045799252599236374,0.0002433436862870437,0,15000,15000,205
