device,epsilon,skip_mode,deadline_ratios_json,oracle_gap_percent_json,adjacent_abs_differences_percent_json,max_adjacent_abs_difference_percent,tolerance_percent,assessable,deadline_axis_active,warning
device_0,0.01,drop,"[1.5, 2.0]","[4.405610245612478, 2.942670380689687]",[1.4629398649227912],1.4629398649227912,0.01,True,True,
device_0,0.01,late,"[1.5, 2.0]","[2.6853458606042366, 0.9262714107402826]",[1.7590744498639541],1.7590744498639541,0.01,True,True,
device_0,0.05,drop,"[1.35, 1.5, 2.0]","[17.160381861364886, 24.192888899468656, 14.144114047070104]","[7.03250703810377, 10.048774852398552]",10.048774852398552,0.01,True,True,
device_0,0.05,late,"[1.35, 1.5, 2.0]","[11.463721819507311, 14.166374592685898, 4.290504305595065]","[2.7026527731785865, 9.875870287090834]",9.875870287090834,0.01,True,True,
device_0,0.1,drop,"[1.2, 1.35, 1.5, 2.0]","[22.221837896608772, 37.44495673962746, 35.17649766280051, 27.70374697888612]","[15.223118843018685, 2.26845907682695, 7.472750683914388]",15.223118843018685,0.01,True,True,
device_0,0.1,late,"[1.2, 1.35, 1.5, 2.0]","[15.505332039782019, 24.379549233907287, 18.883656629612634, 8.04294943443224]","[8.874217194125269, 5.495892604294653, 10.840707195180395]",10.840707195180395,0.01,True,True,
device_0,0.15,drop,"[1.1, 1.2, 1.35, 1.5, 2.0]","[23.623639938202064, 38.71064763578087, 51.04376468245726, 45.90162659566344, 40.638079264931214]","[15.087007697578809, 12.333117046676385, 5.142138086793821, 5.263547330732223]",15.087007697578809,0.01,True,True,
device_0,0.15,late,"[1.1, 1.2, 1.35, 1.5, 2.0]","[16.787955255762302, 26.400398547971623, 32.28605159398365, 23.076390466223447, 10.78724328142873]","[9.61244329220932, 5.8856530460120275, 9.209661127760203, 12.289147184794718]",12.289147184794718,0.01,True,True,
