device,rho,deadline_ratio,epsilon,skip_mode,policy,mean_energy_j_mean,mean_energy_j_std,violation_rate_mean,violation_rate_std,max_violation_run_mean,max_violation_run_std,burst_count_ge2_mean,burst_count_ge2_std,violation_state_bad_share_mean,violation_state_bad_share_std,boost_use_rate_mean,boost_use_rate_std,boost_use_rate_good_mean,boost_use_rate_good_std,boost_use_rate_bad_mean,boost_use_rate_bad_std
device_0,0.0,1.2,0.1,drop,P0,0.07035201986823521,0.00021843451036710192,0.1,0.0,4.7,0.4830458915396479,888.7,21.134752844019193,0.43328,0.004789989561575258,0.122912,0.0012525866570155257,0.0,0.0,0.6142947210957159,0.003820428117164985
device_0,0.0,1.2,0.1,drop,P1,0.07565918398291765,0.00022966755396790846,0.031605,0.00038462824764815294,3.0,0.0,98.8,5.902918298980976,1.0,0.0,0.132024,0.0012485831970677796,0.0,0.0,0.6598350483098877,0.003261120250367847
device_0,0.0,1.2,0.1,drop,P2,0.05857185788797957,0.00021668041313760525,0.1,0.0,4.5,0.5270462766947299,902.6,37.0681054876621,1.0,0.0,0.063629,0.0012588129328855863,0.0,0.0,0.31799232021873886,0.0046983872390904315
device_0,0.0,1.2,0.1,drop,P2prime,0.05859006131157914,0.00021651067832494336,0.1,0.0,3.0,0.0,98.8,5.902918298980976,1.0,0.0,0.063629,0.0012588129328855863,0.0,0.0,0.31799232021873886,0.0046983872390904315
device_0,0.0,1.2,0.1,late,P0,0.07729013867398862,0.00021302994690304187,0.1,0.0,4.8,0.7888106377466155,899.0,26.149144876606936,0.43315000000000003,0.003358653830860739,0.12278599999999999,0.0012497039649453057,0.0,0.0,0.6136642510491528,0.003682168030359243
device_0,0.0,1.2,0.1,late,P1,0.0798452408509703,0.00022122269109056542,0.031605,0.00038462824764815294,3.0,0.0,98.8,5.902918298980976,1.0,0.0,0.132024,0.0012485831970677796,0.0,0.0,0.6598350483098877,0.003261120250367847
device_0,0.0,1.2,0.1,late,P2,0.06861543692180487,0.00022003698594983158,0.1,0.0,4.4,0.5163977794943222,891.3,13.904835290086844,1.0,0.0,0.063629,0.0012588129328855863,0.0,0.0,0.31799232021873886,0.0046983872390904315
device_0,0.0,1.2,0.1,late,P2prime,0.06867961304573278,0.0002203958398726626,0.1,0.0,3.0,0.0,98.8,5.902918298980976,1.0,0.0,0.063629,0.0012588129328855863,0.0,0.0,0.31799232021873886,0.0046983872390904315
device_0,0.0,1.2,0.15,drop,P0,0.06644862842245054,0.00021740108788190606,0.15,0.0,5.9,0.316227766016838,1885.7,24.74783941186702,0.3461133333333334,0.0023505292285612924,0.116121,0.0011907369333502887,0.0,0.0,0.5803541483022874,0.0036406237042282035
device_0,0.0,1.2,0.15,drop,P1,0.07565918398291765,0.00022966755396790846,0.031605,0.00038462824764815294,3.0,0.0,98.8,5.902918298980976,1.0,0.0,0.132024,0.0012485831970677796,0.0,0.0,0.6598350483098877,0.003261120250367847
device_0,0.0,1.2,0.15,drop,P2,0.04626136964565098,0.00021376357943982572,0.15,0.0,5.6,0.5163977794943222,1899.8,45.854358813772805,1.0,0.0,0.013628999999999999,0.0012588129328855817,0.0,0.0,0.06808871640908735,0.005917518376971382
device_0,0.0,1.2,0.15,drop,P2prime,0.047149744754483414,0.00016966238299028353,0.15,0.0,3.0,0.0,98.8,5.902918298980976,1.0,0.0,0.022751,0.0008656333583631762,0.0,0.0,0.11369535794340016,0.0038998703552631142
device_0,0.0,1.2,0.15,late,P0,0.07539447718152131,0.00023581947835325063,0.15,0.0,5.5,0.5270462766947298,1899.4,28.484693745550043,0.34728666666666663,0.00243473830570842,0.11601900000000001,0.0013429523860178734,0.0,0.0,0.5798380609509259,0.0038300361464285305
device_0,0.0,1.2,0.15,late,P1,0.0798452408509703,0.00022122269109056542,0.031605,0.00038462824764815294,3.0,0.0,98.8,5.902918298980976,1.0,0.0,0.132024,0.0012485831970677796,0.0,0.0,0.6598350483098877,0.003261120250367847
device_0,0.0,1.2,0.15,late,P2,0.06110555797484938,0.00020674787347927165,0.15,0.0,6.0,0.6666666666666666,1897.1,44.65534682431662,1.0,0.0,0.013628999999999999,0.0012588129328855817,0.0,0.0,0.06808871640908735,0.005917518376971382
device_0,0.0,1.2,0.15,late,P2prime,0.061701867692863524,0.00019542453765499895,0.15,0.0,3.0,0.0,98.8,5.902918298980976,0.9391866666666667,0.004233878646709369,0.022751,0.0008656333583631762,0.0,0.0,0.11369535794340016,0.0038998703552631142
device_0,0.0,1.35,0.01,drop,P0,0.06345285410850192,0.00011957740031186219,0.01,0.0,2.1,0.31622776601683794,10.2,2.820559440174157,0.5913999999999999,0.016741166825125057,0.052844999999999996,0.000580521795934964,0.0,0.0,0.26412330175592647,0.00333479353054707
device_0,0.0,1.35,0.01,drop,P1,0.06377209715843724,0.00010969663529838828,0.004967,0.0002052126268586374,2.0,0.0,2.2,1.1352924243950933,1.0,0.0,0.053113999999999995,0.0005698771797501645,0.0,0.0,0.2654684620858283,0.0033522759527105607
device_0,0.0,1.35,0.01,drop,P2,0.06247473360520265,0.00013408595440657627,0.01,0.0,2.0,0.0,9.2,3.675746333890726,1.0,0.0,0.048081,0.0005484817428339989,0.0,0.0,0.24031004504067416,0.002914890756484559
device_0,0.0,1.35,0.01,drop,P2prime,0.06247480664841808,0.00013408991428015134,0.01,0.0,2.0,0.0,2.2,1.1352924243950933,1.0,0.0,0.048081,0.0005484817428339989,0.0,0.0,0.24031004504067416,0.002914890756484559
device_0,0.0,1.35,0.01,late,P0,0.06445452549074435,0.00012790813665247586,0.01,0.0,2.1,0.31622776601683794,9.0,2.0,0.5992,0.01493541652136518,0.052834000000000006,0.000552231835373515,0.0,0.0,0.2640687011107509,0.0032476802217334248
device_0,0.0,1.35,0.01,late,P1,0.06456700322621456,0.000122613540599258,0.004967,0.0002052126268586374,2.0,0.0,2.2,1.1352924243950933,1.0,0.0,0.053113999999999995,0.0005698771797501645,0.0,0.0,0.2654684620858283,0.0033522759527105607
device_0,0.0,1.35,0.01,late,P2,0.0638310193871308,0.0001399416048515629,0.01,0.0,2.1,0.31622776601683794,9.5,2.173067468400883,1.0,0.0,0.048081,0.0005484817428339989,0.0,0.0,0.24031004504067416,0.002914890756484559
device_0,0.0,1.35,0.01,late,P2prime,0.06383107161025132,0.00013993696147046757,0.01,0.0,2.0,0.0,2.2,1.1352924243950933,1.0,0.0,0.048081,0.0005484817428339989,0.0,0.0,0.24031004504067416,0.002914890756484559
device_0,0.0,1.35,0.05,drop,P0,0.0608939282858426,0.00012709036292248078,0.05,0.0,3.1,0.316227766016838,236.0,9.177266598624133,0.2766,0.010337418547307749,0.050745,0.0005319826647133885,0.0,0.0,0.25362862616737036,0.0032022404157437357
device_0,0.0,1.35,0.05,drop,P1,0.06377209715843724,0.00010969663529838828,0.004967,0.0002052126268586374,2.0,0.0,2.2,1.1352924243950933,1.0,0.0,0.053113999999999995,0.0005698771797501645,0.0,0.0,0.2654684620858283,0.0033522759527105607
device_0,0.0,1.35,0.05,drop,P2,0.05234684376887415,0.00013362480955955852,0.05,0.0,3.5,0.5270462766947299,239.6,12.393546707863734,1.0,0.0,0.008081000000000001,0.0005484817428340003,0.0,0.0,0.04038716199295295,0.0027195316628949957
device_0,0.0,1.35,0.05,drop,P2prime,0.052351761484785056,0.00013380450542579544,0.05,0.0,2.0,0.0,2.2,1.1352924243950933,1.0,0.0,0.008081000000000001,0.0005484817428340003,0.0,0.0,0.04038716199295295,0.0027195316628949957
device_0,0.0,1.35,0.05,late,P0,0.06360209949061094,0.00012169893712409883,0.05,0.0,3.5,0.8498365855987975,237.7,7.439384681843278,0.27564,0.005484361605713302,0.05073799999999999,0.0004991058671931903,0.0,0.0,0.25359419084929313,0.003122548903402868
device_0,0.0,1.35,0.05,late,P1,0.06456700322621456,0.000122613540599258,0.004967,0.0002052126268586374,2.0,0.0,2.2,1.1352924243950933,1.0,0.0,0.053113999999999995,0.0005698771797501645,0.0,0.0,0.2654684620858283,0.0033522759527105607
device_0,0.0,1.35,0.05,late,P2,0.058354813910835544,0.00013499621218674088,0.05,0.0,3.3,0.4830458915396479,240.9,13.633700076566807,1.0,0.0,0.008081000000000001,0.0005484817428340003,0.0,0.0,0.04038716199295295,0.0027195316628949957
device_0,0.0,1.35,0.05,late,P2prime,0.05838513312351952,0.00013389468552677338,0.05,0.0,2.0,0.0,2.2,1.1352924243950933,1.0,0.0,0.008081000000000001,0.0005484817428340003,0.0,0.0,0.04038716199295295,0.0027195316628949957
device_0,0.0,1.35,0.1,drop,P0,0.05766813544279248,0.000157752126730103,0.1,0.0,5.1,0.875595035770913,896.6,18.945535973767882,0.23744,0.004006993885695366,0.048028,0.0006188843008008655,0.0,0.0,0.24004399448632566,0.003143387120504265
device_0,0.0,1.35,0.1,drop,P1,0.06377209715843724,0.00010969663529838828,0.004967,0.0002052126268586374,2.0,0.0,2.2,1.1352924243950933,1.0,0.0,0.053113999999999995,0.0005698771797501645,0.0,0.0,0.2654684620858283,0.0033522759527105607
device_0,0.0,1.35,0.1,drop,P2,0.04364639850344409,0.00012416045120190112,0.1,0.0,4.5,0.5270462766947299,902.6,37.0681054876621,1.0,0.0,0.0,0.0,0.0,0.0,0.0,0.0
device_0,0.0,1.35,0.1,drop,P2prime,0.043963993735985384,0.00012090349612376489,0.1,0.0,2.0,0.0,2.2,1.1352924243950933,1.0,0.0,0.0032619999999999997,0.00010982814858779234,0.0,0.0,0.01630462533505548,0.0005857510054463343
device_0,0.0,1.35,0.1,late,P0,0.062545161846265,0.00011814819358058709,0.1,0.0,5.2,0.9189365834726815,888.8,12.09958676980334,0.23553000000000002,0.005754042057545291,0.048133999999999996,0.0006180471035626839,0.0,0.0,0.24057903217758653,0.003551278879708137
device_0,0.0,1.35,0.1,late,P1,0.06456700322621456,0.000122613540599258,0.004967,0.0002052126268586374,2.0,0.0,2.2,1.1352924243950933,1.0,0.0,0.053113999999999995,0.0005698771797501645,0.0,0.0,0.2654684620858283,0.0033522759527105607
device_0,0.0,1.35,0.1,late,P2,0.053581311021322464,0.00013035874813495933,0.1,0.0,4.8,0.7888106377466155,896.2,20.0986456149552,0.8845000000000001,0.003054686745168965,0.0,0.0,0.0,0.0,0.0,0.0
device_0,0.0,1.35,0.1,late,P2prime,0.053792424848257206,0.000128009409909053,0.1,0.0,2.0,0.0,2.2,1.1352924243950933,0.8993499999999999,0.0026013885181230185,0.0032619999999999997,0.00010982814858779234,0.0,0.0,0.01630462533505548,0.0005857510054463343
device_0,0.0,1.35,0.15,drop,P0,0.05447641159203476,0.00012971533249915576,0.15,0.0,5.8,0.7888106377466155,1897.7,47.00366415976997,0.22326666666666667,0.0032213792000659056,0.045382,0.00047939313488803547,0.0,0.0,0.22682335025340244,0.0028385493756978254
device_0,0.0,1.35,0.15,drop,P1,0.06377209715843724,0.00010969663529838828,0.004967,0.0002052126268586374,2.0,0.0,2.2,1.1352924243950933,1.0,0.0,0.053113999999999995,0.0005698771797501645,0.0,0.0,0.2654684620858283,0.0033522759527105607
device_0,0.0,1.35,0.15,drop,P2,0.03581591026111549,0.00012214764996369684,0.15,0.0,5.6,0.5163977794943222,1899.8,45.854358813772805,1.0,0.0,0.0,0.0,0.0,0.0,0.0,0.0
device_0,0.0,1.35,0.15,drop,P2prime,0.03618939884791597,0.00011901225094072641,0.15,0.0,2.0,0.0,2.2,1.1352924243950933,1.0,0.0,0.0032619999999999997,0.00010982814858779234,0.0,0.0,0.01630462533505548,0.0005857510054463343
device_0,0.0,1.35,0.15,late,P0,0.06147530176156124,0.00012776764987026547,0.15,0.0,5.6,0.6992058987801009,1882.9,29.763698993535375,0.22212666666666667,0.0056446587885811295,0.04553,0.0005428730156409619,0.0,0.0,0.22756344847346033,0.003149932981024068
device_0,0.0,1.35,0.15,late,P1,0.06456700322621456,0.000122613540599258,0.004967,0.0002052126268586374,2.0,0.0,2.2,1.1352924243950933,1.0,0.0,0.053113999999999995,0.0005698771797501645,0.0,0.0,0.2654684620858283,0.0033522759527105607
device_0,0.0,1.35,0.15,late,P2,0.04970667295822776,0.0001295609430080247,0.15,0.0,6.0,0.816496580927726,1903.8,22.5082700850648,0.8943666666666668,0.003702685045100374,0.0,0.0,0.0,0.0,0.0,0.0
device_0,0.0,1.35,0.15,late,P2prime,0.050066287704754776,0.00012664474260326193,0.15,0.0,2.0,0.0,2.2,1.1352924243950933,0.8165133333333333,0.003087217773375737,0.0032619999999999997,0.00010982814858779234,0.0,0.0,0.01630462533505548,0.0005857510054463343
device_0,0.0,1.5,0.01,drop,P0,0.05705812625375835,0.00014768673537142294,0.01,0.0,2.1,0.31622776601683805,9.9,2.8848262031225067,0.2383,0.012815355372885029,0.01005,0.000263101163475615,0.0,0.0,0.05022983706114862,0.0013219996794032638
device_0,0.0,1.5,0.01,drop,P1,0.05758876340046517,0.0001507632937077535,0.000607,4.522781838156201e-05,1.0,0.0,0.0,0.0,1.0,0.0,0.010154,0.00028147231953900285,0.0,0.0,0.05074979035812005,0.001420193445633731
device_0,0.0,1.5,0.01,drop,P2,0.055152682102971085,0.0001461143705275388,0.01,0.0,2.0,0.0,9.2,3.675746333890726,1.0,0.0,0.0007610000000000001,0.0002672264956923247,0.0,0.0,0.003803182690203245,0.001339307204342518
device_0,0.0,1.5,0.01,drop,P2prime,0.055152830179048304,0.00014612976889849993,0.01,0.0,1.0,0.0,0.0,0.0,1.0,0.0,0.0007610000000000001,0.0002672264956923247,0.0,0.0,0.003803182690203245,0.001339307204342518
device_0,0.0,1.5,0.01,late,P0,0.057556531802187935,0.00014913571187551446,0.01,0.0,2.2,0.42163702135578385,9.4,2.503331114069145,0.2542,0.009670114327716672,0.010048,0.0002699711918787715,0.0,0.0,0.0502200534406008,0.0013640396709461687
device_0,0.0,1.5,0.01,late,P1,0.057695584902093276,0.00014790702509246426,0.000607,4.522781838156201e-05,1.0,0.0,0.0,0.0,1.0,0.0,0.010154,0.00028147231953900285,0.0,0.0,0.05074979035812005,0.001420193445633731
device_0,0.0,1.5,0.01,late,P2,0.056634770219307976,0.00014722696485870818,0.01,0.0,2.0,0.0,8.9,2.884826203122507,1.0,0.0,0.0007610000000000001,0.0002672264956923247,0.0,0.0,0.003803182690203245,0.001339307204342518
device_0,0.0,1.5,0.01,late,P2prime,0.05663605236523285,0.00014744834458241517,0.01,0.0,1.0,0.0,0.0,0.0,1.0,0.0,0.0007610000000000001,0.0002672264956923247,0.0,0.0,0.003803182690203245,0.001339307204342518
device_0,0.0,1.5,0.05,drop,P0,0.0547504677705861,0.00015716490447199147,0.05,0.0,3.4,0.5163977794943223,231.0,18.743887892679396,0.20952,0.0036699379346856052,0.009665,0.00028590013796584416,0.0,0.0,0.04830466047670899,0.0014021437162202108
device_0,0.0,1.5,0.05,drop,P1,0.05758876340046517,0.0001507632937077535,0.000607,4.522781838156201e-05,1.0,0.0,0.0,0.0,1.0,0.0,0.010154,0.00028147231953900285,0.0,0.0,0.05074979035812005,0.001420193445633731
device_0,0.0,1.5,0.05,drop,P2,0.04854060666664258,0.000144231049152727,0.05,0.0,3.5,0.5270462766947299,239.6,12.393546707863734,1.0,0.0,0.0,0.0,0.0,0.0,0.0,0.0
device_0,0.0,1.5,0.05,drop,P2prime,0.04855567024849196,0.00014558198010445104,0.05,0.0,1.0,0.0,0.0,0.0,1.0,0.0,0.00011099999999999999,4.201851443775178e-05,0.0,0.0,0.0005545085693946878,0.00020929115316664987
device_0,0.0,1.5,0.05,late,P0,0.05698874787401827,0.00015311632529844542,0.05,0.0,3.6,0.6992058987801009,224.4,14.886235252742717,0.20939999999999998,0.003962042122160964,0.009667,0.00029892585479791937,0.0,0.0,0.048314845926573625,0.0014734606897663885
device_0,0.0,1.5,0.05,late,P1,0.057695584902093276,0.00014790702509246426,0.000607,4.522781838156201e-05,1.0,0.0,0.0,0.0,1.0,0.0,0.010154,0.00028147231953900285,0.0,0.0,0.05074979035812005,0.001420193445633731
device_0,0.0,1.5,0.05,late,P2,0.053308667591557723,0.00014646162571056894,0.05,0.0,3.6,0.5163977794943222,241.2,12.752341832864357,1.0,0.0,0.0,0.0,0.0,0.0,0.0,0.0
device_0,0.0,1.5,0.05,late,P2prime,0.05332215695598856,0.00014650614095881344,0.05,0.0,1.0,0.0,0.0,0.0,1.0,0.0,0.00011199999999999998,4.1041983924323685e-05,0.0,0.0,0.0005595468604063766,0.0002044429534769033
device_0,0.0,1.5,0.1,drop,P0,0.05183022984079746,0.00016391524660128469,0.1,0.0,4.5,0.5270462766947298,894.6,26.94108799254816,0.20697000000000002,0.005454468097094547,0.009158,0.0002499688869528458,0.0,0.0,0.045771063414739424,0.001232696345158579
device_0,0.0,1.5,0.1,drop,P1,0.05758876340046517,0.0001507632937077535,0.000607,4.522781838156201e-05,1.0,0.0,0.0,0.0,1.0,0.0,0.010154,0.00028147231953900285,0.0,0.0,0.05074979035812005,0.001420193445633731
device_0,0.0,1.5,0.1,drop,P2,0.04056421900121253,0.00014328742481461063,0.1,0.0,4.5,0.5270462766947299,902.6,37.0681054876621,1.0,0.0,0.0,0.0,0.0,0.0,0.0,0.0
device_0,0.0,1.5,0.1,drop,P2prime,0.04059973789264992,0.0001445915471211929,0.1,0.0,1.0,0.0,0.0,0.0,1.0,0.0,0.00011099999999999999,4.201851443775178e-05,0.0,0.0,0.0005545085693946878,0.00020929115316664987
device_0,0.0,1.5,0.1,late,P0,0.05625171591704444,0.00013684470773177147,0.1,0.0,4.7,0.6749485577105527,883.2,17.529657409341706,0.20592000000000002,0.003824714949436674,0.009098,0.0003073470712764677,0.0,0.0,0.0454715283861072,0.0015353221776707477
device_0,0.0,1.5,0.1,late,P1,0.057695584902093276,0.00014790702509246426,0.000607,4.522781838156201e-05,1.0,0.0,0.0,0.0,1.0,0.0,0.010154,0.00028147231953900285,0.0,0.0,0.05074979035812005,0.001420193445633731
device_0,0.0,1.5,0.1,late,P2,0.04967797954384225,0.0001452575549928672,0.1,0.0,4.4,0.5163977794943223,895.6,33.39061744462556,0.93529,0.002822311897087988,0.0,0.0,0.0,0.0,0.0,0.0
device_0,0.0,1.5,0.1,late,P2prime,0.04974280859711867,0.0001447572716001705,0.1,0.0,1.0,0.0,0.0,0.0,0.92187,0.0013216572088774771,0.000115,4.301162633521313e-05,0.0,0.0,0.0005745753372830284,0.00021436304358671802
device_0,0.0,1.5,0.15,drop,P0,0.04895560571618736,0.00012965909681949436,0.15,0.0,6.0,0.816496580927726,1891.5,23.688956639469495,0.20436,0.0022122442657532193,0.008570999999999999,0.0002628244027229332,0.0,0.0,0.04283717841716302,0.0012956828575962514
device_0,0.0,1.5,0.15,drop,P1,0.05758876340046517,0.0001507632937077535,0.000607,4.522781838156201e-05,1.0,0.0,0.0,0.0,1.0,0.0,0.010154,0.00028147231953900285,0.0,0.0,0.05074979035812005,0.001420193445633731
device_0,0.0,1.5,0.15,drop,P2,0.03273373075888393,0.00014046682849767835,0.15,0.0,5.6,0.5163977794943222,1899.8,45.854358813772805,1.0,0.0,0.0,0.0,0.0,0.0,0.0,0.0
device_0,0.0,1.5,0.15,drop,P2prime,0.03282501881796783,0.0001422183987838173,0.15,0.0,1.0,0.0,0.0,0.0,1.0,0.0,0.00011099999999999999,4.201851443775178e-05,0.0,0.0,0.0005545085693946878,0.00020929115316664987
device_0,0.0,1.5,0.15,late,P0,0.05556692440889982,0.00012553162205572913,0.15,0.0,5.7,0.8232726023485646,1892.6,39.74418196415671,0.2014466666666667,0.003916038562717602,0.008634,0.00033126692828862043,0.0,0.0,0.043153617385609536,0.0016888300054655632
device_0,0.0,1.5,0.15,late,P1,0.057695584902093276,0.00014790702509246426,0.000607,4.522781838156201e-05,1.0,0.0,0.0,0.0,1.0,0.0,0.010154,0.00028147231953900285,0.0,0.0,0.05074979035812005,0.001420193445633731
device_0,0.0,1.5,0.15,late,P2,0.04639595468070047,0.00014069923768349237,0.15,0.0,6.2,0.7888106377466155,1896.5,27.21212964837558,0.9100999999999999,0.00196720017873368,0.0,0.0,0.0,0.0,0.0,0.0
device_0,0.0,1.5,0.15,late,P2prime,0.04664704656122835,0.00013644852412687488,0.15,0.0,1.0,0.0,0.0,0.0,0.9264266666666666,0.0015039700548634554,0.00012900000000000002,4.7946729699624866e-05,0.0,0.0,0.0006445042097238064,0.0002387641262537957
device_0,0.0,2.0,0.01,drop,P0,0.05085892115761266,0.00013914172545666446,0.01,0.0,2.1,0.31622776601683805,9.0,2.3570226039551585,0.2044,0.011720826667849744,0.0,0.0,0.0,0.0,0.0,0.0
device_0,0.0,2.0,0.01,drop,P1,0.05137823311767166,0.00013892051418128677,0.0,0.0,0.0,0.0,0.0,0.0,,,0.0,0.0,0.0,0.0,0.0,0.0
device_0,0.0,2.0,0.01,drop,P2,0.04967694311854946,0.00013855856383913076,0.01,0.0,2.0,0.0,9.2,3.675746333890726,1.0,0.0,0.0,0.0,0.0,0.0,0.0,0.0
device_0,0.0,2.0,0.01,drop,P2prime,0.04967709119462668,0.00013856938151545053,0.01,0.0,1.0,0.0,0.0,0.0,1.0,0.0,0.0,0.0,0.0,0.0,0.0,0.0
device_0,0.0,2.0,0.01,late,P0,0.051297465836484236,0.00013658481123753757,0.01,0.0,2.1,0.31622776601683794,8.5,3.2403703492039297,0.20249999999999999,0.010617072205755322,0.0,0.0,0.0,0.0,0.0,0.0
device_0,0.0,2.0,0.01,late,P1,0.05137823311767166,0.00013892051418128677,0.0,0.0,0.0,0.0,0.0,0.0,,,0.0,0.0,0.0,0.0,0.0,0.0
device_0,0.0,2.0,0.01,late,P2,0.050781848048548336,0.00013883096885233907,0.01,0.0,2.1,0.31622776601683794,9.7,4.191260749066641,1.0,0.0,0.0,0.0,0.0,0.0,0.0,0.0
device_0,0.0,2.0,0.01,late,P2prime,0.05078190081520704,0.0001388422255971805,0.01,0.0,1.0,0.0,0.0,0.0,1.0,0.0,0.0,0.0,0.0,0.0,0.0,0.0
device_0,0.0,2.0,0.05,drop,P0,0.048796492316013976,0.00014120994846176748,0.05,0.0,3.4,0.5163977794943223,236.6,14.096492865642542,0.20251999999999998,0.005236792911697005,0.0,0.0,0.0,0.0,0.0,0.0
device_0,0.0,2.0,0.05,drop,P1,0.05137823311767166,0.00013892051418128677,0.0,0.0,0.0,0.0,0.0,0.0,,,0.0,0.0,0.0,0.0,0.0,0.0
device_0,0.0,2.0,0.05,drop,P2,0.043133053282220966,0.00013847265416488394,0.05,0.0,3.5,0.5270462766947299,239.6,12.393546707863734,1.0,0.0,0.0,0.0,0.0,0.0,0.0,0.0
device_0,0.0,2.0,0.05,drop,P2prime,0.04313816956257755,0.0001385696550296556,0.05,0.0,1.0,0.0,0.0,0.0,1.0,0.0,0.0,0.0,0.0,0.0,0.0,0.0
device_0,0.0,2.0,0.05,late,P0,0.05097364483116622,0.00013168771489549107,0.05,0.0,3.7,0.48304589153964794,226.8,20.46568944463989,0.20163999999999999,0.00659346477792805,0.0,0.0,0.0,0.0,0.0,0.0
device_0,0.0,2.0,0.05,late,P1,0.05137823311767166,0.00013892051418128677,0.0,0.0,0.0,0.0,0.0,0.0,,,0.0,0.0,0.0,0.0,0.0,0.0
device_0,0.0,2.0,0.05,late,P2,0.04851400017851939,0.00013871504656911903,0.05,0.0,3.3,0.4830458915396479,229.0,13.35830993967592,1.0,0.0,0.0,0.0,0.0,0.0,0.0,0.0
device_0,0.0,2.0,0.05,late,P2prime,0.04851798198924952,0.00013871509298180585,0.05,0.0,1.0,0.0,0.0,0.0,1.0,0.0,0.0,0.0,0.0,0.0,0.0,0.0
device_0,0.0,2.0,0.1,drop,P0,0.0462540827722274,0.0001582374863147038,0.1,0.0,5.1,0.9944289260117531,890.2,25.732815193401947,0.19759,0.002910307352993644,0.0,0.0,0.0,0.0,0.0,0.0
device_0,0.0,2.0,0.1,drop,P1,0.05137823311767166,0.00013892051418128677,0.0,0.0,0.0,0.0,0.0,0.0,,,0.0,0.0,0.0,0.0,0.0,0.0
device_0,0.0,2.0,0.1,drop,P2,0.0357314894290429,0.0001329918885375335,0.1,0.0,4.5,0.5270462766947299,902.6,37.0681054876621,1.0,0.0,0.0,0.0,0.0,0.0,0.0,0.0
device_0,0.0,2.0,0.1,drop,P2prime,0.03582702255698428,0.00013327837173534137,0.1,0.0,1.0,0.0,0.0,0.0,1.0,0.0,0.0,0.0,0.0,0.0,0.0,0.0
device_0,0.0,2.0,0.1,late,P0,0.0505793612731308,0.0001404948175889252,0.1,0.0,4.8,0.7888106377466155,892.8,21.96866455254443,0.19849,0.005177826656898517,0.0,0.0,0.0,0.0,0.0,0.0
device_0,0.0,2.0,0.1,late,P1,0.05137823311767166,0.00013892051418128677,0.0,0.0,0.0,0.0,0.0,0.0,,,0.0,0.0,0.0,0.0,0.0,0.0
device_0,0.0,2.0,0.1,late,P2,0.04589274270238989,0.00013609835173253958,0.1,0.0,4.5,0.5270462766947299,896.8,25.027984337537053,1.0,0.0,0.0,0.0,0.0,0.0,0.0,0.0
device_0,0.0,2.0,0.1,late,P2prime,0.04592895646335957,0.00013575770322760033,0.1,0.0,1.0,0.0,0.0,0.0,1.0,0.0,0.0,0.0,0.0,0.0,0.0,0.0
device_0,0.0,2.0,0.15,drop,P0,0.04369059999662396,0.00015640276129529965,0.15,0.0,5.8,0.6324555320336759,1899.4,32.242828660029204,0.19891333333333333,0.0032027842825413356,0.0,0.0,0.0,0.0,0.0,0.0
device_0,0.0,2.0,0.15,drop,P1,0.05137823311767166,0.00013892051418128677,0.0,0.0,0.0,0.0,0.0,0.0,,,0.0,0.0,0.0,0.0,0.0,0.0
device_0,0.0,2.0,0.15,drop,P2,0.028816854116166635,0.00012443317771777747,0.15,0.0,5.6,0.5163977794943222,1899.8,45.854358813772805,1.0,0.0,0.0,0.0,0.0,0.0,0.0,0.0
device_0,0.0,2.0,0.15,drop,P2prime,0.02969075908539443,9.613290653936748e-05,0.15,0.0,1.0,0.0,0.0,0.0,1.0,0.0,0.0,0.0,0.0,0.0,0.0,0.0
device_0,0.0,2.0,0.15,late,P0,0.05017759848581314,0.0001365913520496954,0.15,0.0,6.1,1.5951314818673865,1892.4,30.63113884051107,0.19893333333333335,0.0035402448126271332,0.0,0.0,0.0,0.0,0.0,0.0
device_0,0.0,2.0,0.15,late,P1,0.05137823311767166,0.00013892051418128677,0.0,0.0,0.0,0.0,0.0,0.0,,,0.0,0.0,0.0,0.0,0.0,0.0
device_0,0.0,2.0,0.15,late,P2,0.04360503266019218,0.00011829972071430077,0.15,0.0,5.7,0.674948557710553,1903.6,52.31146039721022,1.0,0.0,0.0,0.0,0.0,0.0,0.0,0.0
device_0,0.0,2.0,0.15,late,P2prime,0.044357302368282794,0.00010701165187807785,0.139278,0.0006694076983921478,1.0,0.0,0.0,0.0,1.0,0.0,0.0,0.0,0.0,0.0,0.0,0.0
device_0,0.0,2.5,0.01,drop,P0,0.04648255676274847,0.00010486041379813304,0.01,0.0,2.2,0.4216370213557839,9.3,2.9078437983419185,0.1937,0.009718824803213375,0.0,0.0,0.0,0.0,0.0,0.0
device_0,0.0,2.5,0.01,drop,P1,0.0469456476793014,0.00010782072392075732,0.0,0.0,0.0,0.0,0.0,0.0,,,0.0,0.0,0.0,0.0,0.0,0.0
device_0,0.0,2.5,0.01,drop,P2,0.04524479453529547,0.00010739441455223718,0.01,0.0,2.0,0.0,9.2,3.675746333890726,1.0,0.0,0.0,0.0,0.0,0.0,0.0,0.0
device_0,0.0,2.5,0.01,drop,P2prime,0.04524500651876943,0.00010739983131200316,0.01,0.0,1.0,0.0,0.0,0.0,1.0,0.0,0.0,0.0,0.0,0.0,0.0,0.0
device_0,0.0,2.5,0.01,late,P0,0.046910618357027305,0.00010755272204295013,0.01,0.0,2.0,0.0,10.0,3.3333333333333335,0.2009,0.00990454441153151,0.0,0.0,0.0,0.0,0.0,0.0
device_0,0.0,2.5,0.01,late,P1,0.0469456476793014,0.00010782072392075732,0.0,0.0,0.0,0.0,0.0,0.0,,,0.0,0.0,0.0,0.0,0.0,0.0
device_0,0.0,2.5,0.01,late,P2,0.04644653671786593,0.00010765336778702406,0.01,0.0,2.1,0.31622776601683794,8.3,3.2335051500740732,1.0,0.0,0.0,0.0,0.0,0.0,0.0,0.0
device_0,0.0,2.5,0.01,late,P2prime,0.046446575364636984,0.00010765321913443309,0.01,0.0,1.0,0.0,0.0,0.0,1.0,0.0,0.0,0.0,0.0,0.0,0.0,0.0
device_0,0.0,2.5,0.05,drop,P0,0.04459430223201683,0.00011024242957129336,0.05,0.0,3.4,0.5163977794943222,232.2,9.461031186456955,0.19934000000000002,0.007106210116667129,0.0,0.0,0.0,0.0,0.0,0.0
device_0,0.0,2.5,0.05,drop,P1,0.0469456476793014,0.00010782072392075732,0.0,0.0,0.0,0.0,0.0,0.0,,,0.0,0.0,0.0,0.0,0.0,0.0
device_0,0.0,2.5,0.05,drop,P2,0.0389677549717528,0.00010674189626544626,0.05,0.0,3.5,0.5270462766947299,239.6,12.393546707863734,1.0,0.0,0.0,0.0,0.0,0.0,0.0,0.0
device_0,0.0,2.5,0.05,drop,P2prime,0.03898120411907212,0.00010679752815171098,0.05,0.0,1.0,0.0,0.0,0.0,1.0,0.0,0.0,0.0,0.0,0.0,0.0,0.0
device_0,0.0,2.5,0.05,late,P0,0.04676663516050138,0.00010722479836350489,0.05,0.0,3.3,0.4830458915396479,237.2,12.345039489608771,0.1977,0.004013588031785139,0.0,0.0,0.0,0.0,0.0,0.0
device_0,0.0,2.5,0.05,late,P1,0.0469456476793014,0.00010782072392075732,0.0,0.0,0.0,0.0,0.0,0.0,,,0.0,0.0,0.0,0.0,0.0,0.0
device_0,0.0,2.5,0.05,late,P2,0.0446102435122345,0.00010432227379625267,0.05,0.0,3.3,0.4830458915396479,237.4,15.536337334705946,1.0,0.0,0.0,0.0,0.0,0.0,0.0,0.0
device_0,0.0,2.5,0.05,late,P2prime,0.04461894178207907,0.00010420172787714053,0.05,0.0,1.0,0.0,0.0,0.0,1.0,0.0,0.0,0.0,0.0,0.0,0.0,0.0
device_0,0.0,2.5,0.1,drop,P0,0.042264207156822,9.212972996282784e-05,0.1,0.0,4.8,0.632455532033676,881.4,15.54348738218035,0.199,0.004435713646703939,0.0,0.0,0.0,0.0,0.0,0.0
device_0,0.0,2.5,0.1,drop,P1,0.0469456476793014,0.00010782072392075732,0.0,0.0,0.0,0.0,0.0,0.0,,,0.0,0.0,0.0,0.0,0.0,0.0
device_0,0.0,2.5,0.1,drop,P2,0.03221018004245273,6.739125679633395e-05,0.1,0.0,4.5,0.5270462766947299,902.6,37.0681054876621,1.0,0.0,0.0,0.0,0.0,0.0,0.0,0.0
device_0,0.0,2.5,0.1,drop,P2prime,0.032672544494969834,7.844428716173367e-05,0.1,0.0,1.0,0.0,0.0,0.0,1.0,0.0,0.0,0.0,0.0,0.0,0.0,0.0
device_0,0.0,2.5,0.1,late,P0,0.04658373622301545,0.00010750111455225494,0.1,0.0,4.8,0.6324555320336759,899.0,22.528993664954413,0.20045000000000002,0.004822919816413657,0.0,0.0,0.0,0.0,0.0,0.0
device_0,0.0,2.5,0.1,late,P1,0.0469456476793014,0.00010782072392075732,0.0,0.0,0.0,0.0,0.0,0.0,,,0.0,0.0,0.0,0.0,0.0,0.0
device_0,0.0,2.5,0.1,late,P2,0.043315407385195806,7.726195035496683e-05,0.1,0.0,248.2,90.87084852201563,716.7,38.51421094147518,0.9003099999999999,0.00805763268239774,0.0,0.0,0.0,0.0,0.0,0.0
device_0,0.0,2.5,0.1,late,P2prime,0.043584806431776965,8.459332782116387e-05,0.081277,0.0006812415137086081,1.0,0.0,0.0,0.0,1.0,0.0,0.0,0.0,0.0,0.0,0.0,0.0
device_0,0.0,2.5,0.15,drop,P0,0.03991182582933381,9.242596033818286e-05,0.15,0.0,5.8,0.9189365834726816,1897.8,35.401820417725546,0.19986666666666666,0.00299448051926322,0.0,0.0,0.0,0.0,0.0,0.0
device_0,0.0,2.5,0.15,drop,P1,0.0469456476793014,0.00010782072392075732,0.0,0.0,0.0,0.0,0.0,0.0,,,0.0,0.0,0.0,0.0,0.0,0.0
device_0,0.0,2.5,0.15,drop,P2,0.028057738830809746,5.248929409021679e-05,0.15,0.0,5.6,0.5163977794943222,1899.8,45.854358813772805,1.0,0.0,0.0,0.0,0.0,0.0,0.0,0.0
device_0,0.0,2.5,0.15,drop,P2prime,0.028796744313959666,6.693160658412546e-05,0.15,0.0,1.0,0.0,0.0,0.0,1.0,0.0,0.0,0.0,0.0,0.0,0.0,0.0
device_0,0.0,2.5,0.15,late,P0,0.04639264240917794,0.00010247489487834857,0.15,0.0,5.8,0.4216370213557842,1905.4,24.900691645905034,0.20078666666666667,0.0035746432093390922,0.0,0.0,0.0,0.0,0.0,0.0
device_0,0.0,2.5,0.15,late,P1,0.0469456476793014,0.00010782072392075732,0.0,0.0,0.0,0.0,0.0,0.0,,,0.0,0.0,0.0,0.0,0.0,0.0
device_0,0.0,2.5,0.15,late,P2,0.043315407385195806,7.726195035496683e-05,0.15,0.0,5737.9,93.09308364332036,675.6,36.28038956056932,0.64098,0.005163982576401931,0.0,0.0,0.0,0.0,0.0,0.0
device_0,0.0,2.5,0.15,late,P2prime,0.043584806431776965,8.459332782116387e-05,0.081277,0.0006812415137086081,1.0,0.0,0.0,0.0,1.0,0.0,0.0,0.0,0.0,0.0,0.0,0.0
device_0,0.0,3.0,0.01,drop,P0,0.043958624984738084,7.621614932396998e-05,0.01,0.0,2.1,0.31622776601683794,10.8,3.359894178227774,0.2021,0.017835358140502813,0.0,0.0,0.0,0.0,0.0,0.0
device_0,0.0,3.0,0.01,drop,P1,0.044401104613804865,8.022452151151204e-05,0.0,0.0,0.0,0.0,0.0,0.0,,,0.0,0.0,0.0,0.0,0.0,0.0
device_0,0.0,3.0,0.01,drop,P2,0.04270025146979894,7.974640220230887e-05,0.01,0.0,2.0,0.0,9.2,3.675746333890726,1.0,0.0,0.0,0.0,0.0,0.0,0.0,0.0
device_0,0.0,3.0,0.01,drop,P2prime,0.04270046345327289,7.975330554197911e-05,0.01,0.0,1.0,0.0,0.0,0.0,1.0,0.0,0.0,0.0,0.0,0.0,0.0,0.0
device_0,0.0,3.0,0.01,late,P0,0.044389797214811816,8.027893892336035e-05,0.01,0.0,2.1,0.31622776601683794,9.2,2.250925735484551,0.1977,0.012247902314727655,0.0,0.0,0.0,0.0,0.0,0.0
device_0,0.0,3.0,0.01,late,P1,0.044401104613804865,8.022452151151204e-05,0.0,0.0,0.0,0.0,0.0,0.0,,,0.0,0.0,0.0,0.0,0.0,0.0
device_0,0.0,3.0,0.01,late,P2,0.044007470404008556,8.018502957215544e-05,0.01,0.0,2.1,0.31622776601683794,10.6,2.716206504995115,1.0,0.0,0.0,0.0,0.0,0.0,0.0,0.0
device_0,0.0,3.0,0.01,late,P2prime,0.04400758994821076,8.017482504948103e-05,0.01,0.0,1.0,0.0,0.0,0.0,1.0,0.0,0.0,0.0,0.0,0.0,0.0,0.0
device_0,0.0,3.0,0.05,drop,P0,0.04218319979884551,9.558258388768898e-05,0.05,0.0,3.7,0.48304589153964794,232.9,12.169634341261043,0.20085999999999998,0.00806807150301593,0.0,0.0,0.0,0.0,0.0,0.0
device_0,0.0,3.0,0.05,drop,P1,0.044401104613804865,8.022452151151204e-05,0.0,0.0,0.0,0.0,0.0,0.0,,,0.0,0.0,0.0,0.0,0.0,0.0
device_0,0.0,3.0,0.05,drop,P2,0.03709211836960302,7.382162701032345e-05,0.05,0.0,3.5,0.5270462766947299,239.6,12.393546707863734,1.0,0.0,0.0,0.0,0.0,0.0,0.0,0.0
device_0,0.0,3.0,0.05,drop,P2prime,0.03716022157626026,7.450587730068272e-05,0.05,0.0,1.0,0.0,0.0,0.0,1.0,0.0,0.0,0.0,0.0,0.0,0.0,0.0
device_0,0.0,3.0,0.05,late,P0,0.04434527799224881,7.96615212062757e-05,0.05,0.0,3.2,0.42163702135578385,229.4,9.651712571122054,0.198,0.005116422361159972,0.0,0.0,0.0,0.0,0.0,0.0
device_0,0.0,3.0,0.05,late,P1,0.044401104613804865,8.022452151151204e-05,0.0,0.0,0.0,0.0,0.0,0.0,,,0.0,0.0,0.0,0.0,0.0,0.0
device_0,0.0,3.0,0.05,late,P2,0.043315407385195806,7.726195035496683e-05,0.05,0.0,700.8,54.63169613166173,111.6,6.603029607687672,0.72792,0.009288559271132053,0.0,0.0,0.0,0.0,0.0,0.0
device_0,0.0,3.0,0.05,late,P2prime,0.0433475687866265,7.746161401875336e-05,0.032404,0.0005212634224224405,1.0,0.0,0.0,0.0,1.0,0.0,0.0,0.0,0.0,0.0,0.0,0.0
device_0,0.0,3.0,0.1,drop,P0,0.03996142459433458,0.00010251209259872125,0.1,0.0,4.4,0.5163977794943223,896.9,36.37291422045928,0.20074,0.0039291503180996015,0.0,0.0,0.0,0.0,0.0,0.0
device_0,0.0,3.0,0.1,drop,P1,0.044401104613804865,8.022452151151204e-05,0.0,0.0,0.0,0.0,0.0,0.0,,,0.0,0.0,0.0,0.0,0.0,0.0
device_0,0.0,3.0,0.1,drop,P2,0.03221018004245273,6.739125679633395e-05,0.1,0.0,4.5,0.5270462766947299,902.6,37.0681054876621,1.0,0.0,0.0,0.0,0.0,0.0,0.0,0.0
device_0,0.0,3.0,0.1,drop,P2prime,0.032380305414990145,6.808272233979927e-05,0.1,0.0,1.0,0.0,0.0,0.0,1.0,0.0,0.0,0.0,0.0,0.0,0.0,0.0
device_0,0.0,3.0,0.1,late,P0,0.044292829565980386,7.888408706907329e-05,0.1,0.0,4.9,0.7378647873726218,889.8,25.572554732673,0.19982,0.004422618631032472,0.0,0.0,0.0,0.0,0.0,0.0
device_0,0.0,3.0,0.1,late,P1,0.044401104613804865,8.022452151151204e-05,0.0,0.0,0.0,0.0,0.0,0.0,,,0.0,0.0,0.0,0.0,0.0,0.0
device_0,0.0,3.0,0.1,late,P2,0.043315407385195806,7.726195035496683e-05,0.1,0.0,5875.0,57.567351858497055,106.4,6.1137368096588665,0.45057,0.005360358611552445,0.0,0.0,0.0,0.0,0.0,0.0
device_0,0.0,3.0,0.1,late,P2prime,0.0433475687866265,7.746161401875336e-05,0.032404,0.0005212634224224405,1.0,0.0,0.0,0.0,1.0,0.0,0.0,0.0,0.0,0.0,0.0,0.0
device_0,0.0,3.0,0.15,drop,P0,0.03773905489561434,6.43760874059838e-05,0.15,0.0,5.7,0.6749485577105528,1887.5,34.53581072194807,0.2006666666666667,0.0030184617127124733,0.0,0.0,0.0,0.0,0.0,0.0
device_0,0.0,3.0,0.15,drop,P1,0.044401104613804865,8.022452151151204e-05,0.0,0.0,0.0,0.0,0.0,0.0,,,0.0,0.0,0.0,0.0,0.0,0.0
device_0,0.0,3.0,0.15,drop,P2,0.028057738830809746,5.248929409021679e-05,0.15,0.0,5.6,0.5163977794943222,1899.8,45.854358813772805,1.0,0.0,0.0,0.0,0.0,0.0,0.0,0.0
device_0,0.0,3.0,0.15,drop,P2prime,0.028506926835444646,5.6414766899979616e-05,0.15,0.0,1.0,0.0,0.0,0.0,1.0,0.0,0.0,0.0,0.0,0.0,0.0,0.0
device_0,0.0,3.0,0.15,late,P0,0.04424100032692972,8.578547864709052e-05,0.15,0.0,5.9,0.8755950357709134,1900.5,23.977999175169824,0.20103333333333334,0.0029965000159651242,0.0,0.0,0.0,0.0,0.0,0.0
device_0,0.0,3.0,0.15,late,P1,0.044401104613804865,8.022452151151204e-05,0.0,0.0,0.0,0.0,0.0,0.0,,,0.0,0.0,0.0,0.0,0.0,0.0
device_0,0.0,3.0,0.15,late,P2,0.043315407385195806,7.726195035496683e-05,0.15,0.0,11053.0,55.83308457655989,100.7,5.907622195096771,0.35751333333333335,0.0037402119171492257,0.0,0.0,0.0,0.0,0.0,0.0
device_0,0.0,3.0,0.15,late,P2prime,0.0433475687866265,7.746161401875336e-05,0.032404,0.0005212634224224405,1.0,0.0,0.0,0.0,1.0,0.0,0.0,0.0,0.0,0.0,0.0,0.0
device_0,0.0,4.0,0.01,drop,P0,0.04290090759974295,7.945034770191467e-05,0.01,0.0,2.0,0.0,10.3,2.7507574714370344,0.20179999999999998,0.01908926399838401,0.0,0.0,0.0,0.0,0.0,0.0
device_0,0.0,4.0,0.01,drop,P1,0.04333394322994587,7.781296421280913e-05,0.0,0.0,0.0,0.0,0.0,0.0,,,0.0,0.0,0.0,0.0,0.0,0.0
device_0,0.0,4.0,0.01,drop,P2,0.04181156755124553,7.476734112608557e-05,0.01,0.0,2.0,0.0,9.2,3.675746333890726,1.0,0.0,0.0,0.0,0.0,0.0,0.0,0.0
device_0,0.0,4.0,0.01,drop,P2prime,0.04181238782842746,7.484377581296383e-05,0.01,0.0,1.0,0.0,0.0,0.0,1.0,0.0,0.0,0.0,0.0,0.0,0.0,0.0
device_0,0.0,4.0,0.01,late,P0,0.043333733151381906,7.768936333479767e-05,0.01,0.0,2.1,0.31622776601683794,10.4,3.0623157540948935,0.1974,0.014041209191360818,0.0,0.0,0.0,0.0,0.0,0.0
device_0,0.0,4.0,0.01,late,P1,0.04333394322994587,7.781296421280913e-05,0.0,0.0,0.0,0.0,0.0,0.0,,,0.0,0.0,0.0,0.0,0.0,0.0
device_0,0.0,4.0,0.01,late,P2,0.043315407385195806,7.726195035496683e-05,0.01,0.0,1.4,0.5163977794943222,0.5,0.7071067811865476,0.363,0.013466006584482763,0.0,0.0,0.0,0.0,0.0,0.0
device_0,0.0,4.0,0.01,late,P2prime,0.043315442274044096,7.726830587468774e-05,0.002013,0.00013679262488241925,1.0,0.0,0.0,0.0,1.0,0.0,0.0,0.0,0.0,0.0,0.0,0.0
device_0,0.0,4.0,0.05,drop,P0,0.041171548299752066,7.760632259122514e-05,0.05,0.0,3.7,0.6749485577105528,247.6,14.622661256495762,0.19792,0.008999358001793474,0.0,0.0,0.0,0.0,0.0,0.0
device_0,0.0,4.0,0.05,drop,P1,0.04333394322994587,7.781296421280913e-05,0.0,0.0,0.0,0.0,0.0,0.0,,,0.0,0.0,0.0,0.0,0.0,0.0
device_0,0.0,4.0,0.05,drop,P2,0.03709211836960302,7.382162701032345e-05,0.05,0.0,3.5,0.5270462766947299,239.6,12.393546707863734,1.0,0.0,0.0,0.0,0.0,0.0,0.0,0.0
device_0,0.0,4.0,0.05,drop,P2prime,0.03711777966818179,7.432125692933617e-05,0.05,0.0,1.0,0.0,0.0,0.0,1.0,0.0,0.0,0.0,0.0,0.0,0.0,0.0
device_0,0.0,4.0,0.05,late,P0,0.043333156664795223,7.776423404194774e-05,0.05,0.0,3.5,0.7071067811865476,235.1,18.911783510699237,0.19890000000000002,0.007047300507601789,0.0,0.0,0.0,0.0,0.0,0.0
device_0,0.0,4.0,0.05,late,P1,0.04333394322994587,7.781296421280913e-05,0.0,0.0,0.0,0.0,0.0,0.0,,,0.0,0.0,0.0,0.0,0.0,0.0
device_0,0.0,4.0,0.05,late,P2,0.043315407385195806,7.726195035496683e-05,0.05,0.0,3807.6,12.589237025685494,1.5,0.7071067811865475,0.22934000000000002,0.004397019192336756,0.0,0.0,0.0,0.0,0.0,0.0
device_0,0.0,4.0,0.05,late,P2prime,0.043315442274044096,7.726830587468774e-05,0.002013,0.00013679262488241925,1.0,0.0,0.0,0.0,1.0,0.0,0.0,0.0,0.0,0.0,0.0,0.0
device_0,0.0,4.0,0.1,drop,P0,0.03900577424030124,7.093001002012739e-05,0.1,0.0,4.5,0.7071067811865474,880.8,17.203358845166115,0.20006,0.003372832637413241,0.0,0.0,0.0,0.0,0.0,0.0
device_0,0.0,4.0,0.1,drop,P1,0.04333394322994587,7.781296421280913e-05,0.0,0.0,0.0,0.0,0.0,0.0,,,0.0,0.0,0.0,0.0,0.0,0.0
device_0,0.0,4.0,0.1,drop,P2,0.03221018004245273,6.739125679633395e-05,0.1,0.0,4.5,0.5270462766947299,902.6,37.0681054876621,1.0,0.0,0.0,0.0,0.0,0.0,0.0,0.0
device_0,0.0,4.0,0.1,drop,P2prime,0.032338010524580005,6.771394797613073e-05,0.1,0.0,1.0,0.0,0.0,0.0,1.0,0.0,0.0,0.0,0.0,0.0,0.0,0.0
device_0,0.0,4.0,0.1,late,P0,0.043332108658245085,7.791263320845641e-05,0.1,0.0,4.9,0.5676462121975467,897.9,19.098865585857883,0.19958,0.004013809495562378,0.0,0.0,0.0,0.0,0.0,0.0
device_0,0.0,4.0,0.1,late,P1,0.04333394322994587,7.781296421280913e-05,0.0,0.0,0.0,0.0,0.0,0.0,,,0.0,0.0,0.0,0.0,0.0,0.0
device_0,0.0,4.0,0.1,late,P2,0.043315407385195806,7.726195035496683e-05,0.1,0.0,8818.9,12.169634341261148,1.4,0.699205898780101,0.2152,0.003478505426185215,0.0,0.0,0.0,0.0,0.0,0.0
device_0,0.0,4.0,0.1,late,P2prime,0.043315442274044096,7.726830587468774e-05,0.002013,0.00013679262488241925,1.0,0.0,0.0,0.0,1.0,0.0,0.0,0.0,0.0,0.0,0.0,0.0
device_0,0.0,4.0,0.15,drop,P0,0.03682428135921938,6.501086455195e-05,0.15,0.0,5.8,0.9189365834726815,1895.7,34.631552729331176,0.2010866666666667,0.0033932467426920345,0.0,0.0,0.0,0.0,0.0,0.0
device_0,0.0,4.0,0.15,drop,P1,0.04333394322994587,7.781296421280913e-05,0.0,0.0,0.0,0.0,0.0,0.0,,,0.0,0.0,0.0,0.0,0.0,0.0
device_0,0.0,4.0,0.15,drop,P2,0.028057738830809746,5.248929409021679e-05,0.15,0.0,5.6,0.5163977794943222,1899.8,45.854358813772805,1.0,0.0,0.0,0.0,0.0,0.0,0.0,0.0
device_0,0.0,4.0,0.15,drop,P2prime,0.028463975600754206,5.59417499366154e-05,0.15,0.0,1.0,0.0,0.0,0.0,1.0,0.0,0.0,0.0,0.0,0.0,0.0,0.0
device_0,0.0,4.0,0.15,late,P0,0.04333143191846904,7.748767072922445e-05,0.15,0.0,5.6,0.6992058987801009,1873.8,27.421808028566552,0.1996733333333333,0.00301001620109663,0.0,0.0,0.0,0.0,0.0,0.0
device_0,0.0,4.0,0.15,late,P1,0.04333394322994587,7.781296421280913e-05,0.0,0.0,0.0,0.0,0.0,0.0,,,0.0,0.0,0.0,0.0,0.0,0.0
device_0,0.0,4.0,0.15,late,P2,0.043315407385195806,7.726195035496683e-05,0.15,0.0,13828.6,11.758684733705138,1.4,0.699205898780101,0.20959333333333335,0.003300347905342146,0.0,0.0,0.0,0.0,0.0,0.0
device_0,0.0,4.0,0.15,late,P2prime,0.043315442274044096,7.726830587468774e-05,0.002013,0.00013679262488241925,1.0,0.0,0.0,0.0,1.0,0.0,0.0,0.0,0.0,0.0,0.0,0.0
device_0,0.375,1.2,0.1,drop,P0,0.07024918803953424,0.00028384252892326795,0.1,0.0,5.1,0.5676462121975467,977.1,21.604783420961827,0.43499,0.004477213915421554,0.122387,0.0012223388328210067,0.0,0.0,0.6141549956372581,0.003460520289775724
device_0,0.375,1.2,0.1,drop,P1,0.07557244214932168,0.00031341835419621976,0.031749,0.0006928756502191904,3.8,0.6324555320336759,229.1,11.685223337379751,1.0,0.0,0.131599,0.0013313022029410016,0.0,0.0,0.6603857170141485,0.0045082321303139845
device_0,0.375,1.2,0.1,drop,P2,0.05852077851764896,0.0002943791541813449,0.1,0.0,7.1,0.5676462121975466,1859.8,37.67639992237994,1.0,0.0,0.063348,0.0013367356590673505,0.0,0.0,0.3178655496824436,0.004608995743557612
device_0,0.375,1.2,0.1,drop,P2prime,0.05857458750192742,0.00029352043706765894,0.1,0.0,3.8,0.6324555320336759,229.1,11.685223337379751,1.0,0.0,0.063348,0.0013367356590673505,0.0,0.0,0.3178655496824436,0.004608995743557612
device_0,0.375,1.2,0.1,late,P0,0.07722465405076515,0.00027695347965707407,0.1,0.0,5.0,0.6666666666666666,995.4,20.309822473101267,0.43409000000000003,0.006356352902586693,0.12241500000000001,0.0011959677624789403,0.0,0.0,0.6142995629191781,0.003985191701087132
device_0,0.375,1.2,0.1,late,P1,0.07977137244200622,0.0002958435009576477,0.031749,0.0006928756502191904,3.8,0.6324555320336759,229.1,11.685223337379751,1.0,0.0,0.131599,0.0013313022029410016,0.0,0.0,0.6603857170141485,0.0045082321303139845
device_0,0.375,1.2,0.1,late,P2,0.068566094823957,0.00030282381376169515,0.1,0.0,7.6,1.0749676997731399,1858.3,29.43939159999368,1.0,0.0,0.063348,0.0013367356590673505,0.0,0.0,0.3178655496824436,0.004608995743557612
device_0,0.375,1.2,0.1,late,P2prime,0.06876656550414759,0.0002981099337408116,0.1,0.0,3.8,0.6324555320336759,229.1,11.685223337379751,1.0,0.0,0.063348,0.0013367356590673505,0.0,0.0,0.3178655496824436,0.004608995743557612
device_0,0.375,1.2,0.15,drop,P0,0.06631222396382919,0.0002866726409146204,0.15,0.0,6.3,0.8232726023485646,1961.4,29.93400147732417,0.34843999999999997,0.004344339299665405,0.115389,0.0012937151498258396,0.0,0.0,0.5790369696987134,0.00423599405928689
device_0,0.375,1.2,0.15,drop,P1,0.07557244214932168,0.00031341835419621976,0.031749,0.0006928756502191904,3.8,0.6324555320336759,229.1,11.685223337379751,1.0,0.0,0.131599,0.0013313022029410016,0.0,0.0,0.6603857170141485,0.0045082321303139845
device_0,0.375,1.2,0.15,drop,P2,0.046210670328517583,0.0002918735500467083,0.15,0.0,10.2,1.3165611772087662,3477.1,35.066444866218674,1.0,0.0,0.013348000000000002,0.00133673565906735,0.0,0.0,0.06694466060118008,0.0062239593055740524
device_0,0.375,1.2,0.15,drop,P2prime,0.04953912619369576,0.0002265723250572024,0.15,0.0,3.8,0.6324555320336759,229.1,11.685223337379751,0.8669533333333334,0.00618904248762118,0.047642000000000004,0.000593984661231062,0.0,0.0,0.2390706255111911,0.0017536994320570436
device_0,0.375,1.2,0.15,late,P0,0.0753195211836011,0.0002954035224924413,0.15,0.0,6.1,0.7378647873726218,1974.8,29.93993987969915,0.34768,0.004358479744017656,0.11551700000000001,0.0013658050129258335,0.0,0.0,0.5796759550882548,0.00429570357615406
device_0,0.375,1.2,0.15,late,P1,0.07977137244200622,0.0002958435009576477,0.031749,0.0006928756502191904,3.8,0.6324555320336759,229.1,11.685223337379751,1.0,0.0,0.131599,0.0013313022029410016,0.0,0.0,0.6603857170141485,0.0045082321303139845
device_0,0.375,1.2,0.15,late,P2,0.06106018323046253,0.0002916473620365296,0.15,0.0,10.0,1.2472191289246468,3478.6,34.68012559249335,1.0,0.0,0.013348000000000002,0.00133673565906735,0.0,0.0,0.06694466060118008,0.0062239593055740524
device_0,0.375,1.2,0.15,late,P2prime,0.06286589278644437,0.00027033298875691014,0.15,0.0,3.8,0.6324555320336759,229.1,11.685223337379751,0.7713466666666667,0.0060862768119843685,0.047646,0.0005932996245106218,0.0,0.0,0.23909071164804976,0.0017499666832512793
device_0,0.375,1.35,0.01,drop,P0,0.06336293453657746,0.0002218191825696266,0.01,0.0,2.2,0.42163702135578385,13.8,2.898275349237888,0.5963,0.018354835875049373,0.053127999999999995,0.0010121462344938085,0.0,0.0,0.2665985543101629,0.004239843399992458
device_0,0.375,1.35,0.01,drop,P1,0.06369122525788065,0.00021681601533594738,0.00495,0.00022725414065412417,2.1,0.31622776601683794,6.8,1.5491933384829668,1.0,0.0,0.053409,0.000997980739070427,0.0,0.0,0.2680089772278238,0.004170465389766581
device_0,0.375,1.35,0.01,drop,P2,0.06238961062610563,0.000234897373922955,0.01,0.0,2.4,0.5163977794943221,24.9,3.034981237357343,1.0,0.0,0.048359,0.0010668275920274624,0.0,0.0,0.2426633262123666,0.0044608681599897304
device_0,0.375,1.35,0.01,drop,P2prime,0.062389787239132175,0.00023490157216737094,0.01,0.0,2.1,0.31622776601683794,6.8,1.5491933384829668,1.0,0.0,0.048359,0.0010668275920274624,0.0,0.0,0.2426633262123666,0.0044608681599897304
device_0,0.375,1.35,0.01,late,P0,0.06437561145032307,0.0002257346168184443,0.01,0.0,2.2,0.42163702135578385,13.1,3.247221034122014,0.5947,0.019113985571942986,0.05314,0.0009874546403084374,0.0,0.0,0.2666589760233082,0.004103648074668576
device_0,0.375,1.35,0.01,late,P1,0.06448422746902091,0.0002269920890041306,0.00495,0.00022725414065412417,2.1,0.31622776601683794,6.8,1.5491933384829668,1.0,0.0,0.053409,0.000997980739070427,0.0,0.0,0.2680089772278238,0.004170465389766581
device_0,0.375,1.35,0.01,late,P2,0.06374577092644285,0.0002403164420682454,0.01,0.0,2.5,0.5270462766947298,24.5,4.27525177946022,1.0,0.0,0.048359,0.0010668275920274624,0.0,0.0,0.2426633262123666,0.0044608681599897304
device_0,0.375,1.35,0.01,late,P2prime,0.06374590386646531,0.00024030881674350982,0.01,0.0,2.1,0.31622776601683794,6.8,1.5491933384829668,1.0,0.0,0.048359,0.0010668275920274624,0.0,0.0,0.2426633262123666,0.0044608681599897304
device_0,0.375,1.35,0.05,drop,P0,0.06078457550013529,0.00019354065086190663,0.05,0.0,3.3,0.4830458915396479,236.5,15.890248582070704,0.27756,0.007861467208267602,0.050932,0.0008701059960972828,0.0,0.0,0.25558029331382104,0.0035504334368402185
device_0,0.375,1.35,0.05,drop,P1,0.06369122525788065,0.00021681601533594738,0.00495,0.00022725414065412417,2.1,0.31622776601683794,6.8,1.5491933384829668,1.0,0.0,0.053409,0.000997980739070427,0.0,0.0,0.2680089772278238,0.004170465389766581
device_0,0.375,1.35,0.05,drop,P2,0.05226220862718236,0.0002327941576719341,0.05,0.0,4.7,0.6749485577105528,540.6,30.761447733594512,1.0,0.0,0.008359,0.0010668275920274616,0.0,0.0,0.041926614947355764,0.0051613787041378595
device_0,0.375,1.35,0.05,drop,P2prime,0.05228252597418974,0.00022047797341282987,0.05,0.0,2.1,0.31622776601683794,6.8,1.5491933384829668,1.0,0.0,0.008449,0.0009095719383925117,0.0,0.0,0.04238178108299527,0.0043637832116815945
device_0,0.375,1.35,0.05,late,P0,0.06352307538215217,0.0002119104488269082,0.05,0.0,3.3,0.48304589153964794,234.1,14.707896594082454,0.27588,0.008702081487909777,0.050902,0.0009131605676014605,0.0,0.0,0.2554304763163223,0.0038740584543358863
device_0,0.375,1.35,0.05,late,P1,0.06448422746902091,0.0002269920890041306,0.00495,0.00022725414065412417,2.1,0.31622776601683794,6.8,1.5491933384829668,1.0,0.0,0.053409,0.000997980739070427,0.0,0.0,0.2680089772278238,0.004170465389766581
device_0,0.375,1.35,0.05,late,P2,0.05826350587993749,0.0002290149596103175,0.05,0.0,4.8,0.632455532033676,537.4,27.002880504782365,1.0,0.0,0.008359,0.0010668275920274616,0.0,0.0,0.041926614947355764,0.0051613787041378595
device_0,0.375,1.35,0.05,late,P2prime,0.05834901913049606,0.00022085101262470037,0.05,0.0,2.1,0.31622776601683794,6.8,1.5491933384829668,0.9984,0.0050596442562693975,0.008449,0.0009095719383925117,0.0,0.0,0.04238178108299527,0.0043637832116815945
device_0,0.375,1.35,0.1,drop,P0,0.05761266155751804,0.00024187791844521803,0.1,0.0,4.6,0.5163977794943223,887.0,37.72709017845576,0.23417,0.0033456605393321656,0.048289,0.0010466608280091936,0.0,0.0,0.2423109916362706,0.00427811446856196
device_0,0.375,1.35,0.1,drop,P1,0.06369122525788065,0.00021681601533594738,0.00495,0.00022725414065412417,2.1,0.31622776601683794,6.8,1.5491933384829668,1.0,0.0,0.053409,0.000997980739070427,0.0,0.0,0.2680089772278238,0.004170465389766581
device_0,0.375,1.35,0.1,drop,P2,0.043536359209899074,0.00016252580163451423,0.1,0.0,7.1,0.5676462121975466,1859.8,37.67639992237994,1.0,0.0,0.0,0.0,0.0,0.0,0.0,0.0
device_0,0.375,1.35,0.1,drop,P2prime,0.04427244531180809,0.00016215312597452124,0.1,0.0,2.1,0.31622776601683794,6.8,1.5491933384829668,1.0,0.0,0.007415,0.00035631602701971044,0.0,0.0,0.03721157769243226,0.0018128737236175177
device_0,0.375,1.35,0.1,late,P0,0.0624588257082034,0.00019653908335236922,0.1,0.0,4.8,0.6324555320336758,890.0,26.778930357859917,0.23525999999999997,0.0056447025312824665,0.048272999999999996,0.0009739045127731982,0.0,0.0,0.24223925023824497,0.004389007618072475
device_0,0.375,1.35,0.1,late,P1,0.06448422746902091,0.0002269920890041306,0.00495,0.00022725414065412417,2.1,0.31622776601683794,6.8,1.5491933384829668,1.0,0.0,0.053409,0.000997980739070427,0.0,0.0,0.2680089772278238,0.004170465389766581
device_0,0.375,1.35,0.1,late,P2,0.053479107254869165,0.00019713010892851148,0.1,0.0,7.1,0.875595035770913,1621.4,28.899058039243382,0.88346,0.004199788354455773,0.0,0.0,0.0,0.0,0.0,0.0
device_0,0.375,1.35,0.1,late,P2prime,0.053963154682000344,0.0001945910298317613,0.1,0.0,2.1,0.31622776601683794,6.8,1.5491933384829668,0.8929,0.0038052595180881133,0.007416000000000001,0.0003561273180572737,0.0,0.0,0.03721661750696709,0.0018124218788869119
device_0,0.375,1.35,0.15,drop,P0,0.05436642541774511,0.0001881367569744095,0.15,0.0,5.9,0.8755950357709131,1891.7,28.087363706834438,0.22345333333333334,0.003966003679421542,0.04557,0.0007918473478027351,0.0,0.0,0.2286755230263926,0.0034268884220137975
device_0,0.375,1.35,0.15,drop,P1,0.06369122525788065,0.00021681601533594738,0.00495,0.00022725414065412417,2.1,0.31622776601683794,6.8,1.5491933384829668,1.0,0.0,0.053409,0.000997980739070427,0.0,0.0,0.2680089772278238,0.004170465389766581
device_0,0.375,1.35,0.15,drop,P2,0.03570625102076769,0.00015967221039656172,0.15,0.0,10.2,1.3165611772087662,3477.1,35.066444866218674,1.0,0.0,0.0,0.0,0.0,0.0,0.0,0.0
device_0,0.375,1.35,0.15,drop,P2prime,0.03701422214466078,0.00013332275819519262,0.15,0.0,2.1,0.31622776601683794,6.8,1.5491933384829668,0.8591533333333334,0.006075658781533876,0.007415,0.00035631602701971044,0.0,0.0,0.03721157769243226,0.0018128737236175177
device_0,0.375,1.35,0.15,late,P0,0.061379951293126636,0.00021492236453973047,0.15,0.0,6.3,0.8232726023485647,1889.9,27.634318438411967,0.22222,0.0024180494128456026,0.045517,0.0009388533195103273,0.0,0.0,0.2284068334836724,0.00410162718222163
device_0,0.375,1.35,0.15,late,P1,0.06448422746902091,0.0002269920890041306,0.00495,0.00022725414065412417,2.1,0.31622776601683794,6.8,1.5491933384829668,1.0,0.0,0.053409,0.000997980739070427,0.0,0.0,0.2680089772278238,0.004170465389766581
device_0,0.375,1.35,0.15,late,P2,0.0496068317326112,0.00018692834364518015,0.15,0.0,9.2,1.1352924243950933,3152.3,23.790988023012265,0.8926466666666666,0.00646281290285306,0.0,0.0,0.0,0.0,0.0,0.0
device_0,0.375,1.35,0.15,late,P2prime,0.05038380820471335,0.00018796515675136317,0.15,0.0,2.1,0.31622776601683794,6.8,1.5491933384829668,0.7528266666666668,0.002919698952856021,0.007422000000000001,0.0003596541548642407,0.0,0.0,0.03724691029859505,0.001834368742747667
device_0,0.375,1.5,0.01,drop,P0,0.056946081782276184,0.00018750101484858934,0.01,0.0,2.1,0.31622776601683794,9.3,3.0203016773531455,0.24630000000000002,0.014407174138833296,0.009875,0.00028760505327039484,0.0,0.0,0.04955260276132082,0.0013200616774388786
device_0,0.375,1.5,0.01,drop,P1,0.057484249429353526,0.00019726874582268975,0.0006219999999999999,9.016035098028892e-05,1.0,0.0,0.0,0.0,1.0,0.0,0.009958999999999999,0.0002935397001353576,0.0,0.0,0.04997412467495902,0.0013503486088830643
device_0,0.375,1.5,0.01,drop,P2,0.0550522602477214,0.00020222370384547744,0.01,0.0,2.4,0.5163977794943221,24.9,3.034981237357343,1.0,0.0,0.0005819999999999999,0.0003105121217887923,0.0,0.0,0.0029154629546914016,0.0015430150698090813
device_0,0.375,1.5,0.01,drop,P2prime,0.0550549547960242,0.00020263258920885787,0.01,0.0,1.0,0.0,0.0,0.0,1.0,0.0,0.000607,0.0002653739499900722,0.0,0.0,0.003040712663890815,0.0013148036042231722
device_0,0.375,1.5,0.01,late,P0,0.057459079234249685,0.00019337197725837252,0.01,0.0,2.1,0.316227766016838,10.0,2.5385910352879693,0.24710000000000001,0.019974706227849477,0.009839,0.00030899298805420574,0.0,0.0,0.04937241711407923,0.0014543460161240967
device_0,0.375,1.5,0.01,late,P1,0.05759371371542541,0.00020072046895790654,0.0006219999999999999,9.016035098028892e-05,1.0,0.0,0.0,0.0,1.0,0.0,0.009958999999999999,0.0002935397001353576,0.0,0.0,0.04997412467495902,0.0013503486088830643
device_0,0.375,1.5,0.01,late,P2,0.056538955383724096,0.00020148408143443576,0.01,0.0,2.4,0.5163977794943222,25.2,4.022160834399561,1.0,0.0,0.0005819999999999999,0.0003105121217887923,0.0,0.0,0.0029154629546914016,0.0015430150698090813
device_0,0.375,1.5,0.01,late,P2prime,0.056542860418807364,0.00020139451113783947,0.01,0.0,1.0,0.0,0.0,0.0,1.0,0.0,0.000607,0.0002653739499900722,0.0,0.0,0.003040712663890815,0.0013148036042231722
device_0,0.375,1.5,0.05,drop,P0,0.05463525831939516,0.0001755075928794485,0.05,0.0,3.6,0.5163977794943222,234.7,8.832389886724378,0.20929999999999999,0.007475738536537158,0.009422999999999999,0.0002788089748276491,0.0,0.0,0.047284924705192535,0.0013021065003917134
device_0,0.375,1.5,0.05,drop,P1,0.057484249429353526,0.00019726874582268975,0.0006219999999999999,9.016035098028892e-05,1.0,0.0,0.0,0.0,1.0,0.0,0.009958999999999999,0.0002935397001353576,0.0,0.0,0.04997412467495902,0.0013503486088830643
device_0,0.375,1.5,0.05,drop,P2,0.04845671104879812,0.00018740018676824968,0.05,0.0,4.7,0.6749485577105528,540.6,30.761447733594512,1.0,0.0,0.0,0.0,0.0,0.0,0.0,0.0
device_0,0.375,1.5,0.05,drop,P2prime,0.04849487665741302,0.00018878197434336075,0.05,0.0,1.0,0.0,0.0,0.0,1.0,0.0,0.000282,4.4422216663887145e-05,0.0,0.0,0.0014144298796083703,0.0002156981367830793
device_0,0.375,1.5,0.05,late,P0,0.05688719886430862,0.0002070137400430985,0.05,0.0,3.7,0.674948557710553,233.3,16.398170629676958,0.20815999999999998,0.006133188404084773,0.009456,0.00026982298724245924,0.0,0.0,0.0474497606187828,0.0012198638122185874
device_0,0.375,1.5,0.05,late,P1,0.05759371371542541,0.00020072046895790654,0.0006219999999999999,9.016035098028892e-05,1.0,0.0,0.0,0.0,1.0,0.0,0.009958999999999999,0.0002935397001353576,0.0,0.0,0.04997412467495902,0.0013503486088830643
device_0,0.375,1.5,0.05,late,P2,0.053218378717952854,0.00019631963208591784,0.05,0.0,4.7,0.4830458915396479,538.8,19.67965672690682,1.0,0.0,0.0,0.0,0.0,0.0,0.0,0.0
device_0,0.375,1.5,0.05,late,P2prime,0.05325331433054266,0.00019702681738499584,0.05,0.0,1.0,0.0,0.0,0.0,1.0,0.0,0.000284,4.6951511631090696e-05,0.0,0.0,0.0014243562817546115,0.0002277054727667333
device_0,0.375,1.5,0.1,drop,P0,0.05179786080723584,0.00018299724096655336,0.1,0.0,4.7,0.6749485577105528,892.7,24.34497438441407,0.20146000000000003,0.003991435275130442,0.008963,0.0002503797116381436,0.0,0.0,0.04497560617208287,0.0011138210629104558
device_0,0.375,1.5,0.1,drop,P1,0.057484249429353526,0.00019726874582268975,0.0006219999999999999,9.016035098028892e-05,1.0,0.0,0.0,0.0,1.0,0.0,0.009958999999999999,0.0002935397001353576,0.0,0.0,0.04997412467495902,0.0013503486088830643
device_0,0.375,1.5,0.1,drop,P2,0.04047982803151483,0.00018524725286548217,0.1,0.0,7.1,0.5676462121975466,1859.8,37.67639992237994,1.0,0.0,0.0,0.0,0.0,0.0,0.0,0.0
device_0,0.375,1.5,0.1,drop,P2prime,0.04057759527236185,0.0001857875781117693,0.1,0.0,1.0,0.0,0.0,0.0,1.0,0.0,0.000282,4.4422216663887145e-05,0.0,0.0,0.0014144298796083703,0.0002156981367830793
device_0,0.375,1.5,0.1,late,P0,0.0561689060182036,0.00019636501749012095,0.1,0.0,4.6,0.8432740427115677,888.8,22.294991963817047,0.20423999999999998,0.004418697646240228,0.008931999999999999,0.0002629237320762222,0.0,0.0,0.04482083066434788,0.0012172058730635896
device_0,0.375,1.5,0.1,late,P1,0.05759371371542541,0.00020072046895790654,0.0006219999999999999,9.016035098028892e-05,1.0,0.0,0.0,0.0,1.0,0.0,0.009958999999999999,0.0002935397001353576,0.0,0.0,0.04997412467495902,0.0013503486088830643
device_0,0.375,1.5,0.1,late,P2,0.04959348226120299,0.00019030934210090904,0.1,0.0,7.0,0.9428090415820634,1711.9,21.361699890744223,0.9337899999999999,0.005030672585913992,0.0,0.0,0.0,0.0,0.0,0.0
device_0,0.375,1.5,0.1,late,P2prime,0.04975717366464432,0.00019147413308402236,0.1,0.0,1.0,0.0,0.0,0.0,0.88111,0.004212797961766825,0.000301,4.557045826702501e-05,0.0,0.0,0.0015097220473111548,0.00022123658546935267
device_0,0.375,1.5,0.15,drop,P0,0.04888717565290449,0.00020575007624381144,0.15,0.0,6.1,1.197218999737865,1902.1,26.689365339442283,0.20249999999999999,0.002773285255993528,0.008515,0.00024730772553867205,0.0,0.0,0.04272686834437471,0.0010813331010916206
device_0,0.375,1.5,0.15,drop,P1,0.057484249429353526,0.00019726874582268975,0.0006219999999999999,9.016035098028892e-05,1.0,0.0,0.0,0.0,1.0,0.0,0.009958999999999999,0.0002935397001353576,0.0,0.0,0.04997412467495902,0.0013503486088830643
device_0,0.375,1.5,0.15,drop,P2,0.03264971984238345,0.00018243493185798575,0.15,0.0,10.2,1.3165611772087662,3477.1,35.066444866218674,1.0,0.0,0.0,0.0,0.0,0.0,0.0,0.0
device_0,0.375,1.5,0.15,drop,P2prime,0.03424369065051208,9.857935455247763e-05,0.15,0.0,1.0,0.0,0.0,0.0,0.8784466666666667,0.006429565198516543,0.00097,0.00010000000000000005,0.0,0.0,0.004867142184464519,0.0004932090977916618
device_0,0.375,1.5,0.15,late,P0,0.05545217636581229,0.00018400585317294334,0.15,0.0,5.6,0.5163977794943223,1908.6,39.89207662904723,0.20204666666666665,0.0028859899985282248,0.008469,0.00029636501517929243,0.0,0.0,0.04249742243212136,0.0014045196209428112
device_0,0.375,1.5,0.15,late,P1,0.05759371371542541,0.00020072046895790654,0.0006219999999999999,9.016035098028892e-05,1.0,0.0,0.0,0.0,1.0,0.0,0.009958999999999999,0.0002935397001353576,0.0,0.0,0.04997412467495902,0.0013503486088830643
device_0,0.375,1.5,0.15,late,P2,0.046318665095114966,0.00018383324564463256,0.15,0.0,9.6,1.429840705968481,3203.3,31.864469938231295,0.91008,0.002892954404270033,0.0,0.0,0.0,0.0,0.0,0.0
device_0,0.375,1.5,0.15,late,P2prime,0.047519344328578475,0.0001489964930423638,0.142581,0.0009102191433324717,1.0,0.0,0.0,0.0,0.9140945552357552,0.0029982316006559274,0.001057,8.538149682454628e-05,0.0,0.0,0.005303215799455819,0.00041126130819087896
device_0,0.375,2.0,0.01,drop,P0,0.05082576859212209,0.00016463031942056292,0.01,0.0,2.2,0.42163702135578396,10.6,3.0258148581093907,0.20049999999999998,0.012438738771363526,0.0,0.0,0.0,0.0,0.0,0.0
device_0,0.375,2.0,0.01,drop,P1,0.051343665305406815,0.00016553773319986117,0.0,0.0,0.0,0.0,0.0,0.0,,,0.0,0.0,0.0,0.0,0.0,0.0
device_0,0.375,2.0,0.01,drop,P2,0.0496423910377028,0.00016497383200444443,0.01,0.0,2.4,0.5163977794943221,24.9,3.034981237357343,1.0,0.0,0.0,0.0,0.0,0.0,0.0,0.0
device_0,0.375,2.0,0.01,drop,P2prime,0.049642845009626665,0.00016499378884558184,0.01,0.0,1.0,0.0,0.0,0.0,1.0,0.0,0.0,0.0,0.0,0.0,0.0,0.0
device_0,0.375,2.0,0.01,late,P0,0.05126317867359783,0.00016022746471278286,0.01,0.0,2.0,0.0,10.1,2.183269719175042,0.19970000000000002,0.015070574714396994,0.0,0.0,0.0,0.0,0.0,0.0
device_0,0.375,2.0,0.01,late,P1,0.051343665305406815,0.00016553773319986117,0.0,0.0,0.0,0.0,0.0,0.0,,,0.0,0.0,0.0,0.0,0.0,0.0
device_0,0.375,2.0,0.01,late,P2,0.05074730065953598,0.00016556332068497483,0.01,0.0,2.3,0.4830458915396479,23.2,3.155242550986462,1.0,0.0,0.0,0.0,0.0,0.0,0.0,0.0
device_0,0.375,2.0,0.01,late,P2prime,0.05074741556071101,0.00016554995801209792,0.01,0.0,1.0,0.0,0.0,0.0,1.0,0.0,0.0,0.0,0.0,0.0,0.0,0.0
device_0,0.375,2.0,0.05,drop,P0,0.04877094885641598,0.0001484202102647159,0.05,0.0,3.7,0.4830458915396479,232.2,15.922032254430055,0.20134,0.005486994724902783,0.0,0.0,0.0,0.0,0.0,0.0
device_0,0.375,2.0,0.05,drop,P1,0.051343665305406815,0.00016553773319986117,0.0,0.0,0.0,0.0,0.0,0.0,,,0.0,0.0,0.0,0.0,0.0,0.0
device_0,0.375,2.0,0.05,drop,P2,0.043098989038779525,0.00016323273603303684,0.05,0.0,4.7,0.6749485577105528,540.6,30.761447733594512,1.0,0.0,0.0,0.0,0.0,0.0,0.0,0.0
device_0,0.375,2.0,0.05,drop,P2prime,0.04311241843457135,0.00016206307558428218,0.05,0.0,1.0,0.0,0.0,0.0,1.0,0.0,0.0,0.0,0.0,0.0,0.0,0.0
device_0,0.375,2.0,0.05,late,P0,0.05094035034905009,0.00016351478767728906,0.05,0.0,3.5,0.5270462766947298,231.8,10.591401124392274,0.19804,0.00537384612937719,0.0,0.0,0.0,0.0,0.0,0.0
device_0,0.375,2.0,0.05,late,P1,0.051343665305406815,0.00016553773319986117,0.0,0.0,0.0,0.0,0.0,0.0,,,0.0,0.0,0.0,0.0,0.0,0.0
device_0,0.375,2.0,0.05,late,P2,0.04847995846201085,0.00016546317157361233,0.05,0.0,4.8,1.2292725943057183,531.7,13.383655039719958,1.0,0.0,0.0,0.0,0.0,0.0,0.0,0.0
device_0,0.375,2.0,0.05,late,P2prime,0.048490607067255026,0.00016519704734637602,0.05,0.0,1.0,0.0,0.0,0.0,1.0,0.0,0.0,0.0,0.0,0.0,0.0,0.0
device_0,0.375,2.0,0.1,drop,P0,0.046183772988739866,0.00013614784091338416,0.1,0.0,4.7,0.483045891539648,898.0,18.932629094883893,0.20095000000000002,0.0030830180018936023,0.0,0.0,0.0,0.0,0.0,0.0
device_0,0.375,2.0,0.1,drop,P1,0.051343665305406815,0.00016553773319986117,0.0,0.0,0.0,0.0,0.0,0.0,,,0.0,0.0,0.0,0.0,0.0,0.0
device_0,0.375,2.0,0.1,drop,P2,0.03569248670778574,0.0001484535316754432,0.1,0.0,7.1,0.5676462121975466,1859.8,37.67639992237994,1.0,0.0,0.0,0.0,0.0,0.0,0.0,0.0
device_0,0.375,2.0,0.1,drop,P2prime,0.035946118032651284,0.0001457122993310671,0.1,0.0,1.0,0.0,0.0,0.0,1.0,0.0,0.0,0.0,0.0,0.0,0.0,0.0
device_0,0.375,2.0,0.1,late,P0,0.050545414297379264,0.00015898739882115872,0.1,0.0,4.7,0.48304589153964794,885.6,32.73530204534546,0.19707,0.004427452239531604,0.0,0.0,0.0,0.0,0.0,0.0
device_0,0.375,2.0,0.1,late,P1,0.051343665305406815,0.00016553773319986117,0.0,0.0,0.0,0.0,0.0,0.0,,,0.0,0.0,0.0,0.0,0.0,0.0
device_0,0.375,2.0,0.1,late,P2,0.04585811119148372,0.00016289893760735064,0.1,0.0,7.4,1.2649110640673518,1857.6,33.23719469376306,1.0,0.0,0.0,0.0,0.0,0.0,0.0,0.0
device_0,0.375,2.0,0.1,late,P2prime,0.04596979092130505,0.0001601398495028594,0.1,0.0,1.0,0.0,0.0,0.0,1.0,0.0,0.0,0.0,0.0,0.0,0.0,0.0
device_0,0.375,2.0,0.15,drop,P0,0.04365796907871623,0.00017891551918077935,0.15,0.0,5.5,0.7071067811865475,1931.2,19.769786150700877,0.19864666666666667,0.003330969532237018,0.0,0.0,0.0,0.0,0.0,0.0
device_0,0.375,2.0,0.15,drop,P1,0.051343665305406815,0.00016553773319986117,0.0,0.0,0.0,0.0,0.0,0.0,,,0.0,0.0,0.0,0.0,0.0,0.0
device_0,0.375,2.0,0.15,drop,P2,0.02877886487010206,0.0001399421279755427,0.15,0.0,10.2,1.3165611772087662,3477.1,35.066444866218674,1.0,0.0,0.0,0.0,0.0,0.0,0.0,0.0
device_0,0.375,2.0,0.15,drop,P2prime,0.0319168222567209,7.5439719584972e-05,0.15,0.0,1.0,0.0,0.0,0.0,0.8697666666666667,0.006696470417270764,0.0,0.0,0.0,0.0,0.0,0.0
device_0,0.375,2.0,0.15,late,P0,0.05014109082559339,0.00014335772660446718,0.15,0.0,5.9,0.8755950357709132,1889.8,20.09864561495509,0.19847333333333333,0.0038239595534820523,0.0,0.0,0.0,0.0,0.0,0.0
device_0,0.375,2.0,0.15,late,P1,0.051343665305406815,0.00016553773319986117,0.0,0.0,0.0,0.0,0.0,0.0,,,0.0,0.0,0.0,0.0,0.0,0.0
device_0,0.375,2.0,0.15,late,P2,0.043571331372082786,0.00014781053185379623,0.15,0.0,9.7,0.4830458915396482,3484.0,49.0600539022216,1.0,0.0,0.0,0.0,0.0,0.0,0.0,0.0
device_0,0.375,2.0,0.15,late,P2prime,0.04546702929199709,0.00012557736766955724,0.115048,0.0010347710428452775,1.0,0.0,0.0,0.0,1.0,0.0,0.0,0.0,0.0,0.0,0.0,0.0
device_0,0.375,2.5,0.01,drop,P0,0.0464456673626991,0.0001570019679188435,0.01,0.0,2.0,0.0,9.6,3.6575644598253874,0.202,0.015114378731672838,0.0,0.0,0.0,0.0,0.0,0.0
device_0,0.375,2.5,0.01,drop,P1,0.04691514238520404,0.00014783025729342162,0.0,0.0,0.0,0.0,0.0,0.0,,,0.0,0.0,0.0,0.0,0.0,0.0
device_0,0.375,2.5,0.01,drop,P2,0.04521440572422405,0.00014701181149411442,0.01,0.0,2.4,0.5163977794943221,24.9,3.034981237357343,1.0,0.0,0.0,0.0,0.0,0.0,0.0,0.0
device_0,0.375,2.5,0.01,drop,P2prime,0.04521504689690085,0.00014702046396796746,0.01,0.0,1.0,0.0,0.0,0.0,1.0,0.0,0.0,0.0,0.0,0.0,0.0,0.0
device_0,0.375,2.5,0.01,late,P0,0.04687794178733211,0.0001463898113338532,0.01,0.0,2.0,0.0,11.1,4.094712037087183,0.2021,0.01668299200450034,0.0,0.0,0.0,0.0,0.0,0.0
device_0,0.375,2.5,0.01,late,P1,0.04691514238520404,0.00014783025729342162,0.0,0.0,0.0,0.0,0.0,0.0,,,0.0,0.0,0.0,0.0,0.0,0.0
device_0,0.375,2.5,0.01,late,P2,0.046416156801582925,0.00014773973561388567,0.01,0.0,2.6,0.5163977794943223,24.0,4.422166387140534,1.0,0.0,0.0,0.0,0.0,0.0,0.0,0.0
device_0,0.375,2.5,0.01,late,P2prime,0.04641628242812791,0.00014774061826009792,0.01,0.0,1.0,0.0,0.0,0.0,1.0,0.0,0.0,0.0,0.0,0.0,0.0,0.0
device_0,0.375,2.5,0.05,drop,P0,0.0445894653126356,0.00013082199278023892,0.05,0.0,3.3,0.48304589153964794,240.7,15.755422347031299,0.19552,0.007277484302819071,0.0,0.0,0.0,0.0,0.0,0.0
device_0,0.375,2.5,0.05,drop,P1,0.04691514238520404,0.00014783025729342162,0.0,0.0,0.0,0.0,0.0,0.0,,,0.0,0.0,0.0,0.0,0.0,0.0
device_0,0.375,2.5,0.05,drop,P2,0.03893866706042866,0.00014155116470576954,0.05,0.0,4.7,0.6749485577105528,540.6,30.761447733594512,1.0,0.0,0.0,0.0,0.0,0.0,0.0,0.0
device_0,0.375,2.5,0.05,drop,P2prime,0.03897238665439207,0.00014046806932513424,0.05,0.0,1.0,0.0,0.0,0.0,1.0,0.0,0.0,0.0,0.0,0.0,0.0,0.0
device_0,0.375,2.5,0.05,late,P0,0.04673077126158881,0.000148591147659269,0.05,0.0,3.4,0.5163977794943221,240.3,10.594023472379758,0.20108,0.006108063886735672,0.0,0.0,0.0,0.0,0.0,0.0
device_0,0.375,2.5,0.05,late,P1,0.04691514238520404,0.00014783025729342162,0.0,0.0,0.0,0.0,0.0,0.0,,,0.0,0.0,0.0,0.0,0.0,0.0
device_0,0.375,2.5,0.05,late,P2,0.044582113580224965,0.00014601236854200155,0.05,0.0,4.7,0.9486832980505138,547.4,11.236844159579082,1.0,0.0,0.0,0.0,0.0,0.0,0.0,0.0
device_0,0.375,2.5,0.05,late,P2prime,0.044606334811427055,0.00014532148815308746,0.05,0.0,1.0,0.0,0.0,0.0,1.0,0.0,0.0,0.0,0.0,0.0,0.0,0.0
device_0,0.375,2.5,0.1,drop,P0,0.04222702754440112,0.00014450232152617528,0.1,0.0,4.8,0.7888106377466154,888.7,28.670736145259855,0.19805,0.0032431980101950797,0.0,0.0,0.0,0.0,0.0,0.0
device_0,0.375,2.5,0.1,drop,P1,0.04691514238520404,0.00014783025729342162,0.0,0.0,0.0,0.0,0.0,0.0,,,0.0,0.0,0.0,0.0,0.0,0.0
device_0,0.375,2.5,0.1,drop,P2,0.03218430604706509,7.981716972389002e-05,0.1,0.0,7.1,0.5676462121975466,1859.8,37.67639992237994,1.0,0.0,0.0,0.0,0.0,0.0,0.0,0.0
device_0,0.375,2.5,0.1,drop,P2prime,0.033276343636495356,8.931401824432384e-05,0.1,0.0,1.0,0.0,0.0,0.0,1.0,0.0,0.0,0.0,0.0,0.0,0.0,0.0
device_0,0.375,2.5,0.1,late,P0,0.04655632575273881,0.000146899493450199,0.1,0.0,4.6,0.5163977794943223,900.9,29.057223236610575,0.19868000000000002,0.004098997167329807,0.0,0.0,0.0,0.0,0.0,0.0
device_0,0.375,2.5,0.1,late,P1,0.04691514238520404,0.00014783025729342162,0.0,0.0,0.0,0.0,0.0,0.0,,,0.0,0.0,0.0,0.0,0.0,0.0
device_0,0.375,2.5,0.1,late,P2,0.04328940649811325,0.00010771400933315517,0.1,0.0,266.3,126.77806504982547,1508.2,55.9618917955186,0.8988099999999999,0.010853821651586349,0.0,0.0,0.0,0.0,0.0,0.0
device_0,0.375,2.5,0.1,late,P2prime,0.04388786443534455,0.00011831017398595524,0.072405,0.0008436856971381937,1.0,0.0,0.0,0.0,1.0,0.0,0.0,0.0,0.0,0.0,0.0,0.0
device_0,0.375,2.5,0.15,drop,P0,0.039886937927636236,0.00012045669543181053,0.15,0.0,5.9,0.567646212197547,1890.0,38.291281282065,0.19884666666666667,0.004318784694166627,0.0,0.0,0.0,0.0,0.0,0.0
device_0,0.375,2.5,0.15,drop,P1,0.04691514238520404,0.00014783025729342162,0.0,0.0,0.0,0.0,0.0,0.0,,,0.0,0.0,0.0,0.0,0.0,0.0
device_0,0.375,2.5,0.15,drop,P2,0.028033765101408183,6.49382262091295e-05,0.15,0.0,10.2,1.3165611772087662,3477.1,35.066444866218674,1.0,0.0,0.0,0.0,0.0,0.0,0.0,0.0
device_0,0.375,2.5,0.15,drop,P2prime,0.03016621880538308,6.876924396027271e-05,0.15,0.0,1.0,0.0,0.0,0.0,0.8595133333333334,0.006228968564916359,0.0,0.0,0.0,0.0,0.0,0.0
device_0,0.375,2.5,0.15,late,P0,0.046373090544029806,0.00014011320824351193,0.15,0.0,6.2,1.0327955589886442,1867.9,30.874117171363952,0.19927999999999998,0.002780141216770329,0.0,0.0,0.0,0.0,0.0,0.0
device_0,0.375,2.5,0.15,late,P1,0.04691514238520404,0.00014783025729342162,0.0,0.0,0.0,0.0,0.0,0.0,,,0.0,0.0,0.0,0.0,0.0,0.0
device_0,0.375,2.5,0.15,late,P2,0.04328940649811325,0.00010771400933315517,0.15,0.0,5731.9,117.63450929798528,1430.2,47.482862405527136,0.6381133333333333,0.007624460312817449,0.0,0.0,0.0,0.0,0.0,0.0
device_0,0.375,2.5,0.15,late,P2prime,0.04388786443534455,0.00011831017398595524,0.072405,0.0008436856971381937,1.0,0.0,0.0,0.0,1.0,0.0,0.0,0.0,0.0,0.0,0.0,0.0
device_0,0.375,3.0,0.01,drop,P0,0.043940467122297,0.00011478205951970943,0.01,0.0,2.2,0.42163702135578385,9.7,3.497618237219913,0.1961,0.010816140202904587,0.0,0.0,0.0,0.0,0.0,0.0
device_0,0.375,3.0,0.01,drop,P1,0.044382904737067665,0.0001196488674210763,0.0,0.0,0.0,0.0,0.0,0.0,,,0.0,0.0,0.0,0.0,0.0,0.0
device_0,0.375,3.0,0.01,drop,P2,0.04268216807608767,0.00011862777469584023,0.01,0.0,2.4,0.5163977794943221,24.9,3.034981237357343,1.0,0.0,0.0,0.0,0.0,0.0,0.0,0.0
device_0,0.375,3.0,0.01,drop,P2prime,0.04268280924876446,0.00011861129393144756,0.01,0.0,1.0,0.0,0.0,0.0,1.0,0.0,0.0,0.0,0.0,0.0,0.0,0.0
device_0,0.375,3.0,0.01,late,P0,0.044371611133440764,0.00011964666696072596,0.01,0.0,2.0,0.0,8.3,3.1287200080686173,0.1893,0.013679262488241913,0.0,0.0,0.0,0.0,0.0,0.0
device_0,0.375,3.0,0.01,late,P1,0.044382904737067665,0.0001196488674210763,0.0,0.0,0.0,0.0,0.0,0.0,,,0.0,0.0,0.0,0.0,0.0,0.0
device_0,0.375,3.0,0.01,late,P2,0.04398893386479873,0.00011956635076272698,0.01,0.0,2.5,0.5270462766947299,23.5,4.8362060428489695,1.0,0.0,0.0,0.0,0.0,0.0,0.0,0.0
device_0,0.375,3.0,0.01,late,P2prime,0.04398922192420067,0.00011952936521866033,0.01,0.0,1.0,0.0,0.0,0.0,1.0,0.0,0.0,0.0,0.0,0.0,0.0,0.0
device_0,0.375,3.0,0.05,drop,P0,0.04215793440651307,0.0001139235834356251,0.05,0.0,3.1,0.31622776601683794,231.9,12.332882874656681,0.19978,0.006513200271585214,0.0,0.0,0.0,0.0,0.0,0.0
device_0,0.375,3.0,0.05,drop,P1,0.044382904737067665,0.0001196488674210763,0.0,0.0,0.0,0.0,0.0,0.0,,,0.0,0.0,0.0,0.0,0.0,0.0
device_0,0.375,3.0,0.05,drop,P2,0.03706872113348152,9.339966638991758e-05,0.05,0.0,4.7,0.6749485577105528,540.6,30.761447733594512,1.0,0.0,0.0,0.0,0.0,0.0,0.0,0.0
device_0,0.375,3.0,0.05,drop,P2prime,0.037231452003661875,8.942435468598767e-05,0.05,0.0,1.0,0.0,0.0,0.0,1.0,0.0,0.0,0.0,0.0,0.0,0.0,0.0
device_0,0.375,3.0,0.05,late,P0,0.04432841810206826,0.00011866484789876025,0.05,0.0,3.5,0.5270462766947299,232.3,14.29102282320385,0.2023,0.004897391595987041,0.0,0.0,0.0,0.0,0.0,0.0
device_0,0.375,3.0,0.05,late,P1,0.044382904737067665,0.0001196488674210763,0.0,0.0,0.0,0.0,0.0,0.0,,,0.0,0.0,0.0,0.0,0.0,0.0
device_0,0.375,3.0,0.05,late,P2,0.04328940649811325,0.00010771400933315517,0.05,0.0,685.1,66.0630170535847,257.2,13.147031773158705,0.72968,0.013827894513145055,0.0,0.0,0.0,0.0,0.0,0.0
device_0,0.375,3.0,0.05,late,P2prime,0.04336354927339056,0.00010625156754133127,0.031068000000000002,0.0006324344498312326,1.0,0.0,0.0,0.0,1.0,0.0,0.0,0.0,0.0,0.0,0.0,0.0
device_0,0.375,3.0,0.1,drop,P0,0.03993424628487226,0.00010888218015487356,0.1,0.0,4.6,0.5163977794943223,885.0,30.735430152621362,0.20089,0.0041326477926116306,0.0,0.0,0.0,0.0,0.0,0.0
device_0,0.375,3.0,0.1,drop,P1,0.044382904737067665,0.0001196488674210763,0.0,0.0,0.0,0.0,0.0,0.0,,,0.0,0.0,0.0,0.0,0.0,0.0
device_0,0.375,3.0,0.1,drop,P2,0.03218430604706509,7.981716972389002e-05,0.1,0.0,7.1,0.5676462121975466,1859.8,37.67639992237994,1.0,0.0,0.0,0.0,0.0,0.0,0.0,0.0
device_0,0.375,3.0,0.1,drop,P2prime,0.03264398096144378,7.294953214713217e-05,0.1,0.0,1.0,0.0,0.0,0.0,1.0,0.0,0.0,0.0,0.0,0.0,0.0,0.0
device_0,0.375,3.0,0.1,late,P0,0.044274974524749836,0.00011492586859772321,0.1,0.0,4.7,0.674948557710553,883.9,15.430489298787645,0.19874,0.004040682010640172,0.0,0.0,0.0,0.0,0.0,0.0
device_0,0.375,3.0,0.1,late,P1,0.044382904737067665,0.0001196488674210763,0.0,0.0,0.0,0.0,0.0,0.0,,,0.0,0.0,0.0,0.0,0.0,0.0
device_0,0.375,3.0,0.1,late,P2,0.04328940649811325,0.00010771400933315517,0.1,0.0,5855.3,66.46143409694238,244.6,13.53349753594966,0.44732000000000005,0.007054360353710311,0.0,0.0,0.0,0.0,0.0,0.0
device_0,0.375,3.0,0.1,late,P2prime,0.04336354927339056,0.00010625156754133127,0.031068000000000002,0.0006324344498312326,1.0,0.0,0.0,0.0,1.0,0.0,0.0,0.0,0.0,0.0,0.0,0.0
device_0,0.375,3.0,0.15,drop,P0,0.03772640617194224,0.00012869841608664437,0.15,0.0,5.8,0.42163702135578407,1908.8,36.72661765592422,0.19988666666666666,0.0035370420787243467,0.0,0.0,0.0,0.0,0.0,0.0
device_0,0.375,3.0,0.15,drop,P1,0.044382904737067665,0.0001196488674210763,0.0,0.0,0.0,0.0,0.0,0.0,,,0.0,0.0,0.0,0.0,0.0,0.0
device_0,0.375,3.0,0.15,drop,P2,0.028033765101408183,6.49382262091295e-05,0.15,0.0,10.2,1.3165611772087662,3477.1,35.066444866218674,1.0,0.0,0.0,0.0,0.0,0.0,0.0,0.0
device_0,0.375,3.0,0.15,drop,P2prime,0.02954565985124033,5.0734097002854e-05,0.15,0.0,1.0,0.0,0.0,0.0,0.8590066666666667,0.006133208533351864,0.0,0.0,0.0,0.0,0.0,0.0
device_0,0.375,3.0,0.15,late,P0,0.0442228439519125,0.00011943892648351723,0.15,0.0,5.6,0.5163977794943222,1902.0,22.350739485653598,0.20024000000000003,0.002921051730092528,0.0,0.0,0.0,0.0,0.0,0.0
device_0,0.375,3.0,0.15,late,P1,0.044382904737067665,0.0001196488674210763,0.0,0.0,0.0,0.0,0.0,0.0,,,0.0,0.0,0.0,0.0,0.0,0.0
device_0,0.375,3.0,0.15,late,P2,0.04328940649811325,0.00010771400933315517,0.15,0.0,11027.0,69.17610377387082,232.7,12.961910010145543,0.3550066666666667,0.0050923762917027505,0.0,0.0,0.0,0.0,0.0,0.0
device_0,0.375,3.0,0.15,late,P2prime,0.04336354927339056,0.00010625156754133127,0.031068000000000002,0.0006324344498312326,1.0,0.0,0.0,0.0,1.0,0.0,0.0,0.0,0.0,0.0,0.0,0.0
device_0,0.375,4.0,0.01,drop,P0,0.04287148445687616,0.00010625171904597528,0.01,0.0,2.0,0.0,9.6,3.0258148581093915,0.2036,0.015564917817536552,0.0,0.0,0.0,0.0,0.0,0.0
device_0,0.375,4.0,0.01,drop,P1,0.043307712553971624,0.00010780384211378764,0.0,0.0,0.0,0.0,0.0,0.0,,,0.0,0.0,0.0,0.0,0.0,0.0
device_0,0.375,4.0,0.01,drop,P2,0.04178573112809788,0.00010397213998835392,0.01,0.0,2.4,0.5163977794943221,24.9,3.034981237357343,1.0,0.0,0.0,0.0,0.0,0.0,0.0,0.0
device_0,0.375,4.0,0.01,drop,P2prime,0.04178827689694496,0.00010404156410452985,0.01,0.0,1.0,0.0,0.0,0.0,1.0,0.0,0.0,0.0,0.0,0.0,0.0,0.0
device_0,0.375,4.0,0.01,late,P0,0.043307541367958405,0.00010780553008368127,0.01,0.0,2.0,0.0,9.2,3.190262963734773,0.1938,0.007345444544447638,0.0,0.0,0.0,0.0,0.0,0.0
device_0,0.375,4.0,0.01,late,P1,0.043307712553971624,0.00010780384211378764,0.0,0.0,0.0,0.0,0.0,0.0,,,0.0,0.0,0.0,0.0,0.0,0.0
device_0,0.375,4.0,0.01,late,P2,0.04328940649811325,0.00010771400933315517,0.01,0.0,1.8,0.4216370213557839,1.4,1.1737877907772671,0.3625,0.014983324063771722,0.0,0.0,0.0,0.0,0.0,0.0
device_0,0.375,4.0,0.01,late,P2prime,0.043289492954456575,0.00010771114207055836,0.002014,0.0001047960983158353,1.0,0.0,0.0,0.0,1.0,0.0,0.0,0.0,0.0,0.0,0.0,0.0
device_0,0.375,4.0,0.05,drop,P0,0.04114043820694876,0.00010544476419908593,0.05,0.0,3.4,0.699205898780101,233.1,12.626691305854171,0.19914,0.005016461789836431,0.0,0.0,0.0,0.0,0.0,0.0
device_0,0.375,4.0,0.05,drop,P1,0.043307712553971624,0.00010780384211378764,0.0,0.0,0.0,0.0,0.0,0.0,,,0.0,0.0,0.0,0.0,0.0,0.0
device_0,0.375,4.0,0.05,drop,P2,0.03706872113348152,9.339966638991758e-05,0.05,0.0,4.7,0.6749485577105528,540.6,30.761447733594512,1.0,0.0,0.0,0.0,0.0,0.0,0.0,0.0
device_0,0.375,4.0,0.05,drop,P2prime,0.0371334117721233,9.142092257485192e-05,0.05,0.0,1.0,0.0,0.0,0.0,1.0,0.0,0.0,0.0,0.0,0.0,0.0,0.0
device_0,0.375,4.0,0.05,late,P0,0.04330681740922208,0.00010786858884533911,0.05,0.0,3.7,0.8232726023485646,239.0,13.383239933256487,0.20224000000000003,0.006850660957568666,0.0,0.0,0.0,0.0,0.0,0.0
device_0,0.375,4.0,0.05,late,P1,0.043307712553971624,0.00010780384211378764,0.0,0.0,0.0,0.0,0.0,0.0,,,0.0,0.0,0.0,0.0,0.0,0.0
device_0,0.375,4.0,0.05,late,P2,0.04328940649811325,0.00010771400933315517,0.05,0.0,3807.3,10.165846961490443,2.3,1.1595018087284057,0.2238,0.0064504952436916715,0.0,0.0,0.0,0.0,0.0,0.0
device_0,0.375,4.0,0.05,late,P2prime,0.043289492954456575,0.00010771114207055836,0.002014,0.0001047960983158353,1.0,0.0,0.0,0.0,1.0,0.0,0.0,0.0,0.0,0.0,0.0,0.0
device_0,0.375,4.0,0.1,drop,P0,0.0389779552128542,0.00010541153122763031,0.1,0.0,4.8,0.6324555320336758,896.3,31.700157728314238,0.19945,0.003931143458192399,0.0,0.0,0.0,0.0,0.0,0.0
device_0,0.375,4.0,0.1,drop,P1,0.043307712553971624,0.00010780384211378764,0.0,0.0,0.0,0.0,0.0,0.0,,,0.0,0.0,0.0,0.0,0.0,0.0
device_0,0.375,4.0,0.1,drop,P2,0.03218430604706509,7.981716972389002e-05,0.1,0.0,7.1,0.5676462121975466,1859.8,37.67639992237994,1.0,0.0,0.0,0.0,0.0,0.0,0.0,0.0
device_0,0.375,4.0,0.1,drop,P2prime,0.03254635114642438,7.49442991726997e-05,0.1,0.0,1.0,0.0,0.0,0.0,1.0,0.0,0.0,0.0,0.0,0.0,0.0,0.0
device_0,0.375,4.0,0.1,late,P0,0.043306016919921086,0.00010792243960342941,0.1,0.0,4.6,0.5163977794943223,880.6,27.33008110733175,0.19863999999999998,0.005735503465259181,0.0,0.0,0.0,0.0,0.0,0.0
device_0,0.375,4.0,0.1,late,P1,0.043307712553971624,0.00010780384211378764,0.0,0.0,0.0,0.0,0.0,0.0,,,0.0,0.0,0.0,0.0,0.0,0.0
device_0,0.375,4.0,0.1,late,P2,0.04328940649811325,0.00010771400933315517,0.1,0.0,8816.6,9.311880106139133,2.2,0.9189365834726815,0.20825999999999997,0.00638665274876702,0.0,0.0,0.0,0.0,0.0,0.0
device_0,0.375,4.0,0.1,late,P2prime,0.043289492954456575,0.00010771114207055836,0.002014,0.0001047960983158353,1.0,0.0,0.0,0.0,1.0,0.0,0.0,0.0,0.0,0.0,0.0,0.0
device_0,0.375,4.0,0.15,drop,P0,0.03680520537226538,8.292392254501336e-05,0.15,0.0,6.1,0.5676462121975466,1888.6,35.66573207498259,0.19998,0.004692210513838106,0.0,0.0,0.0,0.0,0.0,0.0
device_0,0.375,4.0,0.15,drop,P1,0.043307712553971624,0.00010780384211378764,0.0,0.0,0.0,0.0,0.0,0.0,,,0.0,0.0,0.0,0.0,0.0,0.0
device_0,0.375,4.0,0.15,drop,P2,0.028033765101408183,6.49382262091295e-05,0.15,0.0,10.2,1.3165611772087662,3477.1,35.066444866218674,1.0,0.0,0.0,0.0,0.0,0.0,0.0,0.0
device_0,0.375,4.0,0.15,drop,P2prime,0.029437507596142564,5.14360543466796e-05,0.15,0.0,1.0,0.0,0.0,0.0,0.8634133333333333,0.006352586719179117,0.0,0.0,0.0,0.0,0.0,0.0
device_0,0.375,4.0,0.15,late,P0,0.04330500273549922,0.00010783134533480215,0.15,0.0,5.7,0.6749485577105531,1892.9,25.079650892484302,0.2008933333333333,0.002548337632920336,0.0,0.0,0.0,0.0,0.0,0.0
device_0,0.375,4.0,0.15,late,P1,0.043307712553971624,0.00010780384211378764,0.0,0.0,0.0,0.0,0.0,0.0,,,0.0,0.0,0.0,0.0,0.0,0.0
device_0,0.375,4.0,0.15,late,P2,0.04328940649811325,0.00010771400933315517,0.15,0.0,13826.2,9.784341231443896,2.2,0.9189365834726815,0.20651333333333333,0.005854368422778808,0.0,0.0,0.0,0.0,0.0,0.0
device_0,0.375,4.0,0.15,late,P2prime,0.043289492954456575,0.00010771114207055836,0.002014,0.0001047960983158353,1.0,0.0,0.0,0.0,1.0,0.0,0.0,0.0,0.0,0.0,0.0,0.0
device_0,0.75,1.2,0.1,drop,P0,0.07069559425335191,0.00044535286584447526,0.1,0.0,5.8,0.7888106377466155,1066.2,38.11328144128004,0.44108,0.010017739820493997,0.124193,0.0021313587215670607,0.0,0.0,0.6126045803494036,0.001664016630313127
device_0,0.75,1.2,0.1,drop,P1,0.07598307720652546,0.0005393204305974125,0.032330000000000005,0.0007042884510072723,4.9,0.5676462121975466,353.3,27.36603734558586,1.0,0.0,0.133446,0.002494537142548806,0.0,0.0,0.6582336858124233,0.002867334859348359
device_0,0.75,1.2,0.1,drop,P2,0.059074219033461405,0.0006232406375745183,0.1,0.0,10.4,1.2649110640673518,2356.7,22.420476751794908,1.0,0.0,0.065776,0.0029422410204166193,0.0,0.0,0.32433105303981524,0.009664110135084192
device_0,0.75,1.2,0.1,drop,P2prime,0.05930303342406459,0.0005175559991056043,0.1,0.0,4.9,0.5676462121975466,353.3,27.36603734558586,1.0,0.0,0.067103,0.0017870960304981482,0.0,0.0,0.33095673479434656,0.003953113222542875
device_0,0.75,1.2,0.1,late,P0,0.07767150087753984,0.000577520332333078,0.1,0.0,5.8,0.7888106377466155,1069.1,30.108876505848663,0.44356,0.006750670748566827,0.124102,0.002474010688919691,0.0,0.0,0.6121324911500486,0.003150547270470318
device_0,0.75,1.2,0.1,late,P1,0.08026053204929934,0.0005825070403888945,0.032330000000000005,0.0007042884510072723,4.9,0.5676462121975466,353.3,27.36603734558586,1.0,0.0,0.133446,0.002494537142548806,0.0,0.0,0.6582336858124233,0.002867334859348359
device_0,0.75,1.2,0.1,late,P2,0.06913733795364628,0.0006369529843455975,0.1,0.0,10.5,1.4337208778404378,2375.1,27.473017065234476,1.0,0.0,0.065776,0.0029422410204166193,0.0,0.0,0.32433105303981524,0.009664110135084192
device_0,0.75,1.2,0.1,late,P2prime,0.06962253270502158,0.0005781577988607187,0.1,0.0,4.9,0.5676462121975466,353.3,27.36603734558586,0.9863,0.0126946182823011,0.067146,0.001768258402433812,0.0,0.0,0.3311701650452127,0.0038645436285605563
device_0,0.75,1.2,0.15,drop,P0,0.06679047788445544,0.000519765002949065,0.15,0.0,6.1,0.7378647873726218,2009.8,33.5949731689463,0.3526733333333333,0.00419552377577417,0.117349,0.0022207478720266995,0.0,0.0,0.5788341339560522,0.0031110270338665508
device_0,0.75,1.2,0.15,drop,P1,0.07598307720652546,0.0005393204305974125,0.032330000000000005,0.0007042884510072723,4.9,0.5676462121975466,353.3,27.36603734558586,1.0,0.0,0.133446,0.002494537142548806,0.0,0.0,0.6582336858124233,0.002867334859348359
device_0,0.75,1.2,0.15,drop,P2,0.046759366545088374,0.0006173928489369418,0.15,0.0,18.4,2.1705094128132942,3590.4,42.28264682138787,1.0,0.0,0.015776000000000002,0.0029422410204166176,0.0,0.0,0.07763888194828013,0.013345990366267423
device_0,0.75,1.2,0.15,drop,P2prime,0.05178056886486511,0.000492306326633889,0.15,0.0,4.9,0.5676462121975466,353.3,27.36603734558586,0.71968,0.01045100503171059,0.06698499999999999,0.0015771158627204444,0.0,0.0,0.330388559232641,0.0030296200898177568
device_0,0.75,1.2,0.15,late,P0,0.07580578657820174,0.0005438544009022117,0.15,0.0,6.7,0.9486832980505139,2023.9,29.76369899353538,0.35290666666666665,0.0058463621695276505,0.11739600000000001,0.0021909216731270382,0.0,0.0,0.5790669472917342,0.002742369313380933
device_0,0.75,1.2,0.15,late,P1,0.08026053204929934,0.0005825070403888945,0.032330000000000005,0.0007042884510072723,4.9,0.5676462121975466,353.3,27.36603734558586,1.0,0.0,0.133446,0.002494537142548806,0.0,0.0,0.6582336858124233,0.002867334859348359
device_0,0.75,1.2,0.15,late,P2,0.06160276269531399,0.0006068306359767922,0.15,0.0,18.2,2.6997942308422123,3591.6,43.86899689859441,1.0,0.0,0.015776000000000002,0.0029422410204166176,0.0,0.0,0.07763888194828013,0.013345990366267423
device_0,0.75,1.2,0.15,late,P2prime,0.064305948704145,0.0005707428018754662,0.15,0.0,4.9,0.5676462121975466,353.3,27.36603734558586,0.6587,0.009191313666368928,0.067012,0.00157595685220123,0.0,0.0,0.33052187871330907,0.0030235319912307406
device_0,0.75,1.35,0.01,drop,P0,0.0638048145690804,0.00045090238548977003,0.01,0.0,2.2,0.42163702135578385,16.8,5.940445175985458,0.6024999999999999,0.020424658299875345,0.053566,0.0008732977091970934,0.0,0.0,0.2642500335882138,0.0037339066471856527
device_0,0.75,1.35,0.01,drop,P1,0.0641235290688161,0.0004409136953696655,0.00503,0.0002389793110524656,2.2,0.42163702135578385,9.7,3.973523485382827,1.0,0.0,0.05381899999999999,0.0008769321524496626,0.0,0.0,0.26549882139858705,0.0038054084101692832
device_0,0.75,1.35,0.01,drop,P2,0.06284225251970209,0.0004719173923420549,0.01,0.0,2.8,0.42163702135578385,37.3,7.5432088662584444,1.0,0.0,0.048849,0.0010252311392505067,0.0,0.0,0.24097062789516843,0.004079790350271506
device_0,0.75,1.35,0.01,drop,P2prime,0.06284250134579521,0.0004719130108897305,0.01,0.0,2.2,0.42163702135578385,9.7,3.973523485382827,1.0,0.0,0.048849,0.0010252311392505067,0.0,0.0,0.24097062789516843,0.004079790350271506
device_0,0.75,1.35,0.01,late,P0,0.06481594485045693,0.0004632290283868613,0.01,0.0,2.4,0.699205898780101,16.3,4.808557187163549,0.6075,0.021177818584547398,0.053530999999999995,0.0008944203585438884,0.0,0.0,0.26407745050871534,0.003863406782667331
device_0,0.75,1.35,0.01,late,P1,0.06492799106763894,0.0004590308446938699,0.00503,0.0002389793110524656,2.2,0.42163702135578385,9.7,3.973523485382827,1.0,0.0,0.05381899999999999,0.0008769321524496626,0.0,0.0,0.26549882139858705,0.0038054084101692832
device_0,0.75,1.35,0.01,late,P2,0.06420116400965886,0.0004780143268692098,0.01,0.0,2.9,0.7378647873726218,39.7,7.803845206050669,1.0,0.0,0.048849,0.0010252311392505067,0.0,0.0,0.24097062789516843,0.004079790350271506
device_0,0.75,1.35,0.01,late,P2prime,0.06420138761823223,0.0004779762995181277,0.01,0.0,2.2,0.42163702135578385,9.7,3.973523485382827,1.0,0.0,0.048849,0.0010252311392505067,0.0,0.0,0.24097062789516843,0.004079790350271506
device_0,0.75,1.35,0.05,drop,P0,0.061223272614118474,0.0004424018693091298,0.05,0.0,3.6,0.5163977794943223,239.6,12.946041866145807,0.27938,0.008987126595550126,0.051371,0.0008176857587117431,0.0,0.0,0.25341831682400884,0.0031816047746475087
device_0,0.75,1.35,0.05,drop,P1,0.0641235290688161,0.0004409136953696655,0.00503,0.0002389793110524656,2.2,0.42163702135578385,9.7,3.973523485382827,1.0,0.0,0.05381899999999999,0.0008769321524496626,0.0,0.0,0.26549882139858705,0.0038054084101692832
device_0,0.75,1.35,0.05,drop,P2,0.05271181095290328,0.0004691423066240145,0.05,0.0,6.7,1.2516655570345725,782.3,12.76322843170958,1.0,0.0,0.008849,0.001025231139250505,0.0,0.0,0.04361689102194033,0.004700343569612119
device_0,0.75,1.35,0.05,drop,P2prime,0.052936720178223165,0.00041060021070982904,0.05,0.0,2.2,0.42163702135578385,9.7,3.973523485382827,1.0,0.0,0.011122,0.0003756120930487249,0.0,0.0,0.05486957903796551,0.0018917140344445937
device_0,0.75,1.35,0.05,late,P0,0.06395909616763215,0.0004537567191676022,0.05,0.0,3.7,0.674948557710553,238.3,9.821178929006212,0.27898,0.005623324441802894,0.051351999999999995,0.000783989795851963,0.0,0.0,0.2533305628322483,0.003479839734366772
device_0,0.75,1.35,0.05,late,P1,0.06492799106763894,0.0004590308446938699,0.00503,0.0002389793110524656,2.2,0.42163702135578385,9.7,3.973523485382827,1.0,0.0,0.05381899999999999,0.0008769321524496626,0.0,0.0,0.26549882139858705,0.0038054084101692832
device_0,0.75,1.35,0.05,late,P2,0.05871876053860929,0.0004700045294643551,0.05,0.0,5.8,0.6324555320336759,780.1,21.17886787447441,1.0,0.0,0.008849,0.001025231139250505,0.0,0.0,0.04361689102194033,0.004700343569612119
device_0,0.75,1.35,0.05,late,P2prime,0.0589025031280125,0.00045199069496272787,0.05,0.0,2.2,0.42163702135578385,9.7,3.973523485382827,0.96136,0.012931889953822611,0.011144,0.00037304155264527856,0.0,0.0,0.054978318924930866,0.0018862502585238043
device_0,0.75,1.35,0.1,drop,P0,0.05799697242141992,0.0004108043382558565,0.1,0.0,4.8,0.9189365834726816,890.3,21.271002692763602,0.23959000000000003,0.0045671410945774165,0.048596,0.0008150828178780365,0.0,0.0,0.23972772212968424,0.0031566877556908875
device_0,0.75,1.35,0.1,drop,P1,0.0641235290688161,0.0004409136953696655,0.00503,0.0002389793110524656,2.2,0.42163702135578385,9.7,3.973523485382827,1.0,0.0,0.05381899999999999,0.0008769321524496626,0.0,0.0,0.26549882139858705,0.0038054084101692832
device_0,0.75,1.35,0.1,drop,P2,0.043939121926961845,0.00039750357797324425,0.1,0.0,10.4,1.2649110640673518,2356.7,22.420476751794908,1.0,0.0,0.0,0.0,0.0,0.0,0.0,0.0
device_0,0.75,1.35,0.1,drop,P2prime,0.0450759507620697,0.0004023601293922918,0.1,0.0,2.2,0.42163702135578385,9.7,3.973523485382827,0.9994099999999999,0.0018657438194993531,0.011122,0.0003756120930487249,0.0,0.0,0.05486957903796551,0.0018917140344445937
device_0,0.75,1.35,0.1,late,P0,0.0628831781286653,0.0004621856355451502,0.1,0.0,4.7,0.6749485577105528,891.2,20.884869589676107,0.23849,0.005843220192857888,0.048589,0.0009713501485618426,0.0,0.0,0.23968817674045462,0.003756455774488922
device_0,0.75,1.35,0.1,late,P1,0.06492799106763894,0.0004590308446938699,0.00503,0.0002389793110524656,2.2,0.42163702135578385,9.7,3.973523485382827,1.0,0.0,0.05381899999999999,0.0008769321524496626,0.0,0.0,0.26549882139858705,0.0038054084101692832
device_0,0.75,1.35,0.1,late,P2,0.05391193260289556,0.00043962008297231846,0.1,0.0,9.4,1.776388345929897,2036.4,28.147231953900306,0.8851700000000001,0.00300667775312071,0.0,0.0,0.0,0.0,0.0,0.0
device_0,0.75,1.35,0.1,late,P2prime,0.05467700161713078,0.00043357464372545266,0.1,0.0,2.2,0.42163702135578385,9.7,3.973523485382827,0.8444800000000001,0.009114189181953877,0.011127,0.000376771371877783,0.0,0.0,0.054894313351958456,0.0018991481223400056
device_0,0.75,1.35,0.15,drop,P0,0.05475034017303014,0.0004014914963868459,0.15,0.0,5.9,0.5676462121975466,1905.3,41.88622154784975,0.22746,0.0040851976091950334,0.045951,0.0007766659513587545,0.0,0.0,0.22667698357742183,0.0027930219739049434
device_0,0.75,1.35,0.15,drop,P1,0.0641235290688161,0.0004409136953696655,0.00503,0.0002389793110524656,2.2,0.42163702135578385,9.7,3.973523485382827,1.0,0.0,0.05381899999999999,0.0008769321524496626,0.0,0.0,0.26549882139858705,0.0038054084101692832
device_0,0.75,1.35,0.15,drop,P2,0.03610426943858881,0.0003916742902834483,0.15,0.0,18.4,2.1705094128132942,3590.4,42.28264682138787,1.0,0.0,0.0,0.0,0.0,0.0,0.0,0.0
device_0,0.75,1.35,0.15,drop,P2prime,0.03883173365180107,0.000244826713827222,0.15,0.0,2.2,0.42163702135578385,9.7,3.973523485382827,0.7316,0.006285707872371254,0.014303,0.0010918185644958494,0.0,0.0,0.07061914784037067,0.006079369064496626
device_0,0.75,1.35,0.15,late,P0,0.06179006421619245,0.00045804640616382104,0.15,0.0,5.6,0.699205898780101,1890.4,36.91792699127801,0.2262,0.0034572521737056645,0.045927,0.0008559471686707975,0.0,0.0,0.2265607370506156,0.0034683164667165672
device_0,0.75,1.35,0.15,late,P1,0.06492799106763894,0.0004590308446938699,0.00503,0.0002389793110524656,2.2,0.42163702135578385,9.7,3.973523485382827,1.0,0.0,0.05381899999999999,0.0008769321524496626,0.0,0.0,0.26549882139858705,0.0038054084101692832
device_0,0.75,1.35,0.15,late,P2,0.050021534658913236,0.0004265622301723896,0.15,0.0,15.2,2.2997584414213783,3407.6,50.069285328765474,0.90316,0.00815923017428953,0.0,0.0,0.0,0.0,0.0,0.0
device_0,0.75,1.35,0.15,late,P2prime,0.051490287837412864,0.00033165712956709947,0.14879799999999999,0.0011711039426303865,2.2,0.42163702135578385,9.7,3.973523485382827,0.7271962518490992,0.0032818301514852314,0.013895,0.0008312139716503007,0.0,0.0,0.06858712637134821,0.004684196837257776
device_0,0.75,1.5,0.01,drop,P0,0.05737172523408192,0.0004087913957316616,0.01,0.0,2.0,0.0,9.7,3.591656999213594,0.2485,0.012501111061732793,0.010159,0.0003114286078345688,0.0,0.0,0.05011891225969868,0.0015918073092355816
device_0,0.75,1.5,0.01,drop,P1,0.05790995116981501,0.0004068098603768803,0.000624,8.983936281558941e-05,1.0,0.0,0.0,0.0,1.0,0.0,0.010253,0.0002981069904879419,0.0,0.0,0.050583120655154544,0.0015447856929418388
device_0,0.75,1.5,0.01,drop,P2,0.055478086134617674,0.0004120555434581909,0.01,0.0,2.8,0.42163702135578385,37.3,7.5432088662584444,1.0,0.0,0.000877,0.000348299041374251,0.0,0.0,0.0043224589169038935,0.0017143782708008344
device_0,0.75,1.5,0.01,drop,P2prime,0.0554803364661576,0.0004101562025456056,0.01,0.0,1.0,0.0,0.0,0.0,1.0,0.0,0.000895,0.00031539217210042197,0.0,0.0,0.004412306176562473,0.0015511111105213566
device_0,0.75,1.5,0.01,late,P0,0.05788871487729101,0.0004068812481523552,0.01,0.0,2.2,0.4216370213557839,10.9,3.212821536005731,0.24489999999999998,0.012582615873586153,0.010173999999999999,0.00027965057561972647,0.0,0.0,0.050193166964501476,0.0014488323927398328
device_0,0.75,1.5,0.01,late,P1,0.05801976674126604,0.0004104668521691368,0.000624,8.983936281558941e-05,1.0,0.0,0.0,0.0,1.0,0.0,0.010253,0.0002981069904879419,0.0,0.0,0.050583120655154544,0.0015447856929418388
device_0,0.75,1.5,0.01,late,P2,0.05695932546888123,0.0004114373697520601,0.01,0.0,2.8,0.42163702135578385,36.4,6.669999167083073,1.0,0.0,0.000877,0.000348299041374251,0.0,0.0,0.0043224589169038935,0.0017143782708008344
device_0,0.75,1.5,0.01,late,P2prime,0.05696460924715936,0.0004109953544403433,0.01,0.0,1.0,0.0,0.0,0.0,1.0,0.0,0.000895,0.00031539217210042197,0.0,0.0,0.004412306176562473,0.0015511111105213566
device_0,0.75,1.5,0.05,drop,P0,0.055039991543740174,0.00039824222676019134,0.05,0.0,3.3,0.4830458915396479,230.9,14.216187955988763,0.21238,0.006562147345021894,0.009731,0.00027602133572928345,0.0,0.0,0.04800856841331574,0.0014597342411719982
device_0,0.75,1.5,0.05,drop,P1,0.05790995116981501,0.0004068098603768803,0.000624,8.983936281558941e-05,1.0,0.0,0.0,0.0,1.0,0.0,0.010253,0.0002981069904879419,0.0,0.0,0.050583120655154544,0.0015447856929418388
device_0,0.75,1.5,0.05,drop,P2,0.048853065367818874,0.00040000125127494826,0.05,0.0,6.7,1.2516655570345725,782.3,12.76322843170958,1.0,0.0,0.0,0.0,0.0,0.0,0.0,0.0
device_0,0.75,1.5,0.05,drop,P2prime,0.04891345223286675,0.00039995278398854164,0.05,0.0,1.0,0.0,0.0,0.0,1.0,0.0,0.00043299999999999995,8.499019551297275e-05,0.0,0.0,0.0021365719598369836,0.0004222316361332122
device_0,0.75,1.5,0.05,late,P0,0.0572981211564909,0.000394823341163985,0.05,0.0,3.8,0.9189365834726816,240.5,14.245857097572065,0.21202000000000001,0.007876519253804656,0.009683,0.00021919296420176327,0.0,0.0,0.04777289683716043,0.0012471248973417112
device_0,0.75,1.5,0.05,late,P1,0.05801976674126604,0.0004104668521691368,0.000624,8.983936281558941e-05,1.0,0.0,0.0,0.0,1.0,0.0,0.010253,0.0002981069904879419,0.0,0.0,0.050583120655154544,0.0015447856929418388
device_0,0.75,1.5,0.05,late,P2,0.05362743760930205,0.0004061653365054812,0.05,0.0,5.9,1.1972189997378648,786.0,16.792855623746682,1.0,0.0,0.0,0.0,0.0,0.0,0.0,0.0
device_0,0.75,1.5,0.05,late,P2prime,0.05368544234919391,0.0004042184137525145,0.05,0.0,1.0,0.0,0.0,0.0,1.0,0.0,0.000438,8.612652191849953e-05,0.0,0.0,0.00216126279391143,0.00042834648408312696
device_0,0.75,1.5,0.1,drop,P0,0.05213650376141097,0.00036440348298220925,0.1,0.0,4.4,0.5163977794943222,878.0,25.13076909996103,0.20833,0.004027695784606051,0.009205,0.000300970651946885,0.0,0.0,0.04541393915377861,0.0015809651841317018
device_0,0.75,1.5,0.1,drop,P1,0.05790995116981501,0.0004068098603768803,0.000624,8.983936281558941e-05,1.0,0.0,0.0,0.0,1.0,0.0,0.010253,0.0002981069904879419,0.0,0.0,0.050583120655154544,0.0015447856929418388
device_0,0.75,1.5,0.1,drop,P2,0.040873246741877436,0.00039656272996298414,0.1,0.0,10.4,1.2649110640673518,2356.7,22.420476751794908,1.0,0.0,0.0,0.0,0.0,0.0,0.0,0.0
device_0,0.75,1.5,0.1,drop,P2prime,0.04105239233803929,0.0003917463193687048,0.1,0.0,1.0,0.0,0.0,0.0,1.0,0.0,0.00043299999999999995,8.499019551297275e-05,0.0,0.0,0.0021365719598369836,0.0004222316361332122
device_0,0.75,1.5,0.1,late,P0,0.05657596737380629,0.0003981566274997805,0.1,0.0,4.8,0.42163702135578396,877.2,37.481254574046005,0.20739000000000002,0.004471750837821307,0.00922,0.0003009983388658483,0.0,0.0,0.04548750465255177,0.0015687479003490554
device_0,0.75,1.5,0.1,late,P1,0.05801976674126604,0.0004104668521691368,0.000624,8.983936281558941e-05,1.0,0.0,0.0,0.0,1.0,0.0,0.010253,0.0002981069904879419,0.0,0.0,0.050583120655154544,0.0015447856929418388
device_0,0.75,1.5,0.1,late,P2,0.04998845343178444,0.0003953689903808915,0.1,0.0,10.0,0.816496580927726,2205.1,26.80982407004332,0.94048,0.006400833279086958,0.0,0.0,0.0,0.0,0.0,0.0
device_0,0.75,1.5,0.1,late,P2prime,0.05027391238306224,0.000389969616013453,0.1,0.0,1.0,0.0,0.0,0.0,0.8740600000000001,0.0026899814125751964,0.000485,8.72098363463409e-05,0.0,0.0,0.0023933526878434893,0.0004355825599616305
device_0,0.75,1.5,0.15,drop,P0,0.049227787205628856,0.0003641687166093304,0.15,0.0,6.2,0.42163702135578396,1904.2,31.50590773525224,0.20693333333333333,0.004208281077783378,0.008738,0.00027804076439735755,0.0,0.0,0.04310597274636325,0.0013254206670527714
device_0,0.75,1.5,0.15,drop,P1,0.05790995116981501,0.0004068098603768803,0.000624,8.983936281558941e-05,1.0,0.0,0.0,0.0,1.0,0.0,0.010253,0.0002981069904879419,0.0,0.0,0.050583120655154544,0.0015447856929418388
device_0,0.75,1.5,0.15,drop,P2,0.0330383942535044,0.00039068701147090823,0.15,0.0,18.4,2.1705094128132942,3590.4,42.28264682138787,1.0,0.0,0.0,0.0,0.0,0.0,0.0,0.0
device_0,0.75,1.5,0.15,drop,P2prime,0.0368421503814287,0.00023242159763162915,0.15,0.0,1.0,0.0,0.0,0.0,0.7426133333333333,0.01024450710995534,0.001448,0.00013222875800840165,0.0,0.0,0.007143662348030428,0.0006620887967840509
device_0,0.75,1.5,0.15,late,P0,0.05584559772922091,0.0003832791672549597,0.15,0.0,5.6,0.5163977794943223,1891.4,29.281013947228296,0.20567333333333332,0.004045109835374916,0.008738,0.0002963781368454832,0.0,0.0,0.04310795814153332,0.0014869569654925217
device_0,0.75,1.5,0.15,late,P1,0.05801976674126604,0.0004104668521691368,0.000624,8.983936281558941e-05,1.0,0.0,0.0,0.0,1.0,0.0,0.010253,0.0002981069904879419,0.0,0.0,0.050583120655154544,0.0015447856929418388
device_0,0.75,1.5,0.15,late,P2,0.04669767288799472,0.0003834216119435083,0.15,0.0,15.1,1.8529256146249728,3433.9,36.57701160261421,0.9115800000000001,0.0017979549425134517,0.0,0.0,0.0,0.0,0.0,0.0
device_0,0.75,1.5,0.15,late,P2prime,0.04922924508860484,0.0003126377005240818,0.12298899999999999,0.001430224924035845,1.0,0.0,0.0,0.0,0.8959846045916219,0.002764886832090614,0.0016510000000000001,0.00013568345514468593,0.0,0.0,0.008144245469844356,0.0006675179900351051
device_0,0.75,2.0,0.01,drop,P0,0.05112535738269872,0.00034242282060683985,0.01,0.0,2.0,0.0,10.9,2.6012817353502227,0.2129,0.013076271979768891,0.0,0.0,0.0,0.0,0.0,0.0
device_0,0.75,2.0,0.01,drop,P1,0.05165134546641549,0.0003553481893075144,0.0,0.0,0.0,0.0,0.0,0.0,,,0.0,0.0,0.0,0.0,0.0,0.0
device_0,0.75,2.0,0.01,drop,P2,0.04994975445976711,0.00035484222423567984,0.01,0.0,2.8,0.42163702135578385,37.3,7.5432088662584444,1.0,0.0,0.0,0.0,0.0,0.0,0.0,0.0
device_0,0.75,2.0,0.01,drop,P2prime,0.04995038723314417,0.00035483043155405306,0.01,0.0,1.0,0.0,0.0,0.0,1.0,0.0,0.0,0.0,0.0,0.0,0.0,0.0
device_0,0.75,2.0,0.01,late,P0,0.0515721599154,0.0003532043896613657,0.01,0.0,2.1,0.31622776601683794,9.2,2.9363620727393656,0.1989,0.011845768114488063,0.0,0.0,0.0,0.0,0.0,0.0
device_0,0.75,2.0,0.01,late,P1,0.05165134546641549,0.0003553481893075144,0.0,0.0,0.0,0.0,0.0,0.0,,,0.0,0.0,0.0,0.0,0.0,0.0
device_0,0.75,2.0,0.01,late,P2,0.05105470845802116,0.00035524734877718096,0.01,0.0,2.9,0.31622776601683794,38.3,7.180993431738164,1.0,0.0,0.0,0.0,0.0,0.0,0.0,0.0
device_0,0.75,2.0,0.01,late,P2prime,0.05105490605196032,0.00035523731073101557,0.01,0.0,1.0,0.0,0.0,0.0,1.0,0.0,0.0,0.0,0.0,0.0,0.0,0.0
device_0,0.75,2.0,0.05,drop,P0,0.04906241622331458,0.0003539046576212052,0.05,0.0,3.6,0.5163977794943222,236.4,10.057611821677918,0.20295999999999997,0.004960107525716218,0.0,0.0,0.0,0.0,0.0,0.0
device_0,0.75,2.0,0.05,drop,P1,0.05165134546641549,0.0003553481893075144,0.0,0.0,0.0,0.0,0.0,0.0,,,0.0,0.0,0.0,0.0,0.0,0.0
device_0,0.75,2.0,0.05,drop,P2,0.0434033128929683,0.00035212161364287506,0.05,0.0,6.7,1.2516655570345725,782.3,12.76322843170958,1.0,0.0,0.0,0.0,0.0,0.0,0.0,0.0
device_0,0.75,2.0,0.05,drop,P2prime,0.04344624106562238,0.00034383382228376483,0.05,0.0,1.0,0.0,0.0,0.0,1.0,0.0,0.0,0.0,0.0,0.0,0.0,0.0
device_0,0.75,2.0,0.05,late,P0,0.051245860345887836,0.0003465584012298341,0.05,0.0,3.6,0.5163977794943222,228.7,14.205241599103093,0.20179999999999998,0.006008142622955768,0.0,0.0,0.0,0.0,0.0,0.0
device_0,0.75,2.0,0.05,late,P1,0.05165134546641549,0.0003553481893075144,0.0,0.0,0.0,0.0,0.0,0.0,,,0.0,0.0,0.0,0.0,0.0,0.0
device_0,0.75,2.0,0.05,late,P2,0.04878497499728189,0.00035341681938117934,0.05,0.0,6.3,1.1595018087284057,785.7,18.97395876223808,1.0,0.0,0.0,0.0,0.0,0.0,0.0,0.0
device_0,0.75,2.0,0.05,late,P2prime,0.04880380137190449,0.0003529452514984151,0.05,0.0,1.0,0.0,0.0,0.0,1.0,0.0,0.0,0.0,0.0,0.0,0.0,0.0
device_0,0.75,2.0,0.1,drop,P0,0.046493719030785814,0.0003361993935283435,0.1,0.0,4.3,0.4830458915396479,883.9,23.076924501424454,0.20132,0.00445565807585017,0.0,0.0,0.0,0.0,0.0,0.0
device_0,0.75,2.0,0.1,drop,P1,0.05165134546641549,0.0003553481893075144,0.0,0.0,0.0,0.0,0.0,0.0,,,0.0,0.0,0.0,0.0,0.0,0.0
device_0,0.75,2.0,0.1,drop,P2,0.035983797081013305,0.0003340394550092339,0.1,0.0,10.4,1.2649110640673518,2356.7,22.420476751794908,1.0,0.0,0.0,0.0,0.0,0.0,0.0,0.0
device_0,0.75,2.0,0.1,drop,P2prime,0.036535506454426145,0.0002650730312373873,0.1,0.0,1.0,0.0,0.0,0.0,1.0,0.0,0.0,0.0,0.0,0.0,0.0,0.0
device_0,0.75,2.0,0.1,late,P0,0.050839582773255884,0.0003412266229990269,0.1,0.0,4.8,0.7888106377466155,889.2,27.071099801161512,0.20194,0.004413162131623984,0.0,0.0,0.0,0.0,0.0,0.0
device_0,0.75,2.0,0.1,late,P1,0.05165134546641549,0.0003553481893075144,0.0,0.0,0.0,0.0,0.0,0.0,,,0.0,0.0,0.0,0.0,0.0,0.0
device_0,0.75,2.0,0.1,late,P2,0.046159375758828156,0.00034804493871591597,0.1,0.0,10.5,0.9718253158075504,2362.5,21.639726841570255,1.0,0.0,0.0,0.0,0.0,0.0,0.0,0.0
device_0,0.75,2.0,0.1,late,P2prime,0.0465405317571413,0.0002865428218555002,0.099039,0.0010172014986662638,1.0,0.0,0.0,0.0,1.0,0.0,0.0,0.0,0.0,0.0,0.0,0.0
device_0,0.75,2.0,0.15,drop,P0,0.04392780524442695,0.0003143478780156011,0.15,0.0,6.2,1.3165611772087666,1885.6,32.742089799590445,0.20084666666666667,0.003223991851228854,0.0,0.0,0.0,0.0,0.0,0.0
device_0,0.75,2.0,0.15,drop,P1,0.05165134546641549,0.0003553481893075144,0.0,0.0,0.0,0.0,0.0,0.0,,,0.0,0.0,0.0,0.0,0.0,0.0
device_0,0.75,2.0,0.15,drop,P2,0.02905752377868521,0.0003180017428638526,0.15,0.0,18.4,2.1705094128132942,3590.4,42.28264682138787,1.0,0.0,0.0,0.0,0.0,0.0,0.0,0.0
device_0,0.75,2.0,0.15,drop,P2prime,0.033931484583248205,0.00020014463161109134,0.15,0.0,1.0,0.0,0.0,0.0,0.7268866666666667,0.010688544693002901,0.0,0.0,0.0,0.0,0.0,0.0
device_0,0.75,2.0,0.15,late,P0,0.05042901758990277,0.0003313865616089487,0.15,0.0,6.0,0.9428090415820634,1888.4,34.63524216748022,0.2026666666666667,0.004112852484049913,0.0,0.0,0.0,0.0,0.0,0.0
device_0,0.75,2.0,0.15,late,P1,0.05165134546641549,0.0003553481893075144,0.0,0.0,0.0,0.0,0.0,0.0,,,0.0,0.0,0.0,0.0,0.0,0.0
device_0,0.75,2.0,0.15,late,P2,0.043848859645259766,0.0003159190463704683,0.15,0.0,17.6,1.0749676997731399,3589.8,45.0180210829199,1.0,0.0,0.0,0.0,0.0,0.0,0.0,0.0
device_0,0.75,2.0,0.15,late,P2prime,0.046537025118694945,0.00028080582065978825,0.099355,0.001452012014030491,1.0,0.0,0.0,0.0,1.0,0.0,0.0,0.0,0.0,0.0,0.0,0.0
device_0,0.75,2.5,0.01,drop,P0,0.04668484768174401,0.0002758812852977303,0.01,0.0,2.1,0.31622776601683805,10.0,3.8873012632302,0.2049,0.009608445359277545,0.0,0.0,0.0,0.0,0.0,0.0
device_0,0.75,2.5,0.01,drop,P1,0.04715801634155551,0.00027737821022106245,0.0,0.0,0.0,0.0,0.0,0.0,,,0.0,0.0,0.0,0.0,0.0,0.0
device_0,0.75,2.5,0.01,drop,P2,0.045456816622577806,0.00027661688108457496,0.01,0.0,2.8,0.42163702135578385,37.3,7.5432088662584444,1.0,0.0,0.0,0.0,0.0,0.0,0.0,0.0
device_0,0.75,2.5,0.01,drop,P2prime,0.045457692694597,0.0002765852020628241,0.01,0.0,1.0,0.0,0.0,0.0,1.0,0.0,0.0,0.0,0.0,0.0,0.0,0.0
device_0,0.75,2.5,0.01,late,P0,0.04711930968889296,0.0002771421063471009,0.01,0.0,2.0,0.0,7.9,1.66332999331662,0.2085,0.011787469806724616,0.0,0.0,0.0,0.0,0.0,0.0
device_0,0.75,2.5,0.01,late,P1,0.04715801634155551,0.00027737821022106245,0.0,0.0,0.0,0.0,0.0,0.0,,,0.0,0.0,0.0,0.0,0.0,0.0
device_0,0.75,2.5,0.01,late,P2,0.04665897189191941,0.0002772390073301186,0.01,0.0,2.8,0.421637021355784,36.0,5.312459150169743,1.0,0.0,0.0,0.0,0.0,0.0,0.0,0.0
device_0,0.75,2.5,0.01,late,P2prime,0.04665915490605732,0.0002772290261424012,0.01,0.0,1.0,0.0,0.0,0.0,1.0,0.0,0.0,0.0,0.0,0.0,0.0,0.0
device_0,0.75,2.5,0.05,drop,P0,0.04481135690366501,0.00025426344612227927,0.05,0.0,3.5,0.5270462766947299,228.9,7.880355321938218,0.2015,0.006508285317791292,0.0,0.0,0.0,0.0,0.0,0.0
device_0,0.75,2.5,0.05,drop,P1,0.04715801634155551,0.00027737821022106245,0.0,0.0,0.0,0.0,0.0,0.0,,,0.0,0.0,0.0,0.0,0.0,0.0
device_0,0.75,2.5,0.05,drop,P2,0.03917297244444765,0.0002686132977899286,0.05,0.0,6.7,1.2516655570345725,782.3,12.76322843170958,1.0,0.0,0.0,0.0,0.0,0.0,0.0,0.0
device_0,0.75,2.5,0.05,drop,P2prime,0.03922941062212264,0.0002679159256440553,0.05,0.0,1.0,0.0,0.0,0.0,1.0,0.0,0.0,0.0,0.0,0.0,0.0,0.0
device_0,0.75,2.5,0.05,late,P0,0.046974058131546995,0.00027822201948186464,0.05,0.0,3.4,0.5163977794943223,225.4,14.033293744995625,0.20270000000000002,0.005370909296075167,0.0,0.0,0.0,0.0,0.0,0.0
device_0,0.75,2.5,0.05,late,P1,0.04715801634155551,0.00027737821022106245,0.0,0.0,0.0,0.0,0.0,0.0,,,0.0,0.0,0.0,0.0,0.0,0.0
device_0,0.75,2.5,0.05,late,P2,0.04482040814853677,0.0002728819598499843,0.05,0.0,5.6,0.5163977794943223,779.6,16.62127151173059,1.0,0.0,0.0,0.0,0.0,0.0,0.0,0.0
device_0,0.75,2.5,0.05,late,P2prime,0.04486189367943798,0.00027116113842099164,0.05,0.0,1.0,0.0,0.0,0.0,1.0,0.0,0.0,0.0,0.0,0.0,0.0,0.0
device_0,0.75,2.5,0.1,drop,P0,0.04244875799020356,0.0002551345752312071,0.1,0.0,5.0,0.6666666666666666,889.6,18.76876838438439,0.20334,0.00472609775607741,0.0,0.0,0.0,0.0,0.0,0.0
device_0,0.75,2.5,0.1,drop,P1,0.04715801634155551,0.00027737821022106245,0.0,0.0,0.0,0.0,0.0,0.0,,,0.0,0.0,0.0,0.0,0.0,0.0
device_0,0.75,2.5,0.1,drop,P2,0.0323440370287295,0.00017894193110419272,0.1,0.0,10.4,1.2649110640673518,2356.7,22.420476751794908,1.0,0.0,0.0,0.0,0.0,0.0,0.0,0.0
device_0,0.75,2.5,0.1,drop,P2prime,0.0340906697444335,0.00017851825822548986,0.1,0.0,1.0,0.0,0.0,0.0,1.0,0.0,0.0,0.0,0.0,0.0,0.0,0.0
device_0,0.75,2.5,0.1,late,P0,0.04678778858734154,0.00027148684727749695,0.1,0.0,4.8,1.0327955589886444,895.1,28.497368299546547,0.20459,0.0047479703265945325,0.0,0.0,0.0,0.0,0.0,0.0
device_0,0.75,2.5,0.1,late,P1,0.04715801634155551,0.00027737821022106245,0.0,0.0,0.0,0.0,0.0,0.0,,,0.0,0.0,0.0,0.0,0.0,0.0
device_0,0.75,2.5,0.1,late,P2,0.04348062273682364,0.00021436402106486522,0.1,0.0,142.2,166.62052694671206,2023.8,60.51960196681916,0.9104300000000001,0.014322945848455101,0.0,0.0,0.0,0.0,0.0,0.0
device_0,0.75,2.5,0.1,late,P2prime,0.04436427896806646,0.000233985089339472,0.066326,0.0010952746991812886,1.0,0.0,0.0,0.0,1.0,0.0,0.0,0.0,0.0,0.0,0.0,0.0
device_0,0.75,2.5,0.15,drop,P0,0.04008382610074383,0.0002480252208199277,0.15,0.0,5.6,0.8432740427115677,1895.1,32.725966584485924,0.20226000000000002,0.00369697240161074,0.0,0.0,0.0,0.0,0.0,0.0
device_0,0.75,2.5,0.15,drop,P1,0.04715801634155551,0.00027737821022106245,0.0,0.0,0.0,0.0,0.0,0.0,,,0.0,0.0,0.0,0.0,0.0,0.0
device_0,0.75,2.5,0.15,drop,P2,0.028169774586864316,0.0001492411278029692,0.15,0.0,18.4,2.1705094128132942,3590.4,42.28264682138787,1.0,0.0,0.0,0.0,0.0,0.0,0.0,0.0
device_0,0.75,2.5,0.15,drop,P2prime,0.03157270521787129,0.00014805329247978682,0.15,0.0,1.0,0.0,0.0,0.0,0.7089133333333333,0.01020370545136774,0.0,0.0,0.0,0.0,0.0,0.0
device_0,0.75,2.5,0.15,late,P0,0.046596770133336005,0.0002766793740566274,0.15,0.0,6.2,1.1352924243950935,1884.8,29.16923798189534,0.20337333333333332,0.0034819038356892745,0.0,0.0,0.0,0.0,0.0,0.0
device_0,0.75,2.5,0.15,late,P1,0.04715801634155551,0.00027737821022106245,0.0,0.0,0.0,0.0,0.0,0.0,,,0.0,0.0,0.0,0.0,0.0,0.0
device_0,0.75,2.5,0.15,late,P2,0.04348062273682364,0.00021436402106486522,0.15,0.0,5622.4,200.60419847162842,1913.6,62.71841834740413,0.6491866666666667,0.009033260898985235,0.0,0.0,0.0,0.0,0.0,0.0
device_0,0.75,2.5,0.15,late,P2prime,0.04436427896806646,0.000233985089339472,0.066326,0.0010952746991812886,1.0,0.0,0.0,0.0,1.0,0.0,0.0,0.0,0.0,0.0,0.0,0.0
device_0,0.75,3.0,0.01,drop,P0,0.04414734099680382,0.00023166591381195247,0.01,0.0,2.0,0.0,9.6,2.0110804171997807,0.20259999999999997,0.0139698087157826,0.0,0.0,0.0,0.0,0.0,0.0
device_0,0.75,3.0,0.01,drop,P1,0.04459319292619514,0.00023130454866646693,0.0,0.0,0.0,0.0,0.0,0.0,,,0.0,0.0,0.0,0.0,0.0,0.0
device_0,0.75,3.0,0.01,drop,P2,0.042891993207217434,0.00023056419335096002,0.01,0.0,2.8,0.42163702135578385,37.3,7.5432088662584444,1.0,0.0,0.0,0.0,0.0,0.0,0.0,0.0
device_0,0.75,3.0,0.01,drop,P2prime,0.04289286927923662,0.0002305354683926026,0.01,0.0,1.0,0.0,0.0,0.0,1.0,0.0,0.0,0.0,0.0,0.0,0.0,0.0
device_0,0.75,3.0,0.01,late,P0,0.04458191971148379,0.0002310739784497435,0.01,0.0,2.0,0.0,10.3,2.451756739791106,0.201,0.013249737942901197,0.0,0.0,0.0,0.0,0.0,0.0
device_0,0.75,3.0,0.01,late,P1,0.04459319292619514,0.00023130454866646693,0.0,0.0,0.0,0.0,0.0,0.0,,,0.0,0.0,0.0,0.0,0.0,0.0
device_0,0.75,3.0,0.01,late,P2,0.04419922999504493,0.00023118104407357837,0.01,0.0,2.8,0.4216370213557839,38.9,6.8060430664389875,1.0,0.0,0.0,0.0,0.0,0.0,0.0,0.0
device_0,0.75,3.0,0.01,late,P2prime,0.044199681955271325,0.00023118729712320367,0.01,0.0,1.0,0.0,0.0,0.0,1.0,0.0,0.0,0.0,0.0,0.0,0.0,0.0
device_0,0.75,3.0,0.05,drop,P0,0.042365911825472155,0.0002189294589518408,0.05,0.0,3.4,0.5163977794943223,242.5,12.011568497818168,0.20118,0.0062470971036331846,0.0,0.0,0.0,0.0,0.0,0.0
device_0,0.75,3.0,0.05,drop,P1,0.04459319292619514,0.00023130454866646693,0.0,0.0,0.0,0.0,0.0,0.0,,,0.0,0.0,0.0,0.0,0.0,0.0
device_0,0.75,3.0,0.05,drop,P2,0.03724313015843668,0.00019754380797024055,0.05,0.0,6.7,1.2516655570345725,782.3,12.76322843170958,1.0,0.0,0.0,0.0,0.0,0.0,0.0,0.0
device_0,0.75,3.0,0.05,drop,P2prime,0.037503476097138284,0.00019804578986101431,0.05,0.0,1.0,0.0,0.0,0.0,1.0,0.0,0.0,0.0,0.0,0.0,0.0,0.0
device_0,0.75,3.0,0.05,late,P0,0.04453934197994021,0.0002294554546560625,0.05,0.0,3.6,0.5163977794943223,236.2,11.89584427903758,0.20051999999999998,0.0050922162823928314,0.0,0.0,0.0,0.0,0.0,0.0
device_0,0.75,3.0,0.05,late,P1,0.04459319292619514,0.00023130454866646693,0.0,0.0,0.0,0.0,0.0,0.0,,,0.0,0.0,0.0,0.0,0.0,0.0
device_0,0.75,3.0,0.05,late,P2,0.04348062273682364,0.00021436402106486522,0.05,0.0,626.7,77.38941931699853,393.9,28.501267028365977,0.74022,0.011854844298148027,0.0,0.0,0.0,0.0,0.0,0.0
device_0,0.75,3.0,0.05,late,P2prime,0.043598419987506826,0.0002167205724351118,0.030220999999999998,0.0005400298345667798,1.0,0.0,0.0,0.0,1.0,0.0,0.0,0.0,0.0,0.0,0.0,0.0
device_0,0.75,3.0,0.1,drop,P0,0.04013491697997947,0.0002124762577363296,0.1,0.0,4.9,0.8755950357709131,887.2,26.139795119489538,0.20255,0.006404555670250146,0.0,0.0,0.0,0.0,0.0,0.0
device_0,0.75,3.0,0.1,drop,P1,0.04459319292619514,0.00023130454866646693,0.0,0.0,0.0,0.0,0.0,0.0,,,0.0,0.0,0.0,0.0,0.0,0.0
device_0,0.75,3.0,0.1,drop,P2,0.0323440370287295,0.00017894193110419272,0.1,0.0,10.4,1.2649110640673518,2356.7,22.420476751794908,1.0,0.0,0.0,0.0,0.0,0.0,0.0,0.0
device_0,0.75,3.0,0.1,drop,P2prime,0.03319723764409209,0.00015692807191710506,0.1,0.0,1.0,0.0,0.0,0.0,0.9997399999999999,0.0008221921916437989,0.0,0.0,0.0,0.0,0.0,0.0
device_0,0.75,3.0,0.1,late,P0,0.04448057037221768,0.00023196702400622463,0.1,0.0,4.7,0.6749485577105528,885.2,21.71430659982288,0.20346999999999998,0.004138451132703845,0.0,0.0,0.0,0.0,0.0,0.0
device_0,0.75,3.0,0.1,late,P1,0.04459319292619514,0.00023130454866646693,0.0,0.0,0.0,0.0,0.0,0.0,,,0.0,0.0,0.0,0.0,0.0,0.0
device_0,0.75,3.0,0.1,late,P2,0.04348062273682364,0.00021436402106486522,0.1,0.0,5804.4,81.53281547941286,373.8,29.761272374233823,0.45914,0.007839954648394916,0.0,0.0,0.0,0.0,0.0,0.0
device_0,0.75,3.0,0.1,late,P2prime,0.043598419987506826,0.0002167205724351118,0.030220999999999998,0.0005400298345667798,1.0,0.0,0.0,0.0,1.0,0.0,0.0,0.0,0.0,0.0,0.0,0.0
device_0,0.75,3.0,0.15,drop,P0,0.03790704001377628,0.00020097073619050016,0.15,0.0,5.5,0.5270462766947299,1897.1,36.80413624097762,0.20234666666666667,0.004949702572433573,0.0,0.0,0.0,0.0,0.0,0.0
device_0,0.75,3.0,0.15,drop,P1,0.04459319292619514,0.00023130454866646693,0.0,0.0,0.0,0.0,0.0,0.0,,,0.0,0.0,0.0,0.0,0.0,0.0
device_0,0.75,3.0,0.15,drop,P2,0.028169774586864316,0.0001492411278029692,0.15,0.0,18.4,2.1705094128132942,3590.4,42.28264682138787,1.0,0.0,0.0,0.0,0.0,0.0,0.0,0.0
device_0,0.75,3.0,0.15,drop,P2prime,0.030688210033127772,0.00012805507840703967,0.15,0.0,1.0,0.0,0.0,0.0,0.7090066666666667,0.010262887712409727,0.0,0.0,0.0,0.0,0.0,0.0
device_0,0.75,3.0,0.15,late,P0,0.04442680393706253,0.0002302321570171363,0.15,0.0,5.9,0.5676462121975467,1900.0,39.77995028207607,0.20273333333333335,0.002955472012186005,0.0,0.0,0.0,0.0,0.0,0.0
device_0,0.75,3.0,0.15,late,P1,0.04459319292619514,0.00023130454866646693,0.0,0.0,0.0,0.0,0.0,0.0,,,0.0,0.0,0.0,0.0,0.0,0.0
device_0,0.75,3.0,0.15,late,P2,0.04348062273682364,0.00021436402106486522,0.15,0.0,10991.2,83.66839307647774,351.8,29.604053776467843,0.3667066666666667,0.006913090106082439,0.0,0.0,0.0,0.0,0.0,0.0
device_0,0.75,3.0,0.15,late,P2prime,0.043598419987506826,0.0002167205724351118,0.030220999999999998,0.0005400298345667798,1.0,0.0,0.0,0.0,1.0,0.0,0.0,0.0,0.0,0.0,0.0,0.0
device_0,0.75,4.0,0.01,drop,P0,0.04306153397298502,0.00020872114262757578,0.01,0.0,2.0,0.0,9.5,4.196559437338057,0.2064,0.015108496505829653,0.0,0.0,0.0,0.0,0.0,0.0
device_0,0.75,4.0,0.01,drop,P1,0.04349911493844479,0.00021441860995256268,0.0,0.0,0.0,0.0,0.0,0.0,,,0.0,0.0,0.0,0.0,0.0,0.0
device_0,0.75,4.0,0.01,drop,P2,0.04197533799243071,0.0002115285123189478,0.01,0.0,2.8,0.42163702135578385,37.3,7.5432088662584444,1.0,0.0,0.0,0.0,0.0,0.0,0.0,0.0
device_0,0.75,4.0,0.01,drop,P2prime,0.04197884678530025,0.00021150267390590335,0.01,0.0,1.0,0.0,0.0,0.0,1.0,0.0,0.0,0.0,0.0,0.0,0.0,0.0
device_0,0.75,4.0,0.01,late,P0,0.04349894627713548,0.00021440957133532788,0.01,0.0,2.1,0.31622776601683794,9.4,2.2211108331943574,0.2084,0.01248287716122458,0.0,0.0,0.0,0.0,0.0,0.0
device_0,0.75,4.0,0.01,late,P1,0.04349911493844479,0.00021441860995256268,0.0,0.0,0.0,0.0,0.0,0.0,,,0.0,0.0,0.0,0.0,0.0,0.0
device_0,0.75,4.0,0.01,late,P2,0.04348062273682364,0.00021436402106486522,0.01,0.0,1.9,0.31622776601683794,2.2,1.8737959096740262,0.3559,0.0184839269516939,0.0,0.0,0.0,0.0,0.0,0.0
device_0,0.75,4.0,0.01,late,P2prime,0.04348076478883569,0.00021437151547624666,0.002006,0.0001309961831505025,1.0,0.0,0.0,0.0,1.0,0.0,0.0,0.0,0.0,0.0,0.0,0.0
device_0,0.75,4.0,0.05,drop,P0,0.041335601895359536,0.0002086867390014959,0.05,0.0,3.7,0.48304589153964794,238.1,12.556096350201983,0.19868000000000002,0.006215536090224959,0.0,0.0,0.0,0.0,0.0,0.0
device_0,0.75,4.0,0.05,drop,P1,0.04349911493844479,0.00021441860995256268,0.0,0.0,0.0,0.0,0.0,0.0,,,0.0,0.0,0.0,0.0,0.0,0.0
device_0,0.75,4.0,0.05,drop,P2,0.03724313015843668,0.00019754380797024055,0.05,0.0,6.7,1.2516655570345725,782.3,12.76322843170958,1.0,0.0,0.0,0.0,0.0,0.0,0.0,0.0
device_0,0.75,4.0,0.05,drop,P2prime,0.03735117201547654,0.00019592596844532025,0.05,0.0,1.0,0.0,0.0,0.0,1.0,0.0,0.0,0.0,0.0,0.0,0.0,0.0
device_0,0.75,4.0,0.05,late,P0,0.043498040251320015,0.00021456931688489364,0.05,0.0,3.5,0.5270462766947298,242.2,14.459137825841022,0.20461999999999997,0.005093307155255582,0.0,0.0,0.0,0.0,0.0,0.0
device_0,0.75,4.0,0.05,late,P1,0.04349911493844479,0.00021441860995256268,0.0,0.0,0.0,0.0,0.0,0.0,,,0.0,0.0,0.0,0.0,0.0,0.0
device_0,0.75,4.0,0.05,late,P2,0.04348062273682364,0.00021436402106486522,0.05,0.0,3805.0,14.329456840136453,3.1,1.9119507199599983,0.2363,0.010631713565241188,0.0,0.0,0.0,0.0,0.0,0.0
device_0,0.75,4.0,0.05,late,P2prime,0.04348076478883569,0.00021437151547624666,0.002006,0.0001309961831505025,1.0,0.0,0.0,0.0,1.0,0.0,0.0,0.0,0.0,0.0,0.0,0.0
device_0,0.75,4.0,0.1,drop,P0,0.039158341933334784,0.0002014790279725847,0.1,0.0,4.5,0.5270462766947299,907.4,21.365600597429733,0.20156999999999997,0.004371892547220761,0.0,0.0,0.0,0.0,0.0,0.0
device_0,0.75,4.0,0.1,drop,P1,0.04349911493844479,0.00021441860995256268,0.0,0.0,0.0,0.0,0.0,0.0,,,0.0,0.0,0.0,0.0,0.0,0.0
device_0,0.75,4.0,0.1,drop,P2,0.0323440370287295,0.00017894193110419272,0.1,0.0,10.4,1.2649110640673518,2356.7,22.420476751794908,1.0,0.0,0.0,0.0,0.0,0.0,0.0,0.0
device_0,0.75,4.0,0.1,drop,P2prime,0.033041567619444316,0.00015595299634765466,0.1,0.0,1.0,0.0,0.0,0.0,1.0,0.0,0.0,0.0,0.0,0.0,0.0,0.0
device_0,0.75,4.0,0.1,late,P0,0.043497302703088034,0.00021455461174193802,0.1,0.0,4.5,0.5270462766947299,875.8,25.715537888383526,0.20083,0.004058749123122104,0.0,0.0,0.0,0.0,0.0,0.0
device_0,0.75,4.0,0.1,late,P1,0.04349911493844479,0.00021441860995256268,0.0,0.0,0.0,0.0,0.0,0.0,,,0.0,0.0,0.0,0.0,0.0,0.0
device_0,0.75,4.0,0.1,late,P2,0.04348062273682364,0.00021436402106486522,0.1,0.0,8816.2,13.822686666009126,2.9,2.0248456731316584,0.22223,0.010123904604669305,0.0,0.0,0.0,0.0,0.0,0.0
device_0,0.75,4.0,0.1,late,P2prime,0.04348076478883569,0.00021437151547624666,0.002006,0.0001309961831505025,1.0,0.0,0.0,0.0,1.0,0.0,0.0,0.0,0.0,0.0,0.0,0.0
device_0,0.75,4.0,0.15,drop,P0,0.03696698814545859,0.00018845037291023034,0.15,0.0,5.6,0.5163977794943222,1908.0,37.8799272555913,0.2026666666666667,0.0037471964829031193,0.0,0.0,0.0,0.0,0.0,0.0
device_0,0.75,4.0,0.15,drop,P1,0.04349911493844479,0.00021441860995256268,0.0,0.0,0.0,0.0,0.0,0.0,,,0.0,0.0,0.0,0.0,0.0,0.0
device_0,0.75,4.0,0.15,drop,P2,0.028169774586864316,0.0001492411278029692,0.15,0.0,18.4,2.1705094128132942,3590.4,42.28264682138787,1.0,0.0,0.0,0.0,0.0,0.0,0.0,0.0
device_0,0.75,4.0,0.15,drop,P2prime,0.030515814953228852,0.00012514352097579015,0.15,0.0,1.0,0.0,0.0,0.0,0.7168866666666667,0.01072760601738324,0.0,0.0,0.0,0.0,0.0,0.0
device_0,0.75,4.0,0.15,late,P0,0.04349643672466525,0.00021409209979825328,0.15,0.0,5.3,0.4830458915396479,1894.3,27.86893930126832,0.20243333333333333,0.004184539445431287,0.0,0.0,0.0,0.0,0.0,0.0
device_0,0.75,4.0,0.15,late,P1,0.04349911493844479,0.00021441860995256268,0.0,0.0,0.0,0.0,0.0,0.0,,,0.0,0.0,0.0,0.0,0.0,0.0
device_0,0.75,4.0,0.15,late,P2,0.04348062273682364,0.00021436402106486522,0.15,0.0,13824.4,13.268174118711812,2.9,2.0248456731316584,0.2170733333333333,0.007885880490542011,0.0,0.0,0.0,0.0,0.0,0.0
device_0,0.75,4.0,0.15,late,P2prime,0.04348076478883569,0.00021437151547624666,0.002006,0.0001309961831505025,1.0,0.0,0.0,0.0,1.0,0.0,0.0,0.0,0.0,0.0,0.0,0.0
device_0,0.875,1.2,0.1,drop,P0,0.07018831089904647,0.00036453818587992357,0.1,0.0,5.8,0.7888106377466155,1088.2,26.041846666044613,0.43390000000000006,0.009901066160323907,0.12205099999999999,0.0014792824837287423,0.0,0.0,0.612269109436184,0.003328580076229106
device_0,0.875,1.2,0.1,drop,P1,0.0754745419923146,0.0004019025738189085,0.031769000000000006,0.0007962055848418398,4.5,0.5270462766947299,388.3,27.47544358149655,1.0,0.0,0.13111,0.0016110590029887488,0.0,0.0,0.6577114444488797,0.0033796305187983825
device_0,0.875,1.2,0.1,drop,P2,0.05842880808172977,0.0005053676450953324,0.1,0.0,12.3,1.567021236472421,2464.9,29.632752150281267,1.0,0.0,0.06287899999999999,0.0020694414168508798,0.0,0.0,0.3153506582829883,0.006198721930877829
device_0,0.875,1.2,0.1,drop,P2prime,0.05929425228062759,0.00038904341473147664,0.1,0.0,4.5,0.5270462766947299,388.3,27.47544358149655,0.97263,0.010105339622639547,0.07087299999999999,0.0007931379311177748,0.0,0.0,0.3555373300632467,0.0017777560346634812
device_0,0.875,1.2,0.1,late,P0,0.07711513960918394,0.00045582758631728233,0.1,0.0,5.9,0.7378647873726218,1078.9,32.61373262224911,0.43684,0.0074297001584481565,0.12177,0.001557583598612496,0.0,0.0,0.6108527807754127,0.0028610018457268733
device_0,0.875,1.2,0.1,late,P1,0.07968006338071291,0.00045027422783242146,0.031769000000000006,0.0007962055848418398,4.5,0.5270462766947299,388.3,27.47544358149655,1.0,0.0,0.13111,0.0016110590029887488,0.0,0.0,0.6577114444488797,0.0033796305187983825
device_0,0.875,1.2,0.1,late,P2,0.06847951691707108,0.0005262163494058168,0.1,0.0,12.6,2.9514591494904874,2466.6,19.889695824722896,1.0,0.0,0.06287899999999999,0.0020694414168508798,0.0,0.0,0.3153506582829883,0.006198721930877829
device_0,0.875,1.2,0.1,late,P2prime,0.06928693734701563,0.0004663661274723786,0.1,0.0,4.5,0.5270462766947299,388.3,27.47544358149655,0.9194100000000001,0.013246672538163402,0.070938,0.0007940165125626931,0.0,0.0,0.35586319067605465,0.0017309397410823597
device_0,0.875,1.2,0.15,drop,P0,0.06622498576691672,0.00036750165353468476,0.15,0.0,6.6,0.5163977794943223,2036.9,36.9457560335269,0.34902,0.005786152050850002,0.11500099999999999,0.0014582900945970916,0.0,0.0,0.5769004766441205,0.003409970565471668
device_0,0.875,1.2,0.15,drop,P1,0.0754745419923146,0.0004019025738189085,0.031769000000000006,0.0007962055848418398,4.5,0.5270462766947299,388.3,27.47544358149655,1.0,0.0,0.13111,0.0016110590029887488,0.0,0.0,0.6577114444488797,0.0033796305187983825
device_0,0.875,1.2,0.15,drop,P2,0.04611976995245761,0.0005003932616560678,0.15,0.0,23.2,3.521363372331802,3239.8,54.86103656816316,1.0,0.0,0.012879000000000002,0.0020694414168508806,0.0,0.0,0.06449155725088604,0.00950750103705824
device_0,0.875,1.2,0.15,drop,P2prime,0.051811815373883574,0.00038563013570294436,0.15,0.0,4.5,0.5270462766947299,388.3,27.47544358149655,0.66316,0.00899136485608877,0.07087299999999999,0.0007931379311177748,0.0,0.0,0.3555373300632467,0.0017777560346634812
device_0,0.875,1.2,0.15,late,P0,0.07524909225092735,0.00040462733482229653,0.15,0.0,6.3,0.6749485577105528,2030.9,27.057346507002492,0.34781333333333336,0.006124212219432143,0.115188,0.001301433397792173,0.0,0.0,0.5778462356859125,0.0032067447256473175
device_0,0.875,1.2,0.15,late,P1,0.07968006338071291,0.00045027422783242146,0.031769000000000006,0.0007962055848418398,4.5,0.5270462766947299,388.3,27.47544358149655,1.0,0.0,0.13111,0.0016110590029887488,0.0,0.0,0.6577114444488797,0.0033796305187983825
device_0,0.875,1.2,0.15,late,P2,0.060977748277291,0.0005041673086176052,0.15,0.0,22.0,2.943920288775949,3240.8,55.431238685620436,1.0,0.0,0.012879000000000002,0.0020694414168508806,0.0,0.0,0.06449155725088604,0.00950750103705824
device_0,0.875,1.2,0.15,late,P2prime,0.06399523148622406,0.0004613291882144004,0.15,0.0,4.5,0.5270462766947299,388.3,27.47544358149655,0.614,0.008872596179414625,0.070908,0.0007947718051253606,0.0,0.0,0.3557127559032438,0.0017575512220394825
device_0,0.875,1.35,0.01,drop,P0,0.06332210353750957,0.000387936343642542,0.01,0.0,2.2,0.42163702135578385,17.6,3.864367132317183,0.5992999999999999,0.015449199907366673,0.052714,0.001249855102713022,0.0,0.0,0.26443358785997795,0.005217452097770498
device_0,0.875,1.35,0.01,drop,P1,0.0636494008799846,0.00039613620817640705,0.0049960000000000004,0.00014001587211614417,2.1,0.31622776601683794,10.3,3.4334951418181574,1.0,0.0,0.053001,0.0012735117676025696,0.0,0.0,0.26587258351832926,0.005303659283530149
device_0,0.875,1.35,0.01,drop,P2,0.06235946586226785,0.00039800737800001765,0.01,0.0,3.0,0.6666666666666666,41.0,4.714045207910317,1.0,0.0,0.047997,0.001281371227327281,0.0,0.0,0.24076435707789026,0.005246928958760307
device_0,0.875,1.35,0.01,drop,P2prime,0.062359764184432606,0.00039802310813208516,0.01,0.0,2.1,0.31622776601683794,10.3,3.4334951418181574,1.0,0.0,0.047997,0.001281371227327281,0.0,0.0,0.24076435707789026,0.005246928958760307
device_0,0.875,1.35,0.01,late,P0,0.0643366568801701,0.00039790556061203503,0.01,0.0,2.2,0.42163702135578385,19.2,4.157990967870047,0.604,0.015282524515130222,0.052716,0.001251285561155228,0.0,0.0,0.2644424608375069,0.005159066395391555
device_0,0.875,1.35,0.01,late,P1,0.06444919693506515,0.0003978116245621755,0.0049960000000000004,0.00014001587211614417,2.1,0.31622776601683794,10.3,3.4334951418181574,1.0,0.0,0.053001,0.0012735117676025696,0.0,0.0,0.26587258351832926,0.005303659283530149
device_0,0.875,1.35,0.01,late,P2,0.06371744528529234,0.00039969933817431364,0.01,0.0,3.3,0.6749485577105528,43.4,7.5748120622083945,1.0,0.0,0.047997,0.001281371227327281,0.0,0.0,0.24076435707789026,0.005246928958760307
device_0,0.875,1.35,0.01,late,P2prime,0.06371771121441397,0.00039968251079085113,0.01,0.0,2.1,0.31622776601683794,10.3,3.4334951418181574,1.0,0.0,0.047997,0.001281371227327281,0.0,0.0,0.24076435707789026,0.005246928958760307
device_0,0.875,1.35,0.05,drop,P0,0.060752311608794504,0.00037552980025651913,0.05,0.0,3.5,0.5270462766947299,236.6,8.579044235810883,0.27798,0.006067362597446188,0.050557,0.001253555388130542,0.0,0.0,0.25361234230813834,0.005283695836017293
device_0,0.875,1.35,0.05,drop,P1,0.0636494008799846,0.00039613620817640705,0.0049960000000000004,0.00014001587211614417,2.1,0.31622776601683794,10.3,3.4334951418181574,1.0,0.0,0.053001,0.0012735117676025696,0.0,0.0,0.26587258351832926,0.005303659283530149
device_0,0.875,1.35,0.05,drop,P2,0.05223169276074112,0.00039492321365545144,0.05,0.0,6.8,1.3984117975602022,866.9,20.904279200414646,1.0,0.0,0.007997,0.0012813712273272806,0.0,0.0,0.040077076252208424,0.006104189138530835
device_0,0.875,1.35,0.05,drop,P2prime,0.052634735611240366,0.0003375167995819043,0.05,0.0,2.1,0.31622776601683794,10.3,3.4334951418181574,1.0,0.0,0.012215,0.0004815772696740019,0.0,0.0,0.06127411186913092,0.0022492751912427263
device_0,0.875,1.35,0.05,late,P0,0.06347236771371885,0.0003814876733408961,0.05,0.0,3.6,0.5163977794943223,236.9,19.541693319100514,0.28002,0.005922049194887416,0.050561,0.0012573822012419296,0.0,0.0,0.25363118854889655,0.005237973264357495
device_0,0.875,1.35,0.05,late,P1,0.06444919693506515,0.0003978116245621755,0.0049960000000000004,0.00014001587211614417,2.1,0.31622776601683794,10.3,3.4334951418181574,1.0,0.0,0.053001,0.0012735117676025696,0.0,0.0,0.26587258351832926,0.005303659283530149
device_0,0.875,1.35,0.05,late,P2,0.05824245474477894,0.00039175870157582865,0.05,0.0,6.3,0.48304589153964805,871.5,17.17394667641787,1.0,0.0,0.007997,0.0012813712273272806,0.0,0.0,0.040077076252208424,0.006104189138530835
device_0,0.875,1.35,0.05,late,P2prime,0.058488620936366156,0.00037349554655767873,0.05,0.0,2.1,0.31622776601683794,10.3,3.4334951418181574,0.92914,0.013620588990364715,0.012238,0.0004821894510113914,0.0,0.0,0.06138960477830376,0.0022560107539971045
device_0,0.875,1.35,0.1,drop,P0,0.05757445352841235,0.00037665015979347914,0.1,0.0,4.6,0.5163977794943223,900.0,20.628997929021065,0.2359,0.003768288736283353,0.048026,0.0011492915692334603,0.0,0.0,0.2409172503672933,0.004840164352815568
device_0,0.875,1.35,0.1,drop,P1,0.0636494008799846,0.00039613620817640705,0.0049960000000000004,0.00014001587211614417,2.1,0.31622776601683794,10.3,3.4334951418181574,1.0,0.0,0.053001,0.0012735117676025696,0.0,0.0,0.26587258351832926,0.005303659283530149
device_0,0.875,1.35,0.1,drop,P2,0.04353890990273621,0.00031486903344670744,0.1,0.0,12.3,1.567021236472421,2464.9,29.632752150281267,1.0,0.0,0.0,0.0,0.0,0.0,0.0,0.0
device_0,0.875,1.35,0.1,drop,P2prime,0.044820780633609544,0.000328473745716448,0.1,0.0,2.1,0.31622776601683794,10.3,3.4334951418181574,0.94939,0.010043621524795392,0.012215,0.0004815772696740019,0.0,0.0,0.06127411186913092,0.0022492751912427263
device_0,0.875,1.35,0.1,late,P0,0.06243459456868154,0.00037338147977668485,0.1,0.0,4.6,0.8432740427115678,886.6,20.073199379603963,0.23332000000000003,0.005187763380194675,0.047949,0.0011083165412261752,0.0,0.0,0.24053441166979792,0.004802529002934848
device_0,0.875,1.35,0.1,late,P1,0.06444919693506515,0.0003978116245621755,0.0049960000000000004,0.00014001587211614417,2.1,0.31622776601683794,10.3,3.4334951418181574,1.0,0.0,0.053001,0.0012735117676025696,0.0,0.0,0.26587258351832926,0.005303659283530149
device_0,0.875,1.35,0.1,late,P2,0.053470259943017774,0.0003554099927607071,0.1,0.0,10.7,1.8885620632287063,2120.9,24.990887228036613,0.88315,0.0038753494466090992,0.0,0.0,0.0,0.0,0.0,0.0
device_0,0.875,1.35,0.1,late,P2prime,0.05433593787653164,0.0003544734308086963,0.1,0.0,2.1,0.31622776601683794,10.3,3.4334951418181574,0.79621,0.011208969622583515,0.012218999999999999,0.0004822274705295554,0.0,0.0,0.061294383996624034,0.002259153574114922
device_0,0.875,1.35,0.15,drop,P0,0.054370592778047275,0.0003223944524219596,0.15,0.0,5.9,0.8755950357709131,1916.1,26.328902580835205,0.22214666666666666,0.0051387465445751155,0.045424,0.0010241983314877173,0.0,0.0,0.2278718652120908,0.004615579854137546
device_0,0.875,1.35,0.15,drop,P1,0.0636494008799846,0.00039613620817640705,0.0049960000000000004,0.00014001587211614417,2.1,0.31622776601683794,10.3,3.4334951418181574,1.0,0.0,0.053001,0.0012735117676025696,0.0,0.0,0.26587258351832926,0.005303659283530149
device_0,0.875,1.35,0.15,drop,P2,0.035709871773464054,0.0003098719393430367,0.15,0.0,23.2,3.521363372331802,3239.8,54.86103656816316,1.0,0.0,0.0,0.0,0.0,0.0,0.0,0.0
device_0,0.875,1.35,0.15,drop,P2prime,0.03935725958134625,0.0002077186398019873,0.15,0.0,2.1,0.31622776601683794,10.3,3.4334951418181574,0.6796933333333334,0.009349837260087672,0.016014,0.0005420373090890003,0.0,0.0,0.08033050741505476,0.0024438925063011274
device_0,0.875,1.35,0.15,late,P0,0.061361339368899634,0.00037552218161445876,0.15,0.0,5.6,0.9660917830792958,1899.4,25.28152597363449,0.22246000000000002,0.003685198957725992,0.045245,0.0011901003692499593,0.0,0.0,0.22696348643169983,0.005021941099843904
device_0,0.875,1.35,0.15,late,P1,0.06444919693506515,0.0003978116245621755,0.0049960000000000004,0.00014001587211614417,2.1,0.31622776601683794,10.3,3.4334951418181574,1.0,0.0,0.053001,0.0012735117676025696,0.0,0.0,0.26587258351832926,0.005303659283530149
device_0,0.875,1.35,0.15,late,P2,0.049595264181314144,0.0003405876598543011,0.15,0.0,17.9,1.5951314818673863,3222.7,33.73112641002206,0.89212,0.00920508716034941,0.0,0.0,0.0,0.0,0.0,0.0
device_0,0.875,1.35,0.15,late,P2prime,0.051649051828512496,0.0002793025643360655,0.14193899999999998,0.001184702963240618,2.1,0.31622776601683794,10.3,3.4334951418181574,0.7079642927957341,0.0052687048414949145,0.015227000000000001,0.0005421982007429473,0.0,0.0,0.07638685443142963,0.0026181627508308327
device_0,0.875,1.5,0.01,drop,P0,0.05695424409071054,0.0003455105180806131,0.01,0.0,2.1,0.31622776601683794,9.8,2.820559440174157,0.24830000000000002,0.009055998625834219,0.010033,0.00026386233784557635,0.0,0.0,0.050326691247067526,0.0010059525741653247
device_0,0.875,1.5,0.01,drop,P1,0.05748986845510197,0.00034870159132265743,0.00063,5.312459150169746e-05,1.2,0.4216370213557839,0.2,0.4216370213557839,1.0,0.0,0.01012,0.00027664658561661897,0.0,0.0,0.050761888582121086,0.0010179960901530772
device_0,0.875,1.5,0.01,drop,P2,0.055059670516640846,0.00034727835791623475,0.01,0.0,3.0,0.6666666666666666,41.0,4.714045207910317,1.0,0.0,0.00075,0.0002960855732160327,0.0,0.0,0.003750944327400832,0.0014471697247700496
device_0,0.875,1.5,0.01,drop,P2prime,0.055061249707072615,0.00034639318411101107,0.01,0.0,1.2,0.4216370213557839,0.2,0.4216370213557839,1.0,0.0,0.00076,0.0002808716591058787,0.0,0.0,0.0038016980197319488,0.0013691088706105222
device_0,0.875,1.5,0.01,late,P0,0.05746526891767524,0.0003437457532315421,0.01,0.0,2.1,0.31622776601683794,11.5,2.2236106773543898,0.25,0.010811516493484575,0.010014,0.000260776617902074,0.0,0.0,0.05023089849786705,0.0009601086513462049
device_0,0.875,1.5,0.01,late,P1,0.0576007410368287,0.00034794097069821916,0.00063,5.312459150169746e-05,1.2,0.4216370213557839,0.2,0.4216370213557839,1.0,0.0,0.01012,0.00027664658561661897,0.0,0.0,0.050761888582121086,0.0010179960901530772
device_0,0.875,1.5,0.01,late,P2,0.05654319622534156,0.0003437970465318343,0.01,0.0,2.8,0.6324555320336759,40.5,4.904646323187388,1.0,0.0,0.00075,0.0002960855732160327,0.0,0.0,0.003750944327400832,0.0014471697247700496
device_0,0.875,1.5,0.01,late,P2prime,0.05654979586429092,0.0003433961191860085,0.01,0.0,1.2,0.4216370213557839,0.2,0.4216370213557839,1.0,0.0,0.00076,0.0002808716591058787,0.0,0.0,0.0038016980197319488,0.0013691088706105222
device_0,0.875,1.5,0.05,drop,P0,0.05462861839907398,0.00033222828243940146,0.05,0.0,3.7,0.674948557710553,226.7,7.513691207093593,0.21204,0.0056653331764336574,0.009604,0.0002797300285791438,0.0,0.0,0.048174660096599424,0.0011338798632681579
device_0,0.875,1.5,0.05,drop,P1,0.05748986845510197,0.00034870159132265743,0.00063,5.312459150169746e-05,1.2,0.4216370213557839,0.2,0.4216370213557839,1.0,0.0,0.01012,0.00027664658561661897,0.0,0.0,0.050761888582121086,0.0010179960901530772
device_0,0.875,1.5,0.05,drop,P2,0.04844869741511412,0.00032610837102452667,0.05,0.0,6.8,1.3984117975602022,866.9,20.904279200414646,1.0,0.0,0.0,0.0,0.0,0.0,0.0,0.0
device_0,0.875,1.5,0.05,drop,P2prime,0.04851652934806654,0.00032812215573391293,0.05,0.0,1.2,0.4216370213557839,0.2,0.4216370213557839,1.0,0.0,0.00047400000000000003,5.2957005621961346e-05,0.0,0.0,0.0023769807381290664,0.0002572148803083562
device_0,0.875,1.5,0.05,late,P0,0.056884725191384544,0.00033721226195542966,0.05,0.0,3.6,0.5163977794943222,238.0,9.843215373488935,0.21105999999999997,0.005633274161424928,0.009632,0.00027607567400583793,0.0,0.0,0.04831385739788061,0.0010431826364420242
device_0,0.875,1.5,0.05,late,P1,0.0576007410368287,0.00034794097069821916,0.00063,5.312459150169746e-05,1.2,0.4216370213557839,0.2,0.4216370213557839,1.0,0.0,0.01012,0.00027664658561661897,0.0,0.0,0.050761888582121086,0.0010179960901530772
device_0,0.875,1.5,0.05,late,P2,0.05321710521647447,0.00033681257816896374,0.05,0.0,6.8,1.8135294011647258,873.3,24.797177258712335,1.0,0.0,0.0,0.0,0.0,0.0,0.0,0.0
device_0,0.875,1.5,0.05,late,P2prime,0.053285869754863754,0.00033553207718273653,0.05,0.0,1.2,0.4216370213557839,0.2,0.4216370213557839,1.0,0.0,0.00048000000000000007,4.9441323247304415e-05,0.0,0.0,0.002407104542591591,0.00023872556975861083
device_0,0.875,1.5,0.1,drop,P0,0.051766332731708865,0.0003453681453893144,0.1,0.0,4.8,0.6324555320336761,880.2,17.47251810383635,0.20432999999999998,0.004269283051962907,0.009096,0.0002548725171531837,0.0,0.0,0.04562548824011526,0.0009557845444088108
device_0,0.875,1.5,0.1,drop,P1,0.05748986845510197,0.00034870159132265743,0.00063,5.312459150169746e-05,1.2,0.4216370213557839,0.2,0.4216370213557839,1.0,0.0,0.01012,0.00027664658561661897,0.0,0.0,0.050761888582121086,0.0010179960901530772
device_0,0.875,1.5,0.1,drop,P2,0.04047244575710921,0.0003225286952849593,0.1,0.0,12.3,1.567021236472421,2464.9,29.632752150281267,1.0,0.0,0.0,0.0,0.0,0.0,0.0,0.0
device_0,0.875,1.5,0.1,drop,P2prime,0.04076764543050532,0.0002864089752471265,0.1,0.0,1.2,0.4216370213557839,0.2,0.4216370213557839,0.9882500000000001,0.011034818631143061,0.00047400000000000003,5.2957005621961346e-05,0.0,0.0,0.0023769807381290664,0.0002572148803083562
device_0,0.875,1.5,0.1,late,P0,0.056179092502774766,0.00032282952058837634,0.1,0.0,4.5,0.5270462766947299,907.0,28.805863600624384,0.20314000000000002,0.004594005756296885,0.009102,0.00027279622024100285,0.0,0.0,0.04565539398381689,0.0010669456029435503
device_0,0.875,1.5,0.1,late,P1,0.0576007410368287,0.00034794097069821916,0.00063,5.312459150169746e-05,1.2,0.4216370213557839,0.2,0.4216370213557839,1.0,0.0,0.01012,0.00027664658561661897,0.0,0.0,0.050761888582121086,0.0010179960901530772
device_0,0.875,1.5,0.1,late,P2,0.04958889798655908,0.00032908899802402557,0.1,0.0,10.7,1.2516655570345725,2281.2,19.423925681717563,0.9348700000000001,0.003707365042122993,0.0,0.0,0.0,0.0,0.0,0.0
device_0,0.875,1.5,0.1,late,P2prime,0.04994366871090762,0.0003191383865884461,0.1,0.0,1.2,0.4216370213557839,0.2,0.4216370213557839,0.8694,0.0034289616180088467,0.000571,4.863697724525606e-05,0.0,0.0,0.002864773381112241,0.0002465086887742098
device_0,0.875,1.5,0.15,drop,P0,0.048888491243628825,0.00029338314233151195,0.15,0.0,6.0,0.816496580927726,1890.2,26.169532751741023,0.20234000000000002,0.0034836407803359587,0.008581,0.0002451960666713705,0.0,0.0,0.04304117661844105,0.0008846767746448703
device_0,0.875,1.5,0.15,drop,P1,0.05748986845510197,0.00034870159132265743,0.00063,5.312459150169746e-05,1.2,0.4216370213557839,0.2,0.4216370213557839,1.0,0.0,0.01012,0.00027664658561661897,0.0,0.0,0.050761888582121086,0.0010179960901530772
device_0,0.875,1.5,0.15,drop,P2,0.03264340762783705,0.000317407157074066,0.15,0.0,23.2,3.521363372331802,3239.8,54.86103656816316,1.0,0.0,0.0,0.0,0.0,0.0,0.0,0.0
device_0,0.875,1.5,0.15,drop,P2prime,0.037302103272565466,0.00018476443424157837,0.15,0.0,1.2,0.4216370213557839,0.2,0.4216370213557839,0.6884399999999999,0.008810442737715739,0.001461,0.00011637582795981878,0.0,0.0,0.007328608603726637,0.000571366280010992
device_0,0.875,1.5,0.15,late,P0,0.05545769235084678,0.00030626818127759607,0.15,0.0,5.6,0.6992058987801011,1886.7,27.039271850813982,0.20251333333333332,0.0049340389885712006,0.008636000000000001,0.0002690807396385785,0.0,0.0,0.04331794226954112,0.0010704623294791671
device_0,0.875,1.5,0.15,late,P1,0.0576007410368287,0.00034794097069821916,0.00063,5.312459150169746e-05,1.2,0.4216370213557839,0.2,0.4216370213557839,1.0,0.0,0.01012,0.00027664658561661897,0.0,0.0,0.050761888582121086,0.0010179960901530772
device_0,0.875,1.5,0.15,late,P2,0.0463123073336157,0.0003185194406919203,0.15,0.0,20.3,2.6267851073127395,3224.9,63.28498154292922,0.9100933333333334,0.002392622405501667,0.0,0.0,0.0,0.0,0.0,0.0
device_0,0.875,1.5,0.15,late,P2prime,0.049330732425366605,0.00025716072727494625,0.11529800000000001,0.0012318170859885542,1.2,0.4216370213557839,0.2,0.4216370213557839,0.8860189081908061,0.003359633793486603,0.00173,0.00013800161029656305,0.0,0.0,0.008679218140836832,0.0006995707839788179
device_0,0.875,2.0,0.01,drop,P0,0.05078512339040152,0.0002607079588143579,0.01,0.0,2.0,0.0,10.5,4.27525177946022,0.2009,0.014035273025092491,0.0,0.0,0.0,0.0,0.0,0.0
device_0,0.875,2.0,0.01,drop,P1,0.05130106131211828,0.00026670309671582705,0.0,0.0,0.0,0.0,0.0,0.0,,,0.0,0.0,0.0,0.0,0.0,0.0
device_0,0.875,2.0,0.01,drop,P2,0.049599542791930434,0.00026630865620363796,0.01,0.0,3.0,0.6666666666666666,41.0,4.714045207910317,1.0,0.0,0.0,0.0,0.0,0.0,0.0,0.0
device_0,0.875,2.0,0.01,drop,P2prime,0.049600243894648746,0.0002663092922131983,0.01,0.0,1.0,0.0,0.0,0.0,1.0,0.0,0.0,0.0,0.0,0.0,0.0,0.0
device_0,0.875,2.0,0.01,late,P0,0.05122235835818488,0.0002647981951400909,0.01,0.0,2.0,0.0,9.7,3.2335051500740732,0.1983,0.013123769783615277,0.0,0.0,0.0,0.0,0.0,0.0
device_0,0.875,2.0,0.01,late,P1,0.05130106131211828,0.00026670309671582705,0.0,0.0,0.0,0.0,0.0,0.0,,,0.0,0.0,0.0,0.0,0.0,0.0
device_0,0.875,2.0,0.01,late,P2,0.050704704037770124,0.00026671787141284604,0.01,0.0,2.9,0.5676462121975466,45.4,4.857983120596449,1.0,0.0,0.0,0.0,0.0,0.0,0.0,0.0
device_0,0.875,2.0,0.01,late,P2prime,0.05070494026031257,0.00026670372826588843,0.01,0.0,1.0,0.0,0.0,0.0,1.0,0.0,0.0,0.0,0.0,0.0,0.0,0.0
device_0,0.875,2.0,0.05,drop,P0,0.048736284274557895,0.0002604217057414915,0.05,0.0,3.6,0.5163977794943223,234.8,12.769755936064973,0.20084,0.002870230343059982,0.0,0.0,0.0,0.0,0.0,0.0
device_0,0.875,2.0,0.05,drop,P1,0.05130106131211828,0.00026670309671582705,0.0,0.0,0.0,0.0,0.0,0.0,,,0.0,0.0,0.0,0.0,0.0,0.0
device_0,0.875,2.0,0.05,drop,P2,0.04305576969040371,0.00026339398255002886,0.05,0.0,6.8,1.3984117975602022,866.9,20.904279200414646,1.0,0.0,0.0,0.0,0.0,0.0,0.0,0.0
device_0,0.875,2.0,0.05,drop,P2prime,0.04312601657351973,0.00025562737737521677,0.05,0.0,1.0,0.0,0.0,0.0,1.0,0.0,0.0,0.0,0.0,0.0,0.0,0.0
device_0,0.875,2.0,0.05,late,P0,0.05090219232533779,0.0002627401457428759,0.05,0.0,3.5,0.5270462766947298,235.9,16.782596806083244,0.1995,0.006094988834189019,0.0,0.0,0.0,0.0,0.0,0.0
device_0,0.875,2.0,0.05,late,P1,0.05130106131211828,0.00026670309671582705,0.0,0.0,0.0,0.0,0.0,0.0,,,0.0,0.0,0.0,0.0,0.0,0.0
device_0,0.875,2.0,0.05,late,P2,0.04843700811610398,0.0002664368534974272,0.05,0.0,6.2,0.4216370213557839,873.4,27.1547008412499,1.0,0.0,0.0,0.0,0.0,0.0,0.0,0.0
device_0,0.875,2.0,0.05,late,P2prime,0.048460031439694864,0.0002658503005107969,0.05,0.0,1.0,0.0,0.0,0.0,1.0,0.0,0.0,0.0,0.0,0.0,0.0,0.0
device_0,0.875,2.0,0.1,drop,P0,0.0461554361237798,0.00021854490591387396,0.1,0.0,4.8,0.632455532033676,886.0,21.013223349965976,0.20061,0.004695730921687159,0.0,0.0,0.0,0.0,0.0,0.0
device_0,0.875,2.0,0.1,drop,P1,0.05130106131211828,0.00026670309671582705,0.0,0.0,0.0,0.0,0.0,0.0,,,0.0,0.0,0.0,0.0,0.0,0.0
device_0,0.875,2.0,0.1,drop,P2,0.03565431216685781,0.00024513710990119116,0.1,0.0,12.3,1.567021236472421,2464.9,29.632752150281267,1.0,0.0,0.0,0.0,0.0,0.0,0.0,0.0
device_0,0.875,2.0,0.1,drop,P2prime,0.03672209177383263,0.00015177015685325846,0.1,0.0,1.0,0.0,0.0,0.0,0.9815200000000001,0.010908284313615365,0.0,0.0,0.0,0.0,0.0,0.0
device_0,0.875,2.0,0.1,late,P0,0.050492354067723386,0.0002654584229071596,0.1,0.0,4.7,0.8232726023485646,887.0,25.603819159562022,0.20043000000000002,0.0038893158495778932,0.0,0.0,0.0,0.0,0.0,0.0
device_0,0.875,2.0,0.1,late,P1,0.05130106131211828,0.00026670309671582705,0.0,0.0,0.0,0.0,0.0,0.0,,,0.0,0.0,0.0,0.0,0.0,0.0
device_0,0.875,2.0,0.1,late,P2,0.04581743229250734,0.0002639832921682069,0.1,0.0,11.5,2.1730674684008826,2452.9,34.06676451388426,1.0,0.0,0.0,0.0,0.0,0.0,0.0,0.0
device_0,0.875,2.0,0.1,late,P2prime,0.046508049639727475,0.00020927394603483955,0.092973,0.0012450618012327295,1.0,0.0,0.0,0.0,1.0,0.0,0.0,0.0,0.0,0.0,0.0,0.0
device_0,0.875,2.0,0.15,drop,P0,0.04360006606546503,0.00023510106688636937,0.15,0.0,5.6,0.5163977794943223,1907.9,28.489569241312786,0.19985999999999998,0.003577770876459873,0.0,0.0,0.0,0.0,0.0,0.0
device_0,0.875,2.0,0.15,drop,P1,0.05130106131211828,0.00026670309671582705,0.0,0.0,0.0,0.0,0.0,0.0,,,0.0,0.0,0.0,0.0,0.0,0.0
device_0,0.875,2.0,0.15,drop,P2,0.02874354382213206,0.0002314801677138811,0.15,0.0,23.2,3.521363372331802,3239.8,54.86103656816316,1.0,0.0,0.0,0.0,0.0,0.0,0.0,0.0
device_0,0.875,2.0,0.15,drop,P2prime,0.03429381624893672,0.00013394252040368178,0.15,0.0,1.0,0.0,0.0,0.0,0.6707,0.008115721672876948,0.0,0.0,0.0,0.0,0.0,0.0
device_0,0.875,2.0,0.15,late,P0,0.05009570780345142,0.00025760921591674944,0.15,0.0,5.4,0.6992058987801011,1901.2,29.83212288047159,0.19876,0.003044395782255052,0.0,0.0,0.0,0.0,0.0,0.0
device_0,0.875,2.0,0.15,late,P1,0.05130106131211828,0.00026670309671582705,0.0,0.0,0.0,0.0,0.0,0.0,,,0.0,0.0,0.0,0.0,0.0,0.0
device_0,0.875,2.0,0.15,late,P2,0.04354076701849529,0.00024048154483280693,0.15,0.0,21.7,2.668749186833079,3245.4,50.717518340970415,1.0,0.0,0.0,0.0,0.0,0.0,0.0,0.0
device_0,0.875,2.0,0.15,late,P2prime,0.046508049639727475,0.00020927394603483955,0.092973,0.0012450618012327295,1.0,0.0,0.0,0.0,1.0,0.0,0.0,0.0,0.0,0.0,0.0,0.0
device_0,0.875,2.5,0.01,drop,P0,0.04642650106227312,0.00022617997872900858,0.01,0.0,2.0,0.0,11.0,2.449489742783178,0.20350000000000001,0.015855247992033708,0.0,0.0,0.0,0.0,0.0,0.0
device_0,0.875,2.5,0.01,drop,P1,0.04690045593896465,0.00023209839002215617,0.0,0.0,0.0,0.0,0.0,0.0,,,0.0,0.0,0.0,0.0,0.0,0.0
device_0,0.875,2.5,0.01,drop,P2,0.04519936110517745,0.00023153119976051083,0.01,0.0,3.0,0.6666666666666666,41.0,4.714045207910317,1.0,0.0,0.0,0.0,0.0,0.0,0.0,0.0
device_0,0.875,2.5,0.01,drop,P2prime,0.04520036525554254,0.00023151460593432994,0.01,0.0,1.0,0.0,0.0,0.0,1.0,0.0,0.0,0.0,0.0,0.0,0.0,0.0
device_0,0.875,2.5,0.01,late,P0,0.04686678722740125,0.00023137496382294107,0.01,0.0,2.1,0.316227766016838,10.7,2.3118054512532935,0.19690000000000002,0.014820781205980864,0.0,0.0,0.0,0.0,0.0,0.0
device_0,0.875,2.5,0.01,late,P1,0.04690045593896465,0.00023209839002215617,0.0,0.0,0.0,0.0,0.0,0.0,,,0.0,0.0,0.0,0.0,0.0,0.0
device_0,0.875,2.5,0.01,late,P2,0.04640144083623113,0.00023205688674388884,0.01,0.0,2.8,0.6324555320336759,41.0,5.577733510227172,1.0,0.0,0.0,0.0,0.0,0.0,0.0,0.0
device_0,0.875,2.5,0.01,late,P2prime,0.046401649606748585,0.00023207620667071687,0.01,0.0,1.0,0.0,0.0,0.0,1.0,0.0,0.0,0.0,0.0,0.0,0.0,0.0
device_0,0.875,2.5,0.05,drop,P0,0.04455625429513014,0.0002186123276717631,0.05,0.0,3.7,0.6749485577105528,231.1,19.162753223665725,0.1996,0.006429100507328635,0.0,0.0,0.0,0.0,0.0,0.0
device_0,0.875,2.5,0.05,drop,P1,0.04690045593896465,0.00023209839002215617,0.0,0.0,0.0,0.0,0.0,0.0,,,0.0,0.0,0.0,0.0,0.0,0.0
device_0,0.875,2.5,0.05,drop,P2,0.038922632834439516,0.00022310791334144892,0.05,0.0,6.8,1.3984117975602022,866.9,20.904279200414646,1.0,0.0,0.0,0.0,0.0,0.0,0.0,0.0
device_0,0.875,2.5,0.05,drop,P2prime,0.038989080777793395,0.0002229916530146013,0.05,0.0,1.0,0.0,0.0,0.0,1.0,0.0,0.0,0.0,0.0,0.0,0.0,0.0
device_0,0.875,2.5,0.05,late,P0,0.046717618583866825,0.0002312615765717129,0.05,0.0,3.7,0.6749485577105528,232.2,14.443760667576235,0.19971999999999998,0.006372301171650808,0.0,0.0,0.0,0.0,0.0,0.0
device_0,0.875,2.5,0.05,late,P1,0.04690045593896465,0.00023209839002215617,0.0,0.0,0.0,0.0,0.0,0.0,,,0.0,0.0,0.0,0.0,0.0,0.0
device_0,0.875,2.5,0.05,late,P2,0.04456550814129119,0.00022893033156868195,0.05,0.0,6.6,0.5163977794943222,874.5,15.160255055022425,1.0,0.0,0.0,0.0,0.0,0.0,0.0,0.0
device_0,0.875,2.5,0.05,late,P2prime,0.04461759606906461,0.00022669818373510157,0.05,0.0,1.0,0.0,0.0,0.0,1.0,0.0,0.0,0.0,0.0,0.0,0.0,0.0
device_0,0.875,2.5,0.1,drop,P0,0.04222723022463116,0.0001968954908282505,0.1,0.0,4.5,0.5270462766947299,897.0,22.19609575278199,0.19812000000000002,0.004931035500897479,0.0,0.0,0.0,0.0,0.0,0.0
device_0,0.875,2.5,0.1,drop,P1,0.04690045593896465,0.00023209839002215617,0.0,0.0,0.0,0.0,0.0,0.0,,,0.0,0.0,0.0,0.0,0.0,0.0
device_0,0.875,2.5,0.1,drop,P2,0.03216907023508118,0.0001399225688592827,0.1,0.0,12.3,1.567021236472421,2464.9,29.632752150281267,1.0,0.0,0.0,0.0,0.0,0.0,0.0,0.0
device_0,0.875,2.5,0.1,drop,P2prime,0.03423100709780316,0.00013115904822361168,0.1,0.0,1.0,0.0,0.0,0.0,0.95777,0.009377401914531892,0.0,0.0,0.0,0.0,0.0,0.0
device_0,0.875,2.5,0.1,late,P0,0.0465404852444348,0.00022395369935313371,0.1,0.0,4.3,0.674948557710553,890.5,23.124061542519353,0.19935,0.003628666727907398,0.0,0.0,0.0,0.0,0.0,0.0
device_0,0.875,2.5,0.1,late,P1,0.04690045593896465,0.00023209839002215617,0.0,0.0,0.0,0.0,0.0,0.0,,,0.0,0.0,0.0,0.0,0.0,0.0
device_0,0.875,2.5,0.1,late,P2,0.043274073176403666,0.00017604715855191582,0.1,0.0,244.6,157.2550652778967,2112.3,54.42640290643257,0.89589,0.01292512196374867,0.0,0.0,0.0,0.0,0.0,0.0
device_0,0.875,2.5,0.1,late,P2prime,0.04424000796419765,0.00019204165942475547,0.062999,0.0010092951335792045,1.0,0.0,0.0,0.0,1.0,0.0,0.0,0.0,0.0,0.0,0.0,0.0
device_0,0.875,2.5,0.15,drop,P0,0.03987056589787306,0.000162302001324334,0.15,0.0,5.6,0.8432740427115678,1881.1,32.95265964649559,0.19980666666666666,0.006033605477799187,0.0,0.0,0.0,0.0,0.0,0.0
device_0,0.875,2.5,0.15,drop,P1,0.04690045593896465,0.00023209839002215617,0.0,0.0,0.0,0.0,0.0,0.0,,,0.0,0.0,0.0,0.0,0.0,0.0
device_0,0.875,2.5,0.15,drop,P2,0.0280238795887204,0.00011437266254967247,0.15,0.0,23.2,3.521363372331802,3239.8,54.86103656816316,1.0,0.0,0.0,0.0,0.0,0.0,0.0,0.0
device_0,0.875,2.5,0.15,drop,P2prime,0.03184467748478738,0.00011689580133947298,0.15,0.0,1.0,0.0,0.0,0.0,0.6517999999999999,0.008045119677001935,0.0,0.0,0.0,0.0,0.0,0.0
device_0,0.875,2.5,0.15,late,P0,0.04635675412256333,0.00022875542630531668,0.15,0.0,5.2,0.4216370213557839,1879.3,24.73885832270988,0.19849333333333333,0.0029773133966259496,0.0,0.0,0.0,0.0,0.0,0.0
device_0,0.875,2.5,0.15,late,P1,0.04690045593896465,0.00023209839002215617,0.0,0.0,0.0,0.0,0.0,0.0,,,0.0,0.0,0.0,0.0,0.0,0.0
device_0,0.875,2.5,0.15,late,P2,0.043274073176403666,0.00017604715855191582,0.15,0.0,5748.3,161.50820412598236,1987.7,54.02067505440241,0.6395866666666666,0.009594792826461447,0.0,0.0,0.0,0.0,0.0,0.0
device_0,0.875,2.5,0.15,late,P2prime,0.04424000796419765,0.00019204165942475547,0.062999,0.0010092951335792045,1.0,0.0,0.0,0.0,1.0,0.0,0.0,0.0,0.0,0.0,0.0,0.0
device_0,0.875,3.0,0.01,drop,P0,0.04391831008411725,0.00019691314896962627,0.01,0.0,2.0,0.0,10.4,2.6331223544175333,0.201,0.015143755588800727,0.0,0.0,0.0,0.0,0.0,0.0
device_0,0.875,3.0,0.01,drop,P1,0.044362935019172864,0.0001983982007583678,0.0,0.0,0.0,0.0,0.0,0.0,,,0.0,0.0,0.0,0.0,0.0,0.0
device_0,0.875,3.0,0.01,drop,P2,0.04266184018538567,0.00019779522237359977,0.01,0.0,3.0,0.6666666666666666,41.0,4.714045207910317,1.0,0.0,0.0,0.0,0.0,0.0,0.0,0.0
device_0,0.875,3.0,0.01,drop,P2prime,0.04266284433575075,0.00019778439883387402,0.01,0.0,1.0,0.0,0.0,0.0,1.0,0.0,0.0,0.0,0.0,0.0,0.0,0.0
device_0,0.875,3.0,0.01,late,P0,0.04435264225964841,0.00019807855806246145,0.01,0.0,2.0,0.0,8.9,3.348299734359383,0.1986,0.010178408519999581,0.0,0.0,0.0,0.0,0.0,0.0
device_0,0.875,3.0,0.01,late,P1,0.044362935019172864,0.0001983982007583678,0.0,0.0,0.0,0.0,0.0,0.0,,,0.0,0.0,0.0,0.0,0.0,0.0
device_0,0.875,3.0,0.01,late,P2,0.04396935951402246,0.00019819348064709907,0.01,0.0,3.1,0.31622776601683794,43.0,4.944132324730441,1.0,0.0,0.0,0.0,0.0,0.0,0.0,0.0
device_0,0.875,3.0,0.01,late,P2prime,0.0439698600915696,0.00019817461540792367,0.01,0.0,1.0,0.0,0.0,0.0,1.0,0.0,0.0,0.0,0.0,0.0,0.0,0.0
device_0,0.875,3.0,0.05,drop,P0,0.04214173776312533,0.00018940495282214072,0.05,0.0,3.3,0.6749485577105528,236.7,16.990520232699694,0.19927999999999998,0.005804366172689893,0.0,0.0,0.0,0.0,0.0,0.0
device_0,0.875,3.0,0.05,drop,P1,0.044362935019172864,0.0001983982007583678,0.0,0.0,0.0,0.0,0.0,0.0,,,0.0,0.0,0.0,0.0,0.0,0.0
device_0,0.875,3.0,0.05,drop,P2,0.037050328525105744,0.000158736265102888,0.05,0.0,6.8,1.3984117975602022,866.9,20.904279200414646,1.0,0.0,0.0,0.0,0.0,0.0,0.0,0.0
device_0,0.875,3.0,0.05,drop,P2prime,0.03734302854273349,0.0001662721133987932,0.05,0.0,1.0,0.0,0.0,0.0,1.0,0.0,0.0,0.0,0.0,0.0,0.0,0.0
device_0,0.875,3.0,0.05,late,P0,0.04430794174032298,0.00019882036564528138,0.05,0.0,3.5,0.5270462766947298,232.0,10.044346115546245,0.19882,0.005258178814422768,0.0,0.0,0.0,0.0,0.0,0.0
device_0,0.875,3.0,0.05,late,P1,0.044362935019172864,0.0001983982007583678,0.0,0.0,0.0,0.0,0.0,0.0,,,0.0,0.0,0.0,0.0,0.0,0.0
device_0,0.875,3.0,0.05,late,P2,0.043274073176403666,0.00017604715855191582,0.05,0.0,687.6,84.86485989173872,428.3,29.679959568705613,0.71856,0.016058725561720843,0.0,0.0,0.0,0.0,0.0,0.0
device_0,0.875,3.0,0.05,late,P2prime,0.04340158237515307,0.0001817727047719192,0.02917,0.0005773117778885931,1.0,0.0,0.0,0.0,1.0,0.0,0.0,0.0,0.0,0.0,0.0,0.0
device_0,0.875,3.0,0.1,drop,P0,0.03993608092842791,0.00020537807866482442,0.1,0.0,4.5,0.7071067811865475,907.0,13.148721948877355,0.19751000000000002,0.003702386617665249,0.0,0.0,0.0,0.0,0.0,0.0
device_0,0.875,3.0,0.1,drop,P1,0.044362935019172864,0.0001983982007583678,0.0,0.0,0.0,0.0,0.0,0.0,,,0.0,0.0,0.0,0.0,0.0,0.0
device_0,0.875,3.0,0.1,drop,P2,0.03216907023508118,0.0001399225688592827,0.1,0.0,12.3,1.567021236472421,2464.9,29.632752150281267,1.0,0.0,0.0,0.0,0.0,0.0,0.0,0.0
device_0,0.875,3.0,0.1,drop,P2prime,0.03326700639467833,0.00012055501831377297,0.1,0.0,1.0,0.0,0.0,0.0,0.9534600000000001,0.00946880257594497,0.0,0.0,0.0,0.0,0.0,0.0
device_0,0.875,3.0,0.1,late,P0,0.044249772430604004,0.0001967680680764705,0.1,0.0,4.7,0.4830458915396479,882.2,24.174366589426917,0.20042,0.003217590540899964,0.0,0.0,0.0,0.0,0.0,0.0
device_0,0.875,3.0,0.1,late,P1,0.044362935019172864,0.0001983982007583678,0.0,0.0,0.0,0.0,0.0,0.0,,,0.0,0.0,0.0,0.0,0.0,0.0
device_0,0.875,3.0,0.1,late,P2,0.043274073176403666,0.00017604715855191582,0.1,0.0,5874.5,84.07172863427722,403.5,30.321426234412005,0.45048000000000005,0.01189367712507597,0.0,0.0,0.0,0.0,0.0,0.0
device_0,0.875,3.0,0.1,late,P2prime,0.04340158237515307,0.0001817727047719192,0.02917,0.0005773117778885931,1.0,0.0,0.0,0.0,1.0,0.0,0.0,0.0,0.0,0.0,0.0,0.0
device_0,0.875,3.0,0.15,drop,P0,0.03771118627839509,0.0001723112203691459,0.15,0.0,6.0,0.9428090415820634,1903.2,31.90541577155133,0.1986733333333333,0.0036827861165491084,0.0,0.0,0.0,0.0,0.0,0.0
device_0,0.875,3.0,0.15,drop,P1,0.044362935019172864,0.0001983982007583678,0.0,0.0,0.0,0.0,0.0,0.0,,,0.0,0.0,0.0,0.0,0.0,0.0
device_0,0.875,3.0,0.15,drop,P2,0.0280238795887204,0.00011437266254967247,0.15,0.0,23.2,3.521363372331802,3239.8,54.86103656816316,1.0,0.0,0.0,0.0,0.0,0.0,0.0,0.0
device_0,0.875,3.0,0.15,drop,P2prime,0.03088432903346635,0.00010687150532930488,0.15,0.0,1.0,0.0,0.0,0.0,0.65198,0.00825387600681052,0.0,0.0,0.0,0.0,0.0,0.0
device_0,0.875,3.0,0.15,late,P0,0.04419538006555919,0.00019404896602759052,0.15,0.0,5.4,0.6992058987801013,1878.1,43.628354694319235,0.19988,0.0031928624101846817,0.0,0.0,0.0,0.0,0.0,0.0
device_0,0.875,3.0,0.15,late,P1,0.044362935019172864,0.0001983982007583678,0.0,0.0,0.0,0.0,0.0,0.0,,,0.0,0.0,0.0,0.0,0.0,0.0
device_0,0.875,3.0,0.15,late,P2,0.043274073176403666,0.00017604715855191582,0.15,0.0,11056.2,82.0728673530755,380.8,27.87990116354233,0.3605333333333333,0.010493454750109356,0.0,0.0,0.0,0.0,0.0,0.0
device_0,0.875,3.0,0.15,late,P2prime,0.04340158237515307,0.0001817727047719192,0.02917,0.0005773117778885931,1.0,0.0,0.0,0.0,1.0,0.0,0.0,0.0,0.0,0.0,0.0,0.0
device_0,0.875,4.0,0.01,drop,P0,0.04285983869889411,0.00017611733837007837,0.01,0.0,2.1,0.31622776601683794,8.8,2.820559440174157,0.1976,0.014893697399310298,0.0,0.0,0.0,0.0,0.0,0.0
device_0,0.875,4.0,0.01,drop,P1,0.04329228068761651,0.00017644171424602485,0.0,0.0,0.0,0.0,0.0,0.0,,,0.0,0.0,0.0,0.0,0.0,0.0
device_0,0.875,4.0,0.01,drop,P2,0.04176919403273936,0.00017387249918237845,0.01,0.0,3.0,0.6666666666666666,41.0,4.714045207910317,1.0,0.0,0.0,0.0,0.0,0.0,0.0,0.0
device_0,0.875,4.0,0.01,drop,P2prime,0.04177305248268988,0.0001739084102707504,0.01,0.0,1.0,0.0,0.0,0.0,1.0,0.0,0.0,0.0,0.0,0.0,0.0,0.0
device_0,0.875,4.0,0.01,late,P0,0.04329207740620552,0.00017645535072993615,0.01,0.0,2.2,0.4216370213557839,11.2,2.3475755815545347,0.1978,0.007728734264634361,0.0,0.0,0.0,0.0,0.0,0.0
device_0,0.875,4.0,0.01,late,P1,0.04329228068761651,0.00017644171424602485,0.0,0.0,0.0,0.0,0.0,0.0,,,0.0,0.0,0.0,0.0,0.0,0.0
device_0,0.875,4.0,0.01,late,P2,0.043274073176403666,0.00017604715855191582,0.01,0.0,1.8,0.4216370213557839,1.8,1.3165611772087666,0.3332,0.03699489454265577,0.0,0.0,0.0,0.0,0.0,0.0
device_0,0.875,4.0,0.01,late,P2prime,0.043274197872548444,0.0001760328908193312,0.001991,0.0001066093596057849,1.0,0.0,0.0,0.0,1.0,0.0,0.0,0.0,0.0,0.0,0.0,0.0
device_0,0.875,4.0,0.05,drop,P0,0.041121857666428126,0.00015527778605829983,0.05,0.0,3.5,0.5270462766947298,234.1,15.566702355419475,0.20034000000000002,0.00824623819959407,0.0,0.0,0.0,0.0,0.0,0.0
device_0,0.875,4.0,0.05,drop,P1,0.04329228068761651,0.00017644171424602485,0.0,0.0,0.0,0.0,0.0,0.0,,,0.0,0.0,0.0,0.0,0.0,0.0
device_0,0.875,4.0,0.05,drop,P2,0.037050328525105744,0.000158736265102888,0.05,0.0,6.8,1.3984117975602022,866.9,20.904279200414646,1.0,0.0,0.0,0.0,0.0,0.0,0.0,0.0
device_0,0.875,4.0,0.05,drop,P2prime,0.0371773571027305,0.0001585477000930002,0.05,0.0,1.0,0.0,0.0,0.0,1.0,0.0,0.0,0.0,0.0,0.0,0.0,0.0
device_0,0.875,4.0,0.05,late,P0,0.043291425034684625,0.00017652274340414112,0.05,0.0,3.2,0.4216370213557839,235.2,10.18495622638278,0.19978,0.0044075188283457375,0.0,0.0,0.0,0.0,0.0,0.0
device_0,0.875,4.0,0.05,late,P1,0.04329228068761651,0.00017644171424602485,0.0,0.0,0.0,0.0,0.0,0.0,,,0.0,0.0,0.0,0.0,0.0,0.0
device_0,0.875,4.0,0.05,late,P2,0.043274073176403666,0.00017604715855191582,0.05,0.0,3807.6,10.885260166339172,2.6,1.349897115421106,0.22275999999999999,0.018306962852665896,0.0,0.0,0.0,0.0,0.0,0.0
device_0,0.875,4.0,0.05,late,P2prime,0.043274197872548444,0.0001760328908193312,0.001991,0.0001066093596057849,1.0,0.0,0.0,0.0,1.0,0.0,0.0,0.0,0.0,0.0,0.0,0.0
device_0,0.875,4.0,0.1,drop,P0,0.03897320703779183,0.00015586469721338923,0.1,0.0,4.5,0.5270462766947299,903.9,27.286341719703724,0.19822,0.004750625689784919,0.0,0.0,0.0,0.0,0.0,0.0
device_0,0.875,4.0,0.1,drop,P1,0.04329228068761651,0.00017644171424602485,0.0,0.0,0.0,0.0,0.0,0.0,,,0.0,0.0,0.0,0.0,0.0,0.0
device_0,0.875,4.0,0.1,drop,P2,0.03216907023508118,0.0001399225688592827,0.1,0.0,12.3,1.567021236472421,2464.9,29.632752150281267,1.0,0.0,0.0,0.0,0.0,0.0,0.0,0.0
device_0,0.875,4.0,0.1,drop,P2prime,0.03309281118311214,0.00011344834636755458,0.1,0.0,1.0,0.0,0.0,0.0,0.95902,0.00914607383890303,0.0,0.0,0.0,0.0,0.0,0.0
device_0,0.875,4.0,0.1,late,P0,0.04329046836965169,0.00017614661904078553,0.1,0.0,5.0,0.816496580927726,892.3,30.587034290147628,0.20023,0.0029694930356693686,0.0,0.0,0.0,0.0,0.0,0.0
device_0,0.875,4.0,0.1,late,P1,0.04329228068761651,0.00017644171424602485,0.0,0.0,0.0,0.0,0.0,0.0,,,0.0,0.0,0.0,0.0,0.0,0.0
device_0,0.875,4.0,0.1,late,P2,0.043274073176403666,0.00017604715855191582,0.1,0.0,8817.2,10.454132622503256,2.6,1.349897115421106,0.21989999999999998,0.014255057582018615,0.0,0.0,0.0,0.0,0.0,0.0
device_0,0.875,4.0,0.1,late,P2prime,0.043274197872548444,0.0001760328908193312,0.001991,0.0001066093596057849,1.0,0.0,0.0,0.0,1.0,0.0,0.0,0.0,0.0,0.0,0.0,0.0
device_0,0.875,4.0,0.15,drop,P0,0.036795596888323075,0.0001454260997638522,0.15,0.0,5.9,0.5676462121975467,1889.0,28.331372481167733,0.19984,0.004600719213769802,0.0,0.0,0.0,0.0,0.0,0.0
device_0,0.875,4.0,0.15,drop,P1,0.04329228068761651,0.00017644171424602485,0.0,0.0,0.0,0.0,0.0,0.0,,,0.0,0.0,0.0,0.0,0.0,0.0
device_0,0.875,4.0,0.15,drop,P2,0.0280238795887204,0.00011437266254967247,0.15,0.0,23.2,3.521363372331802,3239.8,54.86103656816316,1.0,0.0,0.0,0.0,0.0,0.0,0.0,0.0
device_0,0.875,4.0,0.15,drop,P2prime,0.030697655898338155,9.862310158512931e-05,0.15,0.0,1.0,0.0,0.0,0.0,0.6596533333333333,0.00826456365125703,0.0,0.0,0.0,0.0,0.0,0.0
device_0,0.875,4.0,0.15,late,P0,0.043289495569872535,0.00017630572739190309,0.15,0.0,6.3,1.4944341180973264,1897.7,26.49549227908608,0.1997,0.0036337580451736447,0.0,0.0,0.0,0.0,0.0,0.0
device_0,0.875,4.0,0.15,late,P1,0.04329228068761651,0.00017644171424602485,0.0,0.0,0.0,0.0,0.0,0.0,,,0.0,0.0,0.0,0.0,0.0,0.0
device_0,0.875,4.0,0.15,late,P2,0.043274073176403666,0.00017604715855191582,0.15,0.0,13826.1,11.130039432893998,2.6,1.349897115421106,0.21173333333333333,0.011852717560975074,0.0,0.0,0.0,0.0,0.0,0.0
device_0,0.875,4.0,0.15,late,P2prime,0.043274197872548444,0.0001760328908193312,0.001991,0.0001066093596057849,1.0,0.0,0.0,0.0,1.0,0.0,0.0,0.0,0.0,0.0,0.0,0.0
device_0,0.9375,1.2,0.1,drop,P0,0.0700253491757856,0.0007917557441734329,0.1,0.0,5.8,0.6324555320336759,1084.9,37.27510339802335,0.43124,0.008737556230942889,0.12159800000000001,0.0033521528737348615,0.0,0.0,0.6141808587983351,0.0039904437417412
device_0,0.9375,1.2,0.1,drop,P1,0.0753207971985231,0.0007995915204030048,0.031403,0.0007248149189045893,5.0,0.816496580927726,398.6,25.51774981371899,1.0,0.0,0.130718,0.003514303471370804,0.0,0.0,0.6602568279005072,0.004383955600379865
device_0,0.9375,1.2,0.1,drop,P2,0.05818502563625359,0.0009431956240284182,0.1,0.0,13.4,2.065591117977289,2462.5,24.91429754623283,1.0,0.0,0.062121,0.004090116678585642,0.0,0.0,0.31348572682496373,0.012691730540339426
device_0,0.9375,1.2,0.1,drop,P2prime,0.05930590260676492,0.0007393659402966121,0.1,0.0,5.0,0.816496580927726,398.6,25.51774981371899,0.94505,0.02028536692079074,0.072757,0.002006838586212432,0.0,0.0,0.36749858820171954,0.003567728457025231
device_0,0.9375,1.2,0.1,late,P0,0.07690294828766554,0.0008484812485036947,0.1,0.0,6.1,0.7378647873726221,1099.6,28.040446976941496,0.43137,0.009472187357381257,0.121476,0.0033607049525029367,0.0,0.0,0.613562936062852,0.003993254528287793
device_0,0.9375,1.2,0.1,late,P1,0.07947721271841664,0.0008758005750566034,0.031403,0.0007248149189045893,5.0,0.816496580927726,398.6,25.51774981371899,1.0,0.0,0.130718,0.003514303471370804,0.0,0.0,0.6602568279005072,0.004383955600379865
device_0,0.9375,1.2,0.1,late,P2,0.06822402391630991,0.0009556856804275261,0.1,0.0,12.6,1.7126976771553502,2491.7,21.47375659315857,1.0,0.0,0.062121,0.004090116678585642,0.0,0.0,0.31348572682496373,0.012691730540339426
device_0,0.9375,1.2,0.1,late,P2prime,0.06916249065814642,0.0008610070800288594,0.1,0.0,5.0,0.816496580927726,398.6,25.51774981371899,0.8928800000000001,0.021659527028795218,0.07283300000000001,0.002010881785574566,0.0,0.0,0.36788230254235516,0.003580594687168955
device_0,0.9375,1.2,0.15,drop,P0,0.06611980200806879,0.0007994195554526386,0.15,0.0,7.2,0.6324555320336758,2052.6,48.99478430291219,0.34509333333333336,0.006255087805681874,0.114775,0.0034070327591941675,0.0,0.0,0.5796838293482967,0.003344944475859688
device_0,0.9375,1.2,0.15,drop,P1,0.0753207971985231,0.0007995915204030048,0.031403,0.0007248149189045893,5.0,0.816496580927726,398.6,25.51774981371899,1.0,0.0,0.130718,0.003514303471370804,0.0,0.0,0.6602568279005072,0.004383955600379865
device_0,0.9375,1.2,0.15,drop,P2,0.04587748357712094,0.0009347205341423282,0.15,0.0,28.6,8.70759566253637,2990.5,134.28100717856148,1.0,0.0,0.012121,0.004090116678585642,0.0,0.0,0.06078080807124094,0.019158697161171915
device_0,0.9375,1.2,0.15,drop,P2prime,0.0518316255024878,0.0007341781739707636,0.15,0.0,5.0,0.816496580927726,398.6,25.51774981371899,0.6398933333333334,0.015952745032566464,0.072757,0.002006838586212432,0.0,0.0,0.36749858820171954,0.003567728457025231
device_0,0.9375,1.2,0.15,late,P0,0.07505073734175555,0.0008443142867552741,0.15,0.0,6.9,0.9944289260117534,2033.8,33.07835814815749,0.3447733333333333,0.007532723672479025,0.11494,0.003309917756615045,0.0,0.0,0.580537922861859,0.004396183021168556
device_0,0.9375,1.2,0.15,late,P1,0.07947721271841664,0.0008758005750566034,0.031403,0.0007248149189045893,5.0,0.816496580927726,398.6,25.51774981371899,1.0,0.0,0.130718,0.003514303471370804,0.0,0.0,0.6602568279005072,0.004383955600379865
device_0,0.9375,1.2,0.15,late,P2,0.060732373010844776,0.0009075081579215941,0.15,0.0,29.0,4.988876515698588,3004.6,134.62309526146606,1.0,0.0,0.012121,0.004090116678585642,0.0,0.0,0.06078080807124094,0.019158697161171915
device_0,0.9375,1.2,0.15,late,P2prime,0.06387938628499754,0.0008522460449918419,0.15,0.0,5.0,0.816496580927726,398.6,25.51774981371899,0.5962866666666666,0.014507454022750593,0.072801,0.0020050128844141283,0.0,0.0,0.36772161808919773,0.003613189703672193
device_0,0.9375,1.35,0.01,drop,P0,0.06314802462819072,0.0006822106734246058,0.01,0.0,2.4,0.5163977794943223,16.0,1.632993161855452,0.5858,0.02048197039132493,0.052437,0.0010184197999297188,0.0,0.0,0.26491382631727245,0.0033210913587888398
device_0,0.9375,1.35,0.01,drop,P1,0.06346211219801914,0.0006793769565767955,0.004947999999999999,0.00020573985731716862,2.3,0.4830458915396479,10.4,2.2211108331943574,1.0,0.0,0.052696,0.0010102716906302412,0.0,0.0,0.26622463597418144,0.003439264045085568
device_0,0.9375,1.35,0.01,drop,P2,0.06215988704136806,0.0007116365487067272,0.01,0.0,3.1,0.31622776601683794,44.2,4.565571644870382,1.0,0.0,0.047644,0.0011110075507294167,0.0,0.0,0.24067601009680142,0.00252430544756323
device_0,0.9375,1.35,0.01,drop,P2prime,0.062160217948245035,0.0007116101855961885,0.01,0.0,2.3,0.4830458915396479,10.4,2.2211108331943574,1.0,0.0,0.047644,0.0011110075507294167,0.0,0.0,0.24067601009680142,0.00252430544756323
device_0,0.9375,1.35,0.01,late,P0,0.0641485127208033,0.0006970467866210456,0.01,0.0,2.3,0.4830458915396479,17.2,3.190262963734773,0.5897,0.020138685822731005,0.05242,0.001007858014691443,0.0,0.0,0.26483008960998633,0.003427309965372134
device_0,0.9375,1.35,0.01,late,P1,0.06425306340696801,0.0006988825619101897,0.004947999999999999,0.00020573985731716862,2.3,0.4830458915396479,10.4,2.2211108331943574,1.0,0.0,0.052696,0.0010102716906302412,0.0,0.0,0.26622463597418144,0.003439264045085568
device_0,0.9375,1.35,0.01,late,P2,0.0635143286618027,0.0007177579896620989,0.01,0.0,2.8,0.4216370213557839,44.5,5.082650227325635,1.0,0.0,0.047644,0.0011110075507294167,0.0,0.0,0.24067601009680142,0.00252430544756323
device_0,0.9375,1.35,0.01,late,P2prime,0.0635145963670476,0.0007177484084873276,0.01,0.0,2.3,0.4830458915396479,10.4,2.2211108331943574,1.0,0.0,0.047644,0.0011110075507294167,0.0,0.0,0.24067601009680142,0.00252430544756323
device_0,0.9375,1.35,0.05,drop,P0,0.06061073629903614,0.0006491796462525972,0.05,0.0,3.7,0.4830458915396479,243.8,10.528268824666497,0.27136,0.009303189417255442,0.05036700000000001,0.0009562897050580421,0.0,0.0,0.2544603801341454,0.0033878690203834006
device_0,0.9375,1.35,0.05,drop,P1,0.06346211219801914,0.0006793769565767955,0.004947999999999999,0.00020573985731716862,2.3,0.4830458915396479,10.4,2.2211108331943574,1.0,0.0,0.052696,0.0010102716906302412,0.0,0.0,0.26622463597418144,0.003439264045085568
device_0,0.9375,1.35,0.05,drop,P2,0.052033643417389884,0.0007089190445958316,0.05,0.0,6.4,0.6992058987801008,900.6,16.269945024833714,1.0,0.0,0.007644000000000001,0.0011110075507294172,0.0,0.0,0.03851207509382318,0.004744095525315832
device_0,0.9375,1.35,0.05,drop,P2prime,0.05250440836095897,0.0006354861486134141,0.05,0.0,2.3,0.4830458915396479,10.4,2.2211108331943574,1.0,0.0,0.012596,0.0003748836856650038,0.0,0.0,0.0636370095232315,0.001711295152487623
device_0,0.9375,1.35,0.05,late,P0,0.06327265504218434,0.0006855156660306214,0.05,0.0,3.6,0.5163977794943223,236.7,17.068814968955646,0.2774,0.00799333055323831,0.050173999999999996,0.0010067902793862605,0.0,0.0,0.253479140780052,0.003274427707242857
device_0,0.9375,1.35,0.05,late,P1,0.06425306340696801,0.0006988825619101897,0.004947999999999999,0.00020573985731716862,2.3,0.4830458915396479,10.4,2.2211108331943574,1.0,0.0,0.052696,0.0010102716906302412,0.0,0.0,0.26622463597418144,0.003439264045085568
device_0,0.9375,1.35,0.05,late,P2,0.05804171618724095,0.0007035942238886635,0.05,0.0,6.2,0.632455532033676,902.1,19.82394735891138,1.0,0.0,0.007644000000000001,0.0011110075507294172,0.0,0.0,0.03851207509382318,0.004744095525315832
device_0,0.9375,1.35,0.05,late,P2prime,0.058309918167662164,0.0006836836195011264,0.05,0.0,2.3,0.4830458915396479,10.4,2.2211108331943574,0.91648,0.013996253466950034,0.012605,0.0003761870102311704,0.0,0.0,0.06368201737904923,0.0017002582323591192
device_0,0.9375,1.35,0.1,drop,P0,0.05740744877189134,0.0006383752087397056,0.1,0.0,4.4,0.8432740427115677,899.8,27.57938038140491,0.23249,0.007443184802220081,0.04763,0.0009873308575255914,0.0,0.0,0.2406214548802116,0.0028990085925635293
device_0,0.9375,1.35,0.1,drop,P1,0.06346211219801914,0.0006793769565767955,0.004947999999999999,0.00020573985731716862,2.3,0.4830458915396479,10.4,2.2211108331943574,1.0,0.0,0.052696,0.0010102716906302412,0.0,0.0,0.26622463597418144,0.003439264045085568
device_0,0.9375,1.35,0.1,drop,P2,0.04337427737356071,0.0006120232793118139,0.1,0.0,13.4,2.065591117977289,2462.5,24.91429754623283,1.0,0.0,0.0,0.0,0.0,0.0,0.0,0.0
device_0,0.9375,1.35,0.1,drop,P2prime,0.04471197363771146,0.0006183553119444384,0.1,0.0,2.3,0.4830458915396479,10.4,2.2211108331943574,0.9196500000000001,0.020839772338274495,0.012596,0.0003748836856650038,0.0,0.0,0.0636370095232315,0.001711295152487623
device_0,0.9375,1.35,0.1,late,P0,0.06224160065840785,0.0006546277715423311,0.1,0.0,4.9,0.7378647873726218,901.4,21.980799702366483,0.23407999999999998,0.007864095625054409,0.047679,0.000892330905238883,0.0,0.0,0.24088077957278572,0.0031687321371505635
device_0,0.9375,1.35,0.1,late,P1,0.06425306340696801,0.0006988825619101897,0.004947999999999999,0.00020573985731716862,2.3,0.4830458915396479,10.4,2.2211108331943574,1.0,0.0,0.052696,0.0010102716906302412,0.0,0.0,0.26622463597418144,0.003439264045085568
device_0,0.9375,1.35,0.1,late,P2,0.05328518203613558,0.0006595602098870832,0.1,0.0,10.9,0.8755950357709134,2150.9,27.265973911330057,0.88263,0.002704338078799404,0.0,0.0,0.0,0.0,0.0,0.0
device_0,0.9375,1.35,0.1,late,P2prime,0.054191830165343055,0.0006543404445834534,0.1,0.0,2.3,0.4830458915396479,10.4,2.2211108331943574,0.77296,0.018988019614717314,0.012601999999999999,0.0003762623198425974,0.0,0.0,0.06366730088851233,0.0017179490473910129
device_0,0.9375,1.35,0.15,drop,P0,0.054223087056832084,0.0005805715306496916,0.15,0.0,5.5,0.5270462766947299,1897.1,36.984831725692324,0.21988,0.005861091627139812,0.044984,0.0008426571729423,0.0,0.0,0.22726604018280297,0.0030570997213153423
device_0,0.9375,1.35,0.15,drop,P1,0.06346211219801914,0.0006793769565767955,0.004947999999999999,0.00020573985731716862,2.3,0.4830458915396479,10.4,2.2211108331943574,1.0,0.0,0.052696,0.0010102716906302412,0.0,0.0,0.26622463597418144,0.003439264045085568
device_0,0.9375,1.35,0.15,drop,P2,0.03554673531442805,0.0006036194765235905,0.15,0.0,28.6,8.70759566253637,2990.5,134.28100717856148,1.0,0.0,0.0,0.0,0.0,0.0,0.0,0.0
device_0,0.9375,1.35,0.15,drop,P2prime,0.03957426407695049,0.0003866956479622835,0.15,0.0,2.3,0.4830458915396479,10.4,2.2211108331943574,0.65532,0.016203483850360377,0.016272000000000002,0.0005111381635352821,0.0,0.0,0.08221952274901725,0.0027418480515839115
device_0,0.9375,1.35,0.15,late,P0,0.061188372151556106,0.0006563916616140383,0.15,0.0,6.3,1.2516655570345723,1904.1,44.563188595271974,0.22037333333333337,0.007020900016168656,0.045041,0.0010311530762533098,0.0,0.0,0.22753729119087546,0.003130828861722326
device_0,0.9375,1.35,0.15,late,P1,0.06425306340696801,0.0006988825619101897,0.004947999999999999,0.00020573985731716862,2.3,0.4830458915396479,10.4,2.2211108331943574,1.0,0.0,0.052696,0.0010102716906302412,0.0,0.0,0.26622463597418144,0.003439264045085568
device_0,0.9375,1.35,0.15,late,P2,0.04942216800236118,0.0006354522238870394,0.15,0.0,20.9,3.956710193526379,3085.4,63.8125727771922,0.8856866666666667,0.015951533073890016,0.0,0.0,0.0,0.0,0.0,0.0
device_0,0.9375,1.35,0.15,late,P2prime,0.051721307794774116,0.0005052245142020808,0.13874999999999998,0.0022156313371637978,2.3,0.4830458915396479,10.4,2.2211108331943574,0.6988434471155304,0.007663375112667178,0.015387000000000001,0.0005403507091592365,0.0,0.0,0.07773438546629494,0.0024285221875084287
device_0,0.9375,1.5,0.01,drop,P0,0.056801468108464356,0.0006361168113078418,0.01,0.0,2.1,0.31622776601683805,8.2,3.155242550986462,0.2404,0.009276014469827244,0.010041999999999999,0.0002649444386197897,0.0,0.0,0.05073286115786996,0.001114831097633114
device_0,0.9375,1.5,0.01,drop,P1,0.057339054396872056,0.0006416543052407475,0.000557,9.019115502334165e-05,1.0,0.0,0.0,0.0,1.0,0.0,0.010129,0.0002865678124128932,0.0,0.0,0.051169589375370014,0.0011042455503374742
device_0,0.9375,1.5,0.01,drop,P2,0.05489002289912724,0.0006366974846143107,0.01,0.0,3.1,0.31622776601683794,44.2,4.565571644870382,1.0,0.0,0.000686,0.0002787352387720888,0.0,0.0,0.003445854513015568,0.0013531750373740284
device_0,0.9375,1.5,0.01,drop,P2prime,0.05489379603551862,0.0006321858400827041,0.01,0.0,1.0,0.0,0.0,0.0,1.0,0.0,0.0007199999999999999,0.00024207436873820414,0.0,0.0,0.0036237470863774214,0.0011682712985004193
device_0,0.9375,1.5,0.01,late,P0,0.05730044776067652,0.0006332480154483511,0.01,0.0,2.1,0.316227766016838,10.0,4.163331998932265,0.24180000000000001,0.012620970203945854,0.010028,0.0003046236293453866,0.0,0.0,0.050657427866130464,0.0011370241894136449
device_0,0.9375,1.5,0.01,late,P1,0.05743707963850879,0.0006386855764244267,0.000557,9.019115502334165e-05,1.0,0.0,0.0,0.0,1.0,0.0,0.010129,0.0002865678124128932,0.0,0.0,0.051169589375370014,0.0011042455503374742
device_0,0.9375,1.5,0.01,late,P2,0.0563725860819879,0.0006352363213979974,0.01,0.0,3.0,0.4714045207910317,45.3,7.364328437361641,1.0,0.0,0.000686,0.0002787352387720888,0.0,0.0,0.003445854513015568,0.0013531750373740284
device_0,0.9375,1.5,0.01,late,P2prime,0.056380367131684025,0.0006344226919720644,0.01,0.0,1.0,0.0,0.0,0.0,1.0,0.0,0.0007199999999999999,0.00024207436873820414,0.0,0.0,0.0036237470863774214,0.0011682712985004193
device_0,0.9375,1.5,0.05,drop,P0,0.0545174105943758,0.0006063112907607245,0.05,0.0,3.7,0.48304589153964783,240.9,12.827487846201395,0.20442,0.006823781942588724,0.009641,0.0002764235879949469,0.0,0.0,0.048702561643470366,0.0009904238668503006
device_0,0.9375,1.5,0.05,drop,P1,0.057339054396872056,0.0006416543052407475,0.000557,9.019115502334165e-05,1.0,0.0,0.0,0.0,1.0,0.0,0.010129,0.0002865678124128932,0.0,0.0,0.051169589375370014,0.0011042455503374742
device_0,0.9375,1.5,0.05,drop,P2,0.04828631367514909,0.0006181113085776774,0.05,0.0,6.4,0.6992058987801008,900.6,16.269945024833714,1.0,0.0,0.0,0.0,0.0,0.0,0.0,0.0
device_0,0.9375,1.5,0.05,drop,P2prime,0.04836034880095304,0.0006181172853982411,0.05,0.0,1.0,0.0,0.0,0.0,1.0,0.0,0.000521,7.32499525976335e-05,0.0,0.0,0.0026323001846613953,0.00036458701502398296
device_0,0.9375,1.5,0.05,late,P0,0.056739156577684934,0.0006322667343830512,0.05,0.0,3.5,0.5270462766947299,235.5,12.721373091507596,0.2041,0.00530932094423467,0.00962,0.00028503411101909256,0.0,0.0,0.048597491245573235,0.0010980888582299455
device_0,0.9375,1.5,0.05,late,P1,0.05743707963850879,0.0006386855764244267,0.000557,9.019115502334165e-05,1.0,0.0,0.0,0.0,1.0,0.0,0.010129,0.0002865678124128932,0.0,0.0,0.051169589375370014,0.0011042455503374742
device_0,0.9375,1.5,0.05,late,P2,0.05305276741420169,0.0006252360356426309,0.05,0.0,6.2,0.6324555320336759,904.5,21.839057773732918,1.0,0.0,0.0,0.0,0.0,0.0,0.0,0.0
device_0,0.9375,1.5,0.05,late,P2prime,0.053128225277280026,0.0006219122369042349,0.05,0.0,1.0,0.0,0.0,0.0,1.0,0.0,0.000529,7.340148348485729e-05,0.0,0.0,0.0026726025349164415,0.0003642977087028394
device_0,0.9375,1.5,0.1,drop,P0,0.05167023730641821,0.0005674588127166022,0.1,0.0,4.5,0.7071067811865474,893.5,29.665730322302117,0.19966,0.007456123508752911,0.009145,0.00028748913022930123,0.0,0.0,0.04619518448843374,0.001022886231320358
device_0,0.9375,1.5,0.1,drop,P1,0.057339054396872056,0.0006416543052407475,0.000557,9.019115502334165e-05,1.0,0.0,0.0,0.0,1.0,0.0,0.010129,0.0002865678124128932,0.0,0.0,0.051169589375370014,0.0011042455503374742
device_0,0.9375,1.5,0.1,drop,P2,0.04031185003131991,0.0006134943923899996,0.1,0.0,13.4,2.065591117977289,2462.5,24.91429754623283,1.0,0.0,0.0,0.0,0.0,0.0,0.0,0.0
device_0,0.9375,1.5,0.1,drop,P2prime,0.0407170786241083,0.00053901342335889,0.1,0.0,1.0,0.0,0.0,0.0,0.9600099999999999,0.0208484718331531,0.000521,7.32499525976335e-05,0.0,0.0,0.0026323001846613953,0.00036458701502398296
device_0,0.9375,1.5,0.1,late,P0,0.05601868260267116,0.0006047863722554263,0.1,0.0,4.5,0.5270462766947298,891.7,21.95981177818546,0.20158,0.007490853682250698,0.009089999999999999,0.00029981475762358466,0.0,0.0,0.04591420396326291,0.0009648878403791884
device_0,0.9375,1.5,0.1,late,P1,0.05743707963850879,0.0006386855764244267,0.000557,9.019115502334165e-05,1.0,0.0,0.0,0.0,1.0,0.0,0.010129,0.0002865678124128932,0.0,0.0,0.051169589375370014,0.0011042455503374742
device_0,0.9375,1.5,0.1,late,P2,0.04943306443953056,0.0006063942290804362,0.1,0.0,11.9,0.9944289260117533,2289.7,40.36513897467027,0.93116,0.009647820709592626,0.0,0.0,0.0,0.0,0.0,0.0
device_0,0.9375,1.5,0.1,late,P2prime,0.04982886445582085,0.0005796458310300916,0.1,0.0,1.0,0.0,0.0,0.0,0.86744,0.0031753215060315644,0.000673,8.56413711032492e-05,0.0,0.0,0.003404482992966582,0.0004676521960526868
device_0,0.9375,1.5,0.15,drop,P0,0.0488002666590011,0.0005478413925144687,0.15,0.0,5.7,0.674948557710553,1889.9,19.524628321970983,0.19882,0.005756975371850986,0.008603,0.0002307018277633131,0.0,0.0,0.04346383545546955,0.0010163341988753986
device_0,0.9375,1.5,0.15,drop,P1,0.057339054396872056,0.0006416543052407475,0.000557,9.019115502334165e-05,1.0,0.0,0.0,0.0,1.0,0.0,0.010129,0.0002865678124128932,0.0,0.0,0.051169589375370014,0.0011042455503374742
device_0,0.9375,1.5,0.15,drop,P2,0.032484307972187244,0.0006050127312681586,0.15,0.0,28.6,8.70759566253637,2990.5,134.28100717856148,1.0,0.0,0.0,0.0,0.0,0.0,0.0,0.0
device_0,0.9375,1.5,0.15,drop,P2prime,0.03750706156299785,0.0003521083535814965,0.15,0.0,1.0,0.0,0.0,0.0,0.66518,0.01639415885138497,0.001408,0.00015295605759679982,0.0,0.0,0.007115117454438019,0.0007706014490234088
device_0,0.9375,1.5,0.15,late,P0,0.05530239834790131,0.0006002199132525007,0.15,0.0,5.7,0.6749485577105528,1889.5,29.5982356831544,0.20114666666666667,0.004397732300028737,0.008618,0.0002989908954392349,0.0,0.0,0.04352883287527457,0.000961810100027913
device_0,0.9375,1.5,0.15,late,P1,0.05743707963850879,0.0006386855764244267,0.000557,9.019115502334165e-05,1.0,0.0,0.0,0.0,1.0,0.0,0.010129,0.0002865678124128932,0.0,0.0,0.051169589375370014,0.0011042455503374742
device_0,0.9375,1.5,0.15,late,P2,0.046162308816531786,0.0005808156504479824,0.15,0.0,23.1,3.2472210341220142,3079.8,75.58924085697205,0.9094466666666667,0.002093151678836786,0.0,0.0,0.0,0.0,0.0,0.0
device_0,0.9375,1.5,0.15,late,P2prime,0.049392460725538975,0.00046033755792037896,0.11191200000000001,0.0024479006878911124,1.0,0.0,0.0,0.0,0.8811072615505223,0.004107840059254859,0.0018110000000000001,0.00019885505609195194,0.0,0.0,0.009141153322541788,0.0008999947703691133
device_0,0.9375,2.0,0.01,drop,P0,0.050674570811733155,0.0005030323489723141,0.01,0.0,2.2,0.42163702135578396,8.6,2.716206504995115,0.1988,0.013612086132877975,0.0,0.0,0.0,0.0,0.0,0.0
device_0,0.9375,2.0,0.01,drop,P1,0.05118704817632539,0.0005028305774139132,0.0,0.0,0.0,0.0,0.0,0.0,,,0.0,0.0,0.0,0.0,0.0,0.0
device_0,0.9375,2.0,0.01,drop,P2,0.04948608423694385,0.0005022954137436227,0.01,0.0,3.1,0.31622776601683794,44.2,4.565571644870382,1.0,0.0,0.0,0.0,0.0,0.0,0.0,0.0
device_0,0.9375,2.0,0.01,drop,P2prime,0.049486810973335224,0.0005022967510215978,0.01,0.0,1.0,0.0,0.0,0.0,1.0,0.0,0.0,0.0,0.0,0.0,0.0,0.0
device_0,0.9375,2.0,0.01,late,P0,0.05110788126421972,0.000502603015826176,0.01,0.0,2.0,0.0,9.5,3.7490739597339973,0.197,0.011460075625114054,0.0,0.0,0.0,0.0,0.0,0.0
device_0,0.9375,2.0,0.01,late,P1,0.05118704817632539,0.0005028305774139132,0.0,0.0,0.0,0.0,0.0,0.0,,,0.0,0.0,0.0,0.0,0.0,0.0
device_0,0.9375,2.0,0.01,late,P2,0.050590720455871166,0.0005027664434007614,0.01,0.0,3.0,0.0,43.5,2.6770630673681683,1.0,0.0,0.0,0.0,0.0,0.0,0.0,0.0
device_0,0.9375,2.0,0.01,late,P2prime,0.05059096394177472,0.00050275725248771,0.01,0.0,1.0,0.0,0.0,0.0,1.0,0.0,0.0,0.0,0.0,0.0,0.0,0.0
device_0,0.9375,2.0,0.05,drop,P0,0.04862937433408367,0.00047899844904940666,0.05,0.0,3.7,0.4830458915396479,238.2,10.379466909881904,0.19774,0.006974270172888663,0.0,0.0,0.0,0.0,0.0,0.0
device_0,0.9375,2.0,0.05,drop,P1,0.05118704817632539,0.0005028305774139132,0.0,0.0,0.0,0.0,0.0,0.0,,,0.0,0.0,0.0,0.0,0.0,0.0
device_0,0.9375,2.0,0.05,drop,P2,0.04294384061296568,0.0004995858172916418,0.05,0.0,6.4,0.6992058987801008,900.6,16.269945024833714,1.0,0.0,0.0,0.0,0.0,0.0,0.0,0.0
device_0,0.9375,2.0,0.05,drop,P2prime,0.04302608180283377,0.0004883764038381131,0.05,0.0,1.0,0.0,0.0,0.0,1.0,0.0,0.0,0.0,0.0,0.0,0.0,0.0
device_0,0.9375,2.0,0.05,late,P0,0.05078011728851449,0.0004958045814160304,0.05,0.0,3.6,0.6992058987801009,230.1,13.295362600044673,0.20093999999999998,0.006746884054468728,0.0,0.0,0.0,0.0,0.0,0.0
device_0,0.9375,2.0,0.05,late,P1,0.05118704817632539,0.0005028305774139132,0.0,0.0,0.0,0.0,0.0,0.0,,,0.0,0.0,0.0,0.0,0.0,0.0
device_0,0.9375,2.0,0.05,late,P2,0.04832426771615407,0.0004999509997408262,0.05,0.0,6.6,1.3498971154211061,897.0,17.96910929592474,1.0,0.0,0.0,0.0,0.0,0.0,0.0,0.0
device_0,0.9375,2.0,0.05,late,P2prime,0.04834867196618135,0.0004986349332390055,0.05,0.0,1.0,0.0,0.0,0.0,1.0,0.0,0.0,0.0,0.0,0.0,0.0,0.0
device_0,0.9375,2.0,0.1,drop,P0,0.046077136137364465,0.0004617561087120004,0.1,0.0,4.7,0.4830458915396479,887.3,21.48410264978891,0.1976,0.005608129020547862,0.0,0.0,0.0,0.0,0.0,0.0
device_0,0.9375,2.0,0.1,drop,P1,0.05118704817632539,0.0005028305774139132,0.0,0.0,0.0,0.0,0.0,0.0,,,0.0,0.0,0.0,0.0,0.0,0.0
device_0,0.9375,2.0,0.1,drop,P2,0.03555137645017194,0.0004761157629475469,0.1,0.0,13.4,2.065591117977289,2462.5,24.91429754623283,1.0,0.0,0.0,0.0,0.0,0.0,0.0,0.0
device_0,0.9375,2.0,0.1,drop,P2prime,0.0368599056358215,0.0003021311189811514,0.1,0.0,1.0,0.0,0.0,0.0,0.9531700000000001,0.020031921747273487,0.0,0.0,0.0,0.0,0.0,0.0
device_0,0.9375,2.0,0.1,late,P0,0.050384960444721016,0.0004976657622297584,0.1,0.0,4.4,0.5163977794943223,894.3,12.953335048893344,0.19713,0.0054758155151133,0.0,0.0,0.0,0.0,0.0,0.0
device_0,0.9375,2.0,0.1,late,P1,0.05118704817632539,0.0005028305774139132,0.0,0.0,0.0,0.0,0.0,0.0,,,0.0,0.0,0.0,0.0,0.0,0.0
device_0,0.9375,2.0,0.1,late,P2,0.045706179446016015,0.0004898623594981894,0.1,0.0,14.8,2.7406406388125952,2474.4,28.527569511302964,1.0,0.0,0.0,0.0,0.0,0.0,0.0,0.0
device_0,0.9375,2.0,0.1,late,P2prime,0.046526161637196264,0.0003881694190684748,0.090294,0.0021943979179315284,1.0,0.0,0.0,0.0,1.0,0.0,0.0,0.0,0.0,0.0,0.0,0.0
device_0,0.9375,2.0,0.15,drop,P0,0.043490148564098365,0.0004220798567688262,0.15,0.0,5.9,0.875595035770913,1898.4,41.37148776633492,0.19968666666666665,0.006333999964915972,0.0,0.0,0.0,0.0,0.0,0.0
device_0,0.9375,2.0,0.15,drop,P1,0.05118704817632539,0.0005028305774139132,0.0,0.0,0.0,0.0,0.0,0.0,,,0.0,0.0,0.0,0.0,0.0,0.0
device_0,0.9375,2.0,0.15,drop,P2,0.028644597625818162,0.00045326394193604904,0.15,0.0,28.6,8.70759566253637,2990.5,134.28100717856148,1.0,0.0,0.0,0.0,0.0,0.0,0.0,0.0
device_0,0.9375,2.0,0.15,drop,P2prime,0.034476476316375564,0.00027452473244165654,0.15,0.0,1.0,0.0,0.0,0.0,0.64642,0.015833985951462473,0.0,0.0,0.0,0.0,0.0,0.0
device_0,0.9375,2.0,0.15,late,P0,0.049974511505800234,0.0004768519567229503,0.15,0.0,5.5,0.5270462766947298,1894.0,19.072959334559926,0.19949333333333336,0.0055497925664716756,0.0,0.0,0.0,0.0,0.0,0.0
device_0,0.9375,2.0,0.15,late,P1,0.05118704817632539,0.0005028305774139132,0.0,0.0,0.0,0.0,0.0,0.0,,,0.0,0.0,0.0,0.0,0.0,0.0
device_0,0.9375,2.0,0.15,late,P2,0.04344352038460146,0.0004274319237333682,0.15,0.0,27.4,5.316640543300503,2990.5,129.6741643076557,1.0,0.0,0.0,0.0,0.0,0.0,0.0,0.0
device_0,0.9375,2.0,0.15,late,P2prime,0.046526161637196264,0.0003881694190684748,0.090294,0.0021943979179315284,1.0,0.0,0.0,0.0,1.0,0.0,0.0,0.0,0.0,0.0,0.0,0.0
device_0,0.9375,2.5,0.01,drop,P0,0.046323082196939515,0.00037397951450825336,0.01,0.0,2.0,0.0,11.0,2.748737083745107,0.20049999999999998,0.010265909062956328,0.0,0.0,0.0,0.0,0.0,0.0
device_0,0.9375,2.5,0.01,drop,P1,0.04679040604028444,0.000378983011743104,0.0,0.0,0.0,0.0,0.0,0.0,,,0.0,0.0,0.0,0.0,0.0,0.0
device_0,0.9375,2.5,0.01,drop,P2,0.04508992036811486,0.0003782773176941652,0.01,0.0,3.1,0.31622776601683794,44.2,4.565571644870382,1.0,0.0,0.0,0.0,0.0,0.0,0.0,0.0
device_0,0.9375,2.5,0.01,drop,P2prime,0.0450910021537715,0.00037825295984558,0.01,0.0,1.0,0.0,0.0,0.0,1.0,0.0,0.0,0.0,0.0,0.0,0.0,0.0
device_0,0.9375,2.5,0.01,late,P0,0.04675233395984264,0.0003809782990396383,0.01,0.0,2.1,0.316227766016838,6.7,2.263232692902394,0.19770000000000001,0.00780384520605067,0.0,0.0,0.0,0.0,0.0,0.0
device_0,0.9375,2.5,0.01,late,P1,0.04679040604028444,0.000378983011743104,0.0,0.0,0.0,0.0,0.0,0.0,,,0.0,0.0,0.0,0.0,0.0,0.0
device_0,0.9375,2.5,0.01,late,P2,0.04629148647631419,0.0003786727291194635,0.01,0.0,3.0,0.4714045207910318,46.3,5.186520991955976,1.0,0.0,0.0,0.0,0.0,0.0,0.0,0.0
device_0,0.9375,2.5,0.01,late,P2prime,0.04629174054414433,0.00037865098917070765,0.01,0.0,1.0,0.0,0.0,0.0,1.0,0.0,0.0,0.0,0.0,0.0,0.0,0.0
device_0,0.9375,2.5,0.05,drop,P0,0.044432481086725,0.00035951619913966563,0.05,0.0,3.6,0.5163977794943223,235.8,14.505171491575004,0.20134,0.009120453205113588,0.0,0.0,0.0,0.0,0.0,0.0
device_0,0.9375,2.5,0.05,drop,P1,0.04679040604028444,0.000378983011743104,0.0,0.0,0.0,0.0,0.0,0.0,,,0.0,0.0,0.0,0.0,0.0,0.0
device_0,0.9375,2.5,0.05,drop,P2,0.03881727070417308,0.0003711213788850418,0.05,0.0,6.4,0.6992058987801008,900.6,16.269945024833714,1.0,0.0,0.0,0.0,0.0,0.0,0.0,0.0
device_0,0.9375,2.5,0.05,drop,P2prime,0.038888839848152834,0.00036919839973955303,0.05,0.0,1.0,0.0,0.0,0.0,1.0,0.0,0.0,0.0,0.0,0.0,0.0,0.0
device_0,0.9375,2.5,0.05,late,P0,0.04661025204717058,0.0003772137771524211,0.05,0.0,3.4,0.5163977794943223,236.3,12.463725143168253,0.19774,0.00690767688879553,0.0,0.0,0.0,0.0,0.0,0.0
device_0,0.9375,2.5,0.05,late,P1,0.04679040604028444,0.000378983011743104,0.0,0.0,0.0,0.0,0.0,0.0,,,0.0,0.0,0.0,0.0,0.0,0.0
device_0,0.9375,2.5,0.05,late,P2,0.04445797924895561,0.000372178621431523,0.05,0.0,6.8,1.2292725943057183,905.7,23.242920068987313,1.0,0.0,0.0,0.0,0.0,0.0,0.0,0.0
device_0,0.9375,2.5,0.05,late,P2prime,0.04451449836836279,0.0003680962070933518,0.05,0.0,1.0,0.0,0.0,0.0,1.0,0.0,0.0,0.0,0.0,0.0,0.0,0.0
device_0,0.9375,2.5,0.1,drop,P0,0.04209932061274592,0.0003177799504137005,0.1,0.0,4.7,0.6749485577105528,901.2,20.23638087976971,0.19861,0.010159882982703212,0.0,0.0,0.0,0.0,0.0,0.0
device_0,0.9375,2.5,0.1,drop,P1,0.04679040604028444,0.000378983011743104,0.0,0.0,0.0,0.0,0.0,0.0,,,0.0,0.0,0.0,0.0,0.0,0.0
device_0,0.9375,2.5,0.1,drop,P2,0.03210704922993526,0.0002579443435699611,0.1,0.0,13.4,2.065591117977289,2462.5,24.91429754623283,1.0,0.0,0.0,0.0,0.0,0.0,0.0,0.0
device_0,0.9375,2.5,0.1,drop,P2prime,0.03429859799131544,0.00021496919239195498,0.1,0.0,1.0,0.0,0.0,0.0,0.92799,0.019780149982579334,0.0,0.0,0.0,0.0,0.0,0.0
device_0,0.9375,2.5,0.1,late,P0,0.04643320927891588,0.0003664952527725653,0.1,0.0,5.1,0.5676462121975466,899.8,30.839368778667733,0.19815,0.007039136626351597,0.0,0.0,0.0,0.0,0.0,0.0
device_0,0.9375,2.5,0.1,late,P1,0.04679040604028444,0.000378983011743104,0.0,0.0,0.0,0.0,0.0,0.0,,,0.0,0.0,0.0,0.0,0.0,0.0
device_0,0.9375,2.5,0.1,late,P2,0.043192966561176264,0.0002980282876479712,0.1,0.0,338.5,203.3296447752871,2108.8,63.97881593847203,0.8925599999999999,0.019262237091723734,0.0,0.0,0.0,0.0,0.0,0.0
device_0,0.9375,2.5,0.1,late,P2prime,0.044180150429118006,0.00031589013954035533,0.06169600000000001,0.0015111158496657747,1.0,0.0,0.0,0.0,1.0,0.0,0.0,0.0,0.0,0.0,0.0,0.0
device_0,0.9375,2.5,0.15,drop,P0,0.039796093533294205,0.0003383176635252989,0.15,0.0,5.9,0.7378647873726218,1879.8,18.665476152512163,0.19644,0.004712494555781645,0.0,0.0,0.0,0.0,0.0,0.0
device_0,0.9375,2.5,0.15,drop,P1,0.04679040604028444,0.000378983011743104,0.0,0.0,0.0,0.0,0.0,0.0,,,0.0,0.0,0.0,0.0,0.0,0.0
device_0,0.9375,2.5,0.15,drop,P2,0.027969338934271937,0.00021533299553184548,0.15,0.0,28.6,8.70759566253637,2990.5,134.28100717856148,1.0,0.0,0.0,0.0,0.0,0.0,0.0,0.0
device_0,0.9375,2.5,0.15,drop,P2prime,0.031949730542659496,0.0001931892967824295,0.15,0.0,1.0,0.0,0.0,0.0,0.62792,0.015063546055065734,0.0,0.0,0.0,0.0,0.0,0.0
device_0,0.9375,2.5,0.15,late,P0,0.04625014500133591,0.000359105458979062,0.15,0.0,6.0,0.9428090415820636,1894.7,32.304282481842364,0.19818666666666668,0.006462029647138262,0.0,0.0,0.0,0.0,0.0,0.0
device_0,0.9375,2.5,0.15,late,P1,0.04679040604028444,0.000378983011743104,0.0,0.0,0.0,0.0,0.0,0.0,,,0.0,0.0,0.0,0.0,0.0,0.0
device_0,0.9375,2.5,0.15,late,P2,0.043192966561176264,0.0002980282876479712,0.15,0.0,5830.5,212.27615661365903,1987.9,68.24539056473583,0.6363933333333334,0.015698563274672235,0.0,0.0,0.0,0.0,0.0,0.0
device_0,0.9375,2.5,0.15,late,P2prime,0.044180150429118006,0.00031589013954035533,0.06169600000000001,0.0015111158496657747,1.0,0.0,0.0,0.0,1.0,0.0,0.0,0.0,0.0,0.0,0.0,0.0
device_0,0.9375,3.0,0.01,drop,P0,0.043825078537485136,0.0003208864255830692,0.01,0.0,2.0,0.0,7.1,2.960855732160327,0.19729999999999998,0.015930752929127014,0.0,0.0,0.0,0.0,0.0,0.0
device_0,0.9375,3.0,0.01,drop,P1,0.04427045578152457,0.0003195744140334633,0.0,0.0,0.0,0.0,0.0,0.0,,,0.0,0.0,0.0,0.0,0.0,0.0
device_0,0.9375,3.0,0.01,drop,P2,0.042569970109354975,0.0003188572762664581,0.01,0.0,3.1,0.31622776601683794,44.2,4.565571644870382,1.0,0.0,0.0,0.0,0.0,0.0,0.0,0.0
device_0,0.9375,3.0,0.01,drop,P2prime,0.042571051895011626,0.0003188358777647223,0.01,0.0,1.0,0.0,0.0,0.0,1.0,0.0,0.0,0.0,0.0,0.0,0.0,0.0
device_0,0.9375,3.0,0.01,late,P0,0.044259994345472356,0.00031937751943998384,0.01,0.0,2.1,0.31622776601683794,9.9,2.2335820757001272,0.2028,0.010952422360170171,0.0,0.0,0.0,0.0,0.0,0.0
device_0,0.9375,3.0,0.01,late,P1,0.04427045578152457,0.0003195744140334633,0.0,0.0,0.0,0.0,0.0,0.0,,,0.0,0.0,0.0,0.0,0.0,0.0
device_0,0.9375,3.0,0.01,late,P2,0.04387690632525851,0.0003191426753238364,0.01,0.0,3.2,0.4216370213557839,48.7,6.896859188548557,1.0,0.0,0.0,0.0,0.0,0.0,0.0,0.0
device_0,0.9375,3.0,0.01,late,P2prime,0.043877515557364084,0.00031910409863475543,0.01,0.0,1.0,0.0,0.0,0.0,1.0,0.0,0.0,0.0,0.0,0.0,0.0,0.0
device_0,0.9375,3.0,0.05,drop,P0,0.04205563008269374,0.0002987224631748307,0.05,0.0,3.5,0.7071067811865474,239.3,18.30634376991272,0.19882,0.006751098676018105,0.0,0.0,0.0,0.0,0.0,0.0
device_0,0.9375,3.0,0.05,drop,P1,0.04427045578152457,0.0003195744140334633,0.0,0.0,0.0,0.0,0.0,0.0,,,0.0,0.0,0.0,0.0,0.0,0.0
device_0,0.9375,3.0,0.05,drop,P2,0.03697936744908113,0.0002814191343857551,0.05,0.0,6.4,0.6992058987801008,900.6,16.269945024833714,1.0,0.0,0.0,0.0,0.0,0.0,0.0,0.0
device_0,0.9375,3.0,0.05,drop,P2prime,0.03728811222988891,0.00028231277038910836,0.05,0.0,1.0,0.0,0.0,0.0,1.0,0.0,0.0,0.0,0.0,0.0,0.0,0.0
device_0,0.9375,3.0,0.05,late,P0,0.04421732893295212,0.00031914556195716413,0.05,0.0,3.2,0.4216370213557839,233.1,10.979273402390728,0.19656,0.008053046352502603,0.0,0.0,0.0,0.0,0.0,0.0
device_0,0.9375,3.0,0.05,late,P1,0.04427045578152457,0.0003195744140334633,0.0,0.0,0.0,0.0,0.0,0.0,,,0.0,0.0,0.0,0.0,0.0,0.0
device_0,0.9375,3.0,0.05,late,P2,0.043192966561176264,0.0002980282876479712,0.05,0.0,733.0,84.24303466096701,440.4,28.593705601058428,0.7244400000000001,0.01823983430723961,0.0,0.0,0.0,0.0,0.0,0.0
device_0,0.9375,3.0,0.05,late,P2prime,0.04332576587320065,0.0003014611522357824,0.028661,0.0006315668346791704,1.0,0.0,0.0,0.0,1.0,0.0,0.0,0.0,0.0,0.0,0.0,0.0
device_0,0.9375,3.0,0.1,drop,P0,0.03985677730187339,0.00028281812456481886,0.1,0.0,4.6,0.5163977794943222,877.4,21.407163909931338,0.19687000000000002,0.006872982532270027,0.0,0.0,0.0,0.0,0.0,0.0
device_0,0.9375,3.0,0.1,drop,P1,0.04427045578152457,0.0003195744140334633,0.0,0.0,0.0,0.0,0.0,0.0,,,0.0,0.0,0.0,0.0,0.0,0.0
device_0,0.9375,3.0,0.1,drop,P2,0.03210704922993526,0.0002579443435699611,0.1,0.0,13.4,2.065591117977289,2462.5,24.91429754623283,1.0,0.0,0.0,0.0,0.0,0.0,0.0,0.0
device_0,0.9375,3.0,0.1,drop,P2prime,0.0333195400530264,0.00019784387443940897,0.1,0.0,1.0,0.0,0.0,0.0,0.9242100000000001,0.020325924879872555,0.0,0.0,0.0,0.0,0.0,0.0
device_0,0.9375,3.0,0.1,late,P0,0.04416129619990851,0.00031907095738758275,0.1,0.0,4.6,0.6992058987801011,889.9,30.671919839923078,0.19945,0.007361649875461946,0.0,0.0,0.0,0.0,0.0,0.0
device_0,0.9375,3.0,0.1,late,P1,0.04427045578152457,0.0003195744140334633,0.0,0.0,0.0,0.0,0.0,0.0,,,0.0,0.0,0.0,0.0,0.0,0.0
device_0,0.9375,3.0,0.1,late,P2,0.043192966561176264,0.0002980282876479712,0.1,0.0,5907.1,73.85940096637069,417.3,25.08230894918213,0.45002000000000003,0.018317253554443642,0.0,0.0,0.0,0.0,0.0,0.0
device_0,0.9375,3.0,0.1,late,P2prime,0.04332576587320065,0.0003014611522357824,0.028661,0.0006315668346791704,1.0,0.0,0.0,0.0,1.0,0.0,0.0,0.0,0.0,0.0,0.0,0.0
device_0,0.9375,3.0,0.15,drop,P0,0.037647490506131774,0.00026742944384196916,0.15,0.0,5.8,0.7888106377466155,1886.3,25.192812026008056,0.19676666666666667,0.006115453003016114,0.0,0.0,0.0,0.0,0.0,0.0
device_0,0.9375,3.0,0.15,drop,P1,0.04427045578152457,0.0003195744140334633,0.0,0.0,0.0,0.0,0.0,0.0,,,0.0,0.0,0.0,0.0,0.0,0.0
device_0,0.9375,3.0,0.15,drop,P2,0.027969338934271937,0.00021533299553184548,0.15,0.0,28.6,8.70759566253637,2990.5,134.28100717856148,1.0,0.0,0.0,0.0,0.0,0.0,0.0,0.0
device_0,0.9375,3.0,0.15,drop,P2prime,0.03097282730660929,0.00017513105104264158,0.15,0.0,1.0,0.0,0.0,0.0,0.6281866666666667,0.01581703410571131,0.0,0.0,0.0,0.0,0.0,0.0
device_0,0.9375,3.0,0.15,late,P0,0.04410849094518547,0.00031621959395208594,0.15,0.0,6.0,0.9428090415820634,1906.6,32.03539708926154,0.19657333333333332,0.0060720936247438085,0.0,0.0,0.0,0.0,0.0,0.0
device_0,0.9375,3.0,0.15,late,P1,0.04427045578152457,0.0003195744140334633,0.0,0.0,0.0,0.0,0.0,0.0,,,0.0,0.0,0.0,0.0,0.0,0.0
device_0,0.9375,3.0,0.15,late,P2,0.043192966561176264,0.0002980282876479712,0.15,0.0,11082.9,71.99297805264693,391.9,27.392010189510046,0.35463333333333336,0.018290016166149902,0.0,0.0,0.0,0.0,0.0,0.0
device_0,0.9375,3.0,0.15,late,P2prime,0.04332576587320065,0.0003014611522357824,0.028661,0.0006315668346791704,1.0,0.0,0.0,0.0,1.0,0.0,0.0,0.0,0.0,0.0,0.0,0.0
device_0,0.9375,4.0,0.01,drop,P0,0.042780627159111226,0.00029729384819872107,0.01,0.0,2.0,0.0,10.2,2.0439612955674527,0.199,0.007241853660800138,0.0,0.0,0.0,0.0,0.0,0.0
device_0,0.9375,4.0,0.01,drop,P1,0.04321130979992202,0.00029948472334698586,0.0,0.0,0.0,0.0,0.0,0.0,,,0.0,0.0,0.0,0.0,0.0,0.0
device_0,0.9375,4.0,0.01,drop,P2,0.041690585568971955,0.0002950316159106369,0.01,0.0,3.1,0.31622776601683794,44.2,4.565571644870382,1.0,0.0,0.0,0.0,0.0,0.0,0.0,0.0
device_0,0.9375,4.0,0.01,drop,P2prime,0.04169451546520974,0.000295130383812672,0.01,0.0,1.0,0.0,0.0,0.0,1.0,0.0,0.0,0.0,0.0,0.0,0.0,0.0
device_0,0.9375,4.0,0.01,late,P0,0.04321114730246679,0.00029952638671431334,0.01,0.0,2.1,0.31622776601683794,9.0,1.699673171197595,0.2044,0.012249263016379578,0.0,0.0,0.0,0.0,0.0,0.0
device_0,0.9375,4.0,0.01,late,P1,0.04321130979992202,0.00029948472334698586,0.0,0.0,0.0,0.0,0.0,0.0,,,0.0,0.0,0.0,0.0,0.0,0.0
device_0,0.9375,4.0,0.01,late,P2,0.043192966561176264,0.0002980282876479712,0.01,0.0,1.7,0.48304589153964794,1.4,1.577621275493231,0.36829999999999996,0.06900571634936405,0.0,0.0,0.0,0.0,0.0,0.0
device_0,0.9375,4.0,0.01,late,P2prime,0.04319305270516062,0.00029807050453583477,0.0020050000000000003,0.00020865974429412322,1.0,0.0,0.0,0.0,1.0,0.0,0.0,0.0,0.0,0.0,0.0,0.0
device_0,0.9375,4.0,0.05,drop,P0,0.0410504359568163,0.00029738022000487605,0.05,0.0,3.3,0.4830458915396479,234.6,10.002221975363494,0.19874,0.00592099841430668,0.0,0.0,0.0,0.0,0.0,0.0
device_0,0.9375,4.0,0.05,drop,P1,0.04321130979992202,0.00029948472334698586,0.0,0.0,0.0,0.0,0.0,0.0,,,0.0,0.0,0.0,0.0,0.0,0.0
device_0,0.9375,4.0,0.05,drop,P2,0.03697936744908113,0.0002814191343857551,0.05,0.0,6.4,0.6992058987801008,900.6,16.269945024833714,1.0,0.0,0.0,0.0,0.0,0.0,0.0,0.0
device_0,0.9375,4.0,0.05,drop,P2prime,0.03711597349556117,0.0002778332324410855,0.05,0.0,1.0,0.0,0.0,0.0,1.0,0.0,0.0,0.0,0.0,0.0,0.0,0.0
device_0,0.9375,4.0,0.05,late,P0,0.043210497436307595,0.0002994592123378365,0.05,0.0,3.4,0.5163977794943223,237.0,20.553453345957326,0.20038,0.007069464854805726,0.0,0.0,0.0,0.0,0.0,0.0
device_0,0.9375,4.0,0.05,late,P1,0.04321130979992202,0.00029948472334698586,0.0,0.0,0.0,0.0,0.0,0.0,,,0.0,0.0,0.0,0.0,0.0,0.0
device_0,0.9375,4.0,0.05,late,P2,0.043192966561176264,0.0002980282876479712,0.05,0.0,3807.8,18.902086892427747,2.3,1.3374935098492586,0.2339,0.03165722666311754,0.0,0.0,0.0,0.0,0.0,0.0
device_0,0.9375,4.0,0.05,late,P2prime,0.04319305270516062,0.00029807050453583477,0.0020050000000000003,0.00020865974429412322,1.0,0.0,0.0,0.0,1.0,0.0,0.0,0.0,0.0,0.0,0.0,0.0
device_0,0.9375,4.0,0.1,drop,P0,0.0388839478916402,0.00026953686635544297,0.1,0.0,4.6,0.6992058987801011,885.8,25.964933617819593,0.19762,0.006194764814834467,0.0,0.0,0.0,0.0,0.0,0.0
device_0,0.9375,4.0,0.1,drop,P1,0.04321130979992202,0.00029948472334698586,0.0,0.0,0.0,0.0,0.0,0.0,,,0.0,0.0,0.0,0.0,0.0,0.0
device_0,0.9375,4.0,0.1,drop,P2,0.03210704922993526,0.0002579443435699611,0.1,0.0,13.4,2.065591117977289,2462.5,24.91429754623283,1.0,0.0,0.0,0.0,0.0,0.0,0.0,0.0
device_0,0.9375,4.0,0.1,drop,P2prime,0.033136247477487286,0.0001944785040472669,0.1,0.0,1.0,0.0,0.0,0.0,0.9312400000000001,0.019276594904471863,0.0,0.0,0.0,0.0,0.0,0.0
device_0,0.9375,4.0,0.1,late,P0,0.043209556204620136,0.0002991361225940959,0.1,0.0,4.5,0.5270462766947297,882.5,30.970415991178843,0.19876,0.006137172711345908,0.0,0.0,0.0,0.0,0.0,0.0
device_0,0.9375,4.0,0.1,late,P1,0.04321130979992202,0.00029948472334698586,0.0,0.0,0.0,0.0,0.0,0.0,,,0.0,0.0,0.0,0.0,0.0,0.0
device_0,0.9375,4.0,0.1,late,P2,0.043192966561176264,0.0002980282876479712,0.1,0.0,8818.3,16.846034812052643,2.3,1.3374935098492586,0.21755,0.023670950316556555,0.0,0.0,0.0,0.0,0.0,0.0
device_0,0.9375,4.0,0.1,late,P2prime,0.04319305270516062,0.00029807050453583477,0.0020050000000000003,0.00020865974429412322,1.0,0.0,0.0,0.0,1.0,0.0,0.0,0.0,0.0,0.0,0.0,0.0
device_0,0.9375,4.0,0.15,drop,P0,0.036741728021959325,0.0002405013631229947,0.15,0.0,5.8,0.6324555320336759,1909.3,36.466270564576384,0.1966466666666667,0.006852091687494208,0.0,0.0,0.0,0.0,0.0,0.0
device_0,0.9375,4.0,0.15,drop,P1,0.04321130979992202,0.00029948472334698586,0.0,0.0,0.0,0.0,0.0,0.0,,,0.0,0.0,0.0,0.0,0.0,0.0
device_0,0.9375,4.0,0.15,drop,P2,0.027969338934271937,0.00021533299553184548,0.15,0.0,28.6,8.70759566253637,2990.5,134.28100717856148,1.0,0.0,0.0,0.0,0.0,0.0,0.0,0.0
device_0,0.9375,4.0,0.15,drop,P2prime,0.030778301818885904,0.000171210397239759,0.15,0.0,1.0,0.0,0.0,0.0,0.6359866666666667,0.015733860631465202,0.0,0.0,0.0,0.0,0.0,0.0
device_0,0.9375,4.0,0.15,late,P0,0.043208572496925716,0.00029914688335176725,0.15,0.0,5.6,0.6992058987801011,1916.7,27.36603734558587,0.19799333333333333,0.006341978505011244,0.0,0.0,0.0,0.0,0.0,0.0
device_0,0.9375,4.0,0.15,late,P1,0.04321130979992202,0.00029948472334698586,0.0,0.0,0.0,0.0,0.0,0.0,,,0.0,0.0,0.0,0.0,0.0,0.0
device_0,0.9375,4.0,0.15,late,P2,0.043192966561176264,0.0002980282876479712,0.15,0.0,13828.0,15.96524001977078,2.2,1.3984117975602022,0.21156000000000003,0.020433625156516814,0.0,0.0,0.0,0.0,0.0,0.0
device_0,0.9375,4.0,0.15,late,P2prime,0.04319305270516062,0.00029807050453583477,0.0020050000000000003,0.00020865974429412322,1.0,0.0,0.0,0.0,1.0,0.0,0.0,0.0,0.0,0.0,0.0,0.0
device_0,0.975,1.2,0.1,drop,P0,0.06995323150836727,0.0006179681020504665,0.1,0.0,6.2,0.7888106377466153,1097.5,28.690881245905764,0.42958999999999997,0.008612710245780844,0.12096,0.002899429062572301,0.0,0.0,0.6126593450908431,0.0037755306952356213
device_0,0.975,1.2,0.1,drop,P1,0.07529722042693819,0.0006024450078500621,0.031169999999999996,0.0007329392880723476,5.0,0.6666666666666666,406.1,23.220919687021688,1.0,0.0,0.130212,0.0029320519928693074,0.0,0.0,0.65953364572356,0.0024841940955501397
device_0,0.975,1.2,0.1,drop,P2,0.058104379049716014,0.0007197650459136304,0.1,0.0,13.3,1.8885620632287057,2478.5,31.46161682643367,1.0,0.0,0.061382000000000006,0.0034824569870519112,0.0,0.0,0.31071140313597173,0.011524452422940585
device_0,0.975,1.2,0.1,drop,P2prime,0.05938439426594694,0.0005435746087136556,0.1,0.0,5.0,0.6666666666666666,406.1,23.220919687021688,0.9284800000000001,0.01705063048687646,0.073652,0.0015967870518290423,0.0,0.0,0.3730596962088359,0.0016491476952113428
device_0,0.975,1.2,0.1,late,P0,0.07686436932192842,0.0006712864024041506,0.1,0.0,6.3,0.674948557710553,1092.7,24.517793991756726,0.42803,0.007466822915031834,0.12115100000000001,0.002935996707536753,0.0,0.0,0.6136215816256344,0.0034617266544023535
device_0,0.975,1.2,0.1,late,P1,0.0794187076058992,0.0006607803184470108,0.031169999999999996,0.0007329392880723476,5.0,0.6666666666666666,406.1,23.220919687021688,1.0,0.0,0.130212,0.0029320519928693074,0.0,0.0,0.65953364572356,0.0024841940955501397
device_0,0.975,1.2,0.1,late,P2,0.06813126991172148,0.0007337076991307074,0.1,0.0,14.4,2.6749870196985173,2478.6,18.992396139274096,1.0,0.0,0.061382000000000006,0.0034824569870519112,0.0,0.0,0.31071140313597173,0.011524452422940585
device_0,0.975,1.2,0.1,late,P2prime,0.06914978602399038,0.0006544192985884716,0.1,0.0,5.0,0.6666666666666666,406.1,23.220919687021688,0.8762700000000001,0.01891067012150668,0.073755,0.00160746349535188,0.0,0.0,0.37358050566179235,0.001628715174123894
device_0,0.975,1.2,0.15,drop,P0,0.06605626180143212,0.0005317803323539775,0.15,0.0,6.8,0.7888106377466155,2031.5,18.410443895909857,0.3436533333333333,0.007601546301433642,0.11424399999999998,0.0025057897402260684,0.0,0.0,0.5786603973236135,0.0018907828829021146
device_0,0.975,1.2,0.15,drop,P1,0.07529722042693819,0.0006024450078500621,0.031169999999999996,0.0007329392880723476,5.0,0.6666666666666666,406.1,23.220919687021688,1.0,0.0,0.130212,0.0029320519928693074,0.0,0.0,0.65953364572356,0.0024841940955501397
device_0,0.975,1.2,0.15,drop,P2,0.04579829634965841,0.000711464227976728,0.15,0.0,31.2,4.541169697580374,2809.8,106.17260579934083,1.0,0.0,0.011382,0.0034824569870519104,0.0,0.0,0.05735453453585585,0.016590401160730933
device_0,0.975,1.2,0.15,drop,P2prime,0.05191450241925168,0.0005393229214974539,0.15,0.0,5.0,0.6666666666666666,406.1,23.220919687021688,0.6266666666666667,0.012496676101277802,0.073652,0.0015967870518290423,0.0,0.0,0.3730596962088359,0.0016491476952113428
device_0,0.975,1.2,0.15,late,P0,0.07498086217794855,0.000611187716926236,0.15,0.0,7.1,1.1005049346146119,2037.6,27.285323690381414,0.34265333333333337,0.007439222048800399,0.114368,0.0026584197478117626,0.0,0.0,0.5792767007092732,0.002928789506234495
device_0,0.975,1.2,0.15,late,P1,0.0794187076058992,0.0006607803184470108,0.031169999999999996,0.0007329392880723476,5.0,0.6666666666666666,406.1,23.220919687021688,1.0,0.0,0.130212,0.0029320519928693074,0.0,0.0,0.65953364572356,0.0024841940955501397
device_0,0.975,1.2,0.15,late,P2,0.06064802569652865,0.0006956920219261678,0.15,0.0,31.4,5.103375789067902,2827.5,116.04907965550132,1.0,0.0,0.011382,0.0034824569870519104,0.0,0.0,0.05735453453585585,0.016590401160730933
device_0,0.975,1.2,0.15,late,P2prime,0.06387183490244644,0.0006479705725114314,0.15,0.0,5.0,0.6666666666666666,406.1,23.220919687021688,0.5851133333333334,0.012676762058834154,0.07372300000000001,0.001607966624860933,0.0,0.0,0.37341848524999566,0.00167875741906813
device_0,0.975,1.35,0.01,drop,P0,0.06305857122813102,0.0006022076460703104,0.01,0.0,2.4,0.5163977794943222,16.9,2.558211180579986,0.5847,0.016117967889560034,0.052146000000000005,0.00134050736663399,0.0,0.0,0.2641263422237958,0.003648702918172389
device_0,0.975,1.35,0.01,drop,P1,0.06338133028786766,0.0006056895850112548,0.004876,0.00013696714934611156,2.3,0.48304589153964794,9.9,2.766867462592951,1.0,0.0,0.052403,0.0013564008748645552,0.0,0.0,0.2654275542689618,0.003714964525088774
device_0,0.975,1.35,0.01,drop,P2,0.0620609227475515,0.0006129681589767281,0.01,0.0,3.1,0.316227766016838,47.1,4.931756504757936,1.0,0.0,0.047279,0.001389647837083594,0.0,0.0,0.2394606748415359,0.003931425958957735
device_0,0.975,1.35,0.01,drop,P2prime,0.062061290000782934,0.0006129177072361956,0.01,0.0,2.3,0.48304589153964794,9.9,2.766867462592951,1.0,0.0,0.047279,0.001389647837083594,0.0,0.0,0.2394606748415359,0.003931425958957735
device_0,0.975,1.35,0.01,late,P0,0.06405735700986417,0.0006030011102178039,0.01,0.0,2.3,0.48304589153964794,16.3,3.093002855909879,0.5828,0.013628401716024273,0.052135,0.0013165548475725063,0.0,0.0,0.26407211512095063,0.0035416164373024864
device_0,0.975,1.35,0.01,late,P1,0.06416139836339704,0.0006087426152428484,0.004876,0.00013696714934611156,2.3,0.48304589153964794,9.9,2.766867462592951,1.0,0.0,0.052403,0.0013564008748645552,0.0,0.0,0.2654275542689618,0.003714964525088774
device_0,0.975,1.35,0.01,late,P2,0.0634121456043002,0.000613100310249662,0.01,0.0,3.0,0.0,42.3,6.498717822257966,1.0,0.0,0.047279,0.001389647837083594,0.0,0.0,0.2394606748415359,0.003931425958957735
device_0,0.975,1.35,0.01,late,P2prime,0.06341242143968644,0.0006130710979748847,0.01,0.0,2.3,0.48304589153964794,9.9,2.766867462592951,1.0,0.0,0.047279,0.001389647837083594,0.0,0.0,0.2394606748415359,0.003931425958957735
device_0,0.975,1.35,0.05,drop,P0,0.06051694840393966,0.0005826434524308092,0.05,0.0,3.6,0.5163977794943222,245.3,13.8166566143912,0.27064,0.005718430243033867,0.050039999999999994,0.0013385564363646877,0.0,0.0,0.25345375055470964,0.003569275618355458
device_0,0.975,1.35,0.05,drop,P1,0.06338133028786766,0.0006056895850112548,0.004876,0.00013696714934611156,2.3,0.48304589153964794,9.9,2.766867462592951,1.0,0.0,0.052403,0.0013564008748645552,0.0,0.0,0.2654275542689618,0.003714964525088774
device_0,0.975,1.35,0.05,drop,P2,0.05193643471047531,0.0006102911076320156,0.05,0.0,6.8,0.9189365834726815,922.9,19.913423724825527,1.0,0.0,0.007278999999999999,0.0013896478370835938,0.0,0.0,0.03677517996144321,0.006435665840072776
device_0,0.975,1.35,0.05,drop,P2prime,0.05245689836337032,0.0005339185360476832,0.05,0.0,2.3,0.48304589153964794,9.9,2.766867462592951,1.0,0.0,0.012775,0.0004842921524130746,0.0,0.0,0.06470066043201742,0.001773867232715956
device_0,0.975,1.35,0.05,late,P0,0.06321606539037683,0.0005824668306150301,0.05,0.0,3.3,0.48304589153964783,231.7,14.712428608341853,0.26966,0.008629175317877517,0.050044,0.0012746781728908848,0.0,0.0,0.2534833994203684,0.003693553881058104
device_0,0.975,1.35,0.05,late,P1,0.06416139836339704,0.0006087426152428484,0.004876,0.00013696714934611156,2.3,0.48304589153964794,9.9,2.766867462592951,1.0,0.0,0.052403,0.0013564008748645552,0.0,0.0,0.2654275542689618,0.003714964525088774
device_0,0.975,1.35,0.05,late,P2,0.05794276736632194,0.0005970559783664327,0.05,0.0,6.9,0.9944289260117533,919.1,19.16275322366573,1.0,0.0,0.007278999999999999,0.0013896478370835938,0.0,0.0,0.03677517996144321,0.006435665840072776
device_0,0.975,1.35,0.05,late,P2prime,0.058228032336545846,0.0005780287942786515,0.05,0.0,2.3,0.48304589153964794,9.9,2.766867462592951,0.9085599999999999,0.015059231203632005,0.012799,0.0004832632133044406,0.0,0.0,0.0648225099538139,0.001776431790084898
device_0,0.975,1.35,0.1,drop,P0,0.057293452470517724,0.0005772158217038992,0.1,0.0,4.9,0.7378647873726221,896.1,25.216617096228,0.23459,0.0039965123684421585,0.047367,0.0012616131648717761,0.0,0.0,0.23992016120358417,0.003722265741344416
device_0,0.975,1.35,0.1,drop,P1,0.06338133028786766,0.0006056895850112548,0.004876,0.00013696714934611156,2.3,0.48304589153964794,9.9,2.766867462592951,1.0,0.0,0.052403,0.0013564008748645552,0.0,0.0,0.2654275542689618,0.003714964525088774
device_0,0.975,1.35,0.1,drop,P2,0.04331090428995916,0.0004974921353590112,0.1,0.0,13.3,1.8885620632287057,2478.5,31.46161682643367,1.0,0.0,0.0,0.0,0.0,0.0,0.0,0.0
device_0,0.975,1.35,0.1,drop,P2prime,0.04467888606284045,0.0005170079153153382,0.1,0.0,2.3,0.48304589153964794,9.9,2.766867462592951,0.90412,0.013125784632631372,0.012775,0.0004842921524130746,0.0,0.0,0.06470066043201742,0.001773867232715956
device_0,0.975,1.35,0.1,late,P0,0.06215032341522655,0.0006075743485833625,0.1,0.0,4.7,0.48304589153964794,884.3,21.197746211435888,0.23332000000000003,0.0034214356960524874,0.047352,0.0013258607267230844,0.0,0.0,0.2398312798487888,0.0033565125153455695
device_0,0.975,1.35,0.1,late,P1,0.06416139836339704,0.0006087426152428484,0.004876,0.00013696714934611156,2.3,0.48304589153964794,9.9,2.766867462592951,1.0,0.0,0.052403,0.0013564008748645552,0.0,0.0,0.2654275542689618,0.003714964525088774
device_0,0.975,1.35,0.1,late,P2,0.05319882943045171,0.000542419924098566,0.1,0.0,11.9,1.728840330651992,2168.6,28.123536998985962,0.8834899999999999,0.0027261898523600987,0.0,0.0,0.0,0.0,0.0,0.0
device_0,0.975,1.35,0.1,late,P2prime,0.054131755408991566,0.0005473078208873819,0.1,0.0,2.3,0.48304589153964794,9.9,2.766867462592951,0.7607999999999999,0.012827054741184075,0.012781,0.0004812587661539269,0.0,0.0,0.06473115983451076,0.001756729543847536
device_0,0.975,1.35,0.15,drop,P0,0.05417969340513701,0.0005098896902051782,0.15,0.0,6.0,0.9428090415820634,1893.8,34.640374645138515,0.21812666666666666,0.0048318337392702785,0.044898,0.0011299046174100026,0.0,0.0,0.22741512686405002,0.0029767420822577424
device_0,0.975,1.35,0.15,drop,P1,0.06338133028786766,0.0006056895850112548,0.004876,0.00013696714934611156,2.3,0.48304589153964794,9.9,2.766867462592951,1.0,0.0,0.052403,0.0013564008748645552,0.0,0.0,0.2654275542689618,0.003714964525088774
device_0,0.975,1.35,0.15,drop,P2,0.035484821589901544,0.0004891163188600185,0.15,0.0,31.2,4.541169697580374,2809.8,106.17260579934083,1.0,0.0,0.0,0.0,0.0,0.0,0.0,0.0
device_0,0.975,1.35,0.15,drop,P2prime,0.03972232736497559,0.00030791663394618725,0.15,0.0,2.3,0.48304589153964794,9.9,2.766867462592951,0.6423066666666667,0.012665192896719373,0.016452,0.0005156182912021463,0.0,0.0,0.08333327628533314,0.00197418971593768
device_0,0.975,1.35,0.15,late,P0,0.06109008122616625,0.0005788934204875324,0.15,0.0,6.2,0.9189365834726815,1894.2,28.758766779308655,0.22018666666666667,0.0032781807661876232,0.04477,0.0012222929272477998,0.0,0.0,0.22676023174383603,0.0033510779506260024
device_0,0.975,1.35,0.15,late,P1,0.06416139836339704,0.0006087426152428484,0.004876,0.00013696714934611156,2.3,0.48304589153964794,9.9,2.766867462592951,1.0,0.0,0.052403,0.0013564008748645552,0.0,0.0,0.2654275542689618,0.003714964525088774
device_0,0.975,1.35,0.15,late,P2,0.049337762506601004,0.0005204629309016323,0.15,0.0,23.4,4.3256341860022225,2977.2,53.02158889442004,0.8837333333333334,0.01160731995523557,0.0,0.0,0.0,0.0,0.0,0.0
device_0,0.975,1.35,0.15,late,P2prime,0.051773742019602456,0.00041326133704990323,0.137135,0.0020009233979451676,2.3,0.48304589153964794,9.9,2.766867462592951,0.6936543790030514,0.005157301861879262,0.015528999999999998,0.0005074653792241508,0.0,0.0,0.07865528942301112,0.0018821776142207002
device_0,0.975,1.5,0.01,drop,P0,0.0566800207469219,0.0005249323450645353,0.01,0.0,2.1,0.31622776601683794,10.4,2.7568097504180438,0.2524,0.005501514942874073,0.009704,0.0002489622907635252,0.0,0.0,0.04916082658278563,0.0011974603369724922
device_0,0.975,1.5,0.01,drop,P1,0.05722723104142648,0.0005300582618506707,0.000609,8.265725752904112e-05,1.2,0.4216370213557839,0.3,0.6749485577105528,1.0,0.0,0.0098,0.00025819888974716175,0.0,0.0,0.04964662319685036,0.0012218580256759906
device_0,0.975,1.5,0.01,drop,P2,0.05479249809387164,0.0005189907131159186,0.01,0.0,3.1,0.316227766016838,47.1,4.931756504757936,1.0,0.0,0.00040899999999999997,0.00021951714688784056,0.0,0.0,0.0020649140824718025,0.0011126097080622298
device_0,0.975,1.5,0.01,drop,P2prime,0.05480551433684781,0.0005111231539412171,0.01,0.0,1.2,0.4216370213557839,0.3,0.6749485577105528,1.0,0.0,0.0005459999999999999,9.240009620004611e-05,0.0,0.0,0.0027670653198935387,0.00047208765788206853
device_0,0.975,1.5,0.01,late,P0,0.05719766679565245,0.0005168980531861562,0.01,0.0,2.2,0.4216370213557839,10.0,1.9999999999999998,0.25060000000000004,0.020039960079800568,0.009717,0.0002612810321814,0.0,0.0,0.04922714513153286,0.0012831287814990642
device_0,0.975,1.5,0.01,late,P1,0.057334407459675496,0.0005225512472745727,0.000609,8.265725752904112e-05,1.2,0.4216370213557839,0.3,0.6749485577105528,1.0,0.0,0.0098,0.00025819888974716175,0.0,0.0,0.04964662319685036,0.0012218580256759906
device_0,0.975,1.5,0.01,late,P2,0.0562799112482583,0.0005156804889289229,0.01,0.0,3.3,0.4830458915396479,46.9,3.0349812373573437,1.0,0.0,0.00040899999999999997,0.00021951714688784056,0.0,0.0,0.0020649140824718025,0.0011126097080622298
device_0,0.975,1.5,0.01,late,P2prime,0.05628853485205373,0.0005154653566011413,0.01,0.0,1.2,0.4216370213557839,0.3,0.6749485577105528,1.0,0.0,0.000549,9.350579304691944e-05,0.0,0.0,0.0027822157439333734,0.0004773723871278526
device_0,0.975,1.5,0.05,drop,P0,0.05438776871967439,0.0005015381211667527,0.05,0.0,3.9,0.8755950357709131,239.1,10.20294075254777,0.20838,0.006735280246582169,0.009298,0.0002681127457702154,0.0,0.0,0.04710566074696301,0.0013689855781509187
device_0,0.975,1.5,0.05,drop,P1,0.05722723104142648,0.0005300582618506707,0.000609,8.265725752904112e-05,1.2,0.4216370213557839,0.3,0.6749485577105528,1.0,0.0,0.0098,0.00025819888974716175,0.0,0.0,0.04964662319685036,0.0012218580256759906
device_0,0.975,1.5,0.05,drop,P2,0.04821536365679546,0.0005089361519696051,0.05,0.0,6.8,0.9189365834726815,922.9,19.913423724825527,1.0,0.0,0.0,0.0,0.0,0.0,0.0,0.0
device_0,0.975,1.5,0.05,drop,P2prime,0.04828994443797512,0.0005075029152848748,0.05,0.0,1.2,0.4216370213557839,0.3,0.6749485577105528,1.0,0.0,0.000517,5.396500923952689e-05,0.0,0.0,0.002620538435726721,0.0002857739167229235
device_0,0.975,1.5,0.05,late,P0,0.056632668527993736,0.0005128301220172838,0.05,0.0,3.2,0.4216370213557839,238.7,11.195733314278451,0.2071,0.004874650984657488,0.00931,0.00025948667274704754,0.0,0.0,0.04716352084501111,0.0012031656904396572
device_0,0.975,1.5,0.05,late,P1,0.057334407459675496,0.0005225512472745727,0.000609,8.265725752904112e-05,1.2,0.4216370213557839,0.3,0.6749485577105528,1.0,0.0,0.0098,0.00025819888974716175,0.0,0.0,0.04964662319685036,0.0012218580256759906
device_0,0.975,1.5,0.05,late,P2,0.052961668531790754,0.0005114101987826439,0.05,0.0,6.8,0.7888106377466154,927.6,24.313690702062388,1.0,0.0,0.0,0.0,0.0,0.0,0.0,0.0
device_0,0.975,1.5,0.05,late,P2prime,0.05303983644467854,0.0005089935739735163,0.05,0.0,1.2,0.4216370213557839,0.3,0.6749485577105528,1.0,0.0,0.00053,5.374838498865697e-05,0.0,0.0,0.0026866669195608913,0.0002873432337982767
device_0,0.975,1.5,0.1,drop,P0,0.05154310183685597,0.0004964152757697066,0.1,0.0,4.7,0.8232726023485645,887.0,26.915505650915133,0.20104000000000002,0.0043336410147178156,0.008792,0.00024188151369351649,0.0,0.0,0.044538663950953385,0.001084286607880923
device_0,0.975,1.5,0.1,drop,P1,0.05722723104142648,0.0005300582618506707,0.000609,8.265725752904112e-05,1.2,0.4216370213557839,0.3,0.6749485577105528,1.0,0.0,0.0098,0.00025819888974716175,0.0,0.0,0.04964662319685036,0.0012218580256759906
device_0,0.975,1.5,0.1,drop,P2,0.040242031636279305,0.0005036198795360378,0.1,0.0,13.3,1.8885620632287057,2478.5,31.46161682643367,1.0,0.0,0.0,0.0,0.0,0.0,0.0,0.0
device_0,0.975,1.5,0.1,drop,P2prime,0.040706183545960686,0.00044049510227937177,0.1,0.0,1.2,0.4216370213557839,0.3,0.6749485577105528,0.94474,0.017071822137988423,0.000517,5.396500923952689e-05,0.0,0.0,0.002620538435726721,0.0002857739167229235
device_0,0.975,1.5,0.1,late,P0,0.055929880947192166,0.0004903246428768971,0.1,0.0,4.6,0.5163977794943223,896.1,22.673773395709862,0.20107,0.005181816498316221,0.00884,0.0002488640860657345,0.0,0.0,0.04479005948157306,0.0014346420642625767
device_0,0.975,1.5,0.1,late,P1,0.057334407459675496,0.0005225512472745727,0.000609,8.265725752904112e-05,1.2,0.4216370213557839,0.3,0.6749485577105528,1.0,0.0,0.0098,0.00025819888974716175,0.0,0.0,0.04964662319685036,0.0012218580256759906
device_0,0.975,1.5,0.1,late,P2,0.04934317661395393,0.0005029625562809568,0.1,0.0,12.9,1.5238839267549946,2292.3,28.635836134310967,0.9308,0.0046523590192980935,0.0,0.0,0.0,0.0,0.0,0.0
device_0,0.975,1.5,0.1,late,P2prime,0.04977054998653447,0.00046830788882612555,0.1,0.0,1.2,0.4216370213557839,0.3,0.6749485577105528,0.86819,0.0036093859126819392,0.0006630000000000001,7.930952023559341e-05,0.0,0.0,0.003363948129362614,0.000445219969069919
device_0,0.975,1.5,0.15,drop,P0,0.04865911331431003,0.00041284203759572364,0.15,0.0,6.0,0.8164965809277264,1903.1,36.67106034281893,0.20096666666666665,0.006471609413048793,0.008332,0.00020465689444639897,0.0,0.0,0.04221120518779571,0.001025224795146516
device_0,0.975,1.5,0.15,drop,P1,0.05722723104142648,0.0005300582618506707,0.000609,8.265725752904112e-05,1.2,0.4216370213557839,0.3,0.6749485577105528,1.0,0.0,0.0098,0.00025819888974716175,0.0,0.0,0.04964662319685036,0.0012218580256759906
device_0,0.975,1.5,0.15,drop,P2,0.0324159489362217,0.0004951938720969107,0.15,0.0,31.2,4.541169697580374,2809.8,106.17260579934083,1.0,0.0,0.0,0.0,0.0,0.0,0.0,0.0
device_0,0.975,1.5,0.15,drop,P2prime,0.03765031109185772,0.0002692488197191819,0.15,0.0,1.2,0.4216370213557839,0.3,0.6749485577105528,0.6517466666666667,0.013065978817874128,0.0012590000000000001,0.00010503438590396109,0.0,0.0,0.006378078783256805,0.0005274452179945825
device_0,0.975,1.5,0.15,late,P0,0.05521976666091166,0.00048046444060861345,0.15,0.0,5.8,0.7888106377466155,1904.8,25.332456125163464,0.1996,0.0048024685010631405,0.00834,0.00024069344264714287,0.0,0.0,0.042253962038338325,0.0012830622798537627
device_0,0.975,1.5,0.15,late,P1,0.057334407459675496,0.0005225512472745727,0.000609,8.265725752904112e-05,1.2,0.4216370213557839,0.3,0.6749485577105528,1.0,0.0,0.0098,0.00025819888974716175,0.0,0.0,0.04964662319685036,0.0012218580256759906
device_0,0.975,1.5,0.15,late,P2,0.04607618082947606,0.00048529212107185926,0.15,0.0,25.7,7.02456008903365,2964.9,54.7954783211575,0.9102733333333333,0.0025549661155976227,0.0,0.0,0.0,0.0,0.0,0.0
device_0,0.975,1.5,0.15,late,P2prime,0.04944225646197492,0.0003673319094098756,0.109677,0.00217315975789479,1.2,0.4216370213557839,0.3,0.6749485577105528,0.8797067214428236,0.002445543128207924,0.0016979999999999999,0.00010239357618739788,0.0,0.0,0.008605539187165884,0.0005677752160338702
device_0,0.975,2.0,0.01,drop,P0,0.050595900750126044,0.0004241490217224285,0.01,0.0,2.0,0.0,9.7,3.3015148038438356,0.19619999999999999,0.012163698268025049,0.0,0.0,0.0,0.0,0.0,0.0
device_0,0.975,2.0,0.01,drop,P1,0.051102399937603335,0.00042311741125753685,0.0,0.0,0.0,0.0,0.0,0.0,,,0.0,0.0,0.0,0.0,0.0,0.0
device_0,0.975,2.0,0.01,drop,P2,0.04940192417179948,0.0004232963356036203,0.01,0.0,3.1,0.316227766016838,47.1,4.931756504757936,1.0,0.0,0.0,0.0,0.0,0.0,0.0,0.0
device_0,0.975,2.0,0.01,drop,P2prime,0.04940268275774754,0.00042324770774232066,0.01,0.0,1.0,0.0,0.0,0.0,1.0,0.0,0.0,0.0,0.0,0.0,0.0,0.0
device_0,0.975,2.0,0.01,late,P0,0.05102621404023302,0.00042137132970679136,0.01,0.0,2.2,0.4216370213557839,10.5,4.089281382128433,0.1913,0.010625441167311603,0.0,0.0,0.0,0.0,0.0,0.0
device_0,0.975,2.0,0.01,late,P1,0.051102399937603335,0.00042311741125753685,0.0,0.0,0.0,0.0,0.0,0.0,,,0.0,0.0,0.0,0.0,0.0,0.0
device_0,0.975,2.0,0.01,late,P2,0.05050605190086185,0.0004229789023406377,0.01,0.0,3.0,0.0,44.1,5.801340841181077,1.0,0.0,0.0,0.0,0.0,0.0,0.0,0.0
device_0,0.975,2.0,0.01,late,P2prime,0.05050628833102681,0.0004229779683374726,0.01,0.0,1.0,0.0,0.0,0.0,1.0,0.0,0.0,0.0,0.0,0.0,0.0,0.0
device_0,0.975,2.0,0.05,drop,P0,0.0485411318667344,0.00040512942462278025,0.05,0.0,3.4,0.5163977794943223,235.6,14.20641482648674,0.19758,0.006994251607967472,0.0,0.0,0.0,0.0,0.0,0.0
device_0,0.975,2.0,0.05,drop,P1,0.051102399937603335,0.00042311741125753685,0.0,0.0,0.0,0.0,0.0,0.0,,,0.0,0.0,0.0,0.0,0.0,0.0
device_0,0.975,2.0,0.05,drop,P2,0.042861436134723305,0.00042061011170716503,0.05,0.0,6.8,0.9189365834726815,922.9,19.913423724825527,1.0,0.0,0.0,0.0,0.0,0.0,0.0,0.0
device_0,0.975,2.0,0.05,drop,P2prime,0.0429518912360552,0.00040934061640343286,0.05,0.0,1.0,0.0,0.0,0.0,1.0,0.0,0.0,0.0,0.0,0.0,0.0,0.0
device_0,0.975,2.0,0.05,late,P0,0.050700793435537905,0.0004215876779820441,0.05,0.0,3.4,0.5163977794943222,233.5,13.176156917368253,0.19874,0.004560750425581783,0.0,0.0,0.0,0.0,0.0,0.0
device_0,0.975,2.0,0.05,late,P1,0.051102399937603335,0.00042311741125753685,0.0,0.0,0.0,0.0,0.0,0.0,,,0.0,0.0,0.0,0.0,0.0,0.0
device_0,0.975,2.0,0.05,late,P2,0.04824031598848437,0.0004210493970430173,0.05,0.0,6.5,0.97182531580755,934.2,18.48001924000926,1.0,0.0,0.0,0.0,0.0,0.0,0.0,0.0
device_0,0.975,2.0,0.05,late,P2prime,0.04826641579286443,0.00042031619234857484,0.05,0.0,1.0,0.0,0.0,0.0,1.0,0.0,0.0,0.0,0.0,0.0,0.0,0.0
device_0,0.975,2.0,0.1,drop,P0,0.04599151237102667,0.00039084214116912096,0.1,0.0,4.9,0.5676462121975466,895.2,26.15679219204407,0.19855,0.004914434521556543,0.0,0.0,0.0,0.0,0.0,0.0
device_0,0.975,2.0,0.1,drop,P1,0.051102399937603335,0.00042311741125753685,0.0,0.0,0.0,0.0,0.0,0.0,,,0.0,0.0,0.0,0.0,0.0,0.0
device_0,0.975,2.0,0.1,drop,P2,0.035476549209796066,0.0003937066169223214,0.1,0.0,13.3,1.8885620632287057,2478.5,31.46161682643367,1.0,0.0,0.0,0.0,0.0,0.0,0.0,0.0
device_0,0.975,2.0,0.1,drop,P2prime,0.03693765104147697,0.00023910211461311966,0.1,0.0,1.0,0.0,0.0,0.0,0.93564,0.017117255750979592,0.0,0.0,0.0,0.0,0.0,0.0
device_0,0.975,2.0,0.1,late,P0,0.05030715686634217,0.0004069277626393662,0.1,0.0,4.7,0.6749485577105528,896.7,31.269616065581758,0.19692,0.0043517046468405105,0.0,0.0,0.0,0.0,0.0,0.0
device_0,0.975,2.0,0.1,late,P1,0.051102399937603335,0.00042311741125753685,0.0,0.0,0.0,0.0,0.0,0.0,,,0.0,0.0,0.0,0.0,0.0,0.0
device_0,0.975,2.0,0.1,late,P2,0.04562432385989853,0.00041370518286785,0.1,0.0,12.8,1.1352924243950933,2469.0,32.40713227396434,1.0,0.0,0.0,0.0,0.0,0.0,0.0,0.0
device_0,0.975,2.0,0.1,late,P2prime,0.0465207710103527,0.0003243900656308469,0.08873400000000001,0.0019290423646059294,1.0,0.0,0.0,0.0,1.0,0.0,0.0,0.0,0.0,0.0,0.0,0.0
device_0,0.975,2.0,0.15,drop,P0,0.04342117143424002,0.00034564734768393143,0.15,0.0,5.8,0.7888106377466155,1891.3,43.294983029856375,0.19883333333333333,0.0048748535907106256,0.0,0.0,0.0,0.0,0.0,0.0
device_0,0.975,2.0,0.15,drop,P1,0.051102399937603335,0.00042311741125753685,0.0,0.0,0.0,0.0,0.0,0.0,,,0.0,0.0,0.0,0.0,0.0,0.0
device_0,0.975,2.0,0.15,drop,P2,0.028573662009642432,0.00037109138533349345,0.15,0.0,31.2,4.541169697580374,2809.8,106.17260579934083,1.0,0.0,0.0,0.0,0.0,0.0,0.0,0.0
device_0,0.975,2.0,0.15,drop,P2prime,0.034578666235379564,0.00021557539487716427,0.15,0.0,1.0,0.0,0.0,0.0,0.6328466666666667,0.013223288472414524,0.0,0.0,0.0,0.0,0.0,0.0
device_0,0.975,2.0,0.15,late,P0,0.04989671561567516,0.00038788634725143615,0.15,0.0,5.7,0.8232726023485645,1884.5,36.197759292223864,0.19876666666666667,0.005833005281780917,0.0,0.0,0.0,0.0,0.0,0.0
device_0,0.975,2.0,0.15,late,P1,0.051102399937603335,0.00042311741125753685,0.0,0.0,0.0,0.0,0.0,0.0,,,0.0,0.0,0.0,0.0,0.0,0.0
device_0,0.975,2.0,0.15,late,P2,0.0433697797635643,0.00035724272630255723,0.15,0.0,32.0,6.253887679764573,2817.9,108.14234446629422,1.0,0.0,0.0,0.0,0.0,0.0,0.0,0.0
device_0,0.975,2.0,0.15,late,P2prime,0.0465207710103527,0.0003243900656308469,0.08873400000000001,0.0019290423646059294,1.0,0.0,0.0,0.0,1.0,0.0,0.0,0.0,0.0,0.0,0.0,0.0
device_0,0.975,2.5,0.01,drop,P0,0.04626363001258292,0.00033548539306640354,0.01,0.0,2.0,0.0,12.1,2.8460498941515415,0.2,0.016145174717749785,0.0,0.0,0.0,0.0,0.0,0.0
device_0,0.975,2.5,0.01,drop,P1,0.04673472352274304,0.00033848001694811283,0.0,0.0,0.0,0.0,0.0,0.0,,,0.0,0.0,0.0,0.0,0.0,0.0
device_0,0.975,2.5,0.01,drop,P2,0.04503495080894343,0.0003386622511042318,0.01,0.0,3.1,0.316227766016838,47.1,4.931756504757936,1.0,0.0,0.0,0.0,0.0,0.0,0.0,0.0
device_0,0.975,2.5,0.01,drop,P2prime,0.045036139261973,0.00033856577241996375,0.01,0.0,1.0,0.0,0.0,0.0,1.0,0.0,0.0,0.0,0.0,0.0,0.0,0.0
device_0,0.975,2.5,0.01,late,P0,0.046698057203563195,0.00033929216955903727,0.01,0.0,2.1,0.316227766016838,9.7,4.083843505544474,0.20049999999999998,0.011721300648344826,0.0,0.0,0.0,0.0,0.0,0.0
device_0,0.975,2.5,0.01,late,P1,0.04673472352274304,0.00033848001694811283,0.0,0.0,0.0,0.0,0.0,0.0,,,0.0,0.0,0.0,0.0,0.0,0.0
device_0,0.975,2.5,0.01,late,P2,0.046235812751140234,0.0003382903311289483,0.01,0.0,3.1,0.8755950357709131,45.7,7.134423592694787,1.0,0.0,0.0,0.0,0.0,0.0,0.0,0.0
device_0,0.975,2.5,0.01,late,P2prime,0.046236061545600005,0.0003382834116087716,0.01,0.0,1.0,0.0,0.0,0.0,1.0,0.0,0.0,0.0,0.0,0.0,0.0,0.0
device_0,0.975,2.5,0.05,drop,P0,0.04440726318417494,0.00031696480705006023,0.05,0.0,3.4,0.5163977794943221,231.3,11.981930840505909,0.19524,0.008881841650868982,0.0,0.0,0.0,0.0,0.0,0.0
device_0,0.975,2.5,0.05,drop,P1,0.04673472352274304,0.00033848001694811283,0.0,0.0,0.0,0.0,0.0,0.0,,,0.0,0.0,0.0,0.0,0.0,0.0
device_0,0.975,2.5,0.05,drop,P2,0.03876698271007362,0.0003315896829670298,0.05,0.0,6.8,0.9189365834726815,922.9,19.913423724825527,1.0,0.0,0.0,0.0,0.0,0.0,0.0,0.0
device_0,0.975,2.5,0.05,drop,P2prime,0.03884107553469032,0.0003298051179063029,0.05,0.0,1.0,0.0,0.0,0.0,1.0,0.0,0.0,0.0,0.0,0.0,0.0,0.0
device_0,0.975,2.5,0.05,late,P0,0.046556270061917766,0.0003329571733915709,0.05,0.0,3.6,0.699205898780101,243.8,14.883249346534214,0.19746,0.006758073361214396,0.0,0.0,0.0,0.0,0.0,0.0
device_0,0.975,2.5,0.05,late,P1,0.04673472352274304,0.00033848001694811283,0.0,0.0,0.0,0.0,0.0,0.0,,,0.0,0.0,0.0,0.0,0.0,0.0
device_0,0.975,2.5,0.05,late,P2,0.04440168559490219,0.0003315463267244616,0.05,0.0,6.6,0.6992058987801009,916.0,25.668831077571276,1.0,0.0,0.0,0.0,0.0,0.0,0.0,0.0
device_0,0.975,2.5,0.05,late,P2prime,0.044460672793582574,0.0003270209101835889,0.05,0.0,1.0,0.0,0.0,0.0,1.0,0.0,0.0,0.0,0.0,0.0,0.0,0.0
device_0,0.975,2.5,0.1,drop,P0,0.04207411324942008,0.000312039389353944,0.1,0.0,4.7,0.48304589153964794,885.2,14.860835926839549,0.19584,0.006449668380794641,0.0,0.0,0.0,0.0,0.0,0.0
device_0,0.975,2.5,0.1,drop,P1,0.04673472352274304,0.00033848001694811283,0.0,0.0,0.0,0.0,0.0,0.0,,,0.0,0.0,0.0,0.0,0.0,0.0
device_0,0.975,2.5,0.1,drop,P2,0.03207468126699326,0.00020825424588050677,0.1,0.0,13.3,1.8885620632287057,2478.5,31.46161682643367,1.0,0.0,0.0,0.0,0.0,0.0,0.0,0.0
device_0,0.975,2.5,0.1,drop,P2prime,0.034357484435010056,0.00018451975642044615,0.1,0.0,1.0,0.0,0.0,0.0,0.9101100000000001,0.01659541101228489,0.0,0.0,0.0,0.0,0.0,0.0
device_0,0.975,2.5,0.1,late,P0,0.046379765719538876,0.00031880268899376626,0.1,0.0,4.6,0.6992058987801011,880.5,18.446619684315543,0.19767,0.007626277670732366,0.0,0.0,0.0,0.0,0.0,0.0
device_0,0.975,2.5,0.1,late,P1,0.04673472352274304,0.00033848001694811283,0.0,0.0,0.0,0.0,0.0,0.0,,,0.0,0.0,0.0,0.0,0.0,0.0
device_0,0.975,2.5,0.1,late,P2,0.04314353533206517,0.0002473392292419897,0.1,0.0,384.6,216.04330841549134,2117.0,46.175991837991155,0.88941,0.021459131700358562,0.0,0.0,0.0,0.0,0.0,0.0
device_0,0.975,2.5,0.1,late,P2prime,0.044149643976367045,0.00027559191556653724,0.060953,0.0014201881721956583,1.0,0.0,0.0,0.0,1.0,0.0,0.0,0.0,0.0,0.0,0.0,0.0
device_0,0.975,2.5,0.15,drop,P0,0.03972291395256512,0.0002779536677914779,0.15,0.0,5.8,0.6324555320336758,1892.8,22.991785972869152,0.19776,0.005804655432612517,0.0,0.0,0.0,0.0,0.0,0.0
device_0,0.975,2.5,0.15,drop,P1,0.04673472352274304,0.00033848001694811283,0.0,0.0,0.0,0.0,0.0,0.0,,,0.0,0.0,0.0,0.0,0.0,0.0
device_0,0.975,2.5,0.15,drop,P2,0.027944267766705205,0.00016634804769624675,0.15,0.0,31.2,4.541169697580374,2809.8,106.17260579934083,1.0,0.0,0.0,0.0,0.0,0.0,0.0,0.0
device_0,0.975,2.5,0.15,drop,P2prime,0.03202889800547257,0.00016538581910395154,0.15,0.0,1.0,0.0,0.0,0.0,0.61412,0.012191103819822016,0.0,0.0,0.0,0.0,0.0,0.0
device_0,0.975,2.5,0.15,late,P0,0.04619520966800729,0.0003279101765454913,0.15,0.0,5.5,0.5270462766947299,1908.8,27.09571511840532,0.19659333333333334,0.005763867871447613,0.0,0.0,0.0,0.0,0.0,0.0
device_0,0.975,2.5,0.15,late,P1,0.04673472352274304,0.00033848001694811283,0.0,0.0,0.0,0.0,0.0,0.0,,,0.0,0.0,0.0,0.0,0.0,0.0
device_0,0.975,2.5,0.15,late,P2,0.04314353533206517,0.0002473392292419897,0.15,0.0,5857.6,198.64328721493604,1998.5,43.3570447947428,0.63422,0.019036652107363577,0.0,0.0,0.0,0.0,0.0,0.0
device_0,0.975,2.5,0.15,late,P2prime,0.044149643976367045,0.00027559191556653724,0.060953,0.0014201881721956583,1.0,0.0,0.0,0.0,1.0,0.0,0.0,0.0,0.0,0.0,0.0,0.0
device_0,0.975,3.0,0.01,drop,P0,0.0437739212621752,0.00027363414431289034,0.01,0.0,2.0,0.0,10.3,2.8303906287138374,0.1911,0.012896597311780432,0.0,0.0,0.0,0.0,0.0,0.0
device_0,0.975,3.0,0.01,drop,P1,0.04421392047728105,0.00027002624945337265,0.0,0.0,0.0,0.0,0.0,0.0,,,0.0,0.0,0.0,0.0,0.0,0.0
device_0,0.975,3.0,0.01,drop,P2,0.04251414776348143,0.0002701821981056372,0.01,0.0,3.1,0.316227766016838,47.1,4.931756504757936,1.0,0.0,0.0,0.0,0.0,0.0,0.0,0.0
device_0,0.975,3.0,0.01,drop,P2prime,0.04251533621651101,0.00027008824629373793,0.01,0.0,1.0,0.0,0.0,0.0,1.0,0.0,0.0,0.0,0.0,0.0,0.0,0.0
device_0,0.975,3.0,0.01,late,P0,0.04420324734502454,0.0002690549675007721,0.01,0.0,2.0,0.0,10.8,1.932183566158592,0.20190000000000002,0.009768998583955947,0.0,0.0,0.0,0.0,0.0,0.0
device_0,0.975,3.0,0.01,late,P1,0.04421392047728105,0.00027002624945337265,0.0,0.0,0.0,0.0,0.0,0.0,,,0.0,0.0,0.0,0.0,0.0,0.0
device_0,0.975,3.0,0.01,late,P2,0.043820475956457945,0.0002698020973726884,0.01,0.0,2.9,0.316227766016838,48.9,4.2282121254470875,1.0,0.0,0.0,0.0,0.0,0.0,0.0,0.0
device_0,0.975,3.0,0.01,late,P2prime,0.043821111931649344,0.0002698402179121209,0.01,0.0,1.0,0.0,0.0,0.0,1.0,0.0,0.0,0.0,0.0,0.0,0.0,0.0
device_0,0.975,3.0,0.05,drop,P0,0.041991220964227784,0.0002647707330146519,0.05,0.0,3.6,0.5163977794943222,232.0,18.372685039360896,0.19916,0.004735492465297451,0.0,0.0,0.0,0.0,0.0,0.0
device_0,0.975,3.0,0.05,drop,P1,0.04421392047728105,0.00027002624945337265,0.0,0.0,0.0,0.0,0.0,0.0,,,0.0,0.0,0.0,0.0,0.0,0.0
device_0,0.975,3.0,0.05,drop,P2,0.03694134136957406,0.00023468132745273023,0.05,0.0,6.8,0.9189365834726815,922.9,19.913423724825527,1.0,0.0,0.0,0.0,0.0,0.0,0.0,0.0
device_0,0.975,3.0,0.05,drop,P2prime,0.037257410884428535,0.00023773546531672223,0.05,0.0,1.0,0.0,0.0,0.0,1.0,0.0,0.0,0.0,0.0,0.0,0.0,0.0
device_0,0.975,3.0,0.05,late,P0,0.04416061332134182,0.00026979477491369095,0.05,0.0,3.3,0.48304589153964794,237.4,14.653023957910905,0.19946,0.0048534523794923545,0.0,0.0,0.0,0.0,0.0,0.0
device_0,0.975,3.0,0.05,late,P1,0.04421392047728105,0.00027002624945337265,0.0,0.0,0.0,0.0,0.0,0.0,,,0.0,0.0,0.0,0.0,0.0,0.0
device_0,0.975,3.0,0.05,late,P2,0.04314353533206517,0.0002473392292419897,0.05,0.0,767.1,68.92902952393221,445.7,22.524307857167205,0.72332,0.03589319960351513,0.0,0.0,0.0,0.0,0.0,0.0
device_0,0.975,3.0,0.05,late,P2prime,0.04327895156557264,0.00025196490097995484,0.028284999999999998,0.0005670439920225672,1.0,0.0,0.0,0.0,1.0,0.0,0.0,0.0,0.0,0.0,0.0,0.0
device_0,0.975,3.0,0.1,drop,P0,0.03980962970131304,0.00024090994432068454,0.1,0.0,4.8,0.6324555320336759,882.0,17.694945919982647,0.19541,0.0046246801691215995,0.0,0.0,0.0,0.0,0.0,0.0
device_0,0.975,3.0,0.1,drop,P1,0.04421392047728105,0.00027002624945337265,0.0,0.0,0.0,0.0,0.0,0.0,,,0.0,0.0,0.0,0.0,0.0,0.0
device_0,0.975,3.0,0.1,drop,P2,0.03207468126699326,0.00020825424588050677,0.1,0.0,13.3,1.8885620632287057,2478.5,31.46161682643367,1.0,0.0,0.0,0.0,0.0,0.0,0.0,0.0
device_0,0.975,3.0,0.1,drop,P2prime,0.033356140559197014,0.00015728433168771873,0.1,0.0,1.0,0.0,0.0,0.0,0.90704,0.01684453092912423,0.0,0.0,0.0,0.0,0.0,0.0
device_0,0.975,3.0,0.1,late,P0,0.044110563202397014,0.0002690333339089577,0.1,0.0,4.3,0.674948557710553,891.9,19.823947358911386,0.19675,0.004976667782987148,0.0,0.0,0.0,0.0,0.0,0.0
device_0,0.975,3.0,0.1,late,P1,0.04421392047728105,0.00027002624945337265,0.0,0.0,0.0,0.0,0.0,0.0,,,0.0,0.0,0.0,0.0,0.0,0.0
device_0,0.975,3.0,0.1,late,P2,0.04314353533206517,0.0002473392292419897,0.1,0.0,5930.0,68.32276341015492,421.0,21.5096877398689,0.44431000000000004,0.02437190778106812,0.0,0.0,0.0,0.0,0.0,0.0
device_0,0.975,3.0,0.1,late,P2prime,0.04327895156557264,0.00025196490097995484,0.028284999999999998,0.0005670439920225672,1.0,0.0,0.0,0.0,1.0,0.0,0.0,0.0,0.0,0.0,0.0,0.0
device_0,0.975,3.0,0.15,drop,P0,0.03758891255845292,0.00022600349309749853,0.15,0.0,5.6,0.5163977794943223,1889.9,37.74902500580494,0.19735333333333333,0.004781140935171783,0.0,0.0,0.0,0.0,0.0,0.0
device_0,0.975,3.0,0.15,drop,P1,0.04421392047728105,0.00027002624945337265,0.0,0.0,0.0,0.0,0.0,0.0,,,0.0,0.0,0.0,0.0,0.0,0.0
device_0,0.975,3.0,0.15,drop,P2,0.027944267766705205,0.00016634804769624675,0.15,0.0,31.2,4.541169697580374,2809.8,106.17260579934083,1.0,0.0,0.0,0.0,0.0,0.0,0.0,0.0
device_0,0.975,3.0,0.15,drop,P2prime,0.031028662128104074,0.0001383973612473193,0.15,0.0,1.0,0.0,0.0,0.0,0.6148466666666667,0.012240594272671062,0.0,0.0,0.0,0.0,0.0,0.0
device_0,0.975,3.0,0.15,late,P0,0.04405381047946625,0.0002654763776598231,0.15,0.0,5.8,0.9189365834726816,1879.6,27.46796113454526,0.19696,0.004188897730612543,0.0,0.0,0.0,0.0,0.0,0.0
device_0,0.975,3.0,0.15,late,P1,0.04421392047728105,0.00027002624945337265,0.0,0.0,0.0,0.0,0.0,0.0,,,0.0,0.0,0.0,0.0,0.0,0.0
device_0,0.975,3.0,0.15,late,P2,0.04314353533206517,0.0002473392292419897,0.15,0.0,11107.2,80.91943867548548,396.5,24.932130095744142,0.35518666666666665,0.019952729322260835,0.0,0.0,0.0,0.0,0.0,0.0
device_0,0.975,3.0,0.15,late,P2prime,0.04327895156557264,0.00025196490097995484,0.028284999999999998,0.0005670439920225672,1.0,0.0,0.0,0.0,1.0,0.0,0.0,0.0,0.0,0.0,0.0,0.0
device_0,0.975,4.0,0.01,drop,P0,0.04272918402642153,0.0002452572230094309,0.01,0.0,2.0,0.0,11.0,2.403700850309326,0.2011,0.01373923821274916,0.0,0.0,0.0,0.0,0.0,0.0
device_0,0.975,4.0,0.01,drop,P1,0.04316140846802036,0.00024725207471614614,0.0,0.0,0.0,0.0,0.0,0.0,,,0.0,0.0,0.0,0.0,0.0,0.0
device_0,0.975,4.0,0.01,drop,P2,0.04164378155495495,0.00024802427856205435,0.01,0.0,3.1,0.316227766016838,47.1,4.931756504757936,1.0,0.0,0.0,0.0,0.0,0.0,0.0,0.0
device_0,0.975,4.0,0.01,drop,P2prime,0.04164784214970531,0.00024776983266137616,0.01,0.0,1.0,0.0,0.0,0.0,1.0,0.0,0.0,0.0,0.0,0.0,0.0,0.0
device_0,0.975,4.0,0.01,late,P0,0.04316126321691202,0.0002473026604606101,0.01,0.0,2.3,0.4830458915396479,10.0,2.788866755113585,0.1976,0.01187153458207208,0.0,0.0,0.0,0.0,0.0,0.0
device_0,0.975,4.0,0.01,late,P1,0.04316140846802036,0.00024725207471614614,0.0,0.0,0.0,0.0,0.0,0.0,,,0.0,0.0,0.0,0.0,0.0,0.0
device_0,0.975,4.0,0.01,late,P2,0.04314353533206517,0.0002473392292419897,0.01,0.0,1.8,0.4216370213557839,1.8,1.3165611772087666,0.3527,0.07726728501334398,0.0,0.0,0.0,0.0,0.0,0.0
device_0,0.975,4.0,0.01,late,P2prime,0.04314363651061795,0.00024733547347171594,0.0019279999999999998,0.00016054075287394578,1.0,0.0,0.0,0.0,1.0,0.0,0.0,0.0,0.0,0.0,0.0,0.0
device_0,0.975,4.0,0.05,drop,P0,0.040996649756360255,0.00023489856919233854,0.05,0.0,3.5,0.5270462766947298,235.2,8.625543461139127,0.19898,0.007339058371329242,0.0,0.0,0.0,0.0,0.0,0.0
device_0,0.975,4.0,0.05,drop,P1,0.04316140846802036,0.00024725207471614614,0.0,0.0,0.0,0.0,0.0,0.0,,,0.0,0.0,0.0,0.0,0.0,0.0
device_0,0.975,4.0,0.05,drop,P2,0.03694134136957406,0.00023468132745273023,0.05,0.0,6.8,0.9189365834726815,922.9,19.913423724825527,1.0,0.0,0.0,0.0,0.0,0.0,0.0,0.0
device_0,0.975,4.0,0.05,drop,P2prime,0.037082689768889746,0.00023146523360116717,0.05,0.0,1.0,0.0,0.0,0.0,1.0,0.0,0.0,0.0,0.0,0.0,0.0,0.0
device_0,0.975,4.0,0.05,late,P0,0.04316045426790817,0.00024713168688302755,0.05,0.0,3.3,0.48304589153964794,237.8,10.00888494177937,0.1991,0.005763679380395825,0.0,0.0,0.0,0.0,0.0,0.0
device_0,0.975,4.0,0.05,late,P1,0.04316140846802036,0.00024725207471614614,0.0,0.0,0.0,0.0,0.0,0.0,,,0.0,0.0,0.0,0.0,0.0,0.0
device_0,0.975,4.0,0.05,late,P2,0.04314353533206517,0.0002473392292419897,0.05,0.0,3815.8,14.09333964049057,2.6,1.0749676997731399,0.23708,0.034776262657802155,0.0,0.0,0.0,0.0,0.0,0.0
device_0,0.975,4.0,0.05,late,P2prime,0.04314363651061795,0.00024733547347171594,0.0019279999999999998,0.00016054075287394578,1.0,0.0,0.0,0.0,1.0,0.0,0.0,0.0,0.0,0.0,0.0,0.0
device_0,0.975,4.0,0.1,drop,P0,0.03883434107595568,0.00022329885685222302,0.1,0.0,4.9,0.8755950357709132,883.6,25.604687070925106,0.19847,0.0061847572484473685,0.0,0.0,0.0,0.0,0.0,0.0
device_0,0.975,4.0,0.1,drop,P1,0.04316140846802036,0.00024725207471614614,0.0,0.0,0.0,0.0,0.0,0.0,,,0.0,0.0,0.0,0.0,0.0,0.0
device_0,0.975,4.0,0.1,drop,P2,0.03207468126699326,0.00020825424588050677,0.1,0.0,13.3,1.8885620632287057,2478.5,31.46161682643367,1.0,0.0,0.0,0.0,0.0,0.0,0.0,0.0
device_0,0.975,4.0,0.1,drop,P2prime,0.03317079658462231,0.00015359300074114488,0.1,0.0,1.0,0.0,0.0,0.0,0.9141600000000001,0.016202619815600436,0.0,0.0,0.0,0.0,0.0,0.0
device_0,0.975,4.0,0.1,late,P0,0.0431595621730911,0.0002472608169710208,0.1,0.0,4.9,0.5676462121975466,892.4,23.022694117857796,0.1992,0.006590397054300549,0.0,0.0,0.0,0.0,0.0,0.0
device_0,0.975,4.0,0.1,late,P1,0.04316140846802036,0.00024725207471614614,0.0,0.0,0.0,0.0,0.0,0.0,,,0.0,0.0,0.0,0.0,0.0,0.0
device_0,0.975,4.0,0.1,late,P2,0.04314353533206517,0.0002473392292419897,0.1,0.0,8826.6,15.137884778117924,2.5,0.97182531580755,0.21145999999999998,0.020964848887814306,0.0,0.0,0.0,0.0,0.0,0.0
device_0,0.975,4.0,0.1,late,P2prime,0.04314363651061795,0.00024733547347171594,0.0019279999999999998,0.00016054075287394578,1.0,0.0,0.0,0.0,1.0,0.0,0.0,0.0,0.0,0.0,0.0,0.0
device_0,0.975,4.0,0.15,drop,P0,0.036697610186648064,0.00021505450679599162,0.15,0.0,5.7,0.6749485577105528,1886.4,37.4171677768968,0.19632,0.0056351454459961274,0.0,0.0,0.0,0.0,0.0,0.0
device_0,0.975,4.0,0.15,drop,P1,0.04316140846802036,0.00024725207471614614,0.0,0.0,0.0,0.0,0.0,0.0,,,0.0,0.0,0.0,0.0,0.0,0.0
device_0,0.975,4.0,0.15,drop,P2,0.027944267766705205,0.00016634804769624675,0.15,0.0,31.2,4.541169697580374,2809.8,106.17260579934083,1.0,0.0,0.0,0.0,0.0,0.0,0.0,0.0
device_0,0.975,4.0,0.15,drop,P2prime,0.0308335888638962,0.0001338105931318717,0.15,0.0,1.0,0.0,0.0,0.0,0.6223,0.012348409204287956,0.0,0.0,0.0,0.0,0.0,0.0
device_0,0.975,4.0,0.15,late,P0,0.0431587203238407,0.0002473379564023611,0.15,0.0,5.8,0.9189365834726815,1906.5,33.40409156575484,0.19883333333333333,0.004749450910433463,0.0,0.0,0.0,0.0,0.0,0.0
device_0,0.975,4.0,0.15,late,P1,0.04316140846802036,0.00024725207471614614,0.0,0.0,0.0,0.0,0.0,0.0,,,0.0,0.0,0.0,0.0,0.0,0.0
device_0,0.975,4.0,0.15,late,P2,0.04314353533206517,0.0002473392292419897,0.15,0.0,13838.3,15.36265312734457,2.3,0.9486832980505138,0.21380666666666664,0.020236855511359814,0.0,0.0,0.0,0.0,0.0,0.0
device_0,0.975,4.0,0.15,late,P2prime,0.04314363651061795,0.00024733547347171594,0.0019279999999999998,0.00016054075287394578,1.0,0.0,0.0,0.0,1.0,0.0,0.0,0.0,0.0,0.0,0.0,0.0
