device,rho,seed,deadline_ratio,deadline_ms,epsilon,skip_mode,r_good_mbps,r_bad_mbps,rate_ratio,pi_bad_observed,lag1_autocorr,forced_count,discretionary_budget,burst_burn_in_slots,sha256
device_0,0.0,1701,1.2,42.0,0.1,drop,48,16,3,0.19936,-0.002661444942765865,3163,6837,1000,44cc6b7373e3e02e8fa045db07e6c236398e65e3052698dc739b086ec5649dbf
device_0,0.0,1702,1.2,42.0,0.1,drop,48,16,3,0.20106,0.005830007599770396,3200,6800,1000,6d6b033cf9911635577d28863bee871dedd6a3642a580f34e50abbf44d42d8fb
device_0,0.0,1703,1.2,42.0,0.1,drop,48,16,3,0.19952,0.005656351965683195,3200,6800,1000,5d68c9395af679b6c9853ba962f73f15b0bdf592370ba82f7723697cc0146312
device_0,0.0,1704,1.2,42.0,0.1,drop,48,16,3,0.20257,0.002457782015709934,3103,6897,1000,832496c53e35248d294a19f6eb3bd36c5dd98fbdd3bb571225f44c920b3b101a
device_0,0.0,1705,1.2,42.0,0.1,drop,48,16,3,0.20104,-0.004155617772998724,3178,6822,1000,e3d4e04d56010840d787b2ccd0a847e0f8993cf836ffaf4ba1e81cc40eb0fbaa
device_0,0.0,1706,1.2,42.0,0.1,drop,48,16,3,0.20062,-0.0045443747273977144,3146,6854,1000,27261f902c456ebc47a0eb277f0955292ec583152aa4d200d5596cca2c471aca
device_0,0.0,1707,1.2,42.0,0.1,drop,48,16,3,0.19896,0.001346027845602329,3139,6861,1000,62569f384529a5a81bd0ace614aee99e380651745d1748ed936796783d5852c9
device_0,0.0,1708,1.2,42.0,0.1,drop,48,16,3,0.19922,-0.001372807149175493,3189,6811,1000,81f49d677eb26afb42494ac9ef91dec167b311354a2021d7ce1ce0a2cbd0fecd
device_0,0.0,1709,1.2,42.0,0.1,drop,48,16,3,0.20001,0.005034822885721277,3191,6809,1000,6da4109929c3ff8de4d9c9943c2c80c7ea5562a5973be4dcb9b025191897073a
device_0,0.0,1710,1.2,42.0,0.1,drop,48,16,3,0.19848,0.0007247411049733544,3096,6904,1000,67163e9293debbc1d947b8bafc9020e2090a76347ad80174c0e3aeb023ff74e9
device_0,0.375,1701,1.2,42.0,0.1,drop,48,16,3,0.19773,0.37585282092426525,3098,6902,1000,a7bc79970db580c85afb6313c2aedde70358ffb171e2931adda1155138f4a743
device_0,0.375,1702,1.2,42.0,0.1,drop,48,16,3,0.20083,0.3763938072575695,3186,6814,1000,5b84848da3dd3ddde3842f1cc33ef6440edf7a9bee1adff80846934ade71dab4
device_0,0.375,1703,1.2,42.0,0.1,drop,48,16,3,0.19949,0.3708761472322628,3203,6797,1000,a714a28e2b3e33c49a96334c9f2a650d470ff7c14ce218b0fca6089032ab5b56
device_0,0.375,1704,1.2,42.0,0.1,drop,48,16,3,0.19956,0.37083454970073176,3200,6800,1000,8b12b73a3639f534e03701f86af1a109eead0b30b4be23a56c4661be9f6a707e
device_0,0.375,1705,1.2,42.0,0.1,drop,48,16,3,0.1976,0.38054564128452917,3144,6856,1000,ef0f4a5b806c0921d3bb6d11d22c9965fd04d719dafd81b094c59afb45c2fc38
device_0,0.375,1706,1.2,42.0,0.1,drop,48,16,3,0.19975,0.37847803043317246,3216,6784,1000,0e88f1d849d9db38589ad0f45239ac71666c2aa2d007965960bb9e06eee148a0
device_0,0.375,1707,1.2,42.0,0.1,drop,48,16,3,0.19756,0.3714936166119789,3179,6821,1000,60ce084f3d72fbb5f92dd51f09e378f07675b7a1b4c33aa69b38a926b4cf2b51
device_0,0.375,1708,1.2,42.0,0.1,drop,48,16,3,0.19968,0.3728274067949136,3026,6974,1000,45fdd882c947d951fa24330fb97b75ba02d57d428eff540c9b31513022d23362
device_0,0.375,1709,1.2,42.0,0.1,drop,48,16,3,0.20214,0.3789219763360735,3255,6745,1000,60632459cc2e7847c2f59e91254c206fc946e591909bf1369417d8d131e32a0b
device_0,0.375,1710,1.2,42.0,0.1,drop,48,16,3,0.19842,0.37511826036297974,3242,6758,1000,c8993244c72ead7a43946df07eca9fa5267bc0f9f4cd38050691daad3e454157
device_0,0.75,1701,1.2,42.0,0.1,drop,48,16,3,0.20817,0.7556341521150168,3279,6721,1000,6564d26f0fc95251d0baa36442a1f5df4f06d4302779908d4576e544582570be
device_0,0.75,1702,1.2,42.0,0.1,drop,48,16,3,0.20244,0.7487885933421545,3324,6676,1000,e79ff75d2d1441211298f63d76bb1a97d5cbcff162d72ba0363a0e823be70581
device_0,0.75,1703,1.2,42.0,0.1,drop,48,16,3,0.20102,0.7470900970852136,3268,6732,1000,557d41ebcde8a6fc098b45033c84b0924a7ccfc206909a56b6604a5e62971983
device_0,0.75,1704,1.2,42.0,0.1,drop,48,16,3,0.19715,0.7479806369104111,3132,6868,1000,e5b05d6a06cd6be17d584ec6efc32d88ff6bc3dc3bd837f60deb401788fa502f
device_0,0.75,1705,1.2,42.0,0.1,drop,48,16,3,0.20494,0.7506431485678381,3323,6677,1000,f4c7c2cb9856ece5879ea7fa600996efe09bb0b3e20f51bdd6d5d2ebdc199708
device_0,0.75,1706,1.2,42.0,0.1,drop,48,16,3,0.20282,0.7537784223147826,3142,6858,1000,aaa512c6f23f4125795ad3994ed367513ef8e45a20e452b7a24a4bab4bd440b4
device_0,0.75,1707,1.2,42.0,0.1,drop,48,16,3,0.20138,0.7431906944181493,3220,6780,1000,f2088f3912aa87f5ba3a90d0bcc818b6576748fc8adcef65031072c49118672b
device_0,0.75,1708,1.2,42.0,0.1,drop,48,16,3,0.20034,0.7475350990705809,3173,6827,1000,5532adf28f8439065e68bec50b8190a499c07fc6a51997d503dd7561828dd051
device_0,0.75,1709,1.2,42.0,0.1,drop,48,16,3,0.20613,0.7542776800152501,3271,6729,1000,ee189f9cfbcf5dd52f17f987060d48b7403eba45ae4997dc870fb84da357ab7e
device_0,0.75,1710,1.2,42.0,0.1,drop,48,16,3,0.20286,0.74728584709585,3198,6802,1000,e86d3b7f4e3ddf94fc6f2d35215eb8ab674c1ea055e263e13fa0950393a8ee16
device_0,0.875,1701,1.2,42.0,0.1,drop,48,16,3,0.20249,0.8763990178082249,3214,6786,1000,09a29486c18fb0ba40ff09e5080140d6069c57231256c09963813be45576f19a
device_0,0.875,1702,1.2,42.0,0.1,drop,48,16,3,0.19703,0.8759866636367837,3061,6939,1000,bcf52bf9e4df1438353f775c88fb3cd526a576cd2a548f9d744821644bc51eaf
device_0,0.875,1703,1.2,42.0,0.1,drop,48,16,3,0.20238,0.8773687974569232,3265,6735,1000,84c6af24778751c8abbe74d53f88976db1b9bed9ca1cbac612805837535845ed
device_0,0.875,1704,1.2,42.0,0.1,drop,48,16,3,0.19663,0.8771256568671042,3154,6846,1000,4d6d6ecd8bd55ccf1610438ac434d285bb8d03c1ddf182dfba6d8e006c814d76
device_0,0.875,1705,1.2,42.0,0.1,drop,48,16,3,0.20133,0.8756186617053834,3183,6817,1000,09eddbce97e3c86731f329457ecc22a97cb8f255532d338ba3e19747964866f1
device_0,0.875,1706,1.2,42.0,0.1,drop,48,16,3,0.19605,0.8731077294363513,3189,6811,1000,053d5bdb10241fcfcd89a927111b1878d77c1dd48630fc246c8ef9e7a46bd7cf
device_0,0.875,1707,1.2,42.0,0.1,drop,48,16,3,0.2,0.8774036452681541,3167,6833,1000,87b119b09ba2b34fc96f3e2ff03dad7066b31e7277f0289995a55c323f136771
device_0,0.875,1708,1.2,42.0,0.1,drop,48,16,3,0.20258,0.87442580026271,3321,6679,1000,207d98d280855c7ea9a11c25891f42f95a3028d1c0fcef0851653d221dd33ce0
device_0,0.875,1709,1.2,42.0,0.1,drop,48,16,3,0.19831,0.8770598020870867,3067,6933,1000,70f50d53a08261f800b6cb9cf74656aade2e90ee5d35e6c9ac5cfe12353f06ed
device_0,0.875,1710,1.2,42.0,0.1,drop,48,16,3,0.19668,0.8724656025657239,3148,6852,1000,dc407cd0103fdb70c4080a71d63b700a86ac6e0dde65ba956579c255b5a733f0
device_0,0.9375,1701,1.2,42.0,0.1,drop,48,16,3,0.20509,0.9402237906216514,3191,6809,1000,f10320324a2b039a698a64405f1e5335a3b385d996b18edb5748eb425800e249
device_0,0.9375,1702,1.2,42.0,0.1,drop,48,16,3,0.19366,0.9366016280001491,3090,6910,1000,1b1266f0820daa57fdf227f4c94d580a6498257cde8f0cc36af32c3681cbbb0e
device_0,0.9375,1703,1.2,42.0,0.1,drop,48,16,3,0.19489,0.9369055048961522,3087,6913,1000,00afbaebefe14b67936ba04058fc1c4a91c9a1111630fc75932bf45980ed73cf
device_0,0.9375,1704,1.2,42.0,0.1,drop,48,16,3,0.19999,0.9358099323716185,3218,6782,1000,9ff2bfd33d1b6a1d308492fd4f24bf1ca19a7b7d32e0c6048bbee15dff803748
device_0,0.9375,1705,1.2,42.0,0.1,drop,48,16,3,0.19063,0.9374553760710133,3080,6920,1000,a75c0d07223e0572eb778c40db62f3c8e3dd9db3933c8dbd30fa53a68a06a2d6
device_0,0.9375,1706,1.2,42.0,0.1,drop,48,16,3,0.20144,0.9386428776611538,3154,6846,1000,dd12adea08a1e12182b922b80deeb3a7c50276bf54bae232ce1852a242ba77c8
device_0,0.9375,1707,1.2,42.0,0.1,drop,48,16,3,0.20073,0.9386652506542138,3202,6798,1000,11a853fb640c35262845fc20a7e83bdf2a8e5f28e52674227a08132019456f16
device_0,0.9375,1708,1.2,42.0,0.1,drop,48,16,3,0.19042,0.9350336658268497,3012,6988,1000,0293792342ed297fa467477f5760676b3b51868d86ab82423665d6b34204a5ff
device_0,0.9375,1709,1.2,42.0,0.1,drop,48,16,3,0.20214,0.9387695757970393,3236,6764,1000,f3f16d4f932d419b64812cf88d18ac7a52e1de6577e415fe431a75964b41a60e
device_0,0.9375,1710,1.2,42.0,0.1,drop,48,16,3,0.20082,0.9338903427364145,3133,6867,1000,4b426f34d27adf693ec8a97ae378bd131eb24dbab68d5d406788cae658afa325
device_0,0.975,1701,1.2,42.0,0.1,drop,48,16,3,0.20012,0.9750727182312047,3130,6870,1000,ba5ffc55c73d84357b58bd75fd85dd69702a0c2cac28af666ba30fc0e19687f1
device_0,0.975,1702,1.2,42.0,0.1,drop,48,16,3,0.19762,0.9739220248349032,3200,6800,1000,781947a3d73ac582f88c8e63b313d7f988738a95f2a1f22cd16f4f55b873d1ed
device_0,0.975,1703,1.2,42.0,0.1,drop,48,16,3,0.1984,0.975854682367182,3132,6868,1000,84714fd28041b014a2dbbffff31c623b9e1fc2b045ba948c960a336c6b00dc81
device_0,0.975,1704,1.2,42.0,0.1,drop,48,16,3,0.19634,0.9733501805342133,3171,6829,1000,3f64f12018c15af3b0853547fa357335d37acdc6660eaa64142375bfa3d76fcf
device_0,0.975,1705,1.2,42.0,0.1,drop,48,16,3,0.19493,0.9747974986214312,3113,6887,1000,68567fcf17312de2f94f98273fbfb6b2f4584e11eb7aad95d047c49ac6a26aff
device_0,0.975,1706,1.2,42.0,0.1,drop,48,16,3,0.203,0.9742259419786155,3184,6816,1000,ca2ea8564d1a8599e1c962fc13a24bec4a59ac56b2ff58526f275ebd3969de0d
device_0,0.975,1707,1.2,42.0,0.1,drop,48,16,3,0.20266,0.9738223967562294,3142,6858,1000,89c19c2ed1c422826ea864931045c6473fb899bc58123d510f1100964e77edfd
device_0,0.975,1708,1.2,42.0,0.1,drop,48,16,3,0.19043,0.9746047948044175,3000,7000,1000,37f640cd9de72fb3cfcf91aaeb6499a552e0dafb4be127517f39986a8777b3b2
device_0,0.975,1709,1.2,42.0,0.1,drop,48,16,3,0.19294,0.9749540477640206,2978,7022,1000,2765d8f0b10bcd70ed5b3c3bf4c922ec57b4b754b213ac987c9d03a340597ef2
device_0,0.975,1710,1.2,42.0,0.1,drop,48,16,3,0.19779,0.9774683509778551,3120,6880,1000,36f8b5c2875a71d36a9a2fc5b909994515e421b4e08ec58061e3ba9936221049
device_0,0.0,1701,1.2,42.0,0.1,late,48,16,3,0.19936,-0.002661444942765865,3163,6837,1000,7c7789274111a24073fdc87bf4507c244e3a505f61088b3b73043fbe4e7c243b
device_0,0.0,1702,1.2,42.0,0.1,late,48,16,3,0.20106,0.005830007599770396,3200,6800,1000,20b9191a74af92d93628a0c6dd9d633b8506d80b3156b149364fc70a155f2a9b
device_0,0.0,1703,1.2,42.0,0.1,late,48,16,3,0.19952,0.005656351965683195,3200,6800,1000,a6bcbc5ee2a509228cc9789c9f0188681dfb68fea88fca1a35ce9e79532963a2
device_0,0.0,1704,1.2,42.0,0.1,late,48,16,3,0.20257,0.002457782015709934,3103,6897,1000,b38bd981122310ae83ad83f1432246ff2a18909f89f22772048ec254612d8d32
device_0,0.0,1705,1.2,42.0,0.1,late,48,16,3,0.20104,-0.004155617772998724,3178,6822,1000,60f87b2aedf7c9ffd34b410ada2ce3c2013a4d231ebe9a85fe73d20624236457
device_0,0.0,1706,1.2,42.0,0.1,late,48,16,3,0.20062,-0.0045443747273977144,3146,6854,1000,96763fdd8fb44dace24c9241aaf87b58ffbbc3e3db4f1f79b916c03773ec6098
device_0,0.0,1707,1.2,42.0,0.1,late,48,16,3,0.19896,0.001346027845602329,3139,6861,1000,9b9eacac9453ba2f347d95eec824bdd8575acb407e645f133060fcc0692564c0
device_0,0.0,1708,1.2,42.0,0.1,late,48,16,3,0.19922,-0.001372807149175493,3189,6811,1000,f136cf995801da84ae8034f1f4b9a438f2d68011649309771f1fc73c63910596
device_0,0.0,1709,1.2,42.0,0.1,late,48,16,3,0.20001,0.005034822885721277,3191,6809,1000,533c1ae9179887637ea4752263e82e4359fc28d1382ba168dcf1aa49c55c62bc
device_0,0.0,1710,1.2,42.0,0.1,late,48,16,3,0.19848,0.0007247411049733544,3096,6904,1000,b0241391e3abdfe396a47105cb81cbb13516b819a3ff8c9db70fd2bae7208fa1
device_0,0.375,1701,1.2,42.0,0.1,late,48,16,3,0.19773,0.37585282092426525,3098,6902,1000,59461a8a6d204b243ec670aea9eda6c5881d2f99b3de681e283212588290586a
device_0,0.375,1702,1.2,42.0,0.1,late,48,16,3,0.20083,0.3763938072575695,3186,6814,1000,f1ff38c02597a80acdf05cd1234e3f70d0de55ad56a0018ebeab5e73daec2460
device_0,0.375,1703,1.2,42.0,0.1,late,48,16,3,0.19949,0.3708761472322628,3203,6797,1000,260c7d43bb8b0a2a068ba34df290fd0e5a82d926fa3a8c89bc2560b70b93e3a8
device_0,0.375,1704,1.2,42.0,0.1,late,48,16,3,0.19956,0.37083454970073176,3200,6800,1000,e7f73933c72548d86dba153d986ff1bb9ce09599d7881779faa797d47675be07
device_0,0.375,1705,1.2,42.0,0.1,late,48,16,3,0.1976,0.38054564128452917,3144,6856,1000,764717ef3b3e66e169c2a14a9f79dcaf07263c3b6a74e174451f51590f96c496
device_0,0.375,1706,1.2,42.0,0.1,late,48,16,3,0.19975,0.37847803043317246,3216,6784,1000,be827e0fd9f414b10f3d51310eeb6a70f5ab657fa54571876e638a122dfb3227
device_0,0.375,1707,1.2,42.0,0.1,late,48,16,3,0.19756,0.3714936166119789,3179,6821,1000,379337493935b6ac2fa873c4f6fd9198a824ef8841fa506f30338577f82b13d9
device_0,0.375,1708,1.2,42.0,0.1,late,48,16,3,0.19968,0.3728274067949136,3026,6974,1000,84c424975c1e4f966f83aa80a468e3b00fbd8c29e947ca8d5bc08cb4e3c4fead
device_0,0.375,1709,1.2,42.0,0.1,late,48,16,3,0.20214,0.3789219763360735,3255,6745,1000,0ddb7af3d70afeae9bc6ce91c71582bdc5a4ba92ed42962cfaa06ca2bd992d18
device_0,0.375,1710,1.2,42.0,0.1,late,48,16,3,0.19842,0.37511826036297974,3242,6758,1000,df808349c7b5ad376f9144c6ea08ed03c209249ddaba2141f26f41eaa27c3d2b
device_0,0.75,1701,1.2,42.0,0.1,late,48,16,3,0.20817,0.7556341521150168,3279,6721,1000,42bd5bac616eac737b10c0bd2b97a9848bf2fb44edfdf5dcade535d8703c208f
device_0,0.75,1702,1.2,42.0,0.1,late,48,16,3,0.20244,0.7487885933421545,3324,6676,1000,8af75401884f8ed2c18b01b2402784d677f25203f7046257a7262a0e4e1376de
device_0,0.75,1703,1.2,42.0,0.1,late,48,16,3,0.20102,0.7470900970852136,3268,6732,1000,3fdda8705ff567888641e2f5b38ea8310c518888ed957c0fe00e27b5a9f99c1f
device_0,0.75,1704,1.2,42.0,0.1,late,48,16,3,0.19715,0.7479806369104111,3132,6868,1000,1ea6983d422ab80f657f93093fae9d5c011bfc474e3f2798c9ad66a488294f4f
device_0,0.75,1705,1.2,42.0,0.1,late,48,16,3,0.20494,0.7506431485678381,3323,6677,1000,9bcfb8cca6c1bb36cba7168bdc4aee6300b1941ba7904036f28add5738da8053
device_0,0.75,1706,1.2,42.0,0.1,late,48,16,3,0.20282,0.7537784223147826,3142,6858,1000,c203c96c2a6191e44df2901383eab99fa38f0bac213cbc9460814e9355c0bbb4
device_0,0.75,1707,1.2,42.0,0.1,late,48,16,3,0.20138,0.7431906944181493,3220,6780,1000,44fb3129f06ec787d0f1a8adfaffadd29645a63bcda85b6538a489aebdf8f030
device_0,0.75,1708,1.2,42.0,0.1,late,48,16,3,0.20034,0.7475350990705809,3173,6827,1000,c56e13af33b56c67bdb20872c4f040710dfb05c0d012add59904eb4cf2628ef9
device_0,0.75,1709,1.2,42.0,0.1,late,48,16,3,0.20613,0.7542776800152501,3271,6729,1000,2f9195de7bceccaa8decf469620c8bd89f905ab289c93f6139e8f5c2c01cc309
device_0,0.75,1710,1.2,42.0,0.1,late,48,16,3,0.20286,0.74728584709585,3198,6802,1000,414221d06b94e33a759b74cbec43974f9b2ba855a523ebc7c3cc8251c9c3a205
device_0,0.875,1701,1.2,42.0,0.1,late,48,16,3,0.20249,0.8763990178082249,3214,6786,1000,2a91bdaeb95ffbc497242ddcf6c7c8a97bf70f8e618f8f7fcdc6cc7a4afb89d9
device_0,0.875,1702,1.2,42.0,0.1,late,48,16,3,0.19703,0.8759866636367837,3061,6939,1000,db6680abe38c8bb27c55bdc7f0820a8c27e0c7be690f7210e78368c48f2806d4
device_0,0.875,1703,1.2,42.0,0.1,late,48,16,3,0.20238,0.8773687974569232,3265,6735,1000,9fed56720dee73d0ec45af553935919fd44d0247e33a9dc55aee4f0b2eabdd5d
device_0,0.875,1704,1.2,42.0,0.1,late,48,16,3,0.19663,0.8771256568671042,3154,6846,1000,09c53e892defc5dd3a33b998895a0cd3b3c839a13b17374df198938210f4cf6a
device_0,0.875,1705,1.2,42.0,0.1,late,48,16,3,0.20133,0.8756186617053834,3183,6817,1000,07632525ef52671aac4e1bd3dcc3631a0a69961f286e106bb0786e97294c20fa
device_0,0.875,1706,1.2,42.0,0.1,late,48,16,3,0.19605,0.8731077294363513,3189,6811,1000,797e02386b7dbcce9bb853a1b71057f2dc1c46e21711357f710182eb75048e2c
device_0,0.875,1707,1.2,42.0,0.1,late,48,16,3,0.2,0.8774036452681541,3167,6833,1000,e949e49cbec475c862a2d4df1dfc59e816ed61da117a95ba860961a1e6e92df2
device_0,0.875,1708,1.2,42.0,0.1,late,48,16,3,0.20258,0.87442580026271,3321,6679,1000,3949581caaa650221a168cfeb250f1c758d7bf890446555a51e59bff86ed69f1
device_0,0.875,1709,1.2,42.0,0.1,late,48,16,3,0.19831,0.8770598020870867,3067,6933,1000,5ed401c9b51988a55832c6007e75822301d80d823e1ab12e11fb8ba26c49e7d7
device_0,0.875,1710,1.2,42.0,0.1,late,48,16,3,0.19668,0.8724656025657239,3148,6852,1000,9a9a1d824751a743eaada088262a630f59805922d02aeafbddbf3a9935074798
device_0,0.9375,1701,1.2,42.0,0.1,late,48,16,3,0.20509,0.9402237906216514,3191,6809,1000,51a0fc3e8bd82ddc1391f699d74e8dd25d7b8580757da71c623243c41382693f
device_0,0.9375,1702,1.2,42.0,0.1,late,48,16,3,0.19366,0.9366016280001491,3090,6910,1000,6a4732b77c1af395a564058a7e3885688969e0dd2d209d48c4b7556435103ce6
device_0,0.9375,1703,1.2,42.0,0.1,late,48,16,3,0.19489,0.9369055048961522,3087,6913,1000,7ba741c43cdd2e2407442fdfa7b6adb9621a1aed13b5b92058005501ca9aefe8
device_0,0.9375,1704,1.2,42.0,0.1,late,48,16,3,0.19999,0.9358099323716185,3218,6782,1000,8b069aa7e79d7621aef2735753189f13265d76fceb22c0096c22ed029584d073
device_0,0.9375,1705,1.2,42.0,0.1,late,48,16,3,0.19063,0.9374553760710133,3080,6920,1000,b3fbc307aeaa801a564542bad1bae74d3b32f2c315ba76a111dc2438276fdc3f
device_0,0.9375,1706,1.2,42.0,0.1,late,48,16,3,0.20144,0.9386428776611538,3154,6846,1000,6bfb96be0f5626864b156693421c0982c28637c2a3ad1d3268be7e18bf45eb94
device_0,0.9375,1707,1.2,42.0,0.1,late,48,16,3,0.20073,0.9386652506542138,3202,6798,1000,f98b8dae6b963454fc9317a4476f4d0f285fa48de68a7d32a6c52822b86330e1
device_0,0.9375,1708,1.2,42.0,0.1,late,48,16,3,0.19042,0.9350336658268497,3012,6988,1000,0e9544c3c88357425cea7999bd33911d1f6e9d0612ee2ac0933c062af0ef0988
device_0,0.9375,1709,1.2,42.0,0.1,late,48,16,3,0.20214,0.9387695757970393,3236,6764,1000,a991ed285dd6d240ff7f85199e9085cfcab80ca4780bfb49a1b2c57ae963492b
device_0,0.9375,1710,1.2,42.0,0.1,late,48,16,3,0.20082,0.9338903427364145,3133,6867,1000,29a216569e89cd1797c274fa1ad8d40a723ff92ad1dad690d1640d5a7a282d4d
device_0,0.975,1701,1.2,42.0,0.1,late,48,16,3,0.20012,0.9750727182312047,3130,6870,1000,8912ccbebbe58fa3a4e1faaa9b650dfd22be87c33a6b546f5ca520e009f18a90
device_0,0.975,1702,1.2,42.0,0.1,late,48,16,3,0.19762,0.9739220248349032,3200,6800,1000,2a05114dc17c248c66cef810299e917021a269e906b4cf707eaf53487836de90
device_0,0.975,1703,1.2,42.0,0.1,late,48,16,3,0.1984,0.975854682367182,3132,6868,1000,e91c0d476bbf18f43993dd4f82cfba339360e34c92c28888c27afed500486b31
device_0,0.975,1704,1.2,42.0,0.1,late,48,16,3,0.19634,0.9733501805342133,3171,6829,1000,eeec3cefe952f7970b053deadc162e70e1b89b006355def72c54d0f758b04664
device_0,0.975,1705,1.2,42.0,0.1,late,48,16,3,0.19493,0.9747974986214312,3113,6887,1000,a6ff426c6ff8cfdd73a581d528eaec05f7c8d267ce86e7b1a1276d7f5893d03b
device_0,0.975,1706,1.2,42.0,0.1,late,48,16,3,0.203,0.9742259419786155,3184,6816,1000,de94847588770ef0ad67330107ab48d54c06d3531c074747d1e563a5cdf530ce
device_0,0.975,1707,1.2,42.0,0.1,late,48,16,3,0.20266,0.9738223967562294,3142,6858,1000,46840d62251e47cd2844af0d7534c6e70b80caa1b7195a6ab1bbebddfb4f9499
device_0,0.975,1708,1.2,42.0,0.1,late,48,16,3,0.19043,0.9746047948044175,3000,7000,1000,efcec859b95b0dd87b4a5591b3d5f11dfaa0239515a1540fec7cbf9a09dcfed9
device_0,0.975,1709,1.2,42.0,0.1,late,48,16,3,0.19294,0.9749540477640206,2978,7022,1000,c9cdda58588a4f0a94794c5a5af9bb3cabd89325a86e5ecb7bb1b7060779d928
device_0,0.975,1710,1.2,42.0,0.1,late,48,16,3,0.19779,0.9774683509778551,3120,6880,1000,29a4d643f84b6f7f9e869e1bed48700baf9f4c8dc59c906f9a491b8af861f567
device_0,0.0,1701,1.2,42.0,0.15,drop,48,16,3,0.19936,-0.002661444942765865,3163,11837,1000,ae375c8905c312c734041c7b29bb8072b1c5ea6d067c07db90639c29bdf7f278
device_0,0.0,1702,1.2,42.0,0.15,drop,48,16,3,0.20106,0.005830007599770396,3200,11800,1000,0ced4025df6ecc07961b99f7663fa99c755d763c530df6573b1f8d834d1d6a79
device_0,0.0,1703,1.2,42.0,0.15,drop,48,16,3,0.19952,0.005656351965683195,3200,11800,1000,b2d2051d95b7e71967e2df9d553ca2b17844362b96a46d863d6d91817e224c95
device_0,0.0,1704,1.2,42.0,0.15,drop,48,16,3,0.20257,0.002457782015709934,3103,11897,1000,bc4ba9fffdbe18a7b2c143c9934318890218190115506c0ce3f569fd0cf4bd76
device_0,0.0,1705,1.2,42.0,0.15,drop,48,16,3,0.20104,-0.004155617772998724,3178,11822,1000,62bd34888836f940a09da09832755526835ba7437687ea3ed233c568b8761aee
device_0,0.0,1706,1.2,42.0,0.15,drop,48,16,3,0.20062,-0.0045443747273977144,3146,11854,1000,78a0401e8ce7ebe77939c5a0031bd261d4f6bf79bf64f119676342c20001db52
device_0,0.0,1707,1.2,42.0,0.15,drop,48,16,3,0.19896,0.001346027845602329,3139,11861,1000,d336a6aa07f6b2d6105edd19e3e1f4abca213df2576a124022b9e5bff0fb8e93
device_0,0.0,1708,1.2,42.0,0.15,drop,48,16,3,0.19922,-0.001372807149175493,3189,11811,1000,97715e61bd73dd1c88bb4fde6aa76424d0bedc2717eb0e4e71693bf1c270c597
device_0,0.0,1709,1.2,42.0,0.15,drop,48,16,3,0.20001,0.005034822885721277,3191,11809,1000,45e102878193805bf1d387138797ccf974b2302de9b1052e44bb2a5c2db0a582
device_0,0.0,1710,1.2,42.0,0.15,drop,48,16,3,0.19848,0.0007247411049733544,3096,11904,1000,a16640cb28accad4cb54d8ba383003ad7d2809f4bd3781e56c33d52c1e346cf7
device_0,0.375,1701,1.2,42.0,0.15,drop,48,16,3,0.19773,0.37585282092426525,3098,11902,1000,c67599b20cad435142c65a26ca77b43b5df38fe67da525869976932b462c79dd
device_0,0.375,1702,1.2,42.0,0.15,drop,48,16,3,0.20083,0.3763938072575695,3186,11814,1000,740deab9c0ac7cd12f0a3f1877a923ae7f9c1fc4b51216f5383a33c76bc854d5
device_0,0.375,1703,1.2,42.0,0.15,drop,48,16,3,0.19949,0.3708761472322628,3203,11797,1000,8289e7b361b94deb743e6dd8b1a6effbf122f41078c9dae9c54768863a85d590
device_0,0.375,1704,1.2,42.0,0.15,drop,48,16,3,0.19956,0.37083454970073176,3200,11800,1000,08070628ce948f56818f078e486af98cd5e63e8c48ff79d68397840f1a5cc056
device_0,0.375,1705,1.2,42.0,0.15,drop,48,16,3,0.1976,0.38054564128452917,3144,11856,1000,e562ebb47723943a19f2d49ece4a82c9e385c4c0994ac14d72fb36f398199830
device_0,0.375,1706,1.2,42.0,0.15,drop,48,16,3,0.19975,0.37847803043317246,3216,11784,1000,2c3b3b274b19f9d7cd9cd48516f72e8e17319639d2708959c0217b8b1739aa20
device_0,0.375,1707,1.2,42.0,0.15,drop,48,16,3,0.19756,0.3714936166119789,3179,11821,1000,c9ea0abf46219a8bf0649e0982b1e6909746bf8cc069f8da4369ea7f520d9710
device_0,0.375,1708,1.2,42.0,0.15,drop,48,16,3,0.19968,0.3728274067949136,3026,11974,1000,b1cde907eff1134aaae72822af9758f35bc4b0c3b6f52b2e3d06176560af57c7
device_0,0.375,1709,1.2,42.0,0.15,drop,48,16,3,0.20214,0.3789219763360735,3255,11745,1000,fd611f15975630ca9d8947776d0a9217216179081524858f87b7b805c498725c
device_0,0.375,1710,1.2,42.0,0.15,drop,48,16,3,0.19842,0.37511826036297974,3242,11758,1000,c0e2923e6bcc87ccff64f035121ceefe66356365fade4abc679e56ac2a2dd7ae
device_0,0.75,1701,1.2,42.0,0.15,drop,48,16,3,0.20817,0.7556341521150168,3279,11721,1000,f383027489b8e50ccf47d57304ce26e3996d4417422409f1a625cd253796b2a1
device_0,0.75,1702,1.2,42.0,0.15,drop,48,16,3,0.20244,0.7487885933421545,3324,11676,1000,35742c4860a29f8d8b3e527d25779b122d638c3339731416cb5f8d59f340eaf5
device_0,0.75,1703,1.2,42.0,0.15,drop,48,16,3,0.20102,0.7470900970852136,3268,11732,1000,9377463c326a86d92261bdee04e39f8d5f4dff670b8aa0c95b76c9e4ca97aab0
device_0,0.75,1704,1.2,42.0,0.15,drop,48,16,3,0.19715,0.7479806369104111,3132,11868,1000,94a3d2cbc8a1f83fd066de8122251ad785bfc5b718fefeb2bc6570b24776f855
device_0,0.75,1705,1.2,42.0,0.15,drop,48,16,3,0.20494,0.7506431485678381,3323,11677,1000,3c8718703b8ae9a2d477fef64d4988e8a8bcb31ea35c3250791bdd07e6c59546
device_0,0.75,1706,1.2,42.0,0.15,drop,48,16,3,0.20282,0.7537784223147826,3142,11858,1000,61decdf36a1627acae17d5c216d06d7daac044214299d5cf16cbe5f331e172b9
device_0,0.75,1707,1.2,42.0,0.15,drop,48,16,3,0.20138,0.7431906944181493,3220,11780,1000,bcb44573d438cab561903c39dedc55438ed21c1782c47332375960368a1c5908
device_0,0.75,1708,1.2,42.0,0.15,drop,48,16,3,0.20034,0.7475350990705809,3173,11827,1000,20d9ea958ca7bb5b5f0c969479661a30bab9bf159363b8f61962b3ad86397b42
device_0,0.75,1709,1.2,42.0,0.15,drop,48,16,3,0.20613,0.7542776800152501,3271,11729,1000,786f4240a76808fdc268b861dadf18e80bb8215c75c47c9df6b1559de24503a8
device_0,0.75,1710,1.2,42.0,0.15,drop,48,16,3,0.20286,0.74728584709585,3198,11802,1000,411c57e5398c63530b0465a228b14a3d7ef596f91f9bc1a7203278ee086e9fe8
device_0,0.875,1701,1.2,42.0,0.15,drop,48,16,3,0.20249,0.8763990178082249,3214,11786,1000,ce03f2a8dba51b83b52f8ef97f2eb424ed63d31e959b9c87e1454bb3ec62ec13
device_0,0.875,1702,1.2,42.0,0.15,drop,48,16,3,0.19703,0.8759866636367837,3061,11939,1000,3b1eb2b51eb67396262f3fbd81e3799ae74f412beac993dcfb32487f5e7e49f8
device_0,0.875,1703,1.2,42.0,0.15,drop,48,16,3,0.20238,0.8773687974569232,3265,11735,1000,74a5138fba1739e91ee2f1f243a04e7802498280c9d2685c78f0b8b39c04a54d
device_0,0.875,1704,1.2,42.0,0.15,drop,48,16,3,0.19663,0.8771256568671042,3154,11846,1000,c9ab67fbce71978a95b3b92a58ae545d93b91434ff09678697ebbc1591e91a3d
device_0,0.875,1705,1.2,42.0,0.15,drop,48,16,3,0.20133,0.8756186617053834,3183,11817,1000,82e273ef97aac4fb4578e7634fd8ef942fb317adec96a8ed6486cb7163921c22
device_0,0.875,1706,1.2,42.0,0.15,drop,48,16,3,0.19605,0.8731077294363513,3189,11811,1000,714bfc591b9bbd51f323b268a23e59dc072e22e5cb3cccb3605ce86c5acb0b55
device_0,0.875,1707,1.2,42.0,0.15,drop,48,16,3,0.2,0.8774036452681541,3167,11833,1000,c56dca6a9ecda1d81e752efc9a23717748f5791f0d1afb16390d2611375abff4
device_0,0.875,1708,1.2,42.0,0.15,drop,48,16,3,0.20258,0.87442580026271,3321,11679,1000,ba73e65299bba0666a69c154ec5c3b1ae01cb703167ab1e666cb46bbe2c172ce
device_0,0.875,1709,1.2,42.0,0.15,drop,48,16,3,0.19831,0.8770598020870867,3067,11933,1000,f7eb7e2978239044e21a46ec85c4ee9624e78923e8b7f9d3a927f8978fb7233c
device_0,0.875,1710,1.2,42.0,0.15,drop,48,16,3,0.19668,0.8724656025657239,3148,11852,1000,0853bbe1194d29b0526ff3e05175d5b7b38836b5bb12f9ed60823f384f073ad0
device_0,0.9375,1701,1.2,42.0,0.15,drop,48,16,3,0.20509,0.9402237906216514,3191,11809,1000,30eaee242ba49c3caf536f4d0c7d0cc98b6c4ff90414c77fe51d486b0a07c7c0
device_0,0.9375,1702,1.2,42.0,0.15,drop,48,16,3,0.19366,0.9366016280001491,3090,11910,1000,91341c3b7e1a40e33f2d7b17cb83d0745c92c1772dcaa7356cb6884c6f115247
device_0,0.9375,1703,1.2,42.0,0.15,drop,48,16,3,0.19489,0.9369055048961522,3087,11913,1000,da233ca0cafceb5dfd93926972441d3f9c08b758fccf08800aaf8fc18310f8ca
device_0,0.9375,1704,1.2,42.0,0.15,drop,48,16,3,0.19999,0.9358099323716185,3218,11782,1000,2df580dd9dbdcb29d2b76936cbfe5590680d7fa704d2caf9280a7f3dd4e339e7
device_0,0.9375,1705,1.2,42.0,0.15,drop,48,16,3,0.19063,0.9374553760710133,3080,11920,1000,a2e8047577a59171ebbf87eaa53af25804e464e0660a84dcdb09f4c95eeaa703
device_0,0.9375,1706,1.2,42.0,0.15,drop,48,16,3,0.20144,0.9386428776611538,3154,11846,1000,bd5a0a24d265d8de38c7cc6d94753901f0992360b6c770611a6aafc55e6b8ea5
device_0,0.9375,1707,1.2,42.0,0.15,drop,48,16,3,0.20073,0.9386652506542138,3202,11798,1000,c098a4dd23327b19c897d21b52556b1a7467003d4f12d8e29ddb95f85c4eca2b
device_0,0.9375,1708,1.2,42.0,0.15,drop,48,16,3,0.19042,0.9350336658268497,3012,11988,1000,cd07d0d09efcdc844c10016e3a5627f201029d5838192ee929bb7c4aa5099a92
device_0,0.9375,1709,1.2,42.0,0.15,drop,48,16,3,0.20214,0.9387695757970393,3236,11764,1000,35fccd9f07629b14fc71e2e02eb3a2001fa8dd158039a0406b80a0f6727cadaa
device_0,0.9375,1710,1.2,42.0,0.15,drop,48,16,3,0.20082,0.9338903427364145,3133,11867,1000,e57916bffbab0c2bf0da1e9dcce4e415b2730fbe70efd57ea8aa3acc9620d24f
device_0,0.975,1701,1.2,42.0,0.15,drop,48,16,3,0.20012,0.9750727182312047,3130,11870,1000,d8e00be5bd72ea50df6455aa5415b2b416f351c858a3fb3ff4834f73711f88fe
device_0,0.975,1702,1.2,42.0,0.15,drop,48,16,3,0.19762,0.9739220248349032,3200,11800,1000,56610ce352020d304d348d7139435bdae6064059b9c35ff177bac6daf575044f
device_0,0.975,1703,1.2,42.0,0.15,drop,48,16,3,0.1984,0.975854682367182,3132,11868,1000,34904d67e7b7164eae30b9c86e326d39d0e317c3bec8d34c882a4810fc3db70b
device_0,0.975,1704,1.2,42.0,0.15,drop,48,16,3,0.19634,0.9733501805342133,3171,11829,1000,8054c182b0d283f39877ddfae68990621176b46caf4126067d295b5bb5517b25
device_0,0.975,1705,1.2,42.0,0.15,drop,48,16,3,0.19493,0.9747974986214312,3113,11887,1000,a355778f9ec59071e6e48571177cd2cdf33bc7a96726213773d2deb501ee145a
device_0,0.975,1706,1.2,42.0,0.15,drop,48,16,3,0.203,0.9742259419786155,3184,11816,1000,716a93c751ae8ed429734602df5883d08be1de768bade640f161e82407b91465
device_0,0.975,1707,1.2,42.0,0.15,drop,48,16,3,0.20266,0.9738223967562294,3142,11858,1000,cf38a04641ecc7f167faca944aee6d7ddb65d1c3543165da7b0e18b7f62c8fbc
device_0,0.975,1708,1.2,42.0,0.15,drop,48,16,3,0.19043,0.9746047948044175,3000,12000,1000,11f6e81fcf5120ba4b15e5dba6596c02f4d719d149c4737bd136d3375dd55b4f
device_0,0.975,1709,1.2,42.0,0.15,drop,48,16,3,0.19294,0.9749540477640206,2978,12022,1000,b5d28f2b49a7316c76dafd4d03f173294bea7b40ee6f09c8c942175ad2064a13
device_0,0.975,1710,1.2,42.0,0.15,drop,48,16,3,0.19779,0.9774683509778551,3120,11880,1000,68da009cb55599535fd1bad55f1ad646463af9ce48eb62523af53fe568c547cc
device_0,0.0,1701,1.2,42.0,0.15,late,48,16,3,0.19936,-0.002661444942765865,3163,11837,1000,1a1b8566e44c4d6ef47c1cd8d38c6e8fc0ca411bdc50a95d7bed2b6d88a7523f
device_0,0.0,1702,1.2,42.0,0.15,late,48,16,3,0.20106,0.005830007599770396,3200,11800,1000,9ec6b1555c7116197e400f5a0bcdbed1d8539da155d4b4bde70ba46fb9892b1e
device_0,0.0,1703,1.2,42.0,0.15,late,48,16,3,0.19952,0.005656351965683195,3200,11800,1000,07b66b6e556cd697f89fffa7728aee8531f81f4d51d3125163b1d84d4100347a
device_0,0.0,1704,1.2,42.0,0.15,late,48,16,3,0.20257,0.002457782015709934,3103,11897,1000,8828f6736ee26f355e9c82bf7d7d120ca60be918c540d9d297d63769ef5842ab
device_0,0.0,1705,1.2,42.0,0.15,late,48,16,3,0.20104,-0.004155617772998724,3178,11822,1000,ad4f096decf328fd5a443f419b963ae213269358c90167a94300b4d3276ebe95
device_0,0.0,1706,1.2,42.0,0.15,late,48,16,3,0.20062,-0.0045443747273977144,3146,11854,1000,d5f59e09427741f5bf8dd958c40622cff23b14ae8be47c6fe15c2cff5de5b61f
device_0,0.0,1707,1.2,42.0,0.15,late,48,16,3,0.19896,0.001346027845602329,3139,11861,1000,eda720950197a39e4c46282bc3029e29df94eece7ba7c57512c032118606de00
device_0,0.0,1708,1.2,42.0,0.15,late,48,16,3,0.19922,-0.001372807149175493,3189,11811,1000,06687d19aea88fba16e1c721d1fdbeb9a8f070489f33d3375f1fecd6d5657aca
device_0,0.0,1709,1.2,42.0,0.15,late,48,16,3,0.20001,0.005034822885721277,3191,11809,1000,02a4e2e5d099a0f0a027c8fe6585fb6a90ea3c0c19b71323d1dad8019d126db5
device_0,0.0,1710,1.2,42.0,0.15,late,48,16,3,0.19848,0.0007247411049733544,3096,11904,1000,5ec3ca4c3b6340999df170fcf65144b0d6dad830ca156f5fa041190c70d172d4
device_0,0.375,1701,1.2,42.0,0.15,late,48,16,3,0.19773,0.37585282092426525,3098,11902,1000,7373ca38fbd0b831843b4861a4a7a8d4a360f8cb097262e9255f5e0e8e480c69
device_0,0.375,1702,1.2,42.0,0.15,late,48,16,3,0.20083,0.3763938072575695,3186,11814,1000,c07da55932b6cbf4dc531c58d7411b66455af32261c395f203a0c35bcdedca5b
device_0,0.375,1703,1.2,42.0,0.15,late,48,16,3,0.19949,0.3708761472322628,3203,11797,1000,025c9d293b2de5aeb719dfe967b63cb72b3271a522fe9393c79bbb1e1859fb9a
device_0,0.375,1704,1.2,42.0,0.15,late,48,16,3,0.19956,0.37083454970073176,3200,11800,1000,a2b87b9d0f470123e26cbeea950589a2066b5fb5a5267a62cefaa9dbad278b33
device_0,0.375,1705,1.2,42.0,0.15,late,48,16,3,0.1976,0.38054564128452917,3144,11856,1000,b349fdb15b9195fb276c77d59f3309f36fc18fba5829b133a7037e138a608c6c
device_0,0.375,1706,1.2,42.0,0.15,late,48,16,3,0.19975,0.37847803043317246,3216,11784,1000,911f2c29d5c88e3d1e5cf13dc3cbfa3cd8d5198ec33c4e2761901866e206ecc9
device_0,0.375,1707,1.2,42.0,0.15,late,48,16,3,0.19756,0.3714936166119789,3179,11821,1000,bb4c4a42e39ac065d1faad2e8e8f9916542c7f18d5103d5ef025f29fa538d9c2
device_0,0.375,1708,1.2,42.0,0.15,late,48,16,3,0.19968,0.3728274067949136,3026,11974,1000,0fd972cccd31d878f6c6b17aa7f21cf1068c5f3b477349bcee4cab7fbb94004a
device_0,0.375,1709,1.2,42.0,0.15,late,48,16,3,0.20214,0.3789219763360735,3255,11745,1000,3b75d281b3783ccdd801faa8ab8a929e5a88443f6bbc3f38943a3861215484c4
device_0,0.375,1710,1.2,42.0,0.15,late,48,16,3,0.19842,0.37511826036297974,3242,11758,1000,5f82e4943b9fecb48e64441b2b94124920c6d69b73db9909f0b6e1e52209cefe
device_0,0.75,1701,1.2,42.0,0.15,late,48,16,3,0.20817,0.7556341521150168,3279,11721,1000,a4772a18cd4d7b81d7e176401e2ee4cc7a444e6bb407537393ba12b5773d8cec
device_0,0.75,1702,1.2,42.0,0.15,late,48,16,3,0.20244,0.7487885933421545,3324,11676,1000,db8b9843b16b3519cb77cb01d5fa9ccf6232ccb76ed21ba535f194311002cbcf
device_0,0.75,1703,1.2,42.0,0.15,late,48,16,3,0.20102,0.7470900970852136,3268,11732,1000,0cb97174bd768de76a2ec702db7f260dd4f2e6e10b014b21e7dbb209e49cda92
device_0,0.75,1704,1.2,42.0,0.15,late,48,16,3,0.19715,0.7479806369104111,3132,11868,1000,0ca6333d1ba19075609f95c763dfb2ad4f9b5dd4bde31656054099c393c9731e
device_0,0.75,1705,1.2,42.0,0.15,late,48,16,3,0.20494,0.7506431485678381,3323,11677,1000,91a9102b5331ec8f0a95ebea9565b6a763141a6c39037217d291ff39a5f02a60
device_0,0.75,1706,1.2,42.0,0.15,late,48,16,3,0.20282,0.7537784223147826,3142,11858,1000,1986f777277716db5bdcd997e3b34c76ad4db63b2f59cc498a396bd4d5a915d0
device_0,0.75,1707,1.2,42.0,0.15,late,48,16,3,0.20138,0.7431906944181493,3220,11780,1000,42691d38db38d279d18da0381095b394f2cac9932ec2e5936654bcb6068470d9
device_0,0.75,1708,1.2,42.0,0.15,late,48,16,3,0.20034,0.7475350990705809,3173,11827,1000,1eb407023e68874b65607227528120baaef2966f7244fa06f1cf284a64e2115d
device_0,0.75,1709,1.2,42.0,0.15,late,48,16,3,0.20613,0.7542776800152501,3271,11729,1000,743768a20db22ce2f70158880fc1867233070f0a9bf362591608c8c1adb9e5a7
device_0,0.75,1710,1.2,42.0,0.15,late,48,16,3,0.20286,0.74728584709585,3198,11802,1000,a7ddb8480fb4da87d5034f30f28015bc48370a6749b5db57037ce13b342161a5
device_0,0.875,1701,1.2,42.0,0.15,late,48,16,3,0.20249,0.8763990178082249,3214,11786,1000,3c2c0ee1aa85a9016921d21804a5ca5fe955fe3783dcdf9070550608c458b731
device_0,0.875,1702,1.2,42.0,0.15,late,48,16,3,0.19703,0.8759866636367837,3061,11939,1000,f2296cc9b691358dedebd1585797b343becf40486d4ade36344b64450f0c9ed3
device_0,0.875,1703,1.2,42.0,0.15,late,48,16,3,0.20238,0.8773687974569232,3265,11735,1000,6617865af4e7461e8137afb60f0233356ab3d793b0333a29377565cb4833ebfc
device_0,0.875,1704,1.2,42.0,0.15,late,48,16,3,0.19663,0.8771256568671042,3154,11846,1000,f09195d9bfe626e1b77397ce10682cca03a06f40430e9328f6f3b627e9fcb48e
device_0,0.875,1705,1.2,42.0,0.15,late,48,16,3,0.20133,0.8756186617053834,3183,11817,1000,c4bb894e7c20222eca59646890d4132122550e142767a46e299753c1d950f96c
device_0,0.875,1706,1.2,42.0,0.15,late,48,16,3,0.19605,0.8731077294363513,3189,11811,1000,fe8a297e71f951e40a3bd5f0129bf5fddeff7bbc1d0b595f6715d9f138d43563
device_0,0.875,1707,1.2,42.0,0.15,late,48,16,3,0.2,0.8774036452681541,3167,11833,1000,89080be9c3b65d589e50b39030dde489644a1eb0b4970850e38297aab334f9ad
device_0,0.875,1708,1.2,42.0,0.15,late,48,16,3,0.20258,0.87442580026271,3321,11679,1000,ea2e29e6aab0058ac1441db406d3a3b557aa34f0b3f2c4a2fae77630d2d1dc41
device_0,0.875,1709,1.2,42.0,0.15,late,48,16,3,0.19831,0.8770598020870867,3067,11933,1000,d0db82ca694ceb2f09efd267725c7e76b7078307a9ebac090745d33661632eea
device_0,0.875,1710,1.2,42.0,0.15,late,48,16,3,0.19668,0.8724656025657239,3148,11852,1000,7e71026e3d95d47840e4689793ee0cc2cf0f2323d09f6a4fcfc17bcff9f81d33
device_0,0.9375,1701,1.2,42.0,0.15,late,48,16,3,0.20509,0.9402237906216514,3191,11809,1000,081eb5cebc1d7aab0f2b751d0189980dc8786afe38afee964578ef443c66dff5
device_0,0.9375,1702,1.2,42.0,0.15,late,48,16,3,0.19366,0.9366016280001491,3090,11910,1000,d3e6bb33fb5cb962fd71fc660482c73d33fd3c94d932cca827352c24a2aa3600
device_0,0.9375,1703,1.2,42.0,0.15,late,48,16,3,0.19489,0.9369055048961522,3087,11913,1000,2494d22e4f5eb94f574a446234b5dfbbf74c0af1bd191e926e09c7f06731eb55
device_0,0.9375,1704,1.2,42.0,0.15,late,48,16,3,0.19999,0.9358099323716185,3218,11782,1000,bd32822ddce511cb643d5a3e3bbea67df53913dfc6f7925a49da6b6da72f78a7
device_0,0.9375,1705,1.2,42.0,0.15,late,48,16,3,0.19063,0.9374553760710133,3080,11920,1000,5c45a8ed5d2dd83d964602f6c9d55e621589dc913e0a44a92a4183b20286bc76
device_0,0.9375,1706,1.2,42.0,0.15,late,48,16,3,0.20144,0.9386428776611538,3154,11846,1000,d75acc7e56f67d4b31c30673e9f6d6dffa2379f514587f01285445e92c63354e
device_0,0.9375,1707,1.2,42.0,0.15,late,48,16,3,0.20073,0.9386652506542138,3202,11798,1000,29522f0e048922553abab15c7bfe359e20b440ae45a61f2e7fdf3e1851bcf00b
device_0,0.9375,1708,1.2,42.0,0.15,late,48,16,3,0.19042,0.9350336658268497,3012,11988,1000,7515de86a4a21acf7211df830c139dc536fdf8d5ee38c23f86d13b6479957cc9
device_0,0.9375,1709,1.2,42.0,0.15,late,48,16,3,0.20214,0.9387695757970393,3236,11764,1000,10d6cb24c85eaa67fe6b04b38aaa1ead50c4684719b7981aa6ec8fe90983811c
device_0,0.9375,1710,1.2,42.0,0.15,late,48,16,3,0.20082,0.9338903427364145,3133,11867,1000,ed82200b2b1aba501e8ac2c380e250ec4b1d5827b0aa5f65de722ed17772f7c1
device_0,0.975,1701,1.2,42.0,0.15,late,48,16,3,0.20012,0.9750727182312047,3130,11870,1000,edba03518ce2857e251f666c996a4c76e8e5d588489a7dd99ce7c44396bf1bde
device_0,0.975,1702,1.2,42.0,0.15,late,48,16,3,0.19762,0.9739220248349032,3200,11800,1000,3543da3cabaca971b1cf1ae695ca2b697cf1c3613ea444fcaf94b4445c9940c2
device_0,0.975,1703,1.2,42.0,0.15,late,48,16,3,0.1984,0.975854682367182,3132,11868,1000,e2708b8dd67c608ed242b6216c26c685b977a3dbbde136cec289966e3c57441c
device_0,0.975,1704,1.2,42.0,0.15,late,48,16,3,0.19634,0.9733501805342133,3171,11829,1000,25c84425c79c2275012e70a848193d7f0f105f4a1451d2996959e4c324789701
device_0,0.975,1705,1.2,42.0,0.15,late,48,16,3,0.19493,0.9747974986214312,3113,11887,1000,dc2e0135ea4418b243ba11b91dc23b4f62e7224d97ecfba15083df2a56d22bac
device_0,0.975,1706,1.2,42.0,0.15,late,48,16,3,0.203,0.9742259419786155,3184,11816,1000,08994e972c5ff1d79f917c21fe46d97554c2b452fd2406dd099d72f7b5e12f9c
device_0,0.975,1707,1.2,42.0,0.15,late,48,16,3,0.20266,0.9738223967562294,3142,11858,1000,b35989ad9daa770b8a11863554e1b8b08a206d792d404b5f9f78e8bf0f5a1bf7
device_0,0.975,1708,1.2,42.0,0.15,late,48,16,3,0.19043,0.9746047948044175,3000,12000,1000,3b4502a3725f72d9751801f6a3c25cbcc314bde122dfdf13ce5753156d0ccf1e
device_0,0.975,1709,1.2,42.0,0.15,late,48,16,3,0.19294,0.9749540477640206,2978,12022,1000,5dbb6d60650e3347b2ee87504ea583a7c526054dbdf47abaa652aeb6afce7dd1
device_0,0.975,1710,1.2,42.0,0.15,late,48,16,3,0.19779,0.9774683509778551,3120,11880,1000,bab4851ceb7ea3daad60f11cc28b8fbd2708dceec64895aa89b8b97c88c203a5
device_0,0.0,1701,1.35,47.25,0.01,drop,48,16,3,0.19936,-0.002661444942765865,516,484,1000,aceaba43631b2d333bb25ba37cb7a6722b2804c08c96f69153d7415cf1a0c272
device_0,0.0,1702,1.35,47.25,0.01,drop,48,16,3,0.20106,0.005830007599770396,487,513,1000,ba27ff18bcc672a65b13e2a93ad821880f78656fbc9e618852669c6edb3daf2c
device_0,0.0,1703,1.35,47.25,0.01,drop,48,16,3,0.19952,0.005656351965683195,497,503,1000,2ac11e7ec73be1bb36e56eae74581adcea801609c415401f8eafc1f791737f81
device_0,0.0,1704,1.35,47.25,0.01,drop,48,16,3,0.20257,0.002457782015709934,527,473,1000,cbf5ca217649d1779b1aa613e997e9a81f2e097f0e06c804b742af752c4a9f9f
device_0,0.0,1705,1.35,47.25,0.01,drop,48,16,3,0.20104,-0.004155617772998724,482,518,1000,2ba3b300595666e7e02fb3b41547f70925b91ebb459e41c1515303f804a09059
device_0,0.0,1706,1.35,47.25,0.01,drop,48,16,3,0.20062,-0.0045443747273977144,517,483,1000,f7b6d94ef249098b3ba0f5703f53e898b13d9a7a504e1ec6a45ba767eea98215
device_0,0.0,1707,1.35,47.25,0.01,drop,48,16,3,0.19896,0.001346027845602329,467,533,1000,718739357b6f3db2b177498c34c38966ae967c511b243246b384dd099602309f
device_0,0.0,1708,1.35,47.25,0.01,drop,48,16,3,0.19922,-0.001372807149175493,497,503,1000,84b4b04b62a9c522fea5e6a62e29bbabbf832667f2e45f98eda83ea2227cfba5
device_0,0.0,1709,1.35,47.25,0.01,drop,48,16,3,0.20001,0.005034822885721277,508,492,1000,b2cc00f2a0e89e2523cbc2c13707fdf339903c561332ee15d711b8e0474c9391
device_0,0.0,1710,1.35,47.25,0.01,drop,48,16,3,0.19848,0.0007247411049733544,469,531,1000,aae159ba2a37ce3e921b91f05fc717b8d350e50ef19f8729cfa37f1ea11576a8
device_0,0.375,1701,1.35,47.25,0.01,drop,48,16,3,0.19773,0.37585282092426525,509,491,1000,cb4c99c8fab72a5636c20350c8fcb669c8c29a64f774e433f52ca1f4c108d611
device_0,0.375,1702,1.35,47.25,0.01,drop,48,16,3,0.20083,0.3763938072575695,499,501,1000,994fe681006ca9d85b6fe82b8650ebbdb039122493bc651e0936ea944329afde
device_0,0.375,1703,1.35,47.25,0.01,drop,48,16,3,0.19949,0.3708761472322628,508,492,1000,15299b989b52ec5ff22ae53198b4e1086632ffc57b0ed3fb563f6c0aea51b508
device_0,0.375,1704,1.35,47.25,0.01,drop,48,16,3,0.19956,0.37083454970073176,479,521,1000,dae70a2ce15de3dc192635ddb173ecd6d762a7f84902dcfa3480094ac0192ab0
device_0,0.375,1705,1.35,47.25,0.01,drop,48,16,3,0.1976,0.38054564128452917,502,498,1000,607456cc56f084c5e52bb7a4cd97b2248dd3c80170acff22eba39265b5bbb0ec
device_0,0.375,1706,1.35,47.25,0.01,drop,48,16,3,0.19975,0.37847803043317246,532,468,1000,1c8bfd11c67b85ee87cc8f441b76baf8a617d43f99e434d948fbadb839953607
device_0,0.375,1707,1.35,47.25,0.01,drop,48,16,3,0.19756,0.3714936166119789,451,549,1000,973e9d78698c51e8855d1a9d3800aad1594560d6734e39353c3ca1bc4e5dfd25
device_0,0.375,1708,1.35,47.25,0.01,drop,48,16,3,0.19968,0.3728274067949136,476,524,1000,8863958f09f52db7ce7378f5dde7e838dfd92650366675c4e139fee6bd828215
device_0,0.375,1709,1.35,47.25,0.01,drop,48,16,3,0.20214,0.3789219763360735,509,491,1000,7525b0613e76eb61a0a2e822b99fa6818a470561924a25b7e396e03ebf33b43f
device_0,0.375,1710,1.35,47.25,0.01,drop,48,16,3,0.19842,0.37511826036297974,485,515,1000,8d03f16cb4efe398576955a1c5f9621e65fad55986b24e335a4def5ea72f90a1
device_0,0.75,1701,1.35,47.25,0.01,drop,48,16,3,0.20817,0.7556341521150168,530,470,1000,90d4b39fc8ab8de4b59162e9ec61e0ff65f9568176a10a513033752f3eb9b243
device_0,0.75,1702,1.35,47.25,0.01,drop,48,16,3,0.20244,0.7487885933421545,512,488,1000,3b46f659b8703fab3c23389731bb016fc802701b9f13c7aa721b1152761838e2
device_0,0.75,1703,1.35,47.25,0.01,drop,48,16,3,0.20102,0.7470900970852136,531,469,1000,08caec963214f4e34e66a2797d6b2d87e00fc098dd6ba2853f24572373d11728
device_0,0.75,1704,1.35,47.25,0.01,drop,48,16,3,0.19715,0.7479806369104111,493,507,1000,f3c54fc55e87f98c0fb9d69c5c66120c3a484d82bd8a0e891a1fe33199328888
device_0,0.75,1705,1.35,47.25,0.01,drop,48,16,3,0.20494,0.7506431485678381,519,481,1000,d1ec42bb8444a2393d2fccede61297a0d71da387c4c6751a52d223191c9de294
device_0,0.75,1706,1.35,47.25,0.01,drop,48,16,3,0.20282,0.7537784223147826,462,538,1000,348949f2a1e35280f037decb1e8ecc7987f63fb1f3b0674d982b1d0d7e4c3452
device_0,0.75,1707,1.35,47.25,0.01,drop,48,16,3,0.20138,0.7431906944181493,488,512,1000,f4232252c0b2d76fdc89f304208c545f4749d1a57787b06c7a89c914ad1e14ff
device_0,0.75,1708,1.35,47.25,0.01,drop,48,16,3,0.20034,0.7475350990705809,471,529,1000,404d3ad461f006c67e16e03c663433a878809882b280aea975c2e608936a5a73
device_0,0.75,1709,1.35,47.25,0.01,drop,48,16,3,0.20613,0.7542776800152501,505,495,1000,270759683c09db2aea2f50b5335181253df24436597af6c9ce82519b59b6f817
device_0,0.75,1710,1.35,47.25,0.01,drop,48,16,3,0.20286,0.74728584709585,519,481,1000,ac6d4b856982f40cf2d6dcb38c5ea1912068342c2591c41c1bed8cdc2f3398b7
device_0,0.875,1701,1.35,47.25,0.01,drop,48,16,3,0.20249,0.8763990178082249,523,477,1000,00af915c894c4dd9b5906d1ba83a6e818272778a6daf3032252cf2f67333f213
device_0,0.875,1702,1.35,47.25,0.01,drop,48,16,3,0.19703,0.8759866636367837,489,511,1000,95b6d036f36ed549ee7a600629edb5cb707d71f059075587613ea98f333d945d
device_0,0.875,1703,1.35,47.25,0.01,drop,48,16,3,0.20238,0.8773687974569232,505,495,1000,2cae2780a9e728e9b610e6da2b8cb1c42dc179d25adc6c25379eaf2422fdf88c
device_0,0.875,1704,1.35,47.25,0.01,drop,48,16,3,0.19663,0.8771256568671042,478,522,1000,681e37ec2d28ff91419ff41b8f2bf61dda274ab828f68cfb8ed0334dd61d7d5e
device_0,0.875,1705,1.35,47.25,0.01,drop,48,16,3,0.20133,0.8756186617053834,486,514,1000,50c6413b39c2abada19bf38619b43e4e3bbc2b8fc31e15711b30c8ed70e9dae9
device_0,0.875,1706,1.35,47.25,0.01,drop,48,16,3,0.19605,0.8731077294363513,515,485,1000,b40efacb9c00f41647a83b2017fadae82cb3f6ef6963abf39ffa8a1beac0c003
device_0,0.875,1707,1.35,47.25,0.01,drop,48,16,3,0.2,0.8774036452681541,500,500,1000,c428eaf7a3207e80c30729d4ac1afc7eb8ce69ce990f5e834a5c7b498fdf6d53
device_0,0.875,1708,1.35,47.25,0.01,drop,48,16,3,0.20258,0.87442580026271,496,504,1000,820ac3489383dacca323d2e51ae2db55d376a0dccbc3ce1d003af7eec3ac5d10
device_0,0.875,1709,1.35,47.25,0.01,drop,48,16,3,0.19831,0.8770598020870867,511,489,1000,ba38ed7389e9bc72e5bc4609a596d9baf6e40d67bd4db691fe4d37618b1d6400
device_0,0.875,1710,1.35,47.25,0.01,drop,48,16,3,0.19668,0.8724656025657239,493,507,1000,7bac8cecd85315c315947a002bc9ec7aaa26c9e69d382a5d15ef4671539d203c
device_0,0.9375,1701,1.35,47.25,0.01,drop,48,16,3,0.20509,0.9402237906216514,498,502,1000,e66c09ac883630359772d824e8548d49b364b39054049a1f682dda276f8bdd7e
device_0,0.9375,1702,1.35,47.25,0.01,drop,48,16,3,0.19366,0.9366016280001491,498,502,1000,ae49606588e89d16677d9c28a4619e011e1efcaf54d94ffb63e9a16df217a1f5
device_0,0.9375,1703,1.35,47.25,0.01,drop,48,16,3,0.19489,0.9369055048961522,487,513,1000,7aa77052d4d21c8642b10cb99011d96f749a27d9ed5fb1e9fb9ef1081cd58e7c
device_0,0.9375,1704,1.35,47.25,0.01,drop,48,16,3,0.19999,0.9358099323716185,485,515,1000,45e2edd6c02c31a26b8c0e798dee7b6d0070fe62e6042aaacd2af3912c30d751
device_0,0.9375,1705,1.35,47.25,0.01,drop,48,16,3,0.19063,0.9374553760710133,477,523,1000,f78d7f30d61a591536debbb8fbf1ca008f10fde03a34c1fec4b96644b942f5f1
device_0,0.9375,1706,1.35,47.25,0.01,drop,48,16,3,0.20144,0.9386428776611538,522,478,1000,a6fbce0466c0357ce9ee70151b46c9b8d2c5cdb1e608a6cba283243f3325993a
device_0,0.9375,1707,1.35,47.25,0.01,drop,48,16,3,0.20073,0.9386652506542138,532,468,1000,94a8ef4c8a23b58721e883770f1e15b93436b6aa7066675d086ff8905b48cd5f
device_0,0.9375,1708,1.35,47.25,0.01,drop,48,16,3,0.19042,0.9350336658268497,462,538,1000,37b1465fd768dbbcca71c96ad38fd2d10c9b6dfdac4d0d380f85db0ba475690f
device_0,0.9375,1709,1.35,47.25,0.01,drop,48,16,3,0.20214,0.9387695757970393,501,499,1000,f1eec2d13f2632fe6981614e95d32418a4ec12b96f899d0e2afe3ce168b9901e
device_0,0.9375,1710,1.35,47.25,0.01,drop,48,16,3,0.20082,0.9338903427364145,486,514,1000,727a3385deaf1d2efec26f30ac6757685ea1613056816fd263878622a66d5c5e
device_0,0.975,1701,1.35,47.25,0.01,drop,48,16,3,0.20012,0.9750727182312047,475,525,1000,b72a30219d74cf68ea4d4825a39f3701f8fc761c8dd146bbffa28fccda78791a
device_0,0.975,1702,1.35,47.25,0.01,drop,48,16,3,0.19762,0.9739220248349032,483,517,1000,391c23150155a5d748bbdc659d4e5d74fc0f3b441145602abc6bf55a2a9c9535
device_0,0.975,1703,1.35,47.25,0.01,drop,48,16,3,0.1984,0.975854682367182,494,506,1000,78848d61fe39c1cb27227b2c9074d9f77c260c3313638386c9f8aa4406607eae
device_0,0.975,1704,1.35,47.25,0.01,drop,48,16,3,0.19634,0.9733501805342133,485,515,1000,88a5716a1339231fefcae63d825e6159d62e1504b89437ae9fc25eecda6454e8
device_0,0.975,1705,1.35,47.25,0.01,drop,48,16,3,0.19493,0.9747974986214312,499,501,1000,d05b5d2da2e8b55359838c553c438a045a3b7cfe605c1b6686aad30c22c9b3d9
device_0,0.975,1706,1.35,47.25,0.01,drop,48,16,3,0.203,0.9742259419786155,480,520,1000,ecbb178a0a3ab5934d5b556f83d0a548fcbf3649c27de91f0e2da6de1a614257
device_0,0.975,1707,1.35,47.25,0.01,drop,48,16,3,0.20266,0.9738223967562294,499,501,1000,2f1893505793f99e6fd711a83ac57271a8de4a59a7b2be8e2b7dafa61617b08c
device_0,0.975,1708,1.35,47.25,0.01,drop,48,16,3,0.19043,0.9746047948044175,482,518,1000,81e86af59088f42a5b5b1048be736778fa951637667bdd4a73c3403c97761d0c
device_0,0.975,1709,1.35,47.25,0.01,drop,48,16,3,0.19294,0.9749540477640206,466,534,1000,7cc6de4dcac7693cffebe1c116542d535d4386b6646749a1d747a333ecde2dbd
device_0,0.975,1710,1.35,47.25,0.01,drop,48,16,3,0.19779,0.9774683509778551,513,487,1000,a45fe322cbe5df9b76851ae0dd4fb4871e998ed08cf831ae57a0f21c3dbeecd5
device_0,0.0,1701,1.35,47.25,0.01,late,48,16,3,0.19936,-0.002661444942765865,516,484,1000,828fab8130d3a1623db1f0498ef143bd9525dec277f36245de75294fab40679a
device_0,0.0,1702,1.35,47.25,0.01,late,48,16,3,0.20106,0.005830007599770396,487,513,1000,6ca43a3f75a6c34295c7aa251140bcef5d31dce9ccaf2ab401fd910d78e6ca7f
device_0,0.0,1703,1.35,47.25,0.01,late,48,16,3,0.19952,0.005656351965683195,497,503,1000,da7f755bdc623501059578202d3317b6402e47fae0635e23eb9c3d43edb0377a
device_0,0.0,1704,1.35,47.25,0.01,late,48,16,3,0.20257,0.002457782015709934,527,473,1000,cfd0321e22f770da3161ec588898b6831cfead45c6fc27c3cd9a31f6853a865a
device_0,0.0,1705,1.35,47.25,0.01,late,48,16,3,0.20104,-0.004155617772998724,482,518,1000,7fd3ae21c168f138be6e01d538a8289fd00a472901a93ce3eda8a0a5fd90861e
device_0,0.0,1706,1.35,47.25,0.01,late,48,16,3,0.20062,-0.0045443747273977144,517,483,1000,b8c96abebd858a232b14a23abc351b162c3eba15d126c37e738e069ff2b035d8
device_0,0.0,1707,1.35,47.25,0.01,late,48,16,3,0.19896,0.001346027845602329,467,533,1000,647675332174ca73edfd17444762861d4bd9cdb5cc2ce54e9e57d55b7f1b4513
device_0,0.0,1708,1.35,47.25,0.01,late,48,16,3,0.19922,-0.001372807149175493,497,503,1000,cf03cbde5a73537180878710c38f6b8408cdc1abe14cba1d0e602f3bf123c45f
device_0,0.0,1709,1.35,47.25,0.01,late,48,16,3,0.20001,0.005034822885721277,508,492,1000,fce8df92cdcebf96c116060c86bb0f505968a49cc9cb097e24d2cab198cff8a8
device_0,0.0,1710,1.35,47.25,0.01,late,48,16,3,0.19848,0.0007247411049733544,469,531,1000,eb648c4fc87d69a13c6c81926689acd1ac7eb6aaf06c62d97761dc4fca379a0c
device_0,0.375,1701,1.35,47.25,0.01,late,48,16,3,0.19773,0.37585282092426525,509,491,1000,a194bfcb16271a3aadf66f24ea28d41257e114f56cf6e2875604fc4996b4c797
device_0,0.375,1702,1.35,47.25,0.01,late,48,16,3,0.20083,0.3763938072575695,499,501,1000,d4723a3602e9b80047c250765c2b55fb14f6829db856f6b80a24f1f84c5cdc3e
device_0,0.375,1703,1.35,47.25,0.01,late,48,16,3,0.19949,0.3708761472322628,508,492,1000,0b5e07cbc88bf476bd8a96e8a9fa866984bde6c38d2119e17cc83683d4e2d5d3
device_0,0.375,1704,1.35,47.25,0.01,late,48,16,3,0.19956,0.37083454970073176,479,521,1000,64b0707750461b4ae59755d899e1421f665287798c224ff29cb4c8bad117717e
device_0,0.375,1705,1.35,47.25,0.01,late,48,16,3,0.1976,0.38054564128452917,502,498,1000,8ed35bc4652a6c4f287962878b626c46f4adbb436c6417a22313e212dc398a09
device_0,0.375,1706,1.35,47.25,0.01,late,48,16,3,0.19975,0.37847803043317246,532,468,1000,87f6e7a4fbb454b457da81f7a393d186b2693231e54311fb6379aa996d7da5b2
device_0,0.375,1707,1.35,47.25,0.01,late,48,16,3,0.19756,0.3714936166119789,451,549,1000,cd56aa63db96315c82baeedda3bf0515a9fd8cc94e304a8c17cb127ca6464673
device_0,0.375,1708,1.35,47.25,0.01,late,48,16,3,0.19968,0.3728274067949136,476,524,1000,90e2e5ea011b2cd2334b6706f925e4cb5c7be3b5a84449f68135ecceee3fbe28
device_0,0.375,1709,1.35,47.25,0.01,late,48,16,3,0.20214,0.3789219763360735,509,491,1000,df9e841c71e2e1be9abd1dd65d57bdf3d6c259b63ab2815d0db5d06691ba8fc0
device_0,0.375,1710,1.35,47.25,0.01,late,48,16,3,0.19842,0.37511826036297974,485,515,1000,892184e86736d2a2af30d7f17cfefaaeaf6db8e16b397c2daf5615d2844dbf59
device_0,0.75,1701,1.35,47.25,0.01,late,48,16,3,0.20817,0.7556341521150168,530,470,1000,bb13d170ec91a0ff6dbdc4503cea86373039c216ba47bbeb3747eac40dff0cac
device_0,0.75,1702,1.35,47.25,0.01,late,48,16,3,0.20244,0.7487885933421545,512,488,1000,5579ee80bc50bf07b23902bb85720cf5c53ce79cfe8f5ddb642b066a622839af
device_0,0.75,1703,1.35,47.25,0.01,late,48,16,3,0.20102,0.7470900970852136,531,469,1000,82c6b953057151525dac85a125a3f2c8f45e256dd73d509785c085ef4f7b5072
device_0,0.75,1704,1.35,47.25,0.01,late,48,16,3,0.19715,0.7479806369104111,493,507,1000,c9d8f2798d609cc60ffbb0fdb0186ad9455927cef9383e1dcd3fb81da0159a16
device_0,0.75,1705,1.35,47.25,0.01,late,48,16,3,0.20494,0.7506431485678381,519,481,1000,2cac86ce24ed7a8ae0139c9971b9c672fa89d180050407b99d8321f16b5f9280
device_0,0.75,1706,1.35,47.25,0.01,late,48,16,3,0.20282,0.7537784223147826,462,538,1000,0d2399541da1b6b9cbfdab22856a963bd8c9c6c7432907660b3a99e92464b5cf
device_0,0.75,1707,1.35,47.25,0.01,late,48,16,3,0.20138,0.7431906944181493,488,512,1000,1cd207f4ad6254b0746793b8e5a1542111687652e9d0ec8737538aa29aebefe1
device_0,0.75,1708,1.35,47.25,0.01,late,48,16,3,0.20034,0.7475350990705809,471,529,1000,d6b665591f553500dda7ba22faacb6f52c03527555c488f32886496e1a1c02ee
device_0,0.75,1709,1.35,47.25,0.01,late,48,16,3,0.20613,0.7542776800152501,505,495,1000,2837db9585f3cd62383f7eab1aad0b9ff135335ef659029c05007d923b9694c2
device_0,0.75,1710,1.35,47.25,0.01,late,48,16,3,0.20286,0.74728584709585,519,481,1000,8e0e2f0e97b64a3792decf6e140bd785e22266daab950f6372d6fbaa61dc45fa
device_0,0.875,1701,1.35,47.25,0.01,late,48,16,3,0.20249,0.8763990178082249,523,477,1000,59d9f4d35ded6fd1edf1ff961a35715fc3e0dc6ccc77fb9451758b7c3509f829
device_0,0.875,1702,1.35,47.25,0.01,late,48,16,3,0.19703,0.8759866636367837,489,511,1000,a8020b608027080f45984831e036d2ae7d1e0d2d8c7a45fc7e183c6794817262
device_0,0.875,1703,1.35,47.25,0.01,late,48,16,3,0.20238,0.8773687974569232,505,495,1000,f19cb1a75c85a947b6eca5ccc2b41c64ff2c42c8ec2e1799394fd82daefd6aee
device_0,0.875,1704,1.35,47.25,0.01,late,48,16,3,0.19663,0.8771256568671042,478,522,1000,f8997bf52fabd02f04226d94fff4c5ca4557a9bdd6fcf334e311a118fa6fb5b9
device_0,0.875,1705,1.35,47.25,0.01,late,48,16,3,0.20133,0.8756186617053834,486,514,1000,2e44c246dce31618e2b4b66e30eee7a9f0fac695ad5c3cfbbc1fe86d2d3847df
device_0,0.875,1706,1.35,47.25,0.01,late,48,16,3,0.19605,0.8731077294363513,515,485,1000,31454b62bb943b76577b7a78ea8bd6c8e0f19064847ccba0006b58bd2d473194
device_0,0.875,1707,1.35,47.25,0.01,late,48,16,3,0.2,0.8774036452681541,500,500,1000,b562fb98723aaa96b1ebbea37c84b17d85bd4fadd010b2b98860fcb43e722f59
device_0,0.875,1708,1.35,47.25,0.01,late,48,16,3,0.20258,0.87442580026271,496,504,1000,602045225469be2fb6c5e6c3378fdb039884869153ad870c57d1dd5af856ff12
device_0,0.875,1709,1.35,47.25,0.01,late,48,16,3,0.19831,0.8770598020870867,511,489,1000,5c5481ebe88abaa726941711cc1f507eb4eb733008e13dfc4c24a3fbc5166e55
device_0,0.875,1710,1.35,47.25,0.01,late,48,16,3,0.19668,0.8724656025657239,493,507,1000,2fb0ebc0cd781507303626c447c99636d53c340632850d344d182e4c584883ce
device_0,0.9375,1701,1.35,47.25,0.01,late,48,16,3,0.20509,0.9402237906216514,498,502,1000,0a3e18bc7cff89a204c80bf83e8af5b5bb028478fd45ecca3a83c5552c3ea9d7
device_0,0.9375,1702,1.35,47.25,0.01,late,48,16,3,0.19366,0.9366016280001491,498,502,1000,2e4935aac9535a8d4b0774779ea456ba87c3202df092b8e171b4fbc1d7f42397
device_0,0.9375,1703,1.35,47.25,0.01,late,48,16,3,0.19489,0.9369055048961522,487,513,1000,e1c289649a71e9108088d1ca08efe78d66f6bb5a9f4417a2db4510a59b0b5903
device_0,0.9375,1704,1.35,47.25,0.01,late,48,16,3,0.19999,0.9358099323716185,485,515,1000,5f435746ca175255f2d9609ced66d17be78ebd14a9663878a5cd3621373e05e1
device_0,0.9375,1705,1.35,47.25,0.01,late,48,16,3,0.19063,0.9374553760710133,477,523,1000,b0403936358b5ac344275cea0e7b87a8a2aa28dfaa6a063ff616f79d2a8eb014
device_0,0.9375,1706,1.35,47.25,0.01,late,48,16,3,0.20144,0.9386428776611538,522,478,1000,6956264d7948b1241661544d2daced0205d63770bd4a1f55fdf3bdabacaa59e6
device_0,0.9375,1707,1.35,47.25,0.01,late,48,16,3,0.20073,0.9386652506542138,532,468,1000,cd2d256e226de017c18a1304738253dfbe56c77178ada0a38eca3711ba5c155e
device_0,0.9375,1708,1.35,47.25,0.01,late,48,16,3,0.19042,0.9350336658268497,462,538,1000,49015a49816d11c6933584385ccb745d56e52d5bfea8409e1b647c37899f0546
device_0,0.9375,1709,1.35,47.25,0.01,late,48,16,3,0.20214,0.9387695757970393,501,499,1000,0e04637ca01b88f41f5ccfd43678dac3d37c5335d9ffc2149d16661bbaa41100
device_0,0.9375,1710,1.35,47.25,0.01,late,48,16,3,0.20082,0.9338903427364145,486,514,1000,08320d90121aad1968958304372b2967adbae9ba2c7a45988210b2db66c0b67c
device_0,0.975,1701,1.35,47.25,0.01,late,48,16,3,0.20012,0.9750727182312047,475,525,1000,b668a39088b10e6e6050c77656048bd444cc93812e2ae153d40b153bd0072e97
device_0,0.975,1702,1.35,47.25,0.01,late,48,16,3,0.19762,0.9739220248349032,483,517,1000,509560c46598a8550db96879c1fd76ac5c899f3bd528362c7822caeefc0920b4
device_0,0.975,1703,1.35,47.25,0.01,late,48,16,3,0.1984,0.975854682367182,494,506,1000,3d4078627a7e691f3b8a8d777582c648b70bdade5c007c19674374dd909db610
device_0,0.975,1704,1.35,47.25,0.01,late,48,16,3,0.19634,0.9733501805342133,485,515,1000,162adf9322ef07867b0f1f8ce59dde519f2b184534f0493b812addb79aba8fd5
device_0,0.975,1705,1.35,47.25,0.01,late,48,16,3,0.19493,0.9747974986214312,499,501,1000,e377176dffc7123ee571c475683fb6ffe2afbc3b18045c538f90c5de8bf4f421
device_0,0.975,1706,1.35,47.25,0.01,late,48,16,3,0.203,0.9742259419786155,480,520,1000,8874ac9a756494d6cd2c6b7d63bb4227739e0230faabb7c7b1422244fbc33031
device_0,0.975,1707,1.35,47.25,0.01,late,48,16,3,0.20266,0.9738223967562294,499,501,1000,4038ddf0720092d4471c38f7e77f05fd41a449987a30fb3e7735164edc01e074
device_0,0.975,1708,1.35,47.25,0.01,late,48,16,3,0.19043,0.9746047948044175,482,518,1000,c081e88286cfedae7b8dc24a880a4d566773ba0427a904cdc530d33bb3537afe
device_0,0.975,1709,1.35,47.25,0.01,late,48,16,3,0.19294,0.9749540477640206,466,534,1000,cc4d06511de61ddd2bd4a74e3e9d86622fd511d2fac08db2b1fa2cd82c540fbd
device_0,0.975,1710,1.35,47.25,0.01,late,48,16,3,0.19779,0.9774683509778551,513,487,1000,c6fff0e341ac3290faec96bc0cd2fc1b691dc1cfcde34fed7ca99dcf4a5aa6d9
device_0,0.0,1701,1.35,47.25,0.05,drop,48,16,3,0.19936,-0.002661444942765865,516,4484,1000,4b41914d81978d47ede986a2e7c1ed7c5a194038c5d9d3a2ff54063a3a3cdecb
device_0,0.0,1702,1.35,47.25,0.05,drop,48,16,3,0.20106,0.005830007599770396,487,4513,1000,2e7772c688c0e88d68d56d076553514a10125fea248e2155a402a28f1f6e44e9
device_0,0.0,1703,1.35,47.25,0.05,drop,48,16,3,0.19952,0.005656351965683195,497,4503,1000,0ecac159a0ee9bd149ea2950fa53ddeffcb6c6a550e919790119060447a59d3b
device_0,0.0,1704,1.35,47.25,0.05,drop,48,16,3,0.20257,0.002457782015709934,527,4473,1000,eba395322ee66bda13aa0fda928408de07ae7933b93237891910b42c8d47b1d3
device_0,0.0,1705,1.35,47.25,0.05,drop,48,16,3,0.20104,-0.004155617772998724,482,4518,1000,c244ffcecafada3ef99d75b71e290396b33b433ca61c04cdb095b0d422365b97
device_0,0.0,1706,1.35,47.25,0.05,drop,48,16,3,0.20062,-0.0045443747273977144,517,4483,1000,57426918f3c89f03e30c9390df059da344f33ca1de8cd5bac05eb64146a1d322
device_0,0.0,1707,1.35,47.25,0.05,drop,48,16,3,0.19896,0.001346027845602329,467,4533,1000,0000b3d990a6f2eb6beee6c7229990f4862618e365b07444686cf23481111ee2
device_0,0.0,1708,1.35,47.25,0.05,drop,48,16,3,0.19922,-0.001372807149175493,497,4503,1000,9b95955a5672d897f18052129620099ec84dd6f90bd02dbd97e405871ae9b978
device_0,0.0,1709,1.35,47.25,0.05,drop,48,16,3,0.20001,0.005034822885721277,508,4492,1000,a2f594d05c93739df191fb9352f27d12839000bda1e264802f3930e77536b247
device_0,0.0,1710,1.35,47.25,0.05,drop,48,16,3,0.19848,0.0007247411049733544,469,4531,1000,f8fad342a48aeb48d9d13789131120add2a5f76d6e9162c14dc650d0db3f5aac
device_0,0.375,1701,1.35,47.25,0.05,drop,48,16,3,0.19773,0.37585282092426525,509,4491,1000,5b1b235b76c0762f5ebc9b79831b6bc82fcf591efce0ceb47ddaa5700ae1cba3
device_0,0.375,1702,1.35,47.25,0.05,drop,48,16,3,0.20083,0.3763938072575695,499,4501,1000,37711088632395b1eb2e8031ae75c4e1416e5e5b947b6692348921242b7fe6c9
device_0,0.375,1703,1.35,47.25,0.05,drop,48,16,3,0.19949,0.3708761472322628,508,4492,1000,1495f604926c65bc4a79d961d8a75be18c5ac87831b7d3afbbad705c41280e45
device_0,0.375,1704,1.35,47.25,0.05,drop,48,16,3,0.19956,0.37083454970073176,479,4521,1000,c0904eb9008862a253a4478c2a402c377e8f3466be4b3addaeba34f0298213d0
device_0,0.375,1705,1.35,47.25,0.05,drop,48,16,3,0.1976,0.38054564128452917,502,4498,1000,215e909c5277337ae9b7529810637d024c4c3ae4229a227433f068d7a26b376b
device_0,0.375,1706,1.35,47.25,0.05,drop,48,16,3,0.19975,0.37847803043317246,532,4468,1000,0b16012303fa519e944d3da81d38161a2ca15e1ec50f1ea72127d9beae5c9703
device_0,0.375,1707,1.35,47.25,0.05,drop,48,16,3,0.19756,0.3714936166119789,451,4549,1000,d47a0937ab842f26b464638ab1fcb3f093760f05698ccd2254844e2b6ae2b859
device_0,0.375,1708,1.35,47.25,0.05,drop,48,16,3,0.19968,0.3728274067949136,476,4524,1000,c47ba431cbae7b6119a236bb3a6f9227ff8c3604762a942e4517984398688a27
device_0,0.375,1709,1.35,47.25,0.05,drop,48,16,3,0.20214,0.3789219763360735,509,4491,1000,493cc7b712eafbae9cfa471efe40d6b705b01fc3ac3e7c7849bc1b52995d131b
device_0,0.375,1710,1.35,47.25,0.05,drop,48,16,3,0.19842,0.37511826036297974,485,4515,1000,fec858c2480d08470f4d6006b7ceddd5b89ec84fc07dd6f3dd145facc4f93759
device_0,0.75,1701,1.35,47.25,0.05,drop,48,16,3,0.20817,0.7556341521150168,530,4470,1000,9464e6c42aca87fd1260bbdfa2ec91c6b8b1eb9582c639a0eb713f63a0cd904c
device_0,0.75,1702,1.35,47.25,0.05,drop,48,16,3,0.20244,0.7487885933421545,512,4488,1000,95a003e3f223db0fbe6ed580702cc3a19978f7a165d345037c21151a41169271
device_0,0.75,1703,1.35,47.25,0.05,drop,48,16,3,0.20102,0.7470900970852136,531,4469,1000,73055975073c98dc6c9cc17894a0488ada04c9e045f6e09021cc212433f078c6
device_0,0.75,1704,1.35,47.25,0.05,drop,48,16,3,0.19715,0.7479806369104111,493,4507,1000,b2fb8dd919f4fca2d70b9d5e6864f02d0600943d9bb641597780a0ae45a26f85
device_0,0.75,1705,1.35,47.25,0.05,drop,48,16,3,0.20494,0.7506431485678381,519,4481,1000,61ae69782784983eb6680dc65559009e5b3b2d1f541f960843c12eddb3f45757
device_0,0.75,1706,1.35,47.25,0.05,drop,48,16,3,0.20282,0.7537784223147826,462,4538,1000,f300862777d9acf67d5a2267b5f81064c53e6e57ad77df22ee6bac458a121e41
device_0,0.75,1707,1.35,47.25,0.05,drop,48,16,3,0.20138,0.7431906944181493,488,4512,1000,4c72342ae82eb7b98eba8239492b1fbf9cdf3a063d9139c302ae7d9cae4e3025
device_0,0.75,1708,1.35,47.25,0.05,drop,48,16,3,0.20034,0.7475350990705809,471,4529,1000,55750fe77ef6e370f37f1c5e29a5aee43f36177f0bf90e73aa20f94d033f730b
device_0,0.75,1709,1.35,47.25,0.05,drop,48,16,3,0.20613,0.7542776800152501,505,4495,1000,a02022515d269a41dd355b58a3d1b7321aa3d9793a6004b2a8c89cfc2f24efa3
device_0,0.75,1710,1.35,47.25,0.05,drop,48,16,3,0.20286,0.74728584709585,519,4481,1000,8a7be8dd6f7c102cc6b4f88fa278225be68daf7ed21aec4aa709dfc24686de87
device_0,0.875,1701,1.35,47.25,0.05,drop,48,16,3,0.20249,0.8763990178082249,523,4477,1000,62fdfdbdb7387bf3850dee2b4e0fe188550295be31a67d9610df0746bdecead3
device_0,0.875,1702,1.35,47.25,0.05,drop,48,16,3,0.19703,0.8759866636367837,489,4511,1000,49d277498da7a2f43e36b0ef7d98f5f93401e25a33497593652179d4d1198280
device_0,0.875,1703,1.35,47.25,0.05,drop,48,16,3,0.20238,0.8773687974569232,505,4495,1000,85ae124bbc7460f45637ba9d0d271286f0c94dfaafb39c352fa88a0111b19e97
device_0,0.875,1704,1.35,47.25,0.05,drop,48,16,3,0.19663,0.8771256568671042,478,4522,1000,964fe70b1cbd67394fea204cbc26f4202d370f6855463ad96b4c28d560a940bb
device_0,0.875,1705,1.35,47.25,0.05,drop,48,16,3,0.20133,0.8756186617053834,486,4514,1000,1f65601bda508c44a7536165b7470f631064a30915ab12390c17ff511f5d3527
device_0,0.875,1706,1.35,47.25,0.05,drop,48,16,3,0.19605,0.8731077294363513,515,4485,1000,decc746fd610d5df66d266d8ea893dfc0b41b5b96a1f6421ac9a4ea18e67553c
device_0,0.875,1707,1.35,47.25,0.05,drop,48,16,3,0.2,0.8774036452681541,500,4500,1000,69b7157727c79b439c2d9d3e390ef3f963ad718196b38b3757ac7ce42f0ca7bc
device_0,0.875,1708,1.35,47.25,0.05,drop,48,16,3,0.20258,0.87442580026271,496,4504,1000,224ef423fe36b05fba0a5578ebe6220ded77083cc83c2fb54ea4b9885202df9b
device_0,0.875,1709,1.35,47.25,0.05,drop,48,16,3,0.19831,0.8770598020870867,511,4489,1000,f7695e729d506132494e118ee04d089c402fafa5ac32164296d47b27fd434a3f
device_0,0.875,1710,1.35,47.25,0.05,drop,48,16,3,0.19668,0.8724656025657239,493,4507,1000,7f398b600e1121f49f113d1ef2b5a5261e278f6de6d376f885d8cf2e306556e5
device_0,0.9375,1701,1.35,47.25,0.05,drop,48,16,3,0.20509,0.9402237906216514,498,4502,1000,8fad4009217b03faf585eab6160abd4dc6f0da5e3a46c345ed773f8c8331424a
device_0,0.9375,1702,1.35,47.25,0.05,drop,48,16,3,0.19366,0.9366016280001491,498,4502,1000,70046581357f600665dd747371fb1d7b260ed38f39dcdc17f7eb9aaa2306793c
device_0,0.9375,1703,1.35,47.25,0.05,drop,48,16,3,0.19489,0.9369055048961522,487,4513,1000,3dc98fa157e57fa3a39898eb52e940d35686987005dd494a6dce1eed61eb0306
device_0,0.9375,1704,1.35,47.25,0.05,drop,48,16,3,0.19999,0.9358099323716185,485,4515,1000,512436dbab91b9179609f3acc6a90c548fb8f33f71f5af814f06308235640916
device_0,0.9375,1705,1.35,47.25,0.05,drop,48,16,3,0.19063,0.9374553760710133,477,4523,1000,2ba6e19617174400eab516ec13c9e00ec67ab8828d2e793034048388e91de93e
device_0,0.9375,1706,1.35,47.25,0.05,drop,48,16,3,0.20144,0.9386428776611538,522,4478,1000,11a31a483088d91344f43e55bc28f9200118d4f153fc7bf707cb17082c33963e
device_0,0.9375,1707,1.35,47.25,0.05,drop,48,16,3,0.20073,0.9386652506542138,532,4468,1000,d6297776d4869fbf8673f5a638eac80761641084a26fbd471167ccfe4384a432
device_0,0.9375,1708,1.35,47.25,0.05,drop,48,16,3,0.19042,0.9350336658268497,462,4538,1000,449c05d7b1d640193c70f106603ad19409a409c776e8d3ec69b5b20410cea200
device_0,0.9375,1709,1.35,47.25,0.05,drop,48,16,3,0.20214,0.9387695757970393,501,4499,1000,63f32aab0e90d77f6ca527fa54b2587935c3b8ab119a8f6f820d9389a1395fe5
device_0,0.9375,1710,1.35,47.25,0.05,drop,48,16,3,0.20082,0.9338903427364145,486,4514,1000,2bee50d16849680f07f23a43edbc4b3ff4cff4967d492b32ebc3e0b33b1b4023
device_0,0.975,1701,1.35,47.25,0.05,drop,48,16,3,0.20012,0.9750727182312047,475,4525,1000,a142a476fd200fcb9cf5ddc7c89531beba9a0e5eac296e200abfbb5895362ce0
device_0,0.975,1702,1.35,47.25,0.05,drop,48,16,3,0.19762,0.9739220248349032,483,4517,1000,ffe30a489f37e7c9dc619ca82f0335f420cadcd6d132787a2de864e8ade0fba5
device_0,0.975,1703,1.35,47.25,0.05,drop,48,16,3,0.1984,0.975854682367182,494,4506,1000,316b4ce9baee7d29a1506c900007515da73de235ec78c04cf5c2f564e7ee8890
device_0,0.975,1704,1.35,47.25,0.05,drop,48,16,3,0.19634,0.9733501805342133,485,4515,1000,b962624c9edaa7b0760d4c308732aa2e11dac5096c35ac0917bf9423475457e8
device_0,0.975,1705,1.35,47.25,0.05,drop,48,16,3,0.19493,0.9747974986214312,499,4501,1000,e0e68024934265904d93d68d50eb454546fe5ecbb143e80db88e674ae610220d
device_0,0.975,1706,1.35,47.25,0.05,drop,48,16,3,0.203,0.9742259419786155,480,4520,1000,69878d0f53f8b7fcde2284dc640cb676a82a22555e00cd28383f64e074d50d11
device_0,0.975,1707,1.35,47.25,0.05,drop,48,16,3,0.20266,0.9738223967562294,499,4501,1000,ad83c3d8a8a9a488ad22d4d8ff8e69ce021cb165500079b03bd9c70acf939a1f
device_0,0.975,1708,1.35,47.25,0.05,drop,48,16,3,0.19043,0.9746047948044175,482,4518,1000,699e53264a8501c3b3b502a4cc5ecb43c7fa0dc37d0e931fe5db097a16d10408
device_0,0.975,1709,1.35,47.25,0.05,drop,48,16,3,0.19294,0.9749540477640206,466,4534,1000,e50d289314f30fb56f469d25ea8df21ef969ed4c89d7b7ee455c57c32516cad0
device_0,0.975,1710,1.35,47.25,0.05,drop,48,16,3,0.19779,0.9774683509778551,513,4487,1000,4114155ad4df3f0b459ea4a4eb4277686f7c02e98a89d47c73a90d7e60f886cf
device_0,0.0,1701,1.35,47.25,0.05,late,48,16,3,0.19936,-0.002661444942765865,516,4484,1000,68110cbe4dc10b30c81503f8767b4dc6e8abe8a54706476e98b40a1c6c4b0695
device_0,0.0,1702,1.35,47.25,0.05,late,48,16,3,0.20106,0.005830007599770396,487,4513,1000,2a3cf6601abf4062584d71274aa5a5e38ae5419cde8b44a1e39621d36edbe33a
device_0,0.0,1703,1.35,47.25,0.05,late,48,16,3,0.19952,0.005656351965683195,497,4503,1000,ec0e723952832312a3a5ccd3262cb41c0f33391db538c4f0fa47e93d9007074d
device_0,0.0,1704,1.35,47.25,0.05,late,48,16,3,0.20257,0.002457782015709934,527,4473,1000,091c6500532e13e77348ef46d20bfd5ef5509ea4dd1e5f4e620b1fdc3b7ae752
device_0,0.0,1705,1.35,47.25,0.05,late,48,16,3,0.20104,-0.004155617772998724,482,4518,1000,89469ab242cedb5b66c77577bc221c56b375cc27f3d71efb7597be2a401cf40f
device_0,0.0,1706,1.35,47.25,0.05,late,48,16,3,0.20062,-0.0045443747273977144,517,4483,1000,6c6cd481fede51651f7ca256b2887f57e1a330e0f75f69dce555fd838e0e2da0
device_0,0.0,1707,1.35,47.25,0.05,late,48,16,3,0.19896,0.001346027845602329,467,4533,1000,3417fbb150e3a57e93379d219e53754babaf08f820ac3beeb78ef082c9727692
device_0,0.0,1708,1.35,47.25,0.05,late,48,16,3,0.19922,-0.001372807149175493,497,4503,1000,f1bb9af21ae9239c6be0e4b5c16c8aaf89bee11b148ad2c2e1d2644e3546f78d
device_0,0.0,1709,1.35,47.25,0.05,late,48,16,3,0.20001,0.005034822885721277,508,4492,1000,a71f4d3614f60ed279087077d311db7685ef4fb893f4452ae6e499350f50b161
device_0,0.0,1710,1.35,47.25,0.05,late,48,16,3,0.19848,0.0007247411049733544,469,4531,1000,3be5557f4d2dbd8b0b742ce0d941513c8e8a48647dde26ab7f3ff7c83b40a5b9
device_0,0.375,1701,1.35,47.25,0.05,late,48,16,3,0.19773,0.37585282092426525,509,4491,1000,1cff02210fbe7f86827c3b77a8b4dc829d38f21807b603b0decf53f37e9cc0a1
device_0,0.375,1702,1.35,47.25,0.05,late,48,16,3,0.20083,0.3763938072575695,499,4501,1000,08af6b50ce56c41d8dcd625905cec5c2f7881e74432ce6e0902f79d9b68e2abf
device_0,0.375,1703,1.35,47.25,0.05,late,48,16,3,0.19949,0.3708761472322628,508,4492,1000,71d416bbbed5280aaeca5ae7da8cb2fa5985cef2575e64e61349a7ce1d4d1618
device_0,0.375,1704,1.35,47.25,0.05,late,48,16,3,0.19956,0.37083454970073176,479,4521,1000,5ac1ef3f6161843286f89f7112997fded2155f283c42baa693f27f519bd3cdf2
device_0,0.375,1705,1.35,47.25,0.05,late,48,16,3,0.1976,0.38054564128452917,502,4498,1000,2c73f2334a0bf43f3fd433e34996795e571b9f2e8193b894a83085ae12d434e7
device_0,0.375,1706,1.35,47.25,0.05,late,48,16,3,0.19975,0.37847803043317246,532,4468,1000,b931b362758ccb5256b14c0a7c9a3bb0b106803d2cfd17baccb1dbd67b932883
device_0,0.375,1707,1.35,47.25,0.05,late,48,16,3,0.19756,0.3714936166119789,451,4549,1000,e814b86ef060a1504e099629c8a87c2861fad8a14220b1ef2ae4400f19fe9d2b
device_0,0.375,1708,1.35,47.25,0.05,late,48,16,3,0.19968,0.3728274067949136,476,4524,1000,eebebe0149755593a09c24d0c0662232ff4d004c5d448fc95521e0537a200799
device_0,0.375,1709,1.35,47.25,0.05,late,48,16,3,0.20214,0.3789219763360735,509,4491,1000,06d0e090a8a0abfde6d6bb4fef673f785e8cf06fae8b25525e4b732247775b3a
device_0,0.375,1710,1.35,47.25,0.05,late,48,16,3,0.19842,0.37511826036297974,485,4515,1000,d5178958d88efbbb1ea7085e41283e59c843e2f4f38fba04312e615cf06ad6cb
device_0,0.75,1701,1.35,47.25,0.05,late,48,16,3,0.20817,0.7556341521150168,530,4470,1000,755b6e5d70235ae32fb1f96aebc2debb867730bb6c3afc1bc4f4c771781d2f92
device_0,0.75,1702,1.35,47.25,0.05,late,48,16,3,0.20244,0.7487885933421545,512,4488,1000,f56af91e662b00a950691f6ef7d7ff630b9b7eb638aa4bd15587559aef65bb16
device_0,0.75,1703,1.35,47.25,0.05,late,48,16,3,0.20102,0.7470900970852136,531,4469,1000,67a1285a2a19d60f582b77e009fe70ab100f513e9e47da077cc8b485c3fc50ee
device_0,0.75,1704,1.35,47.25,0.05,late,48,16,3,0.19715,0.7479806369104111,493,4507,1000,cbf2d77f8b5590f0750a45e812b12fa8404835c6b69085b479c491eea7a62d78
device_0,0.75,1705,1.35,47.25,0.05,late,48,16,3,0.20494,0.7506431485678381,519,4481,1000,b8014e6ae7f55d8a319157d49948eb0b08d9415d4f8e1a4276560c359b4bf552
device_0,0.75,1706,1.35,47.25,0.05,late,48,16,3,0.20282,0.7537784223147826,462,4538,1000,e5fff663b7793857a54026a8928aae705bfa1723c7ad15f173898c238a92a0c6
device_0,0.75,1707,1.35,47.25,0.05,late,48,16,3,0.20138,0.7431906944181493,488,4512,1000,bda5de4498f370a938a53331833159218718df624631743caa28e9ffc1c178aa
device_0,0.75,1708,1.35,47.25,0.05,late,48,16,3,0.20034,0.7475350990705809,471,4529,1000,695d4295e0ca08686bc9d45e3e969f74272ed5835d93cb0bd130478b32a1bbad
device_0,0.75,1709,1.35,47.25,0.05,late,48,16,3,0.20613,0.7542776800152501,505,4495,1000,f710b16563fa85029f3e353528c29dedaed148d08ac5f516dee87dfb067933d8
device_0,0.75,1710,1.35,47.25,0.05,late,48,16,3,0.20286,0.74728584709585,519,4481,1000,166b994b3751fcab4cc68d05fcd394fc11104847fb65d1654fe0906dd12dd55d
device_0,0.875,1701,1.35,47.25,0.05,late,48,16,3,0.20249,0.8763990178082249,523,4477,1000,1474bc9c00675103bd4d2d3663bb364b0b7fb779ac0fb7c5956f3da56b4e58ae
device_0,0.875,1702,1.35,47.25,0.05,late,48,16,3,0.19703,0.8759866636367837,489,4511,1000,46e777fa80f56788cdc4d5b68a212430c705d4abca52d3a45a721538c7698563
device_0,0.875,1703,1.35,47.25,0.05,late,48,16,3,0.20238,0.8773687974569232,505,4495,1000,c135e682bff774421dd7199446b211aaf4997d1c52f162faa79ece724324d613
device_0,0.875,1704,1.35,47.25,0.05,late,48,16,3,0.19663,0.8771256568671042,478,4522,1000,ce25a395cd08f89c5cf1b2f47b3c304d4097b5dee684ed0740c8ccf52bc99227
device_0,0.875,1705,1.35,47.25,0.05,late,48,16,3,0.20133,0.8756186617053834,486,4514,1000,6325999ae39ecd1862dd37ce307c0f3765f64e103341df7cc765824ea188c9fd
device_0,0.875,1706,1.35,47.25,0.05,late,48,16,3,0.19605,0.8731077294363513,515,4485,1000,fd4a37423fb61cf36efe2d30c7c5ee0d5a64e879b0b9d7d897151eee813dffe8
device_0,0.875,1707,1.35,47.25,0.05,late,48,16,3,0.2,0.8774036452681541,500,4500,1000,ad301dceb9bcb53df4ac2159337f91cc09b9113aeed1d53223a1af028ec31556
device_0,0.875,1708,1.35,47.25,0.05,late,48,16,3,0.20258,0.87442580026271,496,4504,1000,9230c8323414316033dcfcdbb169c24ffa1a98635d4f918d88471baeebefe3ff
device_0,0.875,1709,1.35,47.25,0.05,late,48,16,3,0.19831,0.8770598020870867,511,4489,1000,85d43f423458875ee3bdbf610d6650bd58bd05397d482bbbedb18f6b59b1af8d
device_0,0.875,1710,1.35,47.25,0.05,late,48,16,3,0.19668,0.8724656025657239,493,4507,1000,ab8f000cf985a0f677c4622bccf86ecc4707ac7c6e137fbbdb8450bea3f8884e
device_0,0.9375,1701,1.35,47.25,0.05,late,48,16,3,0.20509,0.9402237906216514,498,4502,1000,8e105503c3ef97aa3bed50fc5fa282f25d705781476e95010d2dff31afd4e8e8
device_0,0.9375,1702,1.35,47.25,0.05,late,48,16,3,0.19366,0.9366016280001491,498,4502,1000,628b1d9147e41eba2e0853634dd81120a4b042d9d8464775c53765697b9014fa
device_0,0.9375,1703,1.35,47.25,0.05,late,48,16,3,0.19489,0.9369055048961522,487,4513,1000,8834e3be919358b7b11afb0c3dce3b4276ad7eb032a68b76bdc439fd722040d6
device_0,0.9375,1704,1.35,47.25,0.05,late,48,16,3,0.19999,0.9358099323716185,485,4515,1000,007d561aa37df051adf8076eeb7f8819aee8cd3a1e456079c38f68c0d8f99784
device_0,0.9375,1705,1.35,47.25,0.05,late,48,16,3,0.19063,0.9374553760710133,477,4523,1000,f4735965b30e666bf23ecca37166085d5d0b9db96af979bd47c1875675c9a947
device_0,0.9375,1706,1.35,47.25,0.05,late,48,16,3,0.20144,0.9386428776611538,522,4478,1000,2f6edd4502d5566545ae24db91c7d964acc3d0ad7ba4c6cfe67b7e1c6aaa41d6
device_0,0.9375,1707,1.35,47.25,0.05,late,48,16,3,0.20073,0.9386652506542138,532,4468,1000,ba1172d174e9473c9d15917d7e8e3ccb7372fb43a19901ec4db1ce69ff920f55
device_0,0.9375,1708,1.35,47.25,0.05,late,48,16,3,0.19042,0.9350336658268497,462,4538,1000,7fc4b1c931063ff2ddfa36d569c38b7a9bcaf20a4e40e5405f67149be2b51b55
device_0,0.9375,1709,1.35,47.25,0.05,late,48,16,3,0.20214,0.9387695757970393,501,4499,1000,6937d5d9597c810f944ec0708d4b06f13de8ddd4d4b80b79968865e3fe5846ad
device_0,0.9375,1710,1.35,47.25,0.05,late,48,16,3,0.20082,0.9338903427364145,486,4514,1000,acf8e778df9b89cf301dfb06a62430abb942f3886a46b196d2279bd210bef068
device_0,0.975,1701,1.35,47.25,0.05,late,48,16,3,0.20012,0.9750727182312047,475,4525,1000,524a4cc38811f8814067a4f624ccc29614ebe0e1588a597a487d7177ecc58387
device_0,0.975,1702,1.35,47.25,0.05,late,48,16,3,0.19762,0.9739220248349032,483,4517,1000,bccedffe6523c2d0f8ea2987f971d2807700f251aae73795455686511e808aef
device_0,0.975,1703,1.35,47.25,0.05,late,48,16,3,0.1984,0.975854682367182,494,4506,1000,4359fa5b37ef544bbecfd00d29c4834e10609762497f6dbb6d5a8b7defdd0871
device_0,0.975,1704,1.35,47.25,0.05,late,48,16,3,0.19634,0.9733501805342133,485,4515,1000,5e04150813169f9ad149d69988daa58c1d1482f4c1a0b7bbe51d4b33dbb8d137
device_0,0.975,1705,1.35,47.25,0.05,late,48,16,3,0.19493,0.9747974986214312,499,4501,1000,cc8dd7155bedfe04e49c01f552881aeaa12b6e628964ae23e222c49038fa1aad
device_0,0.975,1706,1.35,47.25,0.05,late,48,16,3,0.203,0.9742259419786155,480,4520,1000,856f45793ccf1370e4f367a66a9a0152f843b40ef07acd771d5ba8a1be419225
device_0,0.975,1707,1.35,47.25,0.05,late,48,16,3,0.20266,0.9738223967562294,499,4501,1000,375260896b472ab6b8936ad044f3e36f498be822078c8068688007d89d558e85
device_0,0.975,1708,1.35,47.25,0.05,late,48,16,3,0.19043,0.9746047948044175,482,4518,1000,92a098a3f76fdd986afd4c919a579a146966377148b04969657b6d1e39e179d4
device_0,0.975,1709,1.35,47.25,0.05,late,48,16,3,0.19294,0.9749540477640206,466,4534,1000,ad326b3471771d4d80913bc5fbb5b29d31e8993975a5ebc60341778cdfdac026
device_0,0.975,1710,1.35,47.25,0.05,late,48,16,3,0.19779,0.9774683509778551,513,4487,1000,15621ea9f370031abb833c4fac13c4d1829a8fb011ab22377f9a60a277e58fda
device_0,0.0,1701,1.35,47.25,0.1,drop,48,16,3,0.19936,-0.002661444942765865,516,9484,1000,67c89e151bcd94bbd42ce42b8e2e002e4571f9770445b8888b15f16b2e9ac067
device_0,0.0,1702,1.35,47.25,0.1,drop,48,16,3,0.20106,0.005830007599770396,487,9513,1000,63787e77a2067f716eba217400478294f5d818d481f58ec1772d7b6d4809c7fc
device_0,0.0,1703,1.35,47.25,0.1,drop,48,16,3,0.19952,0.005656351965683195,497,9503,1000,c3f50e75e7c4ffaef1850e00522ca210bd56a23196aeff41e1d71d1204230edd
device_0,0.0,1704,1.35,47.25,0.1,drop,48,16,3,0.20257,0.002457782015709934,527,9473,1000,5eff8cf1dd86ae7367baa25b382a0ebb646f49cb6af811e02ce8546f2e4ae922
device_0,0.0,1705,1.35,47.25,0.1,drop,48,16,3,0.20104,-0.004155617772998724,482,9518,1000,366fc546dd3c2ed7fcc3c32a7e8c324ec39edca5fb96de04b4fe2edd35c065e1
device_0,0.0,1706,1.35,47.25,0.1,drop,48,16,3,0.20062,-0.0045443747273977144,517,9483,1000,e82edfe8633e21ffafe57efc171b453548b1bac4d3297b48ab6960097de37afb
device_0,0.0,1707,1.35,47.25,0.1,drop,48,16,3,0.19896,0.001346027845602329,467,9533,1000,ccfea968283c920d8fbbea8db48949c2e0fe870ab4933f766f6caa01654e2e2c
device_0,0.0,1708,1.35,47.25,0.1,drop,48,16,3,0.19922,-0.001372807149175493,497,9503,1000,e5d7dee26d86c8150fa07934557076daf4c9bf44382cddcb182a07515f828e45
device_0,0.0,1709,1.35,47.25,0.1,drop,48,16,3,0.20001,0.005034822885721277,508,9492,1000,939dc0a9964cf889dd4070fe9ea3fd65f9711cde9cfd8636ff62f27364343b9b
device_0,0.0,1710,1.35,47.25,0.1,drop,48,16,3,0.19848,0.0007247411049733544,469,9531,1000,9c7f448a13bd9e7643ea300f996102d9715f34d42453f02ea86497080be5e0f1
device_0,0.375,1701,1.35,47.25,0.1,drop,48,16,3,0.19773,0.37585282092426525,509,9491,1000,321102a6fe70fe19a46f895d6c973b0b50d915a70f85e542370c3d7ef613b137
device_0,0.375,1702,1.35,47.25,0.1,drop,48,16,3,0.20083,0.3763938072575695,499,9501,1000,e32ef003bd7c7c67e2f4c40d07521005b8b970ca14347bfe88b43f5739713708
device_0,0.375,1703,1.35,47.25,0.1,drop,48,16,3,0.19949,0.3708761472322628,508,9492,1000,c47908a438a92f29fd35c14be2ccdba270a2ea0e853ecd7793f770d8ed8a2bdf
device_0,0.375,1704,1.35,47.25,0.1,drop,48,16,3,0.19956,0.37083454970073176,479,9521,1000,4b864e00f9a3d3426ce401c057724a286cc55edb4b7ea360a1e15bef1af573cd
device_0,0.375,1705,1.35,47.25,0.1,drop,48,16,3,0.1976,0.38054564128452917,502,9498,1000,0d268cede116cd8f3b98aae0e976b5bb5ae40d91cbce1692089ad9c55ea6cf0d
device_0,0.375,1706,1.35,47.25,0.1,drop,48,16,3,0.19975,0.37847803043317246,532,9468,1000,1199e5daf41ae0b2ca6fa59e8b59e78b48f022f1f57effc58c5878e775e4fa2b
device_0,0.375,1707,1.35,47.25,0.1,drop,48,16,3,0.19756,0.3714936166119789,451,9549,1000,1ca05f439f3ad6695900da87b9f71fd7cdb9ada12244cecca6fdc63f86a5d130
device_0,0.375,1708,1.35,47.25,0.1,drop,48,16,3,0.19968,0.3728274067949136,476,9524,1000,3759b96775c6ce09361f028d779591a3449aa67f820a67e0785e841e5a578714
device_0,0.375,1709,1.35,47.25,0.1,drop,48,16,3,0.20214,0.3789219763360735,509,9491,1000,490f4b8e414b5feb38cdae4ca356beff9232aefe343ce8806c01edbdad11800e
device_0,0.375,1710,1.35,47.25,0.1,drop,48,16,3,0.19842,0.37511826036297974,485,9515,1000,5fc815e6fb370940425e0ca16e63190e077f5bee0bfb0939d540e06f29ca752a
device_0,0.75,1701,1.35,47.25,0.1,drop,48,16,3,0.20817,0.7556341521150168,530,9470,1000,41c12746f5be140b1bd845031811f0588c7c6909e880716ce1531b1edf2d39c7
device_0,0.75,1702,1.35,47.25,0.1,drop,48,16,3,0.20244,0.7487885933421545,512,9488,1000,94d0b755850614ec7e5c42600eac36a1a7433a700489e31d0225c0805f0aae22
device_0,0.75,1703,1.35,47.25,0.1,drop,48,16,3,0.20102,0.7470900970852136,531,9469,1000,c46d33e6b516496005a3144c7516b5bf1faa6865e6c1797d211ab5a39b6bef80
device_0,0.75,1704,1.35,47.25,0.1,drop,48,16,3,0.19715,0.7479806369104111,493,9507,1000,06785f91126f98660eb13135146da1a3b0069c8b1b2b4aa79ad54744cc33c0a5
device_0,0.75,1705,1.35,47.25,0.1,drop,48,16,3,0.20494,0.7506431485678381,519,9481,1000,ff4852713301d7dd10a939d8235b4ddf0b07cbe1c0b751f53246139962760cd4
device_0,0.75,1706,1.35,47.25,0.1,drop,48,16,3,0.20282,0.7537784223147826,462,9538,1000,16394d9674da12a9355839357f46f21c74b22b159bcf531e294cb536bb810c04
device_0,0.75,1707,1.35,47.25,0.1,drop,48,16,3,0.20138,0.7431906944181493,488,9512,1000,24b31b9b8e12add944730d3bf98983f8efe30adfe1dcb791b8246333cd4e07ce
device_0,0.75,1708,1.35,47.25,0.1,drop,48,16,3,0.20034,0.7475350990705809,471,9529,1000,b3106eb41951326114b5ccb905719391f7f4a10dd26f161567ebfdc6a06407c2
device_0,0.75,1709,1.35,47.25,0.1,drop,48,16,3,0.20613,0.7542776800152501,505,9495,1000,d3c098f1038fca30ef25854501be4d8c74e0087cffbc9a96f468cf4b02144daa
device_0,0.75,1710,1.35,47.25,0.1,drop,48,16,3,0.20286,0.74728584709585,519,9481,1000,502a3bdccd1ab972c190b27d8a6317b24c3f74a0c4ee91cd673c418312c34e1e
device_0,0.875,1701,1.35,47.25,0.1,drop,48,16,3,0.20249,0.8763990178082249,523,9477,1000,3253b0d44f1822dc91878e8647c54e98b9834eafb6ae40cead8271b6813aa83d
device_0,0.875,1702,1.35,47.25,0.1,drop,48,16,3,0.19703,0.8759866636367837,489,9511,1000,feb737f5d7c93859a09489d185fc5a70293734a6d038d4791100f1c147a8eca1
device_0,0.875,1703,1.35,47.25,0.1,drop,48,16,3,0.20238,0.8773687974569232,505,9495,1000,c80d9d6d1136681640801261633998114951f945d13f17b7ee513b736c4d5039
device_0,0.875,1704,1.35,47.25,0.1,drop,48,16,3,0.19663,0.8771256568671042,478,9522,1000,d403572584c62f5f11ab9ae0ee2292df6e47922fa7c2eb88b459fe5c3c18a352
device_0,0.875,1705,1.35,47.25,0.1,drop,48,16,3,0.20133,0.8756186617053834,486,9514,1000,67ffbc90843f627e386d6614445a237a52e829cd4580cb7b4f3f2d87a195b49f
device_0,0.875,1706,1.35,47.25,0.1,drop,48,16,3,0.19605,0.8731077294363513,515,9485,1000,4d5ab45b9cfdcfe9fffd25202b924237a6b88f1fecda3056d8f5614c6b136862
device_0,0.875,1707,1.35,47.25,0.1,drop,48,16,3,0.2,0.8774036452681541,500,9500,1000,878f4fe7b6a64c81f77442936fd6753cbd28ab24bd17e28aa8dc3ec6ad4e3b7e
device_0,0.875,1708,1.35,47.25,0.1,drop,48,16,3,0.20258,0.87442580026271,496,9504,1000,7315fb3c6a4045c67dbc1c782e9fc0b6d2a8a35e4c83728881e44ffc5a9fa159
device_0,0.875,1709,1.35,47.25,0.1,drop,48,16,3,0.19831,0.8770598020870867,511,9489,1000,5c069d78001faa14787c92668583349622262090d9974e06412b7c6e128bd81c
device_0,0.875,1710,1.35,47.25,0.1,drop,48,16,3,0.19668,0.8724656025657239,493,9507,1000,a0bc0eaf98500fd53bfce47eeec8b3c405b83bd820fb7a03ab492a607242703b
device_0,0.9375,1701,1.35,47.25,0.1,drop,48,16,3,0.20509,0.9402237906216514,498,9502,1000,10e85406cdeec20850291092713de4990a73cfdfde1100df2f85df46cebe66bd
device_0,0.9375,1702,1.35,47.25,0.1,drop,48,16,3,0.19366,0.9366016280001491,498,9502,1000,d095bfeee8c8b373cadaf2c7c71e65816c044f9da88ec6924c8a226454832378
device_0,0.9375,1703,1.35,47.25,0.1,drop,48,16,3,0.19489,0.9369055048961522,487,9513,1000,829980f517c44a6d3dea1f6a311ba9ca0062f0e2adf8c753614066fc966eccc8
device_0,0.9375,1704,1.35,47.25,0.1,drop,48,16,3,0.19999,0.9358099323716185,485,9515,1000,29e1277361be27d9920a091870c3a29df2cd1876c54d36726e169eacedc87ada
device_0,0.9375,1705,1.35,47.25,0.1,drop,48,16,3,0.19063,0.9374553760710133,477,9523,1000,3cf90dd7981403c40347402a56e63c8deb671b831b49407006bf74e0d9283971
device_0,0.9375,1706,1.35,47.25,0.1,drop,48,16,3,0.20144,0.9386428776611538,522,9478,1000,7576e4d4a39eba61368da7728a9cd181910913bd23b04d1ead2af02b04e559af
device_0,0.9375,1707,1.35,47.25,0.1,drop,48,16,3,0.20073,0.9386652506542138,532,9468,1000,2eb89db8f23f2fc898b0cbd2d985329e6d33048bfb39cd6c6ed468a80ee9e103
device_0,0.9375,1708,1.35,47.25,0.1,drop,48,16,3,0.19042,0.9350336658268497,462,9538,1000,25e745d163b6e5259937e7f0e50742e72bce608b39fa1d13b0944eec9e2b8f23
device_0,0.9375,1709,1.35,47.25,0.1,drop,48,16,3,0.20214,0.9387695757970393,501,9499,1000,4376203a30b56cba0aed3131b9a5af86cad5aa1d5aa62aed72f7ae0a8d4edd96
device_0,0.9375,1710,1.35,47.25,0.1,drop,48,16,3,0.20082,0.9338903427364145,486,9514,1000,e442f8ac31ff979fe45f9816212e1fce3ffb71dfeb89accfb76a1e3458c9c846
device_0,0.975,1701,1.35,47.25,0.1,drop,48,16,3,0.20012,0.9750727182312047,475,9525,1000,dd7054359afc72b7e7bf7f8f3681c12c06bb1cf183f826b4b01820d7495b547c
device_0,0.975,1702,1.35,47.25,0.1,drop,48,16,3,0.19762,0.9739220248349032,483,9517,1000,37eca0fdec7a2f2fbc6a01b52153c21c9425475c13b4d9b93f34c3c5ced5f3f7
device_0,0.975,1703,1.35,47.25,0.1,drop,48,16,3,0.1984,0.975854682367182,494,9506,1000,6c1c8bc6de6df5c8098df8a0801ab4f66642e7b4bfc8a75dfd4fd25a12de25ae
device_0,0.975,1704,1.35,47.25,0.1,drop,48,16,3,0.19634,0.9733501805342133,485,9515,1000,5c9f165ce52aa2cea4d8957f8a252510ca07bf2d603ba7909926dff785269e44
device_0,0.975,1705,1.35,47.25,0.1,drop,48,16,3,0.19493,0.9747974986214312,499,9501,1000,3c178f27bcbf035663858ae811a5c217c3dfe3d8cfff4371735b3a91d70e1527
device_0,0.975,1706,1.35,47.25,0.1,drop,48,16,3,0.203,0.9742259419786155,480,9520,1000,3d90188cc48242ca174d9320f7a2b1b278e4fdb107cdde7327b2ca14f458b0f4
device_0,0.975,1707,1.35,47.25,0.1,drop,48,16,3,0.20266,0.9738223967562294,499,9501,1000,38308c095f56e0e50c83f30c83dd58f91e27f195494486b006478f0a53c7dcd1
device_0,0.975,1708,1.35,47.25,0.1,drop,48,16,3,0.19043,0.9746047948044175,482,9518,1000,2f7cd298e8f35d1ade4944aa76c82625e298208884df3905bb53c35132de3e7c
device_0,0.975,1709,1.35,47.25,0.1,drop,48,16,3,0.19294,0.9749540477640206,466,9534,1000,e3c9036daf854626aec783e0db36daa183fcd70b10507e9bf8404355ea606af0
device_0,0.975,1710,1.35,47.25,0.1,drop,48,16,3,0.19779,0.9774683509778551,513,9487,1000,92f9f3175cb37fde0810a27adf0845fd3f764c2bca8273d83af332ccca5cc0ba
device_0,0.0,1701,1.35,47.25,0.1,late,48,16,3,0.19936,-0.002661444942765865,516,9484,1000,44c0e3de8858a645de6520dcb9934b0566fc0223cfe81eb3da394ae698b9b21e
device_0,0.0,1702,1.35,47.25,0.1,late,48,16,3,0.20106,0.005830007599770396,487,9513,1000,609f1071eceebc61d998bb141a7b00d51ccc0298f89af97667c2e6bbbe7780dd
device_0,0.0,1703,1.35,47.25,0.1,late,48,16,3,0.19952,0.005656351965683195,497,9503,1000,122a2838bf6c74d58113dd080f310d17f89f9220b0a62bad66cb07a650d0d44a
device_0,0.0,1704,1.35,47.25,0.1,late,48,16,3,0.20257,0.002457782015709934,527,9473,1000,d34f4bed63c06809e0656baf6ccdf30250a488a51f48f201b03a7c7ed97a028d
device_0,0.0,1705,1.35,47.25,0.1,late,48,16,3,0.20104,-0.004155617772998724,482,9518,1000,a4535220254e3e8fc599aba2e121b18eb1530737a3dc765e2b4c5a56c088ce31
device_0,0.0,1706,1.35,47.25,0.1,late,48,16,3,0.20062,-0.0045443747273977144,517,9483,1000,4900a9b8202914c60cf1965597b04ce6593d17d9a07db773c46009a866e3d562
device_0,0.0,1707,1.35,47.25,0.1,late,48,16,3,0.19896,0.001346027845602329,467,9533,1000,52db8a1316488d9a91de2c17f5f1d387400be1cc6cffee5690c6ae031425189c
device_0,0.0,1708,1.35,47.25,0.1,late,48,16,3,0.19922,-0.001372807149175493,497,9503,1000,53461c3e32e8816be44cfb260e2489a35634a6b00d8f8eb5982e367ebc6ba6e8
device_0,0.0,1709,1.35,47.25,0.1,late,48,16,3,0.20001,0.005034822885721277,508,9492,1000,5e6c033627268139e5ecb3fe04f86314479181b09ceaf394b00b5ba3cd2b85ca
device_0,0.0,1710,1.35,47.25,0.1,late,48,16,3,0.19848,0.0007247411049733544,469,9531,1000,1983dfe6127c3a09a3896894f39011d34009b0526c608dd671b693c2806a6d9a
device_0,0.375,1701,1.35,47.25,0.1,late,48,16,3,0.19773,0.37585282092426525,509,9491,1000,a7b4cf01f3e75a90b5608b9fa59dc67cd2558609ff9db76b2ca4a3c3f1d7e685
device_0,0.375,1702,1.35,47.25,0.1,late,48,16,3,0.20083,0.3763938072575695,499,9501,1000,3e08b62d519615ae2e38cabb09dea5acb42add0530e3d21d39fb44f4356fddb6
device_0,0.375,1703,1.35,47.25,0.1,late,48,16,3,0.19949,0.3708761472322628,508,9492,1000,29967451059ff7d4bf4ea276f9b559d1ff8c26986267dfd1ee8678f3b48ca097
device_0,0.375,1704,1.35,47.25,0.1,late,48,16,3,0.19956,0.37083454970073176,479,9521,1000,5d4ad09edde1611a7038e6e2726d2d8e27afb9fc8f6fdeb13b41fbc687036af3
device_0,0.375,1705,1.35,47.25,0.1,late,48,16,3,0.1976,0.38054564128452917,502,9498,1000,20fc1cd09034a38c7abec8951d0b27e90ea903c4988bcae5f32326691bc5b86c
device_0,0.375,1706,1.35,47.25,0.1,late,48,16,3,0.19975,0.37847803043317246,532,9468,1000,decbf58666694c3c2e70a6151825a1ad09432c4a971b757c09ee962c5bfeff6c
device_0,0.375,1707,1.35,47.25,0.1,late,48,16,3,0.19756,0.3714936166119789,451,9549,1000,7b499d6c5a04fc268af1566932d9c521e7ca1ae96ca4170fbb77056c2ba6d676
device_0,0.375,1708,1.35,47.25,0.1,late,48,16,3,0.19968,0.3728274067949136,476,9524,1000,0f3f2fd3759adbef3b91a3f9bc4e20866013a0f327383545c87f51737735dfda
device_0,0.375,1709,1.35,47.25,0.1,late,48,16,3,0.20214,0.3789219763360735,509,9491,1000,6b7fb68feb028837ccd0c84cce7e64a84878b90f5f143cdf661929778244d895
device_0,0.375,1710,1.35,47.25,0.1,late,48,16,3,0.19842,0.37511826036297974,485,9515,1000,31b0b9348e813f43dde8bbffce8808a09ba337aad6be4dae56963e19abf10ab9
device_0,0.75,1701,1.35,47.25,0.1,late,48,16,3,0.20817,0.7556341521150168,530,9470,1000,a565c5ce5440d8889882bb24b332b229f6ee2a1a3ef59fc9a222ac58e767e8ac
device_0,0.75,1702,1.35,47.25,0.1,late,48,16,3,0.20244,0.7487885933421545,512,9488,1000,2f47c1272752bf62c2e01c8c71a64192a1444edd92e87c5af8e5544396f2d835
device_0,0.75,1703,1.35,47.25,0.1,late,48,16,3,0.20102,0.7470900970852136,531,9469,1000,dd1db446801e9d11345bf52be6b48c8460eb08533fe5e8c6e791262a1b4c1be6
device_0,0.75,1704,1.35,47.25,0.1,late,48,16,3,0.19715,0.7479806369104111,493,9507,1000,1b3562d622de1a1a6bf7414e07ee2a53721167154c7345c9d0ffb03042a5190b
device_0,0.75,1705,1.35,47.25,0.1,late,48,16,3,0.20494,0.7506431485678381,519,9481,1000,1da63923fe2eb62e3dc50f72bccb2e1d30fc5479698f38f8ba3d10b7ce5cbb33
device_0,0.75,1706,1.35,47.25,0.1,late,48,16,3,0.20282,0.7537784223147826,462,9538,1000,89c88f88eb240fb9611feeda82e43d6927849b3e8db59a7d9d51453b289965b4
device_0,0.75,1707,1.35,47.25,0.1,late,48,16,3,0.20138,0.7431906944181493,488,9512,1000,7ddd862c63293d6c7d5507a061acb4a93a4e0cfd8916840fcb59da0fc0541042
device_0,0.75,1708,1.35,47.25,0.1,late,48,16,3,0.20034,0.7475350990705809,471,9529,1000,490d8cab425041ac859703e4daadb828c224c5d976f59672bec087bde4684283
device_0,0.75,1709,1.35,47.25,0.1,late,48,16,3,0.20613,0.7542776800152501,505,9495,1000,18983af59da688f7828bafbd9b7c6dd0b4876cdca64df8d412c59668c8dccb94
device_0,0.75,1710,1.35,47.25,0.1,late,48,16,3,0.20286,0.74728584709585,519,9481,1000,3cc4dff0c8558d34be955ed82d0ff8400b1f6eb32981d8d94c3b5398ade9da75
device_0,0.875,1701,1.35,47.25,0.1,late,48,16,3,0.20249,0.8763990178082249,523,9477,1000,d5f88f8b3c95253e3991e0281d2b1b55660cba2a9e4e4c29b1c8f3469aad50b7
device_0,0.875,1702,1.35,47.25,0.1,late,48,16,3,0.19703,0.8759866636367837,489,9511,1000,f7272825ed3c21293cd378e6b4e3d4f7c7437953427055d408447780350c80fc
device_0,0.875,1703,1.35,47.25,0.1,late,48,16,3,0.20238,0.8773687974569232,505,9495,1000,39adf9788cf1c6d8dd3a047be7649ca441e2b49c3215daeb3bba5f04b801b299
device_0,0.875,1704,1.35,47.25,0.1,late,48,16,3,0.19663,0.8771256568671042,478,9522,1000,e81ac77dcede4daf89a76efb7de9e6f7db2084c88cf183c092ed31b8ee13f789
device_0,0.875,1705,1.35,47.25,0.1,late,48,16,3,0.20133,0.8756186617053834,486,9514,1000,b3af470431632c70b484454dc9678ad340305cd1761ac36c5395eaf32a965a4c
device_0,0.875,1706,1.35,47.25,0.1,late,48,16,3,0.19605,0.8731077294363513,515,9485,1000,50f83dd49784a556580e1864206e8c8e563fdd500da27fb500d94786a3eb163f
device_0,0.875,1707,1.35,47.25,0.1,late,48,16,3,0.2,0.8774036452681541,500,9500,1000,5b7dc10d3e5c30389ddf962b405e3c246f74f88732237d7f4a9c69bed575827e
device_0,0.875,1708,1.35,47.25,0.1,late,48,16,3,0.20258,0.87442580026271,496,9504,1000,f032dab6ff52d7df0270d8c8f778ae4a27b3a885920eef330747d6fc5c18e616
device_0,0.875,1709,1.35,47.25,0.1,late,48,16,3,0.19831,0.8770598020870867,511,9489,1000,cb6ffe1147b945a2687ee0487a8132e70116f458cfe4c1b9694ff3eeb2a9bc3d
device_0,0.875,1710,1.35,47.25,0.1,late,48,16,3,0.19668,0.8724656025657239,493,9507,1000,219383e7c310938c56740c1393e63f6567e0c37c88abdf08030063e3a7d2dfae
device_0,0.9375,1701,1.35,47.25,0.1,late,48,16,3,0.20509,0.9402237906216514,498,9502,1000,a9aa1f28d260a1b6f7a6a9965fd67e2d2038ef2e2ede6eb34d63689872625266
device_0,0.9375,1702,1.35,47.25,0.1,late,48,16,3,0.19366,0.9366016280001491,498,9502,1000,b2a2cc3d122dd7305cf3409de2772403e90231d130d039f9ac17d45fd2ebf4d6
device_0,0.9375,1703,1.35,47.25,0.1,late,48,16,3,0.19489,0.9369055048961522,487,9513,1000,398476eb5709a5d35d62cfe85866f5d4192aca418d49ef5508ba110c90f6f940
device_0,0.9375,1704,1.35,47.25,0.1,late,48,16,3,0.19999,0.9358099323716185,485,9515,1000,1cc079cd4c3035184c8f167b0336d651f1469747899209c07f198fd3f63cf0a3
device_0,0.9375,1705,1.35,47.25,0.1,late,48,16,3,0.19063,0.9374553760710133,477,9523,1000,0ebc78a1ed9b5cbdf4dee6c9051865ae65ce45a7406650af162843f0b358b4a4
device_0,0.9375,1706,1.35,47.25,0.1,late,48,16,3,0.20144,0.9386428776611538,522,9478,1000,8490c20f357f33fe1c6610b2d7dbe047eefbc7bc56f2102118af1c01ad460cf9
device_0,0.9375,1707,1.35,47.25,0.1,late,48,16,3,0.20073,0.9386652506542138,532,9468,1000,dd7c3045d016fd077b48c5764bea951ac34dc03bb015dab1262245207d4bd8d2
device_0,0.9375,1708,1.35,47.25,0.1,late,48,16,3,0.19042,0.9350336658268497,462,9538,1000,3dd9390266025ae4fde33cd278aecb497d7274ccc05802d6c93b7919e7b00a35
device_0,0.9375,1709,1.35,47.25,0.1,late,48,16,3,0.20214,0.9387695757970393,501,9499,1000,6b3470eef84bb74545bb0057adb41eb798b9123caca1d7892c9bdb806b3f79a9
device_0,0.9375,1710,1.35,47.25,0.1,late,48,16,3,0.20082,0.9338903427364145,486,9514,1000,3beada6c902af55ea027ce47a9ed7ab622c8adbbeaa9aa37f3aeb731ee8bf81a
device_0,0.975,1701,1.35,47.25,0.1,late,48,16,3,0.20012,0.9750727182312047,475,9525,1000,e703a3eab436bf6245c13f3fe2549fb543b06f74b11204d67a3a465a2a048703
device_0,0.975,1702,1.35,47.25,0.1,late,48,16,3,0.19762,0.9739220248349032,483,9517,1000,3d5dd98351950d8fc9ad4c874caff2f03793d001634a8cfba4186443922a30d9
device_0,0.975,1703,1.35,47.25,0.1,late,48,16,3,0.1984,0.975854682367182,494,9506,1000,6f20f91a7053ebb8475abe3e96675dcd5456eb6179100c859ae605df41cddb18
device_0,0.975,1704,1.35,47.25,0.1,late,48,16,3,0.19634,0.9733501805342133,485,9515,1000,bbdb032576cc5661435a1bec138e4af66e7473995082269783db84bae8e2fec7
device_0,0.975,1705,1.35,47.25,0.1,late,48,16,3,0.19493,0.9747974986214312,499,9501,1000,13ff399a628432119ed5f86cdc597fc05fe52fd97e5c506c45fa809bdac15460
device_0,0.975,1706,1.35,47.25,0.1,late,48,16,3,0.203,0.9742259419786155,480,9520,1000,b110ca2248f4bbed1e214bac6e395e01afc09aa06e83dc95bedcca1c810676e0
device_0,0.975,1707,1.35,47.25,0.1,late,48,16,3,0.20266,0.9738223967562294,499,9501,1000,bb5d769e8e8d406849281949de488bc86b783261cbe16ba206bffa33714643cf
device_0,0.975,1708,1.35,47.25,0.1,late,48,16,3,0.19043,0.9746047948044175,482,9518,1000,66387e8153fb358344011550e7a8e892e6802837891b36380cd2e52470d6d0ba
device_0,0.975,1709,1.35,47.25,0.1,late,48,16,3,0.19294,0.9749540477640206,466,9534,1000,0d2e8acab89caa8555ac991c155ca2c18cc3b62ff42e855b3592a8ce28fbd392
device_0,0.975,1710,1.35,47.25,0.1,late,48,16,3,0.19779,0.9774683509778551,513,9487,1000,b40b184230fdfff496e12a8fe49c1980a8d787e503e3fccef1dd4cd5bf8fdc7b
device_0,0.0,1701,1.35,47.25,0.15,drop,48,16,3,0.19936,-0.002661444942765865,516,14484,1000,27b8d6894f0c10573532d5785d974a174eaf415b77429886ba911725e6d90548
device_0,0.0,1702,1.35,47.25,0.15,drop,48,16,3,0.20106,0.005830007599770396,487,14513,1000,745b1c75d3703329ab3f03df6e754bec05a1f99f1f8cc8accad2fe2616be7aa2
device_0,0.0,1703,1.35,47.25,0.15,drop,48,16,3,0.19952,0.005656351965683195,497,14503,1000,95839b00acd785af5929bfe7229a78b1128ad1d993f1676ea8ad1554fac406b7
device_0,0.0,1704,1.35,47.25,0.15,drop,48,16,3,0.20257,0.002457782015709934,527,14473,1000,9f59582b1574383c13a8a14f72901a9bfd279bc8af073004d83aa4bfc19d9556
device_0,0.0,1705,1.35,47.25,0.15,drop,48,16,3,0.20104,-0.004155617772998724,482,14518,1000,63189c0cc72876bac98c5864cac77c8b04cd66fcd4aea9de3eac033ce8d143e7
device_0,0.0,1706,1.35,47.25,0.15,drop,48,16,3,0.20062,-0.0045443747273977144,517,14483,1000,8eeeebf5a9f12c5f3c56555e21e5bd11dab22737fd972d4805e0303171079f1c
device_0,0.0,1707,1.35,47.25,0.15,drop,48,16,3,0.19896,0.001346027845602329,467,14533,1000,9bd4bc767356527648cc0af81d0d29836b35abbc3ebd1e2b7ab057dde1d94f39
device_0,0.0,1708,1.35,47.25,0.15,drop,48,16,3,0.19922,-0.001372807149175493,497,14503,1000,f4786fecf124cb26402ed8b494365a48ebfd3f28a4f6c22d7db4af2ba0399ab2
device_0,0.0,1709,1.35,47.25,0.15,drop,48,16,3,0.20001,0.005034822885721277,508,14492,1000,5ed7f1755e0dbe6eba4572592737d1de43a43de3948c03ea302f61035d1f474c
device_0,0.0,1710,1.35,47.25,0.15,drop,48,16,3,0.19848,0.0007247411049733544,469,14531,1000,71e0d229995c664513dee8278c0d46e0296c1d2dc7acd1db9fbcde636b8528b0
device_0,0.375,1701,1.35,47.25,0.15,drop,48,16,3,0.19773,0.37585282092426525,509,14491,1000,87cb42a85db02e35cc0d06cc6088a786f9d58ab72b1b612e58806b009802a457
device_0,0.375,1702,1.35,47.25,0.15,drop,48,16,3,0.20083,0.3763938072575695,499,14501,1000,d7b33a0a80fd6f7ac71163cc32b5f2a24271aa3b661af26c7c8944f4e87b3c34
device_0,0.375,1703,1.35,47.25,0.15,drop,48,16,3,0.19949,0.3708761472322628,508,14492,1000,808825d3eedb54418f7991ca2921ee56061d9118f7b357dc0e0c74c50ea03f6d
device_0,0.375,1704,1.35,47.25,0.15,drop,48,16,3,0.19956,0.37083454970073176,479,14521,1000,13f9f18346b9213294f80fc9f681003e01b280727716c3bea73679fb0cf6188b
device_0,0.375,1705,1.35,47.25,0.15,drop,48,16,3,0.1976,0.38054564128452917,502,14498,1000,4e882f4d5f4289686c62c53cdcffb24f3d54a67892092ba737f1b8c17b211bc8
device_0,0.375,1706,1.35,47.25,0.15,drop,48,16,3,0.19975,0.37847803043317246,532,14468,1000,b97558882040ecdc1c458e66ee5a25c033ef5fe8941c70197ec357a73634adff
device_0,0.375,1707,1.35,47.25,0.15,drop,48,16,3,0.19756,0.3714936166119789,451,14549,1000,013fe93ae64002942b68b3f6a823e41c76e3fcab04f7496d99ec071a84f4e08e
device_0,0.375,1708,1.35,47.25,0.15,drop,48,16,3,0.19968,0.3728274067949136,476,14524,1000,b38afdd2e2b3c52522ec0a11c03d12f091ce1150d180133a65d25fc928740d19
device_0,0.375,1709,1.35,47.25,0.15,drop,48,16,3,0.20214,0.3789219763360735,509,14491,1000,f08df9592357f5f7693a5ef0396466cbef1d3f1a2b3f3d4add25456f6ffbe9e2
device_0,0.375,1710,1.35,47.25,0.15,drop,48,16,3,0.19842,0.37511826036297974,485,14515,1000,6d87234be2c3deaf8ab072e81ba1b8c96dd012276fbcd8d2a32ccef96f389b10
device_0,0.75,1701,1.35,47.25,0.15,drop,48,16,3,0.20817,0.7556341521150168,530,14470,1000,b7a724d61a4c452034861d6b098ddcfd60ffc74e7a8929d49559f66347155f23
device_0,0.75,1702,1.35,47.25,0.15,drop,48,16,3,0.20244,0.7487885933421545,512,14488,1000,fbbeaf43090cceb121d4baca7c3858f4a289297d0ee9fc500c6e6892179b1d18
device_0,0.75,1703,1.35,47.25,0.15,drop,48,16,3,0.20102,0.7470900970852136,531,14469,1000,3fef2ae041034c2e7531cf368a337184e61fee3f0c47e48b34a7850b45f653d1
device_0,0.75,1704,1.35,47.25,0.15,drop,48,16,3,0.19715,0.7479806369104111,493,14507,1000,011f194fe58d51c787e3d03bc93d88ffe69e3d6f33f38e3dcdf7a4df2567ad64
device_0,0.75,1705,1.35,47.25,0.15,drop,48,16,3,0.20494,0.7506431485678381,519,14481,1000,3f30fb47617ab84bff9182268e271bb7439eca8a1de71db9bf684e56d68ca9ca
device_0,0.75,1706,1.35,47.25,0.15,drop,48,16,3,0.20282,0.7537784223147826,462,14538,1000,149f1c9969833bc1a4f7d10077231a4e4b16198934043605e81d47b114605fdc
device_0,0.75,1707,1.35,47.25,0.15,drop,48,16,3,0.20138,0.7431906944181493,488,14512,1000,4718d8bce66af1cf4e3b5133845e3a37b7f2edc07465f98fbe672becc0b1cfbc
device_0,0.75,1708,1.35,47.25,0.15,drop,48,16,3,0.20034,0.7475350990705809,471,14529,1000,6f63bc3ff5f406b3424120c1d41ab8bea8470236f71abe3b9225de27185ce1ee
device_0,0.75,1709,1.35,47.25,0.15,drop,48,16,3,0.20613,0.7542776800152501,505,14495,1000,de527668eb6b8af07ad8467e2830b3852f318e58079a9f98df4a85bccdb826db
device_0,0.75,1710,1.35,47.25,0.15,drop,48,16,3,0.20286,0.74728584709585,519,14481,1000,2e22b91dd08a04dc487069c72378f3b067b29a36caead46919f24eb597348744
device_0,0.875,1701,1.35,47.25,0.15,drop,48,16,3,0.20249,0.8763990178082249,523,14477,1000,c395a4848ed67ac7315dc7f0c1e19f30b1601eb80acf300687d149ab32df959b
device_0,0.875,1702,1.35,47.25,0.15,drop,48,16,3,0.19703,0.8759866636367837,489,14511,1000,03971d9b0c6c39b4957f61bd9474f72235be285680bf154b98c15866b06a5387
device_0,0.875,1703,1.35,47.25,0.15,drop,48,16,3,0.20238,0.8773687974569232,505,14495,1000,25e24206bbd6ec3027b96c4ddca397117689bf3a6db52a95e73b2c3a4a7a9594
device_0,0.875,1704,1.35,47.25,0.15,drop,48,16,3,0.19663,0.8771256568671042,478,14522,1000,193d4b160b5f22565f6c0633bca3b5bbc0c1da44928e50e5d3f6bdd21e666ae5
device_0,0.875,1705,1.35,47.25,0.15,drop,48,16,3,0.20133,0.8756186617053834,486,14514,1000,f50407e65aa19abfd4036c44e6c109c33e0cee181631984855677123a5d97564
device_0,0.875,1706,1.35,47.25,0.15,drop,48,16,3,0.19605,0.8731077294363513,515,14485,1000,7fc37282d032cfd9a0fa758c426d3e2aa67e4a9f86157abe9b4498528966965d
device_0,0.875,1707,1.35,47.25,0.15,drop,48,16,3,0.2,0.8774036452681541,500,14500,1000,e60c3fbb3c66a39581c569673ef83c6eeb0f9666c3b7e508291749eb9bb1b399
device_0,0.875,1708,1.35,47.25,0.15,drop,48,16,3,0.20258,0.87442580026271,496,14504,1000,d50fc2678396278d76f397a564b2ffad0fe96eeda15216f6e9a22096eba869c9
device_0,0.875,1709,1.35,47.25,0.15,drop,48,16,3,0.19831,0.8770598020870867,511,14489,1000,733bcdf175f162f2482dd8d1c1b4156b6e725ca10ef840f46650d10085ad4cf2
device_0,0.875,1710,1.35,47.25,0.15,drop,48,16,3,0.19668,0.8724656025657239,493,14507,1000,91136363083af66eaaa9948694755386aae9658959b49aa84bc626479fded3e1
device_0,0.9375,1701,1.35,47.25,0.15,drop,48,16,3,0.20509,0.9402237906216514,498,14502,1000,bb61bfc3c44ee322ad900eee48cb004ed954b51344dac399f5ca5b3a803fc1c4
device_0,0.9375,1702,1.35,47.25,0.15,drop,48,16,3,0.19366,0.9366016280001491,498,14502,1000,8e598c8e03bf2b299db755ec711379cd7b22e3cde898ad64f6ebebd5a8828752
device_0,0.9375,1703,1.35,47.25,0.15,drop,48,16,3,0.19489,0.9369055048961522,487,14513,1000,9787a1874fe789b30cf5382094afb79a326d136edbd61327926142d3f3df8b8d
device_0,0.9375,1704,1.35,47.25,0.15,drop,48,16,3,0.19999,0.9358099323716185,485,14515,1000,325adfce787247b66c2240299f5bfe0da00555cf362a9054a63673421aaed653
device_0,0.9375,1705,1.35,47.25,0.15,drop,48,16,3,0.19063,0.9374553760710133,477,14523,1000,a56c64308c2a3da74ff5dbae333393640526a5393f87b41afb1bd4bf3560163e
device_0,0.9375,1706,1.35,47.25,0.15,drop,48,16,3,0.20144,0.9386428776611538,522,14478,1000,c9ebd957521e5970c9955c1a517ac14c6d7337f093eddb925a222af001f1f664
device_0,0.9375,1707,1.35,47.25,0.15,drop,48,16,3,0.20073,0.9386652506542138,532,14468,1000,63329215c694c7b859187ef2237d6c9f1eaa57a882c994153cd55f3236e3cc81
device_0,0.9375,1708,1.35,47.25,0.15,drop,48,16,3,0.19042,0.9350336658268497,462,14538,1000,360d64ca598b43ec2e383642b9b8cdd23eb61a674ccc209b2ef9a1868e364583
device_0,0.9375,1709,1.35,47.25,0.15,drop,48,16,3,0.20214,0.9387695757970393,501,14499,1000,7b7e6a61c00462739afd4a1943736fc61492342856d4cf1065250d183c888276
device_0,0.9375,1710,1.35,47.25,0.15,drop,48,16,3,0.20082,0.9338903427364145,486,14514,1000,8a2f0535f05ce9c7936d51c71b0e80c3c1cd9cbeab9be7505e4f00d69dd43e0b
device_0,0.975,1701,1.35,47.25,0.15,drop,48,16,3,0.20012,0.9750727182312047,475,14525,1000,245ca827b4da9897d71e92d5809fbc0cb2edd0dbbad2037aaa4e34c0862f932b
device_0,0.975,1702,1.35,47.25,0.15,drop,48,16,3,0.19762,0.9739220248349032,483,14517,1000,8bb1cc725e6b8a913ce579fc19550d3cfc0ad02e532a3d79d5dffab97cadb272
device_0,0.975,1703,1.35,47.25,0.15,drop,48,16,3,0.1984,0.975854682367182,494,14506,1000,de1d04948db954561ef13afd75c11622e920e60f2c1319e8bc39ed154f2a9748
device_0,0.975,1704,1.35,47.25,0.15,drop,48,16,3,0.19634,0.9733501805342133,485,14515,1000,b9d1661bed44c99cbb5845252ee611c306e9f42c96e71eb9b11717257752e7c6
device_0,0.975,1705,1.35,47.25,0.15,drop,48,16,3,0.19493,0.9747974986214312,499,14501,1000,470336b78b384f3e911c40e26e2045d3c3673088521f3409601f97a7c6fcee6a
device_0,0.975,1706,1.35,47.25,0.15,drop,48,16,3,0.203,0.9742259419786155,480,14520,1000,7a415bafa844041a8adbd7251b960759dc20f5dfe2beae0d6ee5abd93af4904c
device_0,0.975,1707,1.35,47.25,0.15,drop,48,16,3,0.20266,0.9738223967562294,499,14501,1000,e9f3ee51e7dacb234aaed49ead7bdac6001f004410ce104cf2d089cb116c08ea
device_0,0.975,1708,1.35,47.25,0.15,drop,48,16,3,0.19043,0.9746047948044175,482,14518,1000,29cc548ad304e224b049381dc3c688b1f7183e2e7d934ee879269560e20fe938
device_0,0.975,1709,1.35,47.25,0.15,drop,48,16,3,0.19294,0.9749540477640206,466,14534,1000,9a1c7731c18d5d6f2a7aade22d989b7297b3c160b80e0cd6993ef5d0e92ac1da
device_0,0.975,1710,1.35,47.25,0.15,drop,48,16,3,0.19779,0.9774683509778551,513,14487,1000,2b56e3444060b1c6484b079afe4cddb5ec2f8a5dab3b5a64cdd2938273620fb1
device_0,0.0,1701,1.35,47.25,0.15,late,48,16,3,0.19936,-0.002661444942765865,516,14484,1000,e2eb89e8598f842cd5743194cc0d356e2f35117afb55454f9f9cea01a9bc8b8e
device_0,0.0,1702,1.35,47.25,0.15,late,48,16,3,0.20106,0.005830007599770396,487,14513,1000,6b05a6908a30fea3ff26ee6fa3c8cc0b4f07860e30c399144ec8ec091fb3354c
device_0,0.0,1703,1.35,47.25,0.15,late,48,16,3,0.19952,0.005656351965683195,497,14503,1000,d7df4128b1d136e34a5f55981d91113410c914d413721952e152bcca143bbbe6
device_0,0.0,1704,1.35,47.25,0.15,late,48,16,3,0.20257,0.002457782015709934,527,14473,1000,76095c26c8502141cd402c3885f7b6cce7d1fbb01465994f10fe3b3413505d2f
device_0,0.0,1705,1.35,47.25,0.15,late,48,16,3,0.20104,-0.004155617772998724,482,14518,1000,c0723455dd82f9a00377f570356796c4f0ae81200030cc843a0e3e1aec727e0c
device_0,0.0,1706,1.35,47.25,0.15,late,48,16,3,0.20062,-0.0045443747273977144,517,14483,1000,c34fc9e77842e740140d1e37ac05c76d346501670f80df03323e44e825bae018
device_0,0.0,1707,1.35,47.25,0.15,late,48,16,3,0.19896,0.001346027845602329,467,14533,1000,4911f82e017ea1ea074fd013bdc1c5e30e505fa7ba6e1dd4f8575fd25a02c3b6
device_0,0.0,1708,1.35,47.25,0.15,late,48,16,3,0.19922,-0.001372807149175493,497,14503,1000,7bf2773c9e80da2dec03a2ecf6c65509b52cec42a7d76a27906835d9c38a281e
device_0,0.0,1709,1.35,47.25,0.15,late,48,16,3,0.20001,0.005034822885721277,508,14492,1000,4dece3f393803cf77ec539fb13a6d79b8d78a0dc218b8f309be24cf6c58fe5b2
device_0,0.0,1710,1.35,47.25,0.15,late,48,16,3,0.19848,0.0007247411049733544,469,14531,1000,20c3218f92453193c5cd62c334c12236d852376f4cfa210d168bd0bd59564c10
device_0,0.375,1701,1.35,47.25,0.15,late,48,16,3,0.19773,0.37585282092426525,509,14491,1000,53dc4bcf655cdc9141d39c940edb33a3011726dbdc8bb5bc6d4ef71b6f2cff7c
device_0,0.375,1702,1.35,47.25,0.15,late,48,16,3,0.20083,0.3763938072575695,499,14501,1000,0062dd4548769f29c6d2a13e7332a0e14b929683bbbd1374496351772d16f29f
device_0,0.375,1703,1.35,47.25,0.15,late,48,16,3,0.19949,0.3708761472322628,508,14492,1000,d88fc372d25bb4de8d1c7c766f08fda1a1de399151061e14f363b7441ddca5d1
device_0,0.375,1704,1.35,47.25,0.15,late,48,16,3,0.19956,0.37083454970073176,479,14521,1000,9fff1a72823f78f03aa8e08f45f1bdd8f68375545c0f688c001b2f2c6de80926
device_0,0.375,1705,1.35,47.25,0.15,late,48,16,3,0.1976,0.38054564128452917,502,14498,1000,69721d7db976f6ba5c63af122a5bcb0cf27eec6d27006999592fd4c39dfb9fb9
device_0,0.375,1706,1.35,47.25,0.15,late,48,16,3,0.19975,0.37847803043317246,532,14468,1000,d3ff5a75f75e826fc5634f314a666bf379469551008edfa476ab3f275e02901e
device_0,0.375,1707,1.35,47.25,0.15,late,48,16,3,0.19756,0.3714936166119789,451,14549,1000,19c148cc71253e447cf91654c67cfe1c81323c29e1078ba9ff5da587afa50d78
device_0,0.375,1708,1.35,47.25,0.15,late,48,16,3,0.19968,0.3728274067949136,476,14524,1000,716400411536c3439715976dcff5456e3752aafcf9356e535dacd3e2a9c3f364
device_0,0.375,1709,1.35,47.25,0.15,late,48,16,3,0.20214,0.3789219763360735,509,14491,1000,7d6ed7a5aa4406e532089d96144d8d2133fc76d857e53284551bf3e3a48f6c18
device_0,0.375,1710,1.35,47.25,0.15,late,48,16,3,0.19842,0.37511826036297974,485,14515,1000,b026aeca0fb9caca9fa85ece6abad159ce2abc20bdd839c88f5490115f0eee13
device_0,0.75,1701,1.35,47.25,0.15,late,48,16,3,0.20817,0.7556341521150168,530,14470,1000,d7a79a287a0d82daba46d970825d819d808b3c9b68972c75ee51e9ad46da2e22
device_0,0.75,1702,1.35,47.25,0.15,late,48,16,3,0.20244,0.7487885933421545,512,14488,1000,b3878310701d79048198ad47b289118d418652e7ba14934c4c0d6683515b472b
device_0,0.75,1703,1.35,47.25,0.15,late,48,16,3,0.20102,0.7470900970852136,531,14469,1000,bba00cc340d5e78aabc542d8cd85a974ce4df6188886a08f89a3f5e90175582a
device_0,0.75,1704,1.35,47.25,0.15,late,48,16,3,0.19715,0.7479806369104111,493,14507,1000,2a90bef7a342d7e153c2decd1470c0493422323b28155768dba7cb7ff1564a8d
device_0,0.75,1705,1.35,47.25,0.15,late,48,16,3,0.20494,0.7506431485678381,519,14481,1000,1176362684113b1b2c0c7e866b885c744323f2b55a86541c62796298685d26cd
device_0,0.75,1706,1.35,47.25,0.15,late,48,16,3,0.20282,0.7537784223147826,462,14538,1000,58af7122e37b1e5311ce21d2c3f71ba4f7218d6caacd3c9c1b467dd98bd4d50a
device_0,0.75,1707,1.35,47.25,0.15,late,48,16,3,0.20138,0.7431906944181493,488,14512,1000,e7913fe2e9903ad52f3d7a2a93e72f7717b29bf27a757715d34e8443365bc484
device_0,0.75,1708,1.35,47.25,0.15,late,48,16,3,0.20034,0.7475350990705809,471,14529,1000,d9ba3a24cdd5adaead39c1cda56315eb9623a75f1de94b2d4eaf4b298061186b
device_0,0.75,1709,1.35,47.25,0.15,late,48,16,3,0.20613,0.7542776800152501,505,14495,1000,8331f2d27dbb7edab6afb6c4a4db33074745d3532babbba9edada609024fac9c
device_0,0.75,1710,1.35,47.25,0.15,late,48,16,3,0.20286,0.74728584709585,519,14481,1000,d878812389a43cb7d9760247797928bb0fc2e023d74080983e68fe2518062bf8
device_0,0.875,1701,1.35,47.25,0.15,late,48,16,3,0.20249,0.8763990178082249,523,14477,1000,2ddb9fc0b198e041b938715e41e64769ce0881997a90e4b51f2884ce6aba1944
device_0,0.875,1702,1.35,47.25,0.15,late,48,16,3,0.19703,0.8759866636367837,489,14511,1000,3d10559eaf41ffa373a8d08a93e5d0c1fbc0499948c351eb320fc85c1033e0c2
device_0,0.875,1703,1.35,47.25,0.15,late,48,16,3,0.20238,0.8773687974569232,505,14495,1000,81efcdb27fddd907b38b698039626f511fafb7bc67ecc6596dc82c72d5f2a6c6
device_0,0.875,1704,1.35,47.25,0.15,late,48,16,3,0.19663,0.8771256568671042,478,14522,1000,19029c83e78464725318b2badd483937292b7552b16839d373f40478c816efaa
device_0,0.875,1705,1.35,47.25,0.15,late,48,16,3,0.20133,0.8756186617053834,486,14514,1000,439c300d16aa488cc5c226cb7ee1812ccb576c6744214c87ad54c2cacd0d2330
device_0,0.875,1706,1.35,47.25,0.15,late,48,16,3,0.19605,0.8731077294363513,515,14485,1000,d45bee951dcdff56e42beb06d3b8ce4f80c3d15a6f6b63fc15ce1de7d2e7e80d
device_0,0.875,1707,1.35,47.25,0.15,late,48,16,3,0.2,0.8774036452681541,500,14500,1000,cd9c259ec15026cdd79b8c33466869eb63cc1db821bfdb7f6a7e1c4ec9b270dc
device_0,0.875,1708,1.35,47.25,0.15,late,48,16,3,0.20258,0.87442580026271,496,14504,1000,38fd1c4526995a6e83e672ae457c91add6b4567ed507e157e55b585c81e85e2b
device_0,0.875,1709,1.35,47.25,0.15,late,48,16,3,0.19831,0.8770598020870867,511,14489,1000,f2880f4ddab2de0a793da1ef41273be4c70900f137d6b747bc771a2685ae1ec2
device_0,0.875,1710,1.35,47.25,0.15,late,48,16,3,0.19668,0.8724656025657239,493,14507,1000,87614f05eba60b2a76478c0ad9ffc70fc2c8d2be75a0278db9f6b00945dffe86
device_0,0.9375,1701,1.35,47.25,0.15,late,48,16,3,0.20509,0.9402237906216514,498,14502,1000,380ae30d13b26b751451f967f78b77ee1551011d6714386dcb3441adfd3b4bef
device_0,0.9375,1702,1.35,47.25,0.15,late,48,16,3,0.19366,0.9366016280001491,498,14502,1000,b50491d3ce9f69c285a8322d50b017270f88103b6fd67de553ef9ef7239cbc5b
device_0,0.9375,1703,1.35,47.25,0.15,late,48,16,3,0.19489,0.9369055048961522,487,14513,1000,b565cca842863dd92b33cc35c0255714b138a91e74abde3b0c9d4490e9157f2b
device_0,0.9375,1704,1.35,47.25,0.15,late,48,16,3,0.19999,0.9358099323716185,485,14515,1000,fd8d67f006b89f4a3b2dac48e57021a06d04f0b4d82479812b9116bad7b1c508
device_0,0.9375,1705,1.35,47.25,0.15,late,48,16,3,0.19063,0.9374553760710133,477,14523,1000,e088c2220221879122530b4e402cda7461f73be1be41d97a9dab28a00bc30693
device_0,0.9375,1706,1.35,47.25,0.15,late,48,16,3,0.20144,0.9386428776611538,522,14478,1000,e058a5514c6e22daeaad09f3588c601e39fd9e002fbb4ee0af5b9139dd7890d9
device_0,0.9375,1707,1.35,47.25,0.15,late,48,16,3,0.20073,0.9386652506542138,532,14468,1000,d123c3035eef6032412ee9f25b08d3a0b60ec0b9805c366c243182402cddf661
device_0,0.9375,1708,1.35,47.25,0.15,late,48,16,3,0.19042,0.9350336658268497,462,14538,1000,29e3bd8a8713ea3aed0bdc0e89a303536707ae850def7e4af1c0937f6ca2d238
device_0,0.9375,1709,1.35,47.25,0.15,late,48,16,3,0.20214,0.9387695757970393,501,14499,1000,6a7ba32caa6488672250c2537137e6dbea3b0402d3e337db488978e229baa029
device_0,0.9375,1710,1.35,47.25,0.15,late,48,16,3,0.20082,0.9338903427364145,486,14514,1000,5ec693a93bf34fc41e52610718f97f1dbcf08d35e78f670fd6d5fd47c7cce6d5
device_0,0.975,1701,1.35,47.25,0.15,late,48,16,3,0.20012,0.9750727182312047,475,14525,1000,a8cad78d945d284c1f65831487fb1b1aa773a01dfff46492c9b0f9ff9e3f5045
device_0,0.975,1702,1.35,47.25,0.15,late,48,16,3,0.19762,0.9739220248349032,483,14517,1000,d178c26f7aebd2b0e672d0a987e6cc45ddcc59303b29c609c58c448d18dd1ec8
device_0,0.975,1703,1.35,47.25,0.15,late,48,16,3,0.1984,0.975854682367182,494,14506,1000,949460ec87efedaa8aa12c1ff2309d36f4a4aca8f9d4ec64aaa48c72d797062e
device_0,0.975,1704,1.35,47.25,0.15,late,48,16,3,0.19634,0.9733501805342133,485,14515,1000,d05e2500d28e17253aff91e6fdd2436c698eb82d0d65e111be7248cfb0ba58bc
device_0,0.975,1705,1.35,47.25,0.15,late,48,16,3,0.19493,0.9747974986214312,499,14501,1000,dce6e350aefc003e30a87dd48059595759983609097fa0c2d72ba0c025338211
device_0,0.975,1706,1.35,47.25,0.15,late,48,16,3,0.203,0.9742259419786155,480,14520,1000,fa54d2a1c84021dd01a935b69d8e121185bc77f235cfa9614db012421ef83ba7
device_0,0.975,1707,1.35,47.25,0.15,late,48,16,3,0.20266,0.9738223967562294,499,14501,1000,646ffdb396a84f7745b1fa76d3fb1db093df336f35d0e744ef1d14d02201452c
device_0,0.975,1708,1.35,47.25,0.15,late,48,16,3,0.19043,0.9746047948044175,482,14518,1000,7c151d3412a79c57e65e6575f8016207443c9b367a9e7cfa36eb8f42f858e362
device_0,0.975,1709,1.35,47.25,0.15,late,48,16,3,0.19294,0.9749540477640206,466,14534,1000,930c52c22113997913b6a72b1ca3cc04b9c9cb88b0c89a53bba7666dbdcc4980
device_0,0.975,1710,1.35,47.25,0.15,late,48,16,3,0.19779,0.9774683509778551,513,14487,1000,1961b47b59238bdec0a56d41380b807552d90ed68f494b0c0c4c5d3a07d2517d
device_0,0.0,1701,1.5,52.5,0.01,drop,48,16,3,0.19936,-0.002661444942765865,62,938,1000,689053b064e213764378aee34fa227d116bb5c97d8924555693df0df16c17db2
device_0,0.0,1702,1.5,52.5,0.01,drop,48,16,3,0.20106,0.005830007599770396,56,944,1000,1e056f95698a933ee7af16ea0179b44a266cb639d7b345e3e12788b25f331748
device_0,0.0,1703,1.5,52.5,0.01,drop,48,16,3,0.19952,0.005656351965683195,63,937,1000,c9e611c795dde7b834a4e7bdb9027d0777a49c4f3f854a613ae7b96dc1df6087
device_0,0.0,1704,1.5,52.5,0.01,drop,48,16,3,0.20257,0.002457782015709934,56,944,1000,0b4bab92fdf9a0ea924d0cdd40f91e1ccf8642eb674a79276b0a8196f8e43474
device_0,0.0,1705,1.5,52.5,0.01,drop,48,16,3,0.20104,-0.004155617772998724,68,932,1000,450ae1477e6bb87aefeaac1f30fd32001bab4c4781e3cb12926735fcab9a7dbb
device_0,0.0,1706,1.5,52.5,0.01,drop,48,16,3,0.20062,-0.0045443747273977144,62,938,1000,34ee5ce0b786eca28c73cc708d547b7dc6b274f2c4ffd4ed694485633fb17e3e
device_0,0.0,1707,1.5,52.5,0.01,drop,48,16,3,0.19896,0.001346027845602329,61,939,1000,4f083988d3327c8e625a16c4cec335717e9dd9049a7e712e0bd9c1b5a43ae734
device_0,0.0,1708,1.5,52.5,0.01,drop,48,16,3,0.19922,-0.001372807149175493,53,947,1000,7450757cc8a2b6ea5c31b951702f633914e110f2a3701599b16bebb14f68fdc6
device_0,0.0,1709,1.5,52.5,0.01,drop,48,16,3,0.20001,0.005034822885721277,61,939,1000,e0bd3a620c1e169c5c78912dbc0ace2bf1547dff19a96db8af07064cda7a4ef8
device_0,0.0,1710,1.5,52.5,0.01,drop,48,16,3,0.19848,0.0007247411049733544,65,935,1000,0a8c0ffe34a0be149156f5f6b238e7e854498b8599181a143f249bdcbb195e7b
device_0,0.375,1701,1.5,52.5,0.01,drop,48,16,3,0.19773,0.37585282092426525,65,935,1000,ac9cd42703ab12ab476665ae8d981840fe2a9fee27b45a6fa8457faf5eb421ae
device_0,0.375,1702,1.5,52.5,0.01,drop,48,16,3,0.20083,0.3763938072575695,59,941,1000,e5dfcbee07ad407f575765183d3a91ededd492c131aacf7fba8ffee2c4aa8987
device_0,0.375,1703,1.5,52.5,0.01,drop,48,16,3,0.19949,0.3708761472322628,72,928,1000,33b1a38f212c8095d611d9d79e24e671ce80a9b8b1593b89e2abf24456796495
device_0,0.375,1704,1.5,52.5,0.01,drop,48,16,3,0.19956,0.37083454970073176,64,936,1000,3b0a451f5f8ea8f49e1de7e026b7f936290ef77328ea720a1924361331f91dd5
device_0,0.375,1705,1.5,52.5,0.01,drop,48,16,3,0.1976,0.38054564128452917,44,956,1000,ff4c9961006e96e4b6b99ccb10ecb06dbf9ded42eb12a20c36f91b48c2bc88d4
device_0,0.375,1706,1.5,52.5,0.01,drop,48,16,3,0.19975,0.37847803043317246,60,940,1000,8659d6ff0a8eaf294f22de64985ab6377787fc0a8cfdde31c1a16914fddc84a3
device_0,0.375,1707,1.5,52.5,0.01,drop,48,16,3,0.19756,0.3714936166119789,63,937,1000,a0106709adb172993ffbc2faa789ab7c1a340fd53978b9bfcf7fb28704d291c1
device_0,0.375,1708,1.5,52.5,0.01,drop,48,16,3,0.19968,0.3728274067949136,52,948,1000,c0d55ba905d2500a326e3d95f209a6a318bdce0ff7edf31b10fe090bd8fc4cc2
device_0,0.375,1709,1.5,52.5,0.01,drop,48,16,3,0.20214,0.3789219763360735,72,928,1000,068f7701f1a9074128f00f3a6e8fbdc6ddd974482cbaf5ce85800ea6949bc6fa
device_0,0.375,1710,1.5,52.5,0.01,drop,48,16,3,0.19842,0.37511826036297974,71,929,1000,ffc4916f22b71f1dacfef995ef3be7673a282b1d10a50324ae0680aec9caad2d
device_0,0.75,1701,1.5,52.5,0.01,drop,48,16,3,0.20817,0.7556341521150168,77,923,1000,9b3739f528992788b407524721e5e13efa480446e319b3d66780acb7a8f1e582
device_0,0.75,1702,1.5,52.5,0.01,drop,48,16,3,0.20244,0.7487885933421545,67,933,1000,fc5cc10e766dd7f4ac96d77894af65771c05f1ba0a9fbcf3d76057da80440424
device_0,0.75,1703,1.5,52.5,0.01,drop,48,16,3,0.20102,0.7470900970852136,65,935,1000,9bb3b8190e0d9327ebf14823915b3524f2649b7ea1b11907780048dd217974c0
device_0,0.75,1704,1.5,52.5,0.01,drop,48,16,3,0.19715,0.7479806369104111,71,929,1000,7ad5a811cba745974d4a0f3737bfad5ff5efb058e6d10205926c7b6aa042365f
device_0,0.75,1705,1.5,52.5,0.01,drop,48,16,3,0.20494,0.7506431485678381,67,933,1000,2499f0f04162b195512eeb716a17064d00b4f8827d0d7a6b18e4dc522c3cfed5
device_0,0.75,1706,1.5,52.5,0.01,drop,48,16,3,0.20282,0.7537784223147826,49,951,1000,205a42c0311d792847f8ba1677c59d8d3e5e122d5b5ce172bbe62c05766b16d6
device_0,0.75,1707,1.5,52.5,0.01,drop,48,16,3,0.20138,0.7431906944181493,64,936,1000,f3b2688a1791ea66c527c1f10a37603cf98689d6e367493cb89ccf692a3d3d09
device_0,0.75,1708,1.5,52.5,0.01,drop,48,16,3,0.20034,0.7475350990705809,53,947,1000,2baf7cdaf0d62525672ac46afd1b8dff2ddd24859b168f49169e4670da0e4ba1
device_0,0.75,1709,1.5,52.5,0.01,drop,48,16,3,0.20613,0.7542776800152501,59,941,1000,d198b8cc46a643a7c1d74bd0b8c41f3b32f09db064977f4436be23978a7d4e9e
device_0,0.75,1710,1.5,52.5,0.01,drop,48,16,3,0.20286,0.74728584709585,52,948,1000,84168e212cb56927e18e9d89fd4f9a31711c6529922de84e56758d78e9eef0fb
device_0,0.875,1701,1.5,52.5,0.01,drop,48,16,3,0.20249,0.8763990178082249,65,935,1000,4117c7e02dc2903b8e9de5fb02f592fd7d33400eb7f2e953e45181a7972a8e4c
device_0,0.875,1702,1.5,52.5,0.01,drop,48,16,3,0.19703,0.8759866636367837,57,943,1000,9e0aff1da4e2a70b615644669a677a6b6ec3086906092715f64e0ff61b6e8ede
device_0,0.875,1703,1.5,52.5,0.01,drop,48,16,3,0.20238,0.8773687974569232,60,940,1000,dbfa3b25222ec78d6b181dbadefd8f59d8255c1d23b3c7fd63d4edfd69c05000
device_0,0.875,1704,1.5,52.5,0.01,drop,48,16,3,0.19663,0.8771256568671042,55,945,1000,39c3e5ac3a93347de3fe14d4ed3fad6779ba8c9b31838124af0fd12dcad64289
device_0,0.875,1705,1.5,52.5,0.01,drop,48,16,3,0.20133,0.8756186617053834,58,942,1000,81e49f4dc2035a9ce2441930ea500f8afb11f75fb757bd56baf60fc7373fea62
device_0,0.875,1706,1.5,52.5,0.01,drop,48,16,3,0.19605,0.8731077294363513,72,928,1000,564c9cce4ce133d53fdc1828b4d7f39594dcf1d4b3fdf501958300013a47bad4
device_0,0.875,1707,1.5,52.5,0.01,drop,48,16,3,0.2,0.8774036452681541,66,934,1000,9735397d2f0eae7ff9a84135033c7bbb4a78e26f5991128d3678d9a9ae5e79b8
device_0,0.875,1708,1.5,52.5,0.01,drop,48,16,3,0.20258,0.87442580026271,66,934,1000,a543010cb04caac66bd9efeae2b116f6324e90817cfded8ba4e30bb21450c00d
device_0,0.875,1709,1.5,52.5,0.01,drop,48,16,3,0.19831,0.8770598020870867,67,933,1000,3628ee3928bb4243f91d561968023e64434115ee9b7bbe31cf8cfd0a11df9bbf
device_0,0.875,1710,1.5,52.5,0.01,drop,48,16,3,0.19668,0.8724656025657239,64,936,1000,ce5bcb1be254c47470182ebb930c4a4c09ec770a9eca09d3b7e51d959770b64f
device_0,0.9375,1701,1.5,52.5,0.01,drop,48,16,3,0.20509,0.9402237906216514,47,953,1000,6fb052abede4fe48f11ba149a63dc3cc0cc7874eb98602b0a5171f98def175c0
device_0,0.9375,1702,1.5,52.5,0.01,drop,48,16,3,0.19366,0.9366016280001491,78,922,1000,02b07c2399088dbb6c65d55fd4b7dd48ebc509effa403b819e98342cd2f6d053
device_0,0.9375,1703,1.5,52.5,0.01,drop,48,16,3,0.19489,0.9369055048961522,53,947,1000,94a08b445cedd3f345f92803c2e74f5e1f876ad0cfe9ea48986f5d128e9df019
device_0,0.9375,1704,1.5,52.5,0.01,drop,48,16,3,0.19999,0.9358099323716185,52,948,1000,ef098323ca46da2d0ed4b911d739fc5f58ac3bfbbf5fdf3587862e9dc97909be
device_0,0.9375,1705,1.5,52.5,0.01,drop,48,16,3,0.19063,0.9374553760710133,45,955,1000,8cd632bf716b0a66852595c265615a18e7eab7cdc8da7d33e1a1c51120e3d8f9
device_0,0.9375,1706,1.5,52.5,0.01,drop,48,16,3,0.20144,0.9386428776611538,54,946,1000,c27606ffee448bcdbf3b80185a66ebffcb1c2c474c440f9e80323e90a6fb5bb2
device_0,0.9375,1707,1.5,52.5,0.01,drop,48,16,3,0.20073,0.9386652506542138,59,941,1000,41322c21df31b6197798e3793da1f7faa918c73dfe398e1586fe91afd4f4b7c9
device_0,0.9375,1708,1.5,52.5,0.01,drop,48,16,3,0.19042,0.9350336658268497,57,943,1000,30733c0053a2d94625eafa5673f417f47c583d8ab244134400789eac098c9f29
device_0,0.9375,1709,1.5,52.5,0.01,drop,48,16,3,0.20214,0.9387695757970393,54,946,1000,a89fd73a8ca37b69264a918758443bd4763b1656bd2d086256a7dc86f43df466
device_0,0.9375,1710,1.5,52.5,0.01,drop,48,16,3,0.20082,0.9338903427364145,58,942,1000,a16b6a4ff72aeecb64a268feb36517f12e1e526e6e8413ce699d3564e7f5b59e
device_0,0.975,1701,1.5,52.5,0.01,drop,48,16,3,0.20012,0.9750727182312047,55,945,1000,c4c67f15c509523c6e2fd6e3097b13cc8c302fa4b0f918b11c41a3e02db4a3c7
device_0,0.975,1702,1.5,52.5,0.01,drop,48,16,3,0.19762,0.9739220248349032,49,951,1000,41c4d836f4964f239f37512b06833c583d3f9e1d7bc1532bdc218472ee08800a
device_0,0.975,1703,1.5,52.5,0.01,drop,48,16,3,0.1984,0.975854682367182,65,935,1000,7a41757374017d48f09f3732d423b64cdf7e6de9781a49d725c0c0904e84aadd
device_0,0.975,1704,1.5,52.5,0.01,drop,48,16,3,0.19634,0.9733501805342133,61,939,1000,bdf87e9fac2e81e2a5c352327ac912b12b08d97054d4d5c6f71f0b38be1db3a7
device_0,0.975,1705,1.5,52.5,0.01,drop,48,16,3,0.19493,0.9747974986214312,63,937,1000,291ba940be2fc08ad2d887eef4845a4034810f97bfbb12a97c6f2a56ddccb105
device_0,0.975,1706,1.5,52.5,0.01,drop,48,16,3,0.203,0.9742259419786155,52,948,1000,ba3a14daeee4e5554aa8c7c517250a0196b21a04453d0e85f631c2dbb4ade9ad
device_0,0.975,1707,1.5,52.5,0.01,drop,48,16,3,0.20266,0.9738223967562294,67,933,1000,6d44754c3b1ea480cf527fc8448aeff450626b30c33dddf0dabb53e4790b455f
device_0,0.975,1708,1.5,52.5,0.01,drop,48,16,3,0.19043,0.9746047948044175,78,922,1000,ddcfa35a84433ac90347b0d926aa9d3bdfa0ad7bdda59cf35db73744f021c9e3
device_0,0.975,1709,1.5,52.5,0.01,drop,48,16,3,0.19294,0.9749540477640206,58,942,1000,c9c8b5553e88a46aad26b4546a12a2cc6f617910aa5e36a53f07b08a892bc02c
device_0,0.975,1710,1.5,52.5,0.01,drop,48,16,3,0.19779,0.9774683509778551,61,939,1000,fc480272d4de410523743d790a1cae79144ccab1146819d852f65781174d7748
device_0,0.0,1701,1.5,52.5,0.01,late,48,16,3,0.19936,-0.002661444942765865,62,938,1000,1979ccc8e328967461105baf9c027fe6a638726529c5ee2b3d478cf475d8c093
device_0,0.0,1702,1.5,52.5,0.01,late,48,16,3,0.20106,0.005830007599770396,56,944,1000,345b6a4ded1113e1ca8528300c05e74991dd16841a3df31fdcc37f089d582823
device_0,0.0,1703,1.5,52.5,0.01,late,48,16,3,0.19952,0.005656351965683195,63,937,1000,642b390cd8f3fa4266bc4a2554c69a02114ae8560d3180341ffab520c386ed6d
device_0,0.0,1704,1.5,52.5,0.01,late,48,16,3,0.20257,0.002457782015709934,56,944,1000,0154198749b025d3867df13f613d91a88be41a9c8a920aedf12090c36c8c5acc
device_0,0.0,1705,1.5,52.5,0.01,late,48,16,3,0.20104,-0.004155617772998724,68,932,1000,0cb0df893843071ee5b827b1968245e5035e0851246840d42ad0c9cfcb906a5e
device_0,0.0,1706,1.5,52.5,0.01,late,48,16,3,0.20062,-0.0045443747273977144,62,938,1000,330e9e050220de0c8ea5b5f759c10e1355e7361f5c6b4af008dde2142c016285
device_0,0.0,1707,1.5,52.5,0.01,late,48,16,3,0.19896,0.001346027845602329,61,939,1000,46413509df4bce6f052a30867d280fd5b2d9a9c7f836519066497eb9b345383a
device_0,0.0,1708,1.5,52.5,0.01,late,48,16,3,0.19922,-0.001372807149175493,53,947,1000,30def4e9d27fab2b04f3608cf72fb4e7da51db6e3947c8ce16528541477d062a
device_0,0.0,1709,1.5,52.5,0.01,late,48,16,3,0.20001,0.005034822885721277,61,939,1000,493eb1ac6dd74369378a752b4a1db2173b0b57264c94f6a233773830832f9e6c
device_0,0.0,1710,1.5,52.5,0.01,late,48,16,3,0.19848,0.0007247411049733544,65,935,1000,0a6546016ed735bc513bfc4368a351f23579b987f59c4a7ad54d0f1cbd9ddc0e
device_0,0.375,1701,1.5,52.5,0.01,late,48,16,3,0.19773,0.37585282092426525,65,935,1000,4df6af91caf9a794bb23e121184e8b55d1179b02531e041b33d855ad09555148
device_0,0.375,1702,1.5,52.5,0.01,late,48,16,3,0.20083,0.3763938072575695,59,941,1000,9b0d863e650d0608be668ee907b0a9a3f3cfab9e4aa161417352b23bb1cfbe86
device_0,0.375,1703,1.5,52.5,0.01,late,48,16,3,0.19949,0.3708761472322628,72,928,1000,0aa8a7151ef6b3992af3f072e900cdfa020bf29d36a54024b01e36a1935f5a7c
device_0,0.375,1704,1.5,52.5,0.01,late,48,16,3,0.19956,0.37083454970073176,64,936,1000,b0b982c6ac8747d25f07d1acb3059f40397efe9da39864f266669bb6ca7e0e53
device_0,0.375,1705,1.5,52.5,0.01,late,48,16,3,0.1976,0.38054564128452917,44,956,1000,6fea540607d5a3f416dc877866ed1da79973ebf0d5dd630101bbec312c201d35
device_0,0.375,1706,1.5,52.5,0.01,late,48,16,3,0.19975,0.37847803043317246,60,940,1000,5248f501a72d92486e33004dbba4ffa14ed01afe3da84ceeb9bb53d618290ec1
device_0,0.375,1707,1.5,52.5,0.01,late,48,16,3,0.19756,0.3714936166119789,63,937,1000,2a14fcfd21f2215d595cc751d49d8ee65f0853917f114c7cbf8967b9be50e19d
device_0,0.375,1708,1.5,52.5,0.01,late,48,16,3,0.19968,0.3728274067949136,52,948,1000,f7851a50007fa1896674cfc92d118d463ffc8f3211214851eb16934cf32eeb32
device_0,0.375,1709,1.5,52.5,0.01,late,48,16,3,0.20214,0.3789219763360735,72,928,1000,c53ad39893e708ebf9419829001478e190212a59359b667049ec443cfc9da1b5
device_0,0.375,1710,1.5,52.5,0.01,late,48,16,3,0.19842,0.37511826036297974,71,929,1000,b76267a0a5187d3643e3c7bcbc29aee67b3fe2ae979102d98ae3411560d77bc9
device_0,0.75,1701,1.5,52.5,0.01,late,48,16,3,0.20817,0.7556341521150168,77,923,1000,b1cea5aa5c47f5ba664ad12635573bc6987e37f4c7a5195cb008a3b50d6fe9ff
device_0,0.75,1702,1.5,52.5,0.01,late,48,16,3,0.20244,0.7487885933421545,67,933,1000,49cabf3769f1365e98b800a66969f027abec5ffc33cf46b105a099b263cedd3c
device_0,0.75,1703,1.5,52.5,0.01,late,48,16,3,0.20102,0.7470900970852136,65,935,1000,576025538afe116e03e6d2edfb10b2dfca793b200197391897efea67f8067fa5
device_0,0.75,1704,1.5,52.5,0.01,late,48,16,3,0.19715,0.7479806369104111,71,929,1000,7ad595f5db5355b909130a997412fa87ea5f10a8091715561b565168c860ff07
device_0,0.75,1705,1.5,52.5,0.01,late,48,16,3,0.20494,0.7506431485678381,67,933,1000,ff98cb48d934b780a0868283f3b781a258a3f75f026a304853723a974446e6ee
device_0,0.75,1706,1.5,52.5,0.01,late,48,16,3,0.20282,0.7537784223147826,49,951,1000,1aed97934dce82ddf9aabd0ccafb3cfb255e2b54c1ad85b3caee5b08d7e2a792
device_0,0.75,1707,1.5,52.5,0.01,late,48,16,3,0.20138,0.7431906944181493,64,936,1000,92116a82f0dea55fd34fa08b239f50343b8eca3f80b2dfbee9dc8edd51b6cdd6
device_0,0.75,1708,1.5,52.5,0.01,late,48,16,3,0.20034,0.7475350990705809,53,947,1000,e7c2b0b612d6e29c9e6a5e38eec1d2ddbd2dd3cfd65c94deee851935aad2b3a4
device_0,0.75,1709,1.5,52.5,0.01,late,48,16,3,0.20613,0.7542776800152501,59,941,1000,cade2afe50fa3e3fc7891a4303d6a73699026d1b487c25603ded038ed1cd0bb7
device_0,0.75,1710,1.5,52.5,0.01,late,48,16,3,0.20286,0.74728584709585,52,948,1000,9ee14c09231afcf3862f459f2077346fa1b38601e128c56a075d3d1069fa5d7b
device_0,0.875,1701,1.5,52.5,0.01,late,48,16,3,0.20249,0.8763990178082249,65,935,1000,80cf39668c862064c547533dbb3caa6c892423ac33d1e699584a5d9debe5dea3
device_0,0.875,1702,1.5,52.5,0.01,late,48,16,3,0.19703,0.8759866636367837,57,943,1000,d5f584a7115e878daae07630614785c0a31231117208b2da32a22f1af06cea2a
device_0,0.875,1703,1.5,52.5,0.01,late,48,16,3,0.20238,0.8773687974569232,60,940,1000,94711aaa1e205416fe79e1924ca124e491d8fad3c3d83fa05f03e4d1a2e69229
device_0,0.875,1704,1.5,52.5,0.01,late,48,16,3,0.19663,0.8771256568671042,55,945,1000,f08f3a274a966318970e9728ee0db13cd821298383897b0a33838125c1b0d29f
device_0,0.875,1705,1.5,52.5,0.01,late,48,16,3,0.20133,0.8756186617053834,58,942,1000,0065204782e64c536ff04bcccbafdfe307e329ec2456f1d18065ea059ffec6bf
device_0,0.875,1706,1.5,52.5,0.01,late,48,16,3,0.19605,0.8731077294363513,72,928,1000,d7e33e9e5957d98dc41b5733329e017f7aef2df558b69e179e5fd2fd82c5765d
device_0,0.875,1707,1.5,52.5,0.01,late,48,16,3,0.2,0.8774036452681541,66,934,1000,28c36cf9bdc96522ac46f7984548401573f25758f44929ed871636cb009226a3
device_0,0.875,1708,1.5,52.5,0.01,late,48,16,3,0.20258,0.87442580026271,66,934,1000,03be2302993be8a8bf31dee591901befd3310481d37ef06671920a64bb19b97e
device_0,0.875,1709,1.5,52.5,0.01,late,48,16,3,0.19831,0.8770598020870867,67,933,1000,4654797f5e3de43fa0e6930304c4aa5b85917bdb8797fb40fb7192a88f9db5f1
device_0,0.875,1710,1.5,52.5,0.01,late,48,16,3,0.19668,0.8724656025657239,64,936,1000,812daf0ce18a9a550276b5368075029bcc6cbc2bd93f551b3398592025374f5f
device_0,0.9375,1701,1.5,52.5,0.01,late,48,16,3,0.20509,0.9402237906216514,47,953,1000,bedc781b2b72b032b43d1c94789e327e7d7234725940550d5b5027bbc2192d7d
device_0,0.9375,1702,1.5,52.5,0.01,late,48,16,3,0.19366,0.9366016280001491,78,922,1000,0eafc99ead7ebea49a4c5b1c01727d79d2728e099c5f46329fa2a1a48687cf80
device_0,0.9375,1703,1.5,52.5,0.01,late,48,16,3,0.19489,0.9369055048961522,53,947,1000,50295b7a76f10bdcd69470872bda05f34c89cc618327a9b26b23603ece8f89fc
device_0,0.9375,1704,1.5,52.5,0.01,late,48,16,3,0.19999,0.9358099323716185,52,948,1000,e40dbaa4a844234674d9f823cece4fde2ad70916fc76027b5d0080743e9512b1
device_0,0.9375,1705,1.5,52.5,0.01,late,48,16,3,0.19063,0.9374553760710133,45,955,1000,0e76683562c093ac5e142be926f8f98cff0cdd7038f75f7e484998bf1675fc90
device_0,0.9375,1706,1.5,52.5,0.01,late,48,16,3,0.20144,0.9386428776611538,54,946,1000,c9bdf1b134cc15e1575cde1e4d39f91fd6d25249a19b3215378071f3459d7301
device_0,0.9375,1707,1.5,52.5,0.01,late,48,16,3,0.20073,0.9386652506542138,59,941,1000,15088768f2cd0008d0442f133f523e5f45544a33d174c59e99a9ca110bd5788c
device_0,0.9375,1708,1.5,52.5,0.01,late,48,16,3,0.19042,0.9350336658268497,57,943,1000,d1352e9ad5b554348d717c276d141c61cb7e46e134ad9f67556cb0e85326122c
device_0,0.9375,1709,1.5,52.5,0.01,late,48,16,3,0.20214,0.9387695757970393,54,946,1000,ad9166c1f72892622a51ba6d5d5edb99801ea8c6b629665f99801621c45d99e5
device_0,0.9375,1710,1.5,52.5,0.01,late,48,16,3,0.20082,0.9338903427364145,58,942,1000,b8f170c34b1c1009a9db37f815f4fa50d5a1a9a6b13f99b35f4c1c2224b7e90f
device_0,0.975,1701,1.5,52.5,0.01,late,48,16,3,0.20012,0.9750727182312047,55,945,1000,b2a1b2f0b483b5ea0547e766eef2a7fe10900bcdca557f88ceb2e47b35faec2c
device_0,0.975,1702,1.5,52.5,0.01,late,48,16,3,0.19762,0.9739220248349032,49,951,1000,4f2d6b688ae2b22fb88a93bd901f53ea36f6dbd79695ead3c277d4f7a7658a4c
device_0,0.975,1703,1.5,52.5,0.01,late,48,16,3,0.1984,0.975854682367182,65,935,1000,b4907eef8109dd14f19900a945e51131ae2b3a08f88639999804599ec19949c4
device_0,0.975,1704,1.5,52.5,0.01,late,48,16,3,0.19634,0.9733501805342133,61,939,1000,f1ed50471b0cefd440934e9f6802e1531957fea9c324893e146fdf2762245d3f
device_0,0.975,1705,1.5,52.5,0.01,late,48,16,3,0.19493,0.9747974986214312,63,937,1000,baa761369c03da0d6937dca8a6798367d99732260163fc4a4ba55f1a42a2f858
device_0,0.975,1706,1.5,52.5,0.01,late,48,16,3,0.203,0.9742259419786155,52,948,1000,345c695c8a5505c1b0543a389802fbec790f075a49e3f92641f13e7ac5c54d84
device_0,0.975,1707,1.5,52.5,0.01,late,48,16,3,0.20266,0.9738223967562294,67,933,1000,8fac65f87d974abba3310642337d88e83d27cacfe0eee98876c10cad269ba4c3
device_0,0.975,1708,1.5,52.5,0.01,late,48,16,3,0.19043,0.9746047948044175,78,922,1000,8227d6d542a754086db161301d885f943002b10b6f79c8cca8ca4bb04e07611c
device_0,0.975,1709,1.5,52.5,0.01,late,48,16,3,0.19294,0.9749540477640206,58,942,1000,fecfb9c9cc8b75a64367af4c3f944afe3e00cc8a7bc5cc1952b23f04133f276c
device_0,0.975,1710,1.5,52.5,0.01,late,48,16,3,0.19779,0.9774683509778551,61,939,1000,db09dd578bb0e828871e0964a90fcd5d6ea5b36cee75dea8ac9bf2c1582a7f0f
device_0,0.0,1701,1.5,52.5,0.05,drop,48,16,3,0.19936,-0.002661444942765865,62,4938,1000,95ed9070d6ecad844bbb4920a43bea5ddfc1675500a4310096c1ae5b069c6596
device_0,0.0,1702,1.5,52.5,0.05,drop,48,16,3,0.20106,0.005830007599770396,56,4944,1000,8637e2a3ed7c3923b00928e5235cb7eaa2ee4d4cb06ddef7289c53f5976d8d9c
device_0,0.0,1703,1.5,52.5,0.05,drop,48,16,3,0.19952,0.005656351965683195,63,4937,1000,d5c134e7ef2cb4444ba4ca14784b419f9c4ddac45c555c330c0438edcd9fe6b7
device_0,0.0,1704,1.5,52.5,0.05,drop,48,16,3,0.20257,0.002457782015709934,56,4944,1000,a9dc0e280f089e3c26fc273d47f9fb94abc9c904964dfb2fed65fbf9c14ac89b
device_0,0.0,1705,1.5,52.5,0.05,drop,48,16,3,0.20104,-0.004155617772998724,68,4932,1000,62a9b27745e55f614024b19c797deab765efee024bf672e43a017417e971125e
device_0,0.0,1706,1.5,52.5,0.05,drop,48,16,3,0.20062,-0.0045443747273977144,62,4938,1000,5e8b2f0cc1af9231d3e4e73cf2d1014ca9b724fa887f6be2217538aa7f7e08dc
device_0,0.0,1707,1.5,52.5,0.05,drop,48,16,3,0.19896,0.001346027845602329,61,4939,1000,37b68afd9617904421fb249ab25930f6231a7d12cdabfd733b37952d97647b97
device_0,0.0,1708,1.5,52.5,0.05,drop,48,16,3,0.19922,-0.001372807149175493,53,4947,1000,6ea70b714271d9d73fd37ffe0dd4567dc79da991b32e41f64f51ae6d99a0f5b9
device_0,0.0,1709,1.5,52.5,0.05,drop,48,16,3,0.20001,0.005034822885721277,61,4939,1000,40b3452aa5b7513ba5044fb11a3c49250a7283afb59956eb29fd7974be0283a6
device_0,0.0,1710,1.5,52.5,0.05,drop,48,16,3,0.19848,0.0007247411049733544,65,4935,1000,ddf3978cbc1ca8676d95faba22760fd2226950bf54d8b62cfdd471c6dd3864b8
device_0,0.375,1701,1.5,52.5,0.05,drop,48,16,3,0.19773,0.37585282092426525,65,4935,1000,3cfecfe066347eb20881dd7450ba2833b1820371eb2a9399ae9864e938848e31
device_0,0.375,1702,1.5,52.5,0.05,drop,48,16,3,0.20083,0.3763938072575695,59,4941,1000,a44f5b09c7cbf66f8e0de3e74306ef582adda09e9d6240f1883bdf44745b2534
device_0,0.375,1703,1.5,52.5,0.05,drop,48,16,3,0.19949,0.3708761472322628,72,4928,1000,6cabe7f5234512f56435d33653e4e61cd482aab7e5bb40eb053df186873aa419
device_0,0.375,1704,1.5,52.5,0.05,drop,48,16,3,0.19956,0.37083454970073176,64,4936,1000,1e02ec07a49a42f57b938ea92a5444016d0b843301e8a5897d622388fd8256dd
device_0,0.375,1705,1.5,52.5,0.05,drop,48,16,3,0.1976,0.38054564128452917,44,4956,1000,ca4f4672858a82144c39437665a1e85af4ed25ac1f2f2290af8cb8bbdf0a0c7e
device_0,0.375,1706,1.5,52.5,0.05,drop,48,16,3,0.19975,0.37847803043317246,60,4940,1000,50cf2af3a52751cd90e5f740d3fd9c5da191bf57e7c861792f889cb7ae50c77d
device_0,0.375,1707,1.5,52.5,0.05,drop,48,16,3,0.19756,0.3714936166119789,63,4937,1000,4caf83d669b9bccc69512fceaf9e018dcc2900fee903c915dd5cede711372230
device_0,0.375,1708,1.5,52.5,0.05,drop,48,16,3,0.19968,0.3728274067949136,52,4948,1000,4c6df74f0940113d7366da2021cdbc62c2f3a93854f4a00fb1b75eace17fe761
device_0,0.375,1709,1.5,52.5,0.05,drop,48,16,3,0.20214,0.3789219763360735,72,4928,1000,71094789d101647aeed976162a3a69b7154fac0f0e136d89a9bd0db0979bc006
device_0,0.375,1710,1.5,52.5,0.05,drop,48,16,3,0.19842,0.37511826036297974,71,4929,1000,6b3e5a7b433261c72689bd872c48eea0fd008bda2421330cc83c68f8774f2b8b
device_0,0.75,1701,1.5,52.5,0.05,drop,48,16,3,0.20817,0.7556341521150168,77,4923,1000,711b27f3842a19b626ca572188d915043f25ae78092c283eeaa539d322acb036
device_0,0.75,1702,1.5,52.5,0.05,drop,48,16,3,0.20244,0.7487885933421545,67,4933,1000,89c9cd307fa24fd4124c4a242ed0283bd6ef6768809d7f862dc0ff58681a0cf7
device_0,0.75,1703,1.5,52.5,0.05,drop,48,16,3,0.20102,0.7470900970852136,65,4935,1000,9354703265c345dd40f843a21feefb64195d86ab97e79264d4b95b19b6b40cf7
device_0,0.75,1704,1.5,52.5,0.05,drop,48,16,3,0.19715,0.7479806369104111,71,4929,1000,b21ad41bad7d19b2f0c29a2077ea3a19c541993095a130c3984f76f31b8c95ec
device_0,0.75,1705,1.5,52.5,0.05,drop,48,16,3,0.20494,0.7506431485678381,67,4933,1000,e7ee77d4ff9735cb28112e42c9585ce022ae4e2a718a9e3735683ea212a77614
device_0,0.75,1706,1.5,52.5,0.05,drop,48,16,3,0.20282,0.7537784223147826,49,4951,1000,846e03344e26e512395b8ff1602e2c366a220f7ab9d8f12cfc46bde20ba7bd4d
device_0,0.75,1707,1.5,52.5,0.05,drop,48,16,3,0.20138,0.7431906944181493,64,4936,1000,65a7dd198ce8d049cb4ff69d3f66522f921d5570ffa659075bdf2471d741c2ca
device_0,0.75,1708,1.5,52.5,0.05,drop,48,16,3,0.20034,0.7475350990705809,53,4947,1000,ea6ee62c3c39b159b350756cd485e2ae1b01430b8dc52c9315fdbfcda8d3ae60
device_0,0.75,1709,1.5,52.5,0.05,drop,48,16,3,0.20613,0.7542776800152501,59,4941,1000,cc4ac54387f630ae1b77ed487631ae8f6c4089a17865d76d544630ea4315be74
device_0,0.75,1710,1.5,52.5,0.05,drop,48,16,3,0.20286,0.74728584709585,52,4948,1000,3ae4cdba6e1c0b049762af2e7ef3f3c9a18b258eec43af187ab9654160303af5
device_0,0.875,1701,1.5,52.5,0.05,drop,48,16,3,0.20249,0.8763990178082249,65,4935,1000,c36df4723d40319ce4f8228d51c7eab3495ed8dfaedeedd4d6032f984d0bc2a8
device_0,0.875,1702,1.5,52.5,0.05,drop,48,16,3,0.19703,0.8759866636367837,57,4943,1000,3b52476e7933fbf7c620b0778a9461a91e96cc5874bfc6db7cb1a0abf79f5072
device_0,0.875,1703,1.5,52.5,0.05,drop,48,16,3,0.20238,0.8773687974569232,60,4940,1000,98d3f8593376a0f16650829019c2b5073c03896dfbe5c209865d62b10d8dab1b
device_0,0.875,1704,1.5,52.5,0.05,drop,48,16,3,0.19663,0.8771256568671042,55,4945,1000,5a92e92527975c2861c656a07745da18c1b0f97390b05b12f377469cb5ce0a2b
device_0,0.875,1705,1.5,52.5,0.05,drop,48,16,3,0.20133,0.8756186617053834,58,4942,1000,e94eada7bc9f4087a465e5e3571b2ee81bd19f1ce1f69a55b2a186a21b0fabbe
device_0,0.875,1706,1.5,52.5,0.05,drop,48,16,3,0.19605,0.8731077294363513,72,4928,1000,fd6999977ab07e90924036db2a1eea8131ade36879e08f5fc4df6ccfd7ee99ec
device_0,0.875,1707,1.5,52.5,0.05,drop,48,16,3,0.2,0.8774036452681541,66,4934,1000,eacedc5f5b1f7ef256c2cc0062935ddea1a8e823835ed903bbc4dd4706e790b3
device_0,0.875,1708,1.5,52.5,0.05,drop,48,16,3,0.20258,0.87442580026271,66,4934,1000,9de0f833fd6216a2d045f17324a82b9d0bd9bd007be2ec5b0502b56d0c87e3fd
device_0,0.875,1709,1.5,52.5,0.05,drop,48,16,3,0.19831,0.8770598020870867,67,4933,1000,b67faea204eeebee05f243371df382cfdce0b405b073ed3f19bdb404dbe3d109
device_0,0.875,1710,1.5,52.5,0.05,drop,48,16,3,0.19668,0.8724656025657239,64,4936,1000,4c8c8cabb9f0d1dea43eb96532857537b816adceed167c871091fd3ffdb809a2
device_0,0.9375,1701,1.5,52.5,0.05,drop,48,16,3,0.20509,0.9402237906216514,47,4953,1000,b70fd853409655df900839ef2bc41afafb3074a6ce7ec2d7462eb73796ca95b6
device_0,0.9375,1702,1.5,52.5,0.05,drop,48,16,3,0.19366,0.9366016280001491,78,4922,1000,92018a25cca447ffb3bec1136956c3a32d943ca2c2db80ba00850a1b499a85a8
device_0,0.9375,1703,1.5,52.5,0.05,drop,48,16,3,0.19489,0.9369055048961522,53,4947,1000,2c7e7f2eaefb152241dcf9ad9ea2b03d2a26b7dc73cc915162431d4ba0198a98
device_0,0.9375,1704,1.5,52.5,0.05,drop,48,16,3,0.19999,0.9358099323716185,52,4948,1000,00f6c255452d94e9e0adf87d975948b651c45ff9a8bb4d05e1efd52871016597
device_0,0.9375,1705,1.5,52.5,0.05,drop,48,16,3,0.19063,0.9374553760710133,45,4955,1000,640a654447e0b7072ccb11869925281a224b334f85cd79bbc449492081c3231a
device_0,0.9375,1706,1.5,52.5,0.05,drop,48,16,3,0.20144,0.9386428776611538,54,4946,1000,6d1848e6e1df6cc362282401c215a09ccf2c01750d62ff7add00f09cfa4ec1eb
device_0,0.9375,1707,1.5,52.5,0.05,drop,48,16,3,0.20073,0.9386652506542138,59,4941,1000,26b71864378f5bf0dfc60bf0c5afc392381ce7d038c36515576ed4ab8a00b208
device_0,0.9375,1708,1.5,52.5,0.05,drop,48,16,3,0.19042,0.9350336658268497,57,4943,1000,999cc66fb41a498f6b5c6db9a6f1c9a28b97c5ae893b0f674a4dd6c3b3f6a9ec
device_0,0.9375,1709,1.5,52.5,0.05,drop,48,16,3,0.20214,0.9387695757970393,54,4946,1000,90c7086ccae6a908045b9bf3483c54663b5ca40283e33db97a451953d21f0878
device_0,0.9375,1710,1.5,52.5,0.05,drop,48,16,3,0.20082,0.9338903427364145,58,4942,1000,95a1e59789a42d9b545e9eec781a0db7d28f7a18da36b9251681b300ceb1b1c9
device_0,0.975,1701,1.5,52.5,0.05,drop,48,16,3,0.20012,0.9750727182312047,55,4945,1000,af48ba8d5519979af0bf5fb6c4ed6ccddf562534cf9b4f72ec415d6ae865cdba
device_0,0.975,1702,1.5,52.5,0.05,drop,48,16,3,0.19762,0.9739220248349032,49,4951,1000,a59bd07ce63d30dc25f36c51fd21084103c9b19936d281a9ec46de655323546c
device_0,0.975,1703,1.5,52.5,0.05,drop,48,16,3,0.1984,0.975854682367182,65,4935,1000,29c4c3c8843bfb4f6ceb9941f925581c04cc117ecfa69aefef63cbfdd305fb91
device_0,0.975,1704,1.5,52.5,0.05,drop,48,16,3,0.19634,0.9733501805342133,61,4939,1000,68753ebf8af9887ca4e26b7f8efd8815aaf29fbec533c2e039cd2bb6ad7918fe
device_0,0.975,1705,1.5,52.5,0.05,drop,48,16,3,0.19493,0.9747974986214312,63,4937,1000,b5c6851a6aa11fffc57dfe6a936444b3db64ffa6f3f00ac39efaf5ae971d209a
device_0,0.975,1706,1.5,52.5,0.05,drop,48,16,3,0.203,0.9742259419786155,52,4948,1000,effd3a658eaa45ed809c1c0299e42e9f9535980b4c058ece01bb00b6c87d4141
device_0,0.975,1707,1.5,52.5,0.05,drop,48,16,3,0.20266,0.9738223967562294,67,4933,1000,f38b2cd76098a26f0dc2886281d6be674d5101a86b2550c29d3560d1d26f35c0
device_0,0.975,1708,1.5,52.5,0.05,drop,48,16,3,0.19043,0.9746047948044175,78,4922,1000,4801f53bee70eb42e60795bc13cc7baf1baa11e31bc3cc9231267485219ca6cb
device_0,0.975,1709,1.5,52.5,0.05,drop,48,16,3,0.19294,0.9749540477640206,58,4942,1000,689c6646eceb2987ac4b07ea2930499ed6a5abd34c4c083fa71e117a8b2bac0b
device_0,0.975,1710,1.5,52.5,0.05,drop,48,16,3,0.19779,0.9774683509778551,61,4939,1000,6667683cd9d836004e79a284b48aa2c1f965a74bfb8c72677eedc9603257d82e
device_0,0.0,1701,1.5,52.5,0.05,late,48,16,3,0.19936,-0.002661444942765865,62,4938,1000,f69bdc8e9102f955f6daaf2f38cc5fd2148104d3956f265309503c93e1389bef
device_0,0.0,1702,1.5,52.5,0.05,late,48,16,3,0.20106,0.005830007599770396,56,4944,1000,b365287b620185e1a7bc492ff06c7d96243f5f36652eb15e6411c406754ca66a
device_0,0.0,1703,1.5,52.5,0.05,late,48,16,3,0.19952,0.005656351965683195,63,4937,1000,a2da4bb2c903c2f3cac4ee52819045ec66fc5cd02d7de4d26cc85d26a7e8eb5a
device_0,0.0,1704,1.5,52.5,0.05,late,48,16,3,0.20257,0.002457782015709934,56,4944,1000,8f4316e6318582040502d15812a3c546617752a1a1d387e8238f33c6541bc08b
device_0,0.0,1705,1.5,52.5,0.05,late,48,16,3,0.20104,-0.004155617772998724,68,4932,1000,fbeed8093c0adeeed25eb867be4ab02b91f82293c8850cd4df02ac21bd9110fd
device_0,0.0,1706,1.5,52.5,0.05,late,48,16,3,0.20062,-0.0045443747273977144,62,4938,1000,77e58020b0f5b09801e6a8552fda1c56d8510aa5706fba644617ed040a071608
device_0,0.0,1707,1.5,52.5,0.05,late,48,16,3,0.19896,0.001346027845602329,61,4939,1000,c515925ce794bd6bdf6591683628ac1f4eba072a6a7915f6473a200e41ebe184
device_0,0.0,1708,1.5,52.5,0.05,late,48,16,3,0.19922,-0.001372807149175493,53,4947,1000,e472fe8c8c787b92c03c6b225117f6eb19b48dcc2dde92f7a8f5258297a3ad2f
device_0,0.0,1709,1.5,52.5,0.05,late,48,16,3,0.20001,0.005034822885721277,61,4939,1000,7f13914248992f91cc548a2e57be8b13c2b3f9cc1e27f6b5de96d78af52294ec
device_0,0.0,1710,1.5,52.5,0.05,late,48,16,3,0.19848,0.0007247411049733544,65,4935,1000,2c2a31abf3c17a2b6fb4701798ce7a7dc8f31ff4c959c767a16c7ea0ef79fb43
device_0,0.375,1701,1.5,52.5,0.05,late,48,16,3,0.19773,0.37585282092426525,65,4935,1000,9e2b2c03d50ddf32eebb88e17be361f8f7532cd9e0cb7961d4fbb4f31ced742a
device_0,0.375,1702,1.5,52.5,0.05,late,48,16,3,0.20083,0.3763938072575695,59,4941,1000,a0ebf8cf1893389962ba9347806cf02b422ebfdd48b44e8a189c6257032a4ca8
device_0,0.375,1703,1.5,52.5,0.05,late,48,16,3,0.19949,0.3708761472322628,72,4928,1000,a9211ad0d67299902f3a79ad07a75daab9cfdb659073326b6f2091f4bfaf3adf
device_0,0.375,1704,1.5,52.5,0.05,late,48,16,3,0.19956,0.37083454970073176,64,4936,1000,d7d1d3956aeb4e0a7c16b313eebe5365ae67d59f209994a27ccd4a8500d00b1c
device_0,0.375,1705,1.5,52.5,0.05,late,48,16,3,0.1976,0.38054564128452917,44,4956,1000,efc891b3508a04f8eaf61737201275e812ff3dd0f8bfbc7a1a3bfaf4effcbbc2
device_0,0.375,1706,1.5,52.5,0.05,late,48,16,3,0.19975,0.37847803043317246,60,4940,1000,66b9ea1c598bb1023f624308fafb4f53e3945749223fac81adaa493aff40cc91
device_0,0.375,1707,1.5,52.5,0.05,late,48,16,3,0.19756,0.3714936166119789,63,4937,1000,f492d6ea0644f3c737d15641f730d1e3690e2cab6aa828811a9cf47139bbe169
device_0,0.375,1708,1.5,52.5,0.05,late,48,16,3,0.19968,0.3728274067949136,52,4948,1000,6032ac7885b5cf354b06b4794d521146ac59d8fa5cd5dc8cf8c509ea2b2711cc
device_0,0.375,1709,1.5,52.5,0.05,late,48,16,3,0.20214,0.3789219763360735,72,4928,1000,9d2043288ad3f972e230e5cbe0183bb52e18451b38d9188e994ca4e9c262f076
device_0,0.375,1710,1.5,52.5,0.05,late,48,16,3,0.19842,0.37511826036297974,71,4929,1000,0d8bad33c22485d397073a0e88e7aefdc015a9c8e71a0591103a9334c69e73f2
device_0,0.75,1701,1.5,52.5,0.05,late,48,16,3,0.20817,0.7556341521150168,77,4923,1000,851c9b722157d5f40cc6de4c9b747de5b74a8e4c7669a879774dd76f680e749a
device_0,0.75,1702,1.5,52.5,0.05,late,48,16,3,0.20244,0.7487885933421545,67,4933,1000,f2d22af6acaf2844f985a88de24197139d0e5a1e8768bb60b49f41a502cafa47
device_0,0.75,1703,1.5,52.5,0.05,late,48,16,3,0.20102,0.7470900970852136,65,4935,1000,02c6d0f5e749dcb7a291be7e772fd4b5907a0d556a35b2b73dc673fffd0e44d7
device_0,0.75,1704,1.5,52.5,0.05,late,48,16,3,0.19715,0.7479806369104111,71,4929,1000,013b598b1ec5b29092971c5648124b85126f33f022b9ba9c61c9311c6b3181a1
device_0,0.75,1705,1.5,52.5,0.05,late,48,16,3,0.20494,0.7506431485678381,67,4933,1000,4c8669c4f166cd99a7fe1c4f0cb63b767e463aef45f33ae38331aa68e5441144
device_0,0.75,1706,1.5,52.5,0.05,late,48,16,3,0.20282,0.7537784223147826,49,4951,1000,e941cc4cc43bf787c8bcfb22447c89971d686bc52747751b3507ff4e47517d8a
device_0,0.75,1707,1.5,52.5,0.05,late,48,16,3,0.20138,0.7431906944181493,64,4936,1000,f20a7afafe2e5624d0814e0dce86745093cb634a67d0bcbf51a43474d49428c4
device_0,0.75,1708,1.5,52.5,0.05,late,48,16,3,0.20034,0.7475350990705809,53,4947,1000,a3db26fdc80dc7146002807f5c25c461bd4c4d59db17b89b24b91e6d74692035
device_0,0.75,1709,1.5,52.5,0.05,late,48,16,3,0.20613,0.7542776800152501,59,4941,1000,4734215fb7400f62315a643dd5df170b9802c27887d4cb1255d8e690eb764245
device_0,0.75,1710,1.5,52.5,0.05,late,48,16,3,0.20286,0.74728584709585,52,4948,1000,5dfddd5a838e3c9e937f7ffe33d894df271f85ef459336b46780ec89ae52bbb2
device_0,0.875,1701,1.5,52.5,0.05,late,48,16,3,0.20249,0.8763990178082249,65,4935,1000,7592d9ec75e87b5a49d9d8592b74a594bccf9dc2c18491b5222f47f02114f0a1
device_0,0.875,1702,1.5,52.5,0.05,late,48,16,3,0.19703,0.8759866636367837,57,4943,1000,a5542e060f314c14a4c4b073c617e48af992db177c0650ae9be3f902edecdab5
device_0,0.875,1703,1.5,52.5,0.05,late,48,16,3,0.20238,0.8773687974569232,60,4940,1000,5c6d34ebf7f671a3780fbefc655139340d5163ed58c4df4c74b31ac1f43ad7ab
device_0,0.875,1704,1.5,52.5,0.05,late,48,16,3,0.19663,0.8771256568671042,55,4945,1000,a6768343ce395627bde5fdcc6a7bcb328675407829eb7eeee2d7762e5c2c3fb8
device_0,0.875,1705,1.5,52.5,0.05,late,48,16,3,0.20133,0.8756186617053834,58,4942,1000,92571dc829936f3bff5f3fc0826b039d7b120e39ef805c4578d0f59cccdcccec
device_0,0.875,1706,1.5,52.5,0.05,late,48,16,3,0.19605,0.8731077294363513,72,4928,1000,6b521e1e39842b0c202b88e4f00da1e229e98477a8e3a609d48fa5e503058821
device_0,0.875,1707,1.5,52.5,0.05,late,48,16,3,0.2,0.8774036452681541,66,4934,1000,c3e859ce4164e37cd4632f82fd15e7f93f216db589fe979075554ed48de2e120
device_0,0.875,1708,1.5,52.5,0.05,late,48,16,3,0.20258,0.87442580026271,66,4934,1000,f8a17bcb8430ba967951bf582f6904be307762bf2f9aa55dec512691f18fadb3
device_0,0.875,1709,1.5,52.5,0.05,late,48,16,3,0.19831,0.8770598020870867,67,4933,1000,14874ba87e7578207dab290ad5ec4baeca848d83e06e2f3e9f3708a4bbbf7060
device_0,0.875,1710,1.5,52.5,0.05,late,48,16,3,0.19668,0.8724656025657239,64,4936,1000,133d9eab23ccff679342dc8e2ca2c319a4f1364f2b00add7b672e4b69c3726e9
device_0,0.9375,1701,1.5,52.5,0.05,late,48,16,3,0.20509,0.9402237906216514,47,4953,1000,fed6950b32384815fa9de3f978f4841e57577c4302e08dd3d737f9bed7c363da
device_0,0.9375,1702,1.5,52.5,0.05,late,48,16,3,0.19366,0.9366016280001491,78,4922,1000,5a974e1fdefdf69ef78f4e5b67ecf36feb99c10b829baaea2977492bc0c1344d
device_0,0.9375,1703,1.5,52.5,0.05,late,48,16,3,0.19489,0.9369055048961522,53,4947,1000,357e695a458773491092b82b8b1d926418a412f579e6f3bdec89bb638c6ba77e
device_0,0.9375,1704,1.5,52.5,0.05,late,48,16,3,0.19999,0.9358099323716185,52,4948,1000,0ba465cdcec630bc1bffb3747c080d8c6208327b958fbe3dac591ca00768ce68
device_0,0.9375,1705,1.5,52.5,0.05,late,48,16,3,0.19063,0.9374553760710133,45,4955,1000,a232ed39f547e6544e94c9ad2171375f1ae5395b6569620f2cf4c3418441c5c5
device_0,0.9375,1706,1.5,52.5,0.05,late,48,16,3,0.20144,0.9386428776611538,54,4946,1000,5f71394b8a25dcc7bee43568a5cae8c2be00c0b17f80f15388b27cb034c144f8
device_0,0.9375,1707,1.5,52.5,0.05,late,48,16,3,0.20073,0.9386652506542138,59,4941,1000,c40fce2e5355d0a4b8f71b9a3d744faf9143f7de28ba8af9122ae1d3dada5066
device_0,0.9375,1708,1.5,52.5,0.05,late,48,16,3,0.19042,0.9350336658268497,57,4943,1000,37813b794784f4b038e34f26543921fb9344e4c1ae1e598588ce7fdf20dc4b33
device_0,0.9375,1709,1.5,52.5,0.05,late,48,16,3,0.20214,0.9387695757970393,54,4946,1000,3e11c0eb9b385563913230858187508aeee7c4282d2bed6515189832246a3476
device_0,0.9375,1710,1.5,52.5,0.05,late,48,16,3,0.20082,0.9338903427364145,58,4942,1000,6ca6f695c26f7f2104cf711dd1b6dd38351c8e21b72094bd40deabc1c605c6cb
device_0,0.975,1701,1.5,52.5,0.05,late,48,16,3,0.20012,0.9750727182312047,55,4945,1000,fbcec228035420afcb0bccb7ad91ca5e5ee3fc6dea59208e6e189a1fcc35640e
device_0,0.975,1702,1.5,52.5,0.05,late,48,16,3,0.19762,0.9739220248349032,49,4951,1000,44648343a8d18b075c392c8006c8680839c35b2b80b1345a70987a457a1765d3
device_0,0.975,1703,1.5,52.5,0.05,late,48,16,3,0.1984,0.975854682367182,65,4935,1000,e05402c7c4fd36605a7b525c4fd0cad417dcaac0d62f14fc809a46e59e27298f
device_0,0.975,1704,1.5,52.5,0.05,late,48,16,3,0.19634,0.9733501805342133,61,4939,1000,c28775251cacd9f2783ed8511af9a202a08435c2f344d8a09120808eb6ca02ca
device_0,0.975,1705,1.5,52.5,0.05,late,48,16,3,0.19493,0.9747974986214312,63,4937,1000,8fa3b950cd745e72e12c4a83dd827bba9ecd630a12481d827a42bdfe04c43161
device_0,0.975,1706,1.5,52.5,0.05,late,48,16,3,0.203,0.9742259419786155,52,4948,1000,c01dbea7a6a03242b7575e11a04720f484f66884b332af8c7dc5a7a7a66e049d
device_0,0.975,1707,1.5,52.5,0.05,late,48,16,3,0.20266,0.9738223967562294,67,4933,1000,b2f319308055451f5a8085d1560725c77b65b97d0e97f9c295441a22d10dde6f
device_0,0.975,1708,1.5,52.5,0.05,late,48,16,3,0.19043,0.9746047948044175,78,4922,1000,078316d2556beb987dc0ce56a9170996c316a3e91174e8288642fd4c9f5602df
device_0,0.975,1709,1.5,52.5,0.05,late,48,16,3,0.19294,0.9749540477640206,58,4942,1000,a98ef9a28989a4921cb026880675051fefbcd68f6d39f718ff82e0c18753e4a3
device_0,0.975,1710,1.5,52.5,0.05,late,48,16,3,0.19779,0.9774683509778551,61,4939,1000,e8dcf5c8e030073f2e8aff9d3b9f6d2e44d15ffac73e242cff27361dda7a8c6c
device_0,0.0,1701,1.5,52.5,0.1,drop,48,16,3,0.19936,-0.002661444942765865,62,9938,1000,16d81c7de6df4875000186854c3662408feb844da3e770398973a83b3725a805
device_0,0.0,1702,1.5,52.5,0.1,drop,48,16,3,0.20106,0.005830007599770396,56,9944,1000,3f9fcfc6ec1dfc81a30643cdef16af4e582760c318ae3ba05533963327f02102
device_0,0.0,1703,1.5,52.5,0.1,drop,48,16,3,0.19952,0.005656351965683195,63,9937,1000,deb4e37a76c4083a56033db912bdf01b21dced94b4479951f1ba05f3416fce17
device_0,0.0,1704,1.5,52.5,0.1,drop,48,16,3,0.20257,0.002457782015709934,56,9944,1000,edf2bca35609bd5f9ebce766750ee61a34b8321c5a2dfb20f19f1cecb388d9b4
device_0,0.0,1705,1.5,52.5,0.1,drop,48,16,3,0.20104,-0.004155617772998724,68,9932,1000,c8896ef18ad671fa02fd73669cd69aa7cbad1dfee214f283cf15955b030322fc
device_0,0.0,1706,1.5,52.5,0.1,drop,48,16,3,0.20062,-0.0045443747273977144,62,9938,1000,beade099cc2ba52fba9543b086da9687b4f5bb16888fa8308e3dcee052cc733a
device_0,0.0,1707,1.5,52.5,0.1,drop,48,16,3,0.19896,0.001346027845602329,61,9939,1000,684739b5a86c03b9fb361ceb6b84143e3da2dc82afc128839b50a8a883735eb0
device_0,0.0,1708,1.5,52.5,0.1,drop,48,16,3,0.19922,-0.001372807149175493,53,9947,1000,4b4a052de57202cc8d3a582f9c8d90f22ab7f006d0889725955cd0f53038be0a
device_0,0.0,1709,1.5,52.5,0.1,drop,48,16,3,0.20001,0.005034822885721277,61,9939,1000,a6d43e8a0bf1898b4c1fd4293c554999d53a89b108010e4d7384b1d08f59b57e
device_0,0.0,1710,1.5,52.5,0.1,drop,48,16,3,0.19848,0.0007247411049733544,65,9935,1000,9bf0d0af0beecc0484238d2506c0f2d25160941251c176d226a0d4e0e06f3a76
device_0,0.375,1701,1.5,52.5,0.1,drop,48,16,3,0.19773,0.37585282092426525,65,9935,1000,dc7a090e4f91acdce1790771c0b6ed9bd3b13fd509efe96974efcb3bb646568d
device_0,0.375,1702,1.5,52.5,0.1,drop,48,16,3,0.20083,0.3763938072575695,59,9941,1000,15a24cbe4963a31dc0e22b6a936221fe4bd4d9198bf1df78b38faba30aa13b94
device_0,0.375,1703,1.5,52.5,0.1,drop,48,16,3,0.19949,0.3708761472322628,72,9928,1000,1c1d902060a02a309e6b80dffef053da1dd0060137bf73957699f0fcd0d2ed14
device_0,0.375,1704,1.5,52.5,0.1,drop,48,16,3,0.19956,0.37083454970073176,64,9936,1000,fe31210571f40880df971c713246397e2274978e9a523639d6e74113697ce51b
device_0,0.375,1705,1.5,52.5,0.1,drop,48,16,3,0.1976,0.38054564128452917,44,9956,1000,4d6461932e9a17d0df2dffb14a536167f34342e1dc3efab4d430d01fe95b3c9a
device_0,0.375,1706,1.5,52.5,0.1,drop,48,16,3,0.19975,0.37847803043317246,60,9940,1000,80a9a11908b5848b6203ccddbde7ca3746197721ede82d0d4ddc4073e0e08624
device_0,0.375,1707,1.5,52.5,0.1,drop,48,16,3,0.19756,0.3714936166119789,63,9937,1000,7572525810d04b1b8ea58c6a7f6ec29bc5d7534ace663e3f8983804b1f963808
device_0,0.375,1708,1.5,52.5,0.1,drop,48,16,3,0.19968,0.3728274067949136,52,9948,1000,3f7da5648002378286203d3f869fec60b6c54e7bf0e1b272c3d0439a48b29956
device_0,0.375,1709,1.5,52.5,0.1,drop,48,16,3,0.20214,0.3789219763360735,72,9928,1000,d03bcea9a2b6d144302e5fb3671ea5f71db378da59bcee833cb9312178629775
device_0,0.375,1710,1.5,52.5,0.1,drop,48,16,3,0.19842,0.37511826036297974,71,9929,1000,93c0d37f3f4ad8970be46efdcf380a00b550b2cdb058b124fb6da7e96ae9e166
device_0,0.75,1701,1.5,52.5,0.1,drop,48,16,3,0.20817,0.7556341521150168,77,9923,1000,2c96e2517c637b464a69e65d327676e944eee8bc9dc76b50a1909d3580d89d1a
device_0,0.75,1702,1.5,52.5,0.1,drop,48,16,3,0.20244,0.7487885933421545,67,9933,1000,0d3af699ecc2a63c5cac17bd6cca436766da6e679bd17831811198fcaf1f5802
device_0,0.75,1703,1.5,52.5,0.1,drop,48,16,3,0.20102,0.7470900970852136,65,9935,1000,9245819eea03e914a72ec25db022216e193c4614c4d1e9918325b1f3ed2f2eb8
device_0,0.75,1704,1.5,52.5,0.1,drop,48,16,3,0.19715,0.7479806369104111,71,9929,1000,276ff52c103678c2f16d31281f4e04871cdc1f9761a5be5fad2cc2d2b2e872a7
device_0,0.75,1705,1.5,52.5,0.1,drop,48,16,3,0.20494,0.7506431485678381,67,9933,1000,7c851ea0345e61ad38c2cdd6747884e9cade302ff7a35c4bb921046ebda6467d
device_0,0.75,1706,1.5,52.5,0.1,drop,48,16,3,0.20282,0.7537784223147826,49,9951,1000,199c055107a052284e81578c7602c69222aa3339e3f30df9d6b5ab39ca18bc60
device_0,0.75,1707,1.5,52.5,0.1,drop,48,16,3,0.20138,0.7431906944181493,64,9936,1000,ac77512d19439a9472fc6297633471c422e4b606e84a0a0d8cb756eac877b4b8
device_0,0.75,1708,1.5,52.5,0.1,drop,48,16,3,0.20034,0.7475350990705809,53,9947,1000,b49308764b105ee6eef2498940ca237e331436ca111d413b3abda51c74c586de
device_0,0.75,1709,1.5,52.5,0.1,drop,48,16,3,0.20613,0.7542776800152501,59,9941,1000,a25e6c42ef344e87dbe0983fe4bc9a84dbcb1bfb5698035c58f9292191dc3805
device_0,0.75,1710,1.5,52.5,0.1,drop,48,16,3,0.20286,0.74728584709585,52,9948,1000,74a28767b9d87142cf68a816b4841e457eb6e3dcf09a3fda113ae821e8d42626
device_0,0.875,1701,1.5,52.5,0.1,drop,48,16,3,0.20249,0.8763990178082249,65,9935,1000,ab18934548b82c926166acc9301aa489608c98805f9730dbc2f090b035c2b718
device_0,0.875,1702,1.5,52.5,0.1,drop,48,16,3,0.19703,0.8759866636367837,57,9943,1000,382ff13ee93392c84e73d4b199a97d089925ba53c0c06f34c84cea2152dc644b
device_0,0.875,1703,1.5,52.5,0.1,drop,48,16,3,0.20238,0.8773687974569232,60,9940,1000,0397b08bfbafa1bf0a2131d13920791228400bfeddc8af3e895b1cf14fb9e3bc
device_0,0.875,1704,1.5,52.5,0.1,drop,48,16,3,0.19663,0.8771256568671042,55,9945,1000,a80b31bde7f12f570aca64986b810885a3bfb09247e4a4915cb955fecec992e8
device_0,0.875,1705,1.5,52.5,0.1,drop,48,16,3,0.20133,0.8756186617053834,58,9942,1000,27145057b1a981e026e6b3df3247de31128496ed0dfb55e8cba5939f32253e74
device_0,0.875,1706,1.5,52.5,0.1,drop,48,16,3,0.19605,0.8731077294363513,72,9928,1000,82edccc195bc6a3bdeb1f9c1eff51f893c42d5b38eab296507fde3466de6a5f2
device_0,0.875,1707,1.5,52.5,0.1,drop,48,16,3,0.2,0.8774036452681541,66,9934,1000,d8fafc13b307e7d90d6d4aa0814df60a76002934bef6d3b7cd8f9c531f0e072a
device_0,0.875,1708,1.5,52.5,0.1,drop,48,16,3,0.20258,0.87442580026271,66,9934,1000,66adc267bc58994472304d7a7081db9771d84adf0218ebb17da91f62529662d7
device_0,0.875,1709,1.5,52.5,0.1,drop,48,16,3,0.19831,0.8770598020870867,67,9933,1000,039e1c726ef816d6c4711fa0fc5e3107b8726d9dfeca5a53236842463ed9131d
device_0,0.875,1710,1.5,52.5,0.1,drop,48,16,3,0.19668,0.8724656025657239,64,9936,1000,54c14546147a50b224560d3dd60192213692ef58d913cec8b4e9f600a90a0aeb
device_0,0.9375,1701,1.5,52.5,0.1,drop,48,16,3,0.20509,0.9402237906216514,47,9953,1000,993fc366f0625b2753fbd4586ab559b49eac9c7d12d3022bff915a0141a94c6c
device_0,0.9375,1702,1.5,52.5,0.1,drop,48,16,3,0.19366,0.9366016280001491,78,9922,1000,a67f6957503c1a75de6f6a614ec458dca946d9bdbe0c4dc0939254128e15bb51
device_0,0.9375,1703,1.5,52.5,0.1,drop,48,16,3,0.19489,0.9369055048961522,53,9947,1000,832007968afaaab294e6830f494f8f5a199500b7a23d89651b32da75e6e119b7
device_0,0.9375,1704,1.5,52.5,0.1,drop,48,16,3,0.19999,0.9358099323716185,52,9948,1000,a0eecc01b322b76cba102bdc63eaeae4884ac1d2a558c7aee647b27cc158599e
device_0,0.9375,1705,1.5,52.5,0.1,drop,48,16,3,0.19063,0.9374553760710133,45,9955,1000,63bcc07afe2b82a15e1e4f937643f810cd6b46112aa59ea0fcf9bc8d0f10b866
device_0,0.9375,1706,1.5,52.5,0.1,drop,48,16,3,0.20144,0.9386428776611538,54,9946,1000,c42d0237519d93c7a02b2b19ba8da2508e61d49eba9bca7e5a67ad528bfa804e
device_0,0.9375,1707,1.5,52.5,0.1,drop,48,16,3,0.20073,0.9386652506542138,59,9941,1000,bb4362c9be8857edd512a594a1571a577ab3ac9d5d88356eecd73ec5409f8f92
device_0,0.9375,1708,1.5,52.5,0.1,drop,48,16,3,0.19042,0.9350336658268497,57,9943,1000,6af7a69573d53666a15e759a092ea90f3cb7b28399ccd8ca4d4ac51b14a2e88a
device_0,0.9375,1709,1.5,52.5,0.1,drop,48,16,3,0.20214,0.9387695757970393,54,9946,1000,30f64be2c43a32bcadb66d98270e2ef8bb85dbc0127fa90b95d5ba824da8ddce
device_0,0.9375,1710,1.5,52.5,0.1,drop,48,16,3,0.20082,0.9338903427364145,58,9942,1000,9e1b1c3afd111c7b115ba06195789df6b9f1b55e66eb76b1b601dab52fab625a
device_0,0.975,1701,1.5,52.5,0.1,drop,48,16,3,0.20012,0.9750727182312047,55,9945,1000,dbe2a5f42ade78e77b32487c6dbb5b3ce470c21cf67faa67c58444528e94ff6c
device_0,0.975,1702,1.5,52.5,0.1,drop,48,16,3,0.19762,0.9739220248349032,49,9951,1000,596a5206e4a60e0bfde6f0fe56ff0adece04c9b22c65ee1a39907a0f8df27e31
device_0,0.975,1703,1.5,52.5,0.1,drop,48,16,3,0.1984,0.975854682367182,65,9935,1000,d4cd47014a435110356179ab1dcd60347323cfa7855ad649f62387f2638e51f5
device_0,0.975,1704,1.5,52.5,0.1,drop,48,16,3,0.19634,0.9733501805342133,61,9939,1000,5d8682169c8a1cdec5e0bd0bc8a60cf2eea76458ff6b880490dc26f95573dcdd
device_0,0.975,1705,1.5,52.5,0.1,drop,48,16,3,0.19493,0.9747974986214312,63,9937,1000,e8e0a2c57b22d5d90a5b5b1d499714c4b2af8758a9b75593083c2e5c2ac74a1b
device_0,0.975,1706,1.5,52.5,0.1,drop,48,16,3,0.203,0.9742259419786155,52,9948,1000,470fb5e5fb774e69e0e53a2de1fec050288c66722f4891893688422426ae0607
device_0,0.975,1707,1.5,52.5,0.1,drop,48,16,3,0.20266,0.9738223967562294,67,9933,1000,dcdaa506fa11370547ce0056f8d8b18af21d830fa7926e7e3e3342f77d1f6623
device_0,0.975,1708,1.5,52.5,0.1,drop,48,16,3,0.19043,0.9746047948044175,78,9922,1000,e628ee49b07aefb6b5372f89b329c81f00b28e21a02fb3cc76d3c6dacf9e6428
device_0,0.975,1709,1.5,52.5,0.1,drop,48,16,3,0.19294,0.9749540477640206,58,9942,1000,212ba6406c1c2e1c2043d354855e5a208e2eea048f463610a3fa52c9edce8ef9
device_0,0.975,1710,1.5,52.5,0.1,drop,48,16,3,0.19779,0.9774683509778551,61,9939,1000,b648e1cce3d85295c4f544ad12193f40aa5229355f20263c91f0f54f737a6776
device_0,0.0,1701,1.5,52.5,0.1,late,48,16,3,0.19936,-0.002661444942765865,62,9938,1000,8149f77af9b75d17c03d31a991a3b31fd28afddeffe6d08fec8e715b7f7cd0bf
device_0,0.0,1702,1.5,52.5,0.1,late,48,16,3,0.20106,0.005830007599770396,56,9944,1000,21594b80cdc55c2fbe9aa504543e4bc5d7b1072ce3769560abe665b571d149cb
device_0,0.0,1703,1.5,52.5,0.1,late,48,16,3,0.19952,0.005656351965683195,63,9937,1000,f8804ba091e030fd236635e7e6d7939c2a0f3a0c561ba853d73ef038d669f591
device_0,0.0,1704,1.5,52.5,0.1,late,48,16,3,0.20257,0.002457782015709934,56,9944,1000,cfe37ddba03ef1a335e89ad1f69f11ef49fc71e5c160944b11ac4b31f2a03c00
device_0,0.0,1705,1.5,52.5,0.1,late,48,16,3,0.20104,-0.004155617772998724,68,9932,1000,f63bf50d4229d3ba170136202471debfbb0967ed37868b02b874da9694469593
device_0,0.0,1706,1.5,52.5,0.1,late,48,16,3,0.20062,-0.0045443747273977144,62,9938,1000,ab51d332f1fa63ec127ec43f55a091af47bf768a050cded7c574625dce387cd8
device_0,0.0,1707,1.5,52.5,0.1,late,48,16,3,0.19896,0.001346027845602329,61,9939,1000,34013ad088a0b0a660d0bd5a02306b8e09dc06842a88c0318036c84a66abdbb8
device_0,0.0,1708,1.5,52.5,0.1,late,48,16,3,0.19922,-0.001372807149175493,53,9947,1000,0fb41772b1448c81efaa12e69d1621bb74daebe079cf5e68fd414cdb56a5eab0
device_0,0.0,1709,1.5,52.5,0.1,late,48,16,3,0.20001,0.005034822885721277,61,9939,1000,7765dbf93bcad857e2d707c2ae9b529d4c70235364d6009df847531dab8c3b37
device_0,0.0,1710,1.5,52.5,0.1,late,48,16,3,0.19848,0.0007247411049733544,65,9935,1000,96c67d438eb3ce9ca44bd56465dbff08405d0ab2ac990f0af1c2fda01a441f7f
device_0,0.375,1701,1.5,52.5,0.1,late,48,16,3,0.19773,0.37585282092426525,65,9935,1000,d7e17cacf6deeac43285125772ebcb85c3c40775e0d537acb2d63cd42914ee24
device_0,0.375,1702,1.5,52.5,0.1,late,48,16,3,0.20083,0.3763938072575695,59,9941,1000,c4252c16dd775ac8b4c2d8f2db0225d434022faa155828b15f70c5bd71cf32a0
device_0,0.375,1703,1.5,52.5,0.1,late,48,16,3,0.19949,0.3708761472322628,72,9928,1000,657837d885a888bf7011cca609d873e9ebe9b776c38690679659c6b7a9bc3bdb
device_0,0.375,1704,1.5,52.5,0.1,late,48,16,3,0.19956,0.37083454970073176,64,9936,1000,50e0f939acdbd091635e4db376262ba8b4e74e5795c0e8175a0c1e15d93c6fcd
device_0,0.375,1705,1.5,52.5,0.1,late,48,16,3,0.1976,0.38054564128452917,44,9956,1000,3799aadcfcc8fcebfc41f330a869e2213d6f1bb60d78f4af33a8ad67083842b8
device_0,0.375,1706,1.5,52.5,0.1,late,48,16,3,0.19975,0.37847803043317246,60,9940,1000,2786d3543a13fde2e9de121efd0b8cc5bd2aec02866a9827f2d3555f098451df
device_0,0.375,1707,1.5,52.5,0.1,late,48,16,3,0.19756,0.3714936166119789,63,9937,1000,906a6e3712203bb0f7a5f7f8e5cbebb9ae671aac852f3ff05719f0c3043a1e5c
device_0,0.375,1708,1.5,52.5,0.1,late,48,16,3,0.19968,0.3728274067949136,52,9948,1000,2dade23c046a8b613b50c88dad508520db90aca33d4c65539a8a7b5e6dd331f4
device_0,0.375,1709,1.5,52.5,0.1,late,48,16,3,0.20214,0.3789219763360735,72,9928,1000,57aa197b99c1055f040373eaac06f86e63ed51ba9cbdfde2a4ad61e2e7a4ba6c
device_0,0.375,1710,1.5,52.5,0.1,late,48,16,3,0.19842,0.37511826036297974,71,9929,1000,63e9af994822ab4c99be724f86078b835b9fa2761659e9e2c706f1d2eba0a449
device_0,0.75,1701,1.5,52.5,0.1,late,48,16,3,0.20817,0.7556341521150168,77,9923,1000,83311f33c1a499e2118c13fddea48be78566804a4c05af8e7cca85704b3846ed
device_0,0.75,1702,1.5,52.5,0.1,late,48,16,3,0.20244,0.7487885933421545,67,9933,1000,76e13fa50739f10b7d7cd9c32db4e318fed001003c01b6782aaec45eebc6423a
device_0,0.75,1703,1.5,52.5,0.1,late,48,16,3,0.20102,0.7470900970852136,65,9935,1000,8f3816270f4fb5d39d6894174948c64b30408ced55063e18ade59c1bbc5a3381
device_0,0.75,1704,1.5,52.5,0.1,late,48,16,3,0.19715,0.7479806369104111,71,9929,1000,bca855f2d00543d95c666841e328220884330c5b5cbff05e4234f9fa516f76a2
device_0,0.75,1705,1.5,52.5,0.1,late,48,16,3,0.20494,0.7506431485678381,67,9933,1000,515da145fd80eac087c004b70211a2b461f35f5532be3506ffcc4d81cfb1e117
device_0,0.75,1706,1.5,52.5,0.1,late,48,16,3,0.20282,0.7537784223147826,49,9951,1000,19c213755411e1409c5c00d29dba20186dac2ea0f15fba680873f99fa68755f7
device_0,0.75,1707,1.5,52.5,0.1,late,48,16,3,0.20138,0.7431906944181493,64,9936,1000,b7ce16fe4f37efbf418eaf3800a32f82f413f67555b3b048ea4252b1c2ca5927
device_0,0.75,1708,1.5,52.5,0.1,late,48,16,3,0.20034,0.7475350990705809,53,9947,1000,3c7d3fa448f61795494e574105fa9a2a0117062dac7df59773a74fadbbf10014
device_0,0.75,1709,1.5,52.5,0.1,late,48,16,3,0.20613,0.7542776800152501,59,9941,1000,4522cbe769b877a0d7a59063754b5fb060d87d2071ff024acbe5b946cd88a79e
device_0,0.75,1710,1.5,52.5,0.1,late,48,16,3,0.20286,0.74728584709585,52,9948,1000,1075dd369e5a1851444f2105abecbc09f04f2d5a368c5996dda8270ef14b9cf2
device_0,0.875,1701,1.5,52.5,0.1,late,48,16,3,0.20249,0.8763990178082249,65,9935,1000,dd8abd45f7b72bf270877663d80c28e947c7229b3dfb9aaaaa175147d78bb2a6
device_0,0.875,1702,1.5,52.5,0.1,late,48,16,3,0.19703,0.8759866636367837,57,9943,1000,2fb48f46d5724fde0daeb911add5e23ce9e7d528288a24da39a723724c1828db
device_0,0.875,1703,1.5,52.5,0.1,late,48,16,3,0.20238,0.8773687974569232,60,9940,1000,23ca4fcbde2a09451e2f1e94e5727e3427dc1777a32068ac7ba8b38eeca47ce3
device_0,0.875,1704,1.5,52.5,0.1,late,48,16,3,0.19663,0.8771256568671042,55,9945,1000,e1adf7e40b4b725aebb67f4f6d9975b7cc3c0cc6271bece377b30e8debcea194
device_0,0.875,1705,1.5,52.5,0.1,late,48,16,3,0.20133,0.8756186617053834,58,9942,1000,3a1ae276ec184b019486df2d79f342b41578ce9ff99117b348a1696cb63514d1
device_0,0.875,1706,1.5,52.5,0.1,late,48,16,3,0.19605,0.8731077294363513,72,9928,1000,0ad838f520c74f47660063a38b6f47b856fb73c1725173572a40d0c8b3a6d78a
device_0,0.875,1707,1.5,52.5,0.1,late,48,16,3,0.2,0.8774036452681541,66,9934,1000,d74c799de8db027608fa20c3875d25ced9a8d943e6beaa7fc4a24781d658d227
device_0,0.875,1708,1.5,52.5,0.1,late,48,16,3,0.20258,0.87442580026271,66,9934,1000,9127e64aa073b310a3ebd1c461748e24faeadae77813f479139f75a194805af0
device_0,0.875,1709,1.5,52.5,0.1,late,48,16,3,0.19831,0.8770598020870867,67,9933,1000,60ee0e3e8e034b8b5b3d1cc0de0e85384d07962757a6a65f8d6170ec4ef93a00
device_0,0.875,1710,1.5,52.5,0.1,late,48,16,3,0.19668,0.8724656025657239,64,9936,1000,1e94f3eafebf6f4a11b5a0b464999aa8de8f6e6f02d28339bca2a9ae02145bcb
device_0,0.9375,1701,1.5,52.5,0.1,late,48,16,3,0.20509,0.9402237906216514,47,9953,1000,def6ae20781190efc470fad4f844ec72bd1541df777a7b9780d0e49972f8d1b6
device_0,0.9375,1702,1.5,52.5,0.1,late,48,16,3,0.19366,0.9366016280001491,78,9922,1000,b30514db6d4d5bbc3893a3ce740cde8371b058a93946422543ce0d96c28ba9ad
device_0,0.9375,1703,1.5,52.5,0.1,late,48,16,3,0.19489,0.9369055048961522,53,9947,1000,951f702e3dfdf417eda0a3ad750e82728d82750b6e9a103d7bb8373dd4cedd12
device_0,0.9375,1704,1.5,52.5,0.1,late,48,16,3,0.19999,0.9358099323716185,52,9948,1000,b7748795438a7d66476117edc809853f6bcdad2e151fd771811a48d41466b13b
device_0,0.9375,1705,1.5,52.5,0.1,late,48,16,3,0.19063,0.9374553760710133,45,9955,1000,cb1d235f4bd61a05dd2d434af57fceaa62b417ae09dea3df54d6fbd609e76e8c
device_0,0.9375,1706,1.5,52.5,0.1,late,48,16,3,0.20144,0.9386428776611538,54,9946,1000,606b84c568ccde556ba3a13fd7848c91e8aecc67e974d69dcf5119602751e886
device_0,0.9375,1707,1.5,52.5,0.1,late,48,16,3,0.20073,0.9386652506542138,59,9941,1000,93e4eda756260574a7ef74b38e3c63b19ff2b8228f6e65270dbb593f0f336a1d
device_0,0.9375,1708,1.5,52.5,0.1,late,48,16,3,0.19042,0.9350336658268497,57,9943,1000,c323b481c4f137917681e11a2305be27cf716caa6b4e7006ee6ee02c0db71657
device_0,0.9375,1709,1.5,52.5,0.1,late,48,16,3,0.20214,0.9387695757970393,54,9946,1000,a469f073daeb6e20a3fb27addd0d5c0e5d4ba962102c54281112842553f726a3
device_0,0.9375,1710,1.5,52.5,0.1,late,48,16,3,0.20082,0.9338903427364145,58,9942,1000,9996fbf377ba204bd41d80f82a7d5147a52e73072225e9081f5e6e046baa33de
device_0,0.975,1701,1.5,52.5,0.1,late,48,16,3,0.20012,0.9750727182312047,55,9945,1000,4ddfd838b16513dc89157e510d8befae5a55d92a42c85dad991e3a19037d3e0f
device_0,0.975,1702,1.5,52.5,0.1,late,48,16,3,0.19762,0.9739220248349032,49,9951,1000,0733c63b790b1eeccc5c526e4bca4e69bae44868fe1359dbe0c6109384f3c8bd
device_0,0.975,1703,1.5,52.5,0.1,late,48,16,3,0.1984,0.975854682367182,65,9935,1000,fa90aa531394b63a0a31af1772fe5c964a29f957fa1d80fd28767c71eb69564a
device_0,0.975,1704,1.5,52.5,0.1,late,48,16,3,0.19634,0.9733501805342133,61,9939,1000,3ade2938ec339d225902313baac49fb1a7dd1b5e45c284257d40eb5f161c721e
device_0,0.975,1705,1.5,52.5,0.1,late,48,16,3,0.19493,0.9747974986214312,63,9937,1000,67c5ed75c2bd784aa6f0b962748d110c70e736aa1d43c69118a0272efb5eb603
device_0,0.975,1706,1.5,52.5,0.1,late,48,16,3,0.203,0.9742259419786155,52,9948,1000,fe29604c8bc9f85253c22b51d949745a746afa9789eabae48cb6add183b2c215
device_0,0.975,1707,1.5,52.5,0.1,late,48,16,3,0.20266,0.9738223967562294,67,9933,1000,88739c1b7015f29621ac78a8cf1f2a08c9575d10581aecd8a1dfa097b461f535
device_0,0.975,1708,1.5,52.5,0.1,late,48,16,3,0.19043,0.9746047948044175,78,9922,1000,2a8aa4c016d52561ac72f918219e21a369bf565a9b2a5c4c697341080e006b71
device_0,0.975,1709,1.5,52.5,0.1,late,48,16,3,0.19294,0.9749540477640206,58,9942,1000,df2208930abfff34fab87b90554dfa2b5837e7e9330dd2fbd7bee033cff50795
device_0,0.975,1710,1.5,52.5,0.1,late,48,16,3,0.19779,0.9774683509778551,61,9939,1000,a4b7f4ef1c85e9614b237ded547a7e99de8acd00c7cfcaa3376532f91ab5ab0c
device_0,0.0,1701,1.5,52.5,0.15,drop,48,16,3,0.19936,-0.002661444942765865,62,14938,1000,c4d7b42c803955c9b196318c13a64c36faf49a9d7523aec72cc1e7b231b3cb9e
device_0,0.0,1702,1.5,52.5,0.15,drop,48,16,3,0.20106,0.005830007599770396,56,14944,1000,4f5a0e277e1e243f7c7661bcb0ad6d0e15a9feddb45a5ee7944dae2747567685
device_0,0.0,1703,1.5,52.5,0.15,drop,48,16,3,0.19952,0.005656351965683195,63,14937,1000,6c60beb7f084150776e94ba149124928e9765486cfc8ac35f1013af892a3ca98
device_0,0.0,1704,1.5,52.5,0.15,drop,48,16,3,0.20257,0.002457782015709934,56,14944,1000,93f12d298433e0fa97dbe88e2520356b828149948bf23aae20e4112f1ce3d6bb
device_0,0.0,1705,1.5,52.5,0.15,drop,48,16,3,0.20104,-0.004155617772998724,68,14932,1000,a75bed90a32bd207141e07e955821d74f3428e060ea8a046379e771fa412714e
device_0,0.0,1706,1.5,52.5,0.15,drop,48,16,3,0.20062,-0.0045443747273977144,62,14938,1000,4871a980d3182024b6848be121e8f1062778a4f8ac98350f1cacd2ade3fdf749
device_0,0.0,1707,1.5,52.5,0.15,drop,48,16,3,0.19896,0.001346027845602329,61,14939,1000,f96d94f9e86c6b0f2310346244e6308ff554aeb9fe7c63f9be4f67f560d3a669
device_0,0.0,1708,1.5,52.5,0.15,drop,48,16,3,0.19922,-0.001372807149175493,53,14947,1000,87bd4ef9214592cde27a8bbf0a1c1824f34920bc08a56a0279de0bcfb1576ed1
device_0,0.0,1709,1.5,52.5,0.15,drop,48,16,3,0.20001,0.005034822885721277,61,14939,1000,b331de840b1359859cd828cfba453c3eefa2bcb9fde8da959a33a7d6c6951e3d
device_0,0.0,1710,1.5,52.5,0.15,drop,48,16,3,0.19848,0.0007247411049733544,65,14935,1000,268f4ae5a8cd5b33aeb2ec71060e75607ca77e76cd4914ddfc7889d267915b8d
device_0,0.375,1701,1.5,52.5,0.15,drop,48,16,3,0.19773,0.37585282092426525,65,14935,1000,2512d8025a13a4b13fd1dbf6794a7fdf27ebb050e592d8cfe8140d19a3df5313
device_0,0.375,1702,1.5,52.5,0.15,drop,48,16,3,0.20083,0.3763938072575695,59,14941,1000,7fec7dd41506a9e45c2b7d90602d5b89fc912fc50d4398ce9ae43db6ccd38dc2
device_0,0.375,1703,1.5,52.5,0.15,drop,48,16,3,0.19949,0.3708761472322628,72,14928,1000,fdc47998b9fe18ce36467670e86e2a4d41b8574fc7c63be64aa714f06fb27f32
device_0,0.375,1704,1.5,52.5,0.15,drop,48,16,3,0.19956,0.37083454970073176,64,14936,1000,896037ad0cbb8df0706723654d19400d1f807c80a0910c743aa5ecc595f4f885
device_0,0.375,1705,1.5,52.5,0.15,drop,48,16,3,0.1976,0.38054564128452917,44,14956,1000,19b9b3926bef25f5c3abf71bac7d9f713e47b563440553d1c87b340852fa2002
device_0,0.375,1706,1.5,52.5,0.15,drop,48,16,3,0.19975,0.37847803043317246,60,14940,1000,bbbdcd9310db36834b3684b609aa22c11a1d0285d8e47bf6c04aae514f04990e
device_0,0.375,1707,1.5,52.5,0.15,drop,48,16,3,0.19756,0.3714936166119789,63,14937,1000,be936192c2a6a92290e7c12fdba8b510303b3158bb62ad60504cbf84a2d3830a
device_0,0.375,1708,1.5,52.5,0.15,drop,48,16,3,0.19968,0.3728274067949136,52,14948,1000,a78d6d97c17460d5c834e1e32b7f1afd2d3fb716e3805eb74d38ff74cc9c7dc6
device_0,0.375,1709,1.5,52.5,0.15,drop,48,16,3,0.20214,0.3789219763360735,72,14928,1000,77c2b1a8da4c103dfb47bd9461eccca55846a2af7cf852e93be2da7cf075bdc0
device_0,0.375,1710,1.5,52.5,0.15,drop,48,16,3,0.19842,0.37511826036297974,71,14929,1000,413d90e8a8e312000bc1f40720d3ebbee3818902dfba4c4341a8147ad29a19f7
device_0,0.75,1701,1.5,52.5,0.15,drop,48,16,3,0.20817,0.7556341521150168,77,14923,1000,19613864b180fba0cfb100f1c5d07aaca0b4ea9479a14519e3e6cbd8c16ee26f
device_0,0.75,1702,1.5,52.5,0.15,drop,48,16,3,0.20244,0.7487885933421545,67,14933,1000,72692acab608ef5fc2934b5872e536fdbb5280d9cf0fa1edf1974cd67edb6ba9
device_0,0.75,1703,1.5,52.5,0.15,drop,48,16,3,0.20102,0.7470900970852136,65,14935,1000,13749437bc730730ac59bba3073195f647c3838db5cbe5e17f0571bc2b247130
device_0,0.75,1704,1.5,52.5,0.15,drop,48,16,3,0.19715,0.7479806369104111,71,14929,1000,a352bf0176833381728aa33da62b314cf5e3b661aa4db3686862f3c061bed681
device_0,0.75,1705,1.5,52.5,0.15,drop,48,16,3,0.20494,0.7506431485678381,67,14933,1000,30fca5f0d5732f967518b65fcca860d8179067eb486b8bebe404ed47b9694246
device_0,0.75,1706,1.5,52.5,0.15,drop,48,16,3,0.20282,0.7537784223147826,49,14951,1000,a4212d1088002fa6ac7f96e7a2edccd98d9f6cf6f45f37c87f9b7522eff06481
device_0,0.75,1707,1.5,52.5,0.15,drop,48,16,3,0.20138,0.7431906944181493,64,14936,1000,450958da7754a59ae9076d00610f8338bc99ebd831a96c7d8afc614eeae5a201
device_0,0.75,1708,1.5,52.5,0.15,drop,48,16,3,0.20034,0.7475350990705809,53,14947,1000,d560fe9a368e3edb41b047f3aa961056b038b8de4389d6d9af8fcb61edabaf68
device_0,0.75,1709,1.5,52.5,0.15,drop,48,16,3,0.20613,0.7542776800152501,59,14941,1000,a5944a592f70fc26f7b2e884c3fde2764fc0c21c13103b1f53dbba9e0c2cd7c8
device_0,0.75,1710,1.5,52.5,0.15,drop,48,16,3,0.20286,0.74728584709585,52,14948,1000,1a3039b537557e7d7dba82a83e413b8ab63880857b23eadc2eb4ad85ce5ae3d0
device_0,0.875,1701,1.5,52.5,0.15,drop,48,16,3,0.20249,0.8763990178082249,65,14935,1000,00795a4ca7ae626bdc630c8a7045933ac0977c461c9cccb166cf59514ff0ff8a
device_0,0.875,1702,1.5,52.5,0.15,drop,48,16,3,0.19703,0.8759866636367837,57,14943,1000,19ed6d3404df534cb08f9b3a2a2e299e48724426d89c86145ac6af14bec8b634
device_0,0.875,1703,1.5,52.5,0.15,drop,48,16,3,0.20238,0.8773687974569232,60,14940,1000,f05b8f2d530c72c83ae62cec8dd5d1b23121ca580f8ab37267d7da5e4f5fc313
device_0,0.875,1704,1.5,52.5,0.15,drop,48,16,3,0.19663,0.8771256568671042,55,14945,1000,3392f8bd86504b7cca8f07f6744ebf4833c5d7569ff1a0e08c257e61889bf575
device_0,0.875,1705,1.5,52.5,0.15,drop,48,16,3,0.20133,0.8756186617053834,58,14942,1000,6fdde9ab8a7a212b878e39b237621adc37e3481bb6f0496d4603b48a370663cb
device_0,0.875,1706,1.5,52.5,0.15,drop,48,16,3,0.19605,0.8731077294363513,72,14928,1000,6af03b1f3fc4e2fc4c4282bc4c9f21f49f6518ebb8b68642e67fe57714c008ee
device_0,0.875,1707,1.5,52.5,0.15,drop,48,16,3,0.2,0.8774036452681541,66,14934,1000,05131b9ffe8e949eb2aeaf47de3d7a007757695c40a1d4973c280aa9a0553dd5
device_0,0.875,1708,1.5,52.5,0.15,drop,48,16,3,0.20258,0.87442580026271,66,14934,1000,4430f05af062d933b5e9f67daeecfcd0ac7dd834a0e6be7d667617879f6d737b
device_0,0.875,1709,1.5,52.5,0.15,drop,48,16,3,0.19831,0.8770598020870867,67,14933,1000,8718a782b5ea214434d6781191f6826e65cd7e13f418d2896a186f000efbedf9
device_0,0.875,1710,1.5,52.5,0.15,drop,48,16,3,0.19668,0.8724656025657239,64,14936,1000,32075e80ea10ad277add33040820de1ab2e883601186894145e54670bcbe1ad8
device_0,0.9375,1701,1.5,52.5,0.15,drop,48,16,3,0.20509,0.9402237906216514,47,14953,1000,8aa51a95197a10e132c1698334e5179341fca647930377036a88003ece9510c0
device_0,0.9375,1702,1.5,52.5,0.15,drop,48,16,3,0.19366,0.9366016280001491,78,14922,1000,e3ddb8cea622e5aaba305f9a5ff24907403e499d40185d99001959a47f97ff1c
device_0,0.9375,1703,1.5,52.5,0.15,drop,48,16,3,0.19489,0.9369055048961522,53,14947,1000,d740ec4fb65efe0867875208b0190993eaa7c0c5c36eed0290c77acd65f8e9b1
device_0,0.9375,1704,1.5,52.5,0.15,drop,48,16,3,0.19999,0.9358099323716185,52,14948,1000,860f7f5a3eb304a4defbabe9dd332a4f451ad6387badcf8b3cc1469993d75c50
device_0,0.9375,1705,1.5,52.5,0.15,drop,48,16,3,0.19063,0.9374553760710133,45,14955,1000,5a4a052e313df3751c99e678430151020b3c11538859ba719c29f0e4b6de89d5
device_0,0.9375,1706,1.5,52.5,0.15,drop,48,16,3,0.20144,0.9386428776611538,54,14946,1000,e32f20917ef20f72dc95906586b2cbce81e0d2732ff331d9b458df1bdafc7932
device_0,0.9375,1707,1.5,52.5,0.15,drop,48,16,3,0.20073,0.9386652506542138,59,14941,1000,13a9d85fb1365f3958c1185ee2b13754167f04892117019fd1bdd3b2519f773b
device_0,0.9375,1708,1.5,52.5,0.15,drop,48,16,3,0.19042,0.9350336658268497,57,14943,1000,bc9ed4347d560d219a756d39a30c34711e69e92cfaf4728edf6424856bfafd88
device_0,0.9375,1709,1.5,52.5,0.15,drop,48,16,3,0.20214,0.9387695757970393,54,14946,1000,8322489c1f1b55f7ace65122eaa95d115f9eca0e1a30bc2de029d6d5332f339b
device_0,0.9375,1710,1.5,52.5,0.15,drop,48,16,3,0.20082,0.9338903427364145,58,14942,1000,0978e5c09212588ace2078535c19d6154e773ec0711ead5999b3ba00a1db0eeb
device_0,0.975,1701,1.5,52.5,0.15,drop,48,16,3,0.20012,0.9750727182312047,55,14945,1000,4b90c62ccf253e261232f82b535cd5a80f2bde4b217976b985be4941281116c2
device_0,0.975,1702,1.5,52.5,0.15,drop,48,16,3,0.19762,0.9739220248349032,49,14951,1000,edc1f2d6d2b89bafb731ae5179639a285f22fcfed4dfdaac6d4422afb0c42aa4
device_0,0.975,1703,1.5,52.5,0.15,drop,48,16,3,0.1984,0.975854682367182,65,14935,1000,52188a657a129d4fc5a5b97443d66c127d70675eb080480d898cbd72a424eccb
device_0,0.975,1704,1.5,52.5,0.15,drop,48,16,3,0.19634,0.9733501805342133,61,14939,1000,e7ec18066298aa58f5637ad076975e7af06503e80f9530d2d131535de7f855ff
device_0,0.975,1705,1.5,52.5,0.15,drop,48,16,3,0.19493,0.9747974986214312,63,14937,1000,571f508ca854d019bd9673b65bbfd7c8d954f89c68fe128d88aaaf770ca47b26
device_0,0.975,1706,1.5,52.5,0.15,drop,48,16,3,0.203,0.9742259419786155,52,14948,1000,476a36f60f70ffa453b7fbac08f7ac32967348c5129b23a02a698b9c9fffa92f
device_0,0.975,1707,1.5,52.5,0.15,drop,48,16,3,0.20266,0.9738223967562294,67,14933,1000,9520c9cc378266b78e8561462848f6aaeba696a93fa6cdea108e2a9c634ce2dd
device_0,0.975,1708,1.5,52.5,0.15,drop,48,16,3,0.19043,0.9746047948044175,78,14922,1000,c965859a5f8674c408439cdf4168dc0633749e42fd4b3d3e56fef44d4d1ac46a
device_0,0.975,1709,1.5,52.5,0.15,drop,48,16,3,0.19294,0.9749540477640206,58,14942,1000,f6e76eeb2d899f806ac1529b94052e1fa516a18f4ee10a2c37047ab59c9c24d1
device_0,0.975,1710,1.5,52.5,0.15,drop,48,16,3,0.19779,0.9774683509778551,61,14939,1000,692f4b25e556deba905fb8527a8680adbf431503bded2f547a95866d115f51d7
device_0,0.0,1701,1.5,52.5,0.15,late,48,16,3,0.19936,-0.002661444942765865,62,14938,1000,643a092d64c3572e274679f149e0f4cb576bb6b946a3434831a94032f2aa7343
device_0,0.0,1702,1.5,52.5,0.15,late,48,16,3,0.20106,0.005830007599770396,56,14944,1000,89c872270d260ebb4230667df1d024aae418751378d17a9a9888231e92bc17c9
device_0,0.0,1703,1.5,52.5,0.15,late,48,16,3,0.19952,0.005656351965683195,63,14937,1000,96aed32c186b55da61372ffce09ee9f6728b1699f09485aaa1034087839e1d43
device_0,0.0,1704,1.5,52.5,0.15,late,48,16,3,0.20257,0.002457782015709934,56,14944,1000,41f250dfb07e55d95fff40003ecaafe708d678a376f433c3370326ad72e23fdc
device_0,0.0,1705,1.5,52.5,0.15,late,48,16,3,0.20104,-0.004155617772998724,68,14932,1000,1fb3e219a07d8a796ca9f3f6c7c14cad75d86a5282a23e9f46ecad1ba76fe671
device_0,0.0,1706,1.5,52.5,0.15,late,48,16,3,0.20062,-0.0045443747273977144,62,14938,1000,b4cc5494b03d16873f629e82b8b8734d17a8b0b5653ed1a62c33c751d4245847
device_0,0.0,1707,1.5,52.5,0.15,late,48,16,3,0.19896,0.001346027845602329,61,14939,1000,5b7cf2d598423db35b2cadc0d48f11af6244e09868ac7bb96b003e469d4be8bc
device_0,0.0,1708,1.5,52.5,0.15,late,48,16,3,0.19922,-0.001372807149175493,53,14947,1000,93d67b3e11bcceea4c968144f7411dee57c8185cde562af032b7bc4f8e8ce19e
device_0,0.0,1709,1.5,52.5,0.15,late,48,16,3,0.20001,0.005034822885721277,61,14939,1000,2828a9d640817914bdd7750e328401dbb954af7e6bae985a18d8e58b39d66c01
device_0,0.0,1710,1.5,52.5,0.15,late,48,16,3,0.19848,0.0007247411049733544,65,14935,1000,6d00cfea59f421ce41ae3499729f94cabfde38dbe68584f00c73452a140c1da1
device_0,0.375,1701,1.5,52.5,0.15,late,48,16,3,0.19773,0.37585282092426525,65,14935,1000,1d9f3d59a277715a3f327da77e97532e63219b9e84fc962e8ffb4890e3c53b55
device_0,0.375,1702,1.5,52.5,0.15,late,48,16,3,0.20083,0.3763938072575695,59,14941,1000,889417400190c5c32b61c9a05195711ff57e2e9034764c843e018d9cabff2fc2
device_0,0.375,1703,1.5,52.5,0.15,late,48,16,3,0.19949,0.3708761472322628,72,14928,1000,f19c745df7edb18b5453d635ec63c3d2e34d43669c2ac6bfe20992aa1e64a9c2
device_0,0.375,1704,1.5,52.5,0.15,late,48,16,3,0.19956,0.37083454970073176,64,14936,1000,8db292ee9de7034787a02759d4db8912181eee6417322faceb4380e907765c03
device_0,0.375,1705,1.5,52.5,0.15,late,48,16,3,0.1976,0.38054564128452917,44,14956,1000,e950c099ae9070f8ba2f132aba208e7a68aaa9ca0fa0ba815c0b00c608a36830
device_0,0.375,1706,1.5,52.5,0.15,late,48,16,3,0.19975,0.37847803043317246,60,14940,1000,bb1617511e31263bb4a221c6723bdef6e6a9654bbb6cd2f2d720dc37f980905e
device_0,0.375,1707,1.5,52.5,0.15,late,48,16,3,0.19756,0.3714936166119789,63,14937,1000,933e544baea488054d6ba44f5efa9ce608cbb446dd54202a3f78c71d338cc26d
device_0,0.375,1708,1.5,52.5,0.15,late,48,16,3,0.19968,0.3728274067949136,52,14948,1000,73682efd205c200ef615526d2eed72570e6c93bc0dedb01f2f10a336af574b4b
device_0,0.375,1709,1.5,52.5,0.15,late,48,16,3,0.20214,0.3789219763360735,72,14928,1000,65c66d852dd64bfd34fd13e5a14dc40b98cb1a3fd82eb68df15fd83bc9a21a25
device_0,0.375,1710,1.5,52.5,0.15,late,48,16,3,0.19842,0.37511826036297974,71,14929,1000,7fd0ef34f656759afe421e22849dfe9b0379619f8c1097b0a75d73fcf24aa7c7
device_0,0.75,1701,1.5,52.5,0.15,late,48,16,3,0.20817,0.7556341521150168,77,14923,1000,2c35a187b4855237bc2a6f5c943a0080d6da055a84513da82cfd081b15e84c0f
device_0,0.75,1702,1.5,52.5,0.15,late,48,16,3,0.20244,0.7487885933421545,67,14933,1000,d9e20489528c2d5a22318e416dfd82ad886cb265aa94a5f91999837200eb29d3
device_0,0.75,1703,1.5,52.5,0.15,late,48,16,3,0.20102,0.7470900970852136,65,14935,1000,e8f3c2fa747d71814762d371eed52953e68a21a3be098eb7730f05df71fd0467
device_0,0.75,1704,1.5,52.5,0.15,late,48,16,3,0.19715,0.7479806369104111,71,14929,1000,995a9a27e8976295da16233a478ac65bfb57528a761b4fca7304b2a5053d4163
device_0,0.75,1705,1.5,52.5,0.15,late,48,16,3,0.20494,0.7506431485678381,67,14933,1000,07bbbc8d7e11a87652e9e6bd4fbc5207da9a655a09c7923e83cb5bad47e3bccc
device_0,0.75,1706,1.5,52.5,0.15,late,48,16,3,0.20282,0.7537784223147826,49,14951,1000,7f422bb900044ea653ca84ef55cd0420e92f48e0b7ac5125a8e20fea389c0c6f
device_0,0.75,1707,1.5,52.5,0.15,late,48,16,3,0.20138,0.7431906944181493,64,14936,1000,86e9b8c8706bef81e7040707d271677bf1addf133a8a5a88f59ac382c0e10c50
device_0,0.75,1708,1.5,52.5,0.15,late,48,16,3,0.20034,0.7475350990705809,53,14947,1000,40b9f65a847547bdbc2bb6e734d7a08ddc00fd313b51aeb8f7d36261695931e0
device_0,0.75,1709,1.5,52.5,0.15,late,48,16,3,0.20613,0.7542776800152501,59,14941,1000,00d306429f43a48de074af249e28d684764f23b92613d986618ed065d3fb93b1
device_0,0.75,1710,1.5,52.5,0.15,late,48,16,3,0.20286,0.74728584709585,52,14948,1000,3a3ed5a3fb89bbb9ef84c61cd157ae5661d8154050b8d9b0fe07edccfbccfb2d
device_0,0.875,1701,1.5,52.5,0.15,late,48,16,3,0.20249,0.8763990178082249,65,14935,1000,c4185eaf0e4e85239a9d78b3fd5733256fa50f433d46d8ba20bc33417915a963
device_0,0.875,1702,1.5,52.5,0.15,late,48,16,3,0.19703,0.8759866636367837,57,14943,1000,ce2aa709f9447b18215981e6d9b41b0aab5d021284ad884610f31288e7046b41
device_0,0.875,1703,1.5,52.5,0.15,late,48,16,3,0.20238,0.8773687974569232,60,14940,1000,da1268c90ae377e29dab813cb3e47b785aed9e0a5cbeb7b1082e03e9819f6949
device_0,0.875,1704,1.5,52.5,0.15,late,48,16,3,0.19663,0.8771256568671042,55,14945,1000,5f8c0dfc3c49ad9d31152ed92e152c644ed12bc59cb902a630093e7be406734f
device_0,0.875,1705,1.5,52.5,0.15,late,48,16,3,0.20133,0.8756186617053834,58,14942,1000,79e7b1e4935530451a02b587abe3382cc388ab43e9586006227531f7b5323183
device_0,0.875,1706,1.5,52.5,0.15,late,48,16,3,0.19605,0.8731077294363513,72,14928,1000,0a7c894c0ac01699c71215b7f9442dd278323e783d039ef370ffabfb3debde4c
device_0,0.875,1707,1.5,52.5,0.15,late,48,16,3,0.2,0.8774036452681541,66,14934,1000,422fa0e65f91e87cf7f3c0fbafc11d3876558108f6fcde20dddfd43a36a6267e
device_0,0.875,1708,1.5,52.5,0.15,late,48,16,3,0.20258,0.87442580026271,66,14934,1000,8f77186d2811269bdf4485a8377f9e3569ff00e782fd73d10d1e2ea43dd76d28
device_0,0.875,1709,1.5,52.5,0.15,late,48,16,3,0.19831,0.8770598020870867,67,14933,1000,6bd591c6af35ebc9db3bdd6f53787695bcd1f4f13557e13638034bf48d775fef
device_0,0.875,1710,1.5,52.5,0.15,late,48,16,3,0.19668,0.8724656025657239,64,14936,1000,e468bd73f128d3faed58fe8f7ba22da0c167015e39bcaa76e045d447399f7b12
device_0,0.9375,1701,1.5,52.5,0.15,late,48,16,3,0.20509,0.9402237906216514,47,14953,1000,893c8438f4a9f865aa2aee4222db0ff46fec49c53220c46a161470c874c27bb0
device_0,0.9375,1702,1.5,52.5,0.15,late,48,16,3,0.19366,0.9366016280001491,78,14922,1000,d94af74f91f61246239f23ad83a6739c9c3246a5bc26a9294f49611c70ebd607
device_0,0.9375,1703,1.5,52.5,0.15,late,48,16,3,0.19489,0.9369055048961522,53,14947,1000,002b3688d6e13c3107587e64e3b63463522fa127f8d7dbd78df9900601e765b8
device_0,0.9375,1704,1.5,52.5,0.15,late,48,16,3,0.19999,0.9358099323716185,52,14948,1000,9dcbe15d08f390dd9a53f09b5062a1e6e228c80816e65bd9bdb8e50c7ef6dd1d
device_0,0.9375,1705,1.5,52.5,0.15,late,48,16,3,0.19063,0.9374553760710133,45,14955,1000,8f7832ecddcd665fb576c13407497a946d07ef1f252a1ffd8d9180eb1c8ee3dd
device_0,0.9375,1706,1.5,52.5,0.15,late,48,16,3,0.20144,0.9386428776611538,54,14946,1000,d62a9a8b3ba5d92db99b1354e3fec811f2299b6b77e91ea7e84fdece59b84c7c
device_0,0.9375,1707,1.5,52.5,0.15,late,48,16,3,0.20073,0.9386652506542138,59,14941,1000,4aeeaea1fee5cd2ad40d1e9bd6a2b440f668d38e6fad1ff7647bd839b368e0f2
device_0,0.9375,1708,1.5,52.5,0.15,late,48,16,3,0.19042,0.9350336658268497,57,14943,1000,f11edeafecaa0323f1f485dc93db6b80c9e4dbf3fed5c901cf20f853bf9bee70
device_0,0.9375,1709,1.5,52.5,0.15,late,48,16,3,0.20214,0.9387695757970393,54,14946,1000,802465acbcd1c35ac841c656c0b5970cb9ebd4b745bbfa6607c43028ab2421ed
device_0,0.9375,1710,1.5,52.5,0.15,late,48,16,3,0.20082,0.9338903427364145,58,14942,1000,71b2d2b16ee5ab5ecf1dba2a22c3008816534f0157e168d1d2188528c10d77fc
device_0,0.975,1701,1.5,52.5,0.15,late,48,16,3,0.20012,0.9750727182312047,55,14945,1000,770bbf9f0648709425ccf836fc424971172ffcd30fa0d63f7c2849f458ac16c3
device_0,0.975,1702,1.5,52.5,0.15,late,48,16,3,0.19762,0.9739220248349032,49,14951,1000,a386330f7f95465432acc5f08f4b7be888ba596c368f02691ddc829ae25ae275
device_0,0.975,1703,1.5,52.5,0.15,late,48,16,3,0.1984,0.975854682367182,65,14935,1000,f3a50f4bc86b2e02ae766e918dcaa85ae4a17a79b06da9285098ae2df5bf9d2a
device_0,0.975,1704,1.5,52.5,0.15,late,48,16,3,0.19634,0.9733501805342133,61,14939,1000,bf6cd50604af82e2ea96f1514910cbbbebdccbdc6cd3d0620dc5bf815188d0de
device_0,0.975,1705,1.5,52.5,0.15,late,48,16,3,0.19493,0.9747974986214312,63,14937,1000,70fcb545d9cbaaff16ace94184e8ecafbc2b37e480a4b1027667429267e8c5ee
device_0,0.975,1706,1.5,52.5,0.15,late,48,16,3,0.203,0.9742259419786155,52,14948,1000,7d011e7bca5de73366d5d51cf85d797e662addfd3400e92b16f13cde11323d29
device_0,0.975,1707,1.5,52.5,0.15,late,48,16,3,0.20266,0.9738223967562294,67,14933,1000,d02051a850ba3412163cc1100e8171e4d8389377e1a8a7564039c96b7870a1a2
device_0,0.975,1708,1.5,52.5,0.15,late,48,16,3,0.19043,0.9746047948044175,78,14922,1000,22bedee2713b285a1b7cd6006807168a3717353431e082dce2a02be3100b61e6
device_0,0.975,1709,1.5,52.5,0.15,late,48,16,3,0.19294,0.9749540477640206,58,14942,1000,5f89247d4a454ff5b259c5265a5bca5d72af365280ad2dd6a846caeaa2e238ff
device_0,0.975,1710,1.5,52.5,0.15,late,48,16,3,0.19779,0.9774683509778551,61,14939,1000,697f3d39e576e3855e2391864aee01567be24a145263f23320d5f1affa4ba0af
device_0,0.0,1701,2.0,70.0,0.01,drop,48,16,3,0.19936,-0.002661444942765865,0,1000,1000,fd100e73fe8acade2a5c29899e0fdb1fe59c8681f5a9cf102e67f92a0d3d56a5
device_0,0.0,1702,2.0,70.0,0.01,drop,48,16,3,0.20106,0.005830007599770396,0,1000,1000,6f45bb2d83e4f7ac364d8e1e4b1ddb5295a9933610f77e828a0073f0042b5736
device_0,0.0,1703,2.0,70.0,0.01,drop,48,16,3,0.19952,0.005656351965683195,0,1000,1000,9e49e57fcf24ead69a4f19fde9ad7016722413ad00e9dfb015cb45a5fe3fcd14
device_0,0.0,1704,2.0,70.0,0.01,drop,48,16,3,0.20257,0.002457782015709934,0,1000,1000,173ae61e9130340bd5ae83021f20931001fe7546ba368ed807850f6f77e3d2b4
device_0,0.0,1705,2.0,70.0,0.01,drop,48,16,3,0.20104,-0.004155617772998724,0,1000,1000,791d3db724d310d1661bd202c99fba7a62a5e0adca4199815bba1ce53dc3a780
device_0,0.0,1706,2.0,70.0,0.01,drop,48,16,3,0.20062,-0.0045443747273977144,0,1000,1000,d2dca7398e5c2c1f99d936e585ec45a86a194cefab89d0ddcc374b96cbbeb989
device_0,0.0,1707,2.0,70.0,0.01,drop,48,16,3,0.19896,0.001346027845602329,0,1000,1000,8a36deec33b2665ff4bd2bee0e38928b68cb462d131bb0839d4d07989c9b9ec9
device_0,0.0,1708,2.0,70.0,0.01,drop,48,16,3,0.19922,-0.001372807149175493,0,1000,1000,1a6d93abb1b49ec17d35f8cdc7ae48d9832d4ee4b6d6fd7da95bd06939831637
device_0,0.0,1709,2.0,70.0,0.01,drop,48,16,3,0.20001,0.005034822885721277,0,1000,1000,c502894a9651452863e810cff7d70a396b61d355a119224eab1ee0a13e37b49c
device_0,0.0,1710,2.0,70.0,0.01,drop,48,16,3,0.19848,0.0007247411049733544,0,1000,1000,d597d67db0915fb024bd2f629d6929aaadbcc09fd0172695c8f170a90ec73fbe
device_0,0.375,1701,2.0,70.0,0.01,drop,48,16,3,0.19773,0.37585282092426525,0,1000,1000,af5b6f8473ed8c93c9bbd69cc4bdbccd4553df0bd9eed841815d37d77c06d7a4
device_0,0.375,1702,2.0,70.0,0.01,drop,48,16,3,0.20083,0.3763938072575695,0,1000,1000,d250d6d02b8df4da0d3e973f3572156867b0f9fc4f1bafa4608cbf28bf692c49
device_0,0.375,1703,2.0,70.0,0.01,drop,48,16,3,0.19949,0.3708761472322628,0,1000,1000,96e1743742abe867bc7de009a651a27192be5d325311760fa69fbd9cb7aad46b
device_0,0.375,1704,2.0,70.0,0.01,drop,48,16,3,0.19956,0.37083454970073176,0,1000,1000,55ab3c370b6f5850f7660847961642ee14dcbeb2b007ae25ec60b4ddc744bb04
device_0,0.375,1705,2.0,70.0,0.01,drop,48,16,3,0.1976,0.38054564128452917,0,1000,1000,e68be24d8242cc13e83e8f9f80dddf2b9c4878540135a7b64fef222e80fd4140
device_0,0.375,1706,2.0,70.0,0.01,drop,48,16,3,0.19975,0.37847803043317246,0,1000,1000,a9ae5c06a8118e5623a5c454dc694af26c2637be92f2bad7efa996bfd4e97c8e
device_0,0.375,1707,2.0,70.0,0.01,drop,48,16,3,0.19756,0.3714936166119789,0,1000,1000,2b8c61e291a9d1b8a4fcaf010cd40636f7489caf2ef4f0963d3c119acfccdec7
device_0,0.375,1708,2.0,70.0,0.01,drop,48,16,3,0.19968,0.3728274067949136,0,1000,1000,0a117a71341764760bdb78cf2391a54f8a59fa4ea97345530a78afbea97b02f8
device_0,0.375,1709,2.0,70.0,0.01,drop,48,16,3,0.20214,0.3789219763360735,0,1000,1000,f6019f03bae185948a3362f788feaffd0efc8a042fd01053839d080e6be4a9ee
device_0,0.375,1710,2.0,70.0,0.01,drop,48,16,3,0.19842,0.37511826036297974,0,1000,1000,33705dc5e8da13b9ae8a85900b1010079199fb1a87add52b0339a89a4f5dbb9f
device_0,0.75,1701,2.0,70.0,0.01,drop,48,16,3,0.20817,0.7556341521150168,0,1000,1000,4b7ed440adeed2df067a2cc05e280fcd685ee1cc788546d259e473b4ef8bebca
device_0,0.75,1702,2.0,70.0,0.01,drop,48,16,3,0.20244,0.7487885933421545,0,1000,1000,1690e6780a530be7421203e745b9c36ea2bbe1c80393f91e1b5bc0fd5197b57d
device_0,0.75,1703,2.0,70.0,0.01,drop,48,16,3,0.20102,0.7470900970852136,0,1000,1000,c864c294f13bff0f656215757fee348a57beb4d4e7372e0c69a3f6d25553c87b
device_0,0.75,1704,2.0,70.0,0.01,drop,48,16,3,0.19715,0.7479806369104111,0,1000,1000,b2b47f09828931ce434b39a4ebc7702d862108fd4c32efa10aa3318c501f9fcc
device_0,0.75,1705,2.0,70.0,0.01,drop,48,16,3,0.20494,0.7506431485678381,0,1000,1000,79c50bf931e861d98d38c08bc1015cde1a4fb11a144204a9e46b4f0fc1165637
device_0,0.75,1706,2.0,70.0,0.01,drop,48,16,3,0.20282,0.7537784223147826,0,1000,1000,2c1704a88ab37c88cfa5b7a09de385d680e7b70b7445219f1546abcea2061543
device_0,0.75,1707,2.0,70.0,0.01,drop,48,16,3,0.20138,0.7431906944181493,0,1000,1000,36d51b691d128e7948b2059279f47896ef0cf634a3725e21ae09348518e818a5
device_0,0.75,1708,2.0,70.0,0.01,drop,48,16,3,0.20034,0.7475350990705809,0,1000,1000,8ef1de221651f5cf5398ed5b918540b613daa2468a9cba255238af4eaa0ade76
device_0,0.75,1709,2.0,70.0,0.01,drop,48,16,3,0.20613,0.7542776800152501,0,1000,1000,8c192aea5cef114c30080f2e352ddbf86f3bb6d07c569cc4cda567b8fe7c36e5
device_0,0.75,1710,2.0,70.0,0.01,drop,48,16,3,0.20286,0.74728584709585,0,1000,1000,d4d3920125c39798d5d08051cd653a3cf89fc12bee5715e3cee1d14254b24a57
device_0,0.875,1701,2.0,70.0,0.01,drop,48,16,3,0.20249,0.8763990178082249,0,1000,1000,c87be20b57008a7857d03aad948d8e11fe6576ce2b2d9bb1a616b39b9bbfc31d
device_0,0.875,1702,2.0,70.0,0.01,drop,48,16,3,0.19703,0.8759866636367837,0,1000,1000,bbe00f53fdaabe5f72ebece9e9f0064ed3a5db759b0b580b02f6d3ae86a326ed
device_0,0.875,1703,2.0,70.0,0.01,drop,48,16,3,0.20238,0.8773687974569232,0,1000,1000,45ce98a5cfcf1f627dad264f4e92cfc5e023e7204c9a2cf31fc2d9f837464c92
device_0,0.875,1704,2.0,70.0,0.01,drop,48,16,3,0.19663,0.8771256568671042,0,1000,1000,677656d69e685fb3f7e788538838929f2aef42436417393bc2fc5b39a83e5546
device_0,0.875,1705,2.0,70.0,0.01,drop,48,16,3,0.20133,0.8756186617053834,0,1000,1000,a227eab6037aa5575284e247763645624f001d4e2d4b71294674cfa440415809
device_0,0.875,1706,2.0,70.0,0.01,drop,48,16,3,0.19605,0.8731077294363513,0,1000,1000,3222f5be3f5960cb56b300a1d3ef79b139f2a37bd77a001482d4b9bd0f2d46ba
device_0,0.875,1707,2.0,70.0,0.01,drop,48,16,3,0.2,0.8774036452681541,0,1000,1000,9a2b779a6a1ba674889a8d153e2eb68989c5bb7744231f8955415dbcc5eb3c52
device_0,0.875,1708,2.0,70.0,0.01,drop,48,16,3,0.20258,0.87442580026271,0,1000,1000,636dbf2cdad1f83084ec500c44d5d94f30f1a63b7c8956f37e92fb4df79d9894
device_0,0.875,1709,2.0,70.0,0.01,drop,48,16,3,0.19831,0.8770598020870867,0,1000,1000,2f214dfa36987101cdde5440c3a2fe74b89af3184295c0a86fa4ee56b56152b6
device_0,0.875,1710,2.0,70.0,0.01,drop,48,16,3,0.19668,0.8724656025657239,0,1000,1000,34134722bf8203355d631625db6b074eb1c421b4813bce7b8ee600f3f19b6563
device_0,0.9375,1701,2.0,70.0,0.01,drop,48,16,3,0.20509,0.9402237906216514,0,1000,1000,a0469bbf7667f18ed4a95242fa2b242cebb50e658d3632798e5f8047218bba3d
device_0,0.9375,1702,2.0,70.0,0.01,drop,48,16,3,0.19366,0.9366016280001491,0,1000,1000,c29304160c0b75930bdb4d3748fbe71b98d5b8e4c2a33da70485240a2609cb6d
device_0,0.9375,1703,2.0,70.0,0.01,drop,48,16,3,0.19489,0.9369055048961522,0,1000,1000,346582501d0b262e115bf868314c751d9a14b603c5296a47a18c639e5ed46e4b
device_0,0.9375,1704,2.0,70.0,0.01,drop,48,16,3,0.19999,0.9358099323716185,0,1000,1000,0d6bd784a530bf87967326cc48aea0fc96279fdada53be759f4cb81c410fc839
device_0,0.9375,1705,2.0,70.0,0.01,drop,48,16,3,0.19063,0.9374553760710133,0,1000,1000,bca4e415585558609ed41f9768e5c377bab16870b8b7ce776ab59a3aa595f066
device_0,0.9375,1706,2.0,70.0,0.01,drop,48,16,3,0.20144,0.9386428776611538,0,1000,1000,01f516019975a2290a047cf3c832bed9ed1c9b9855dc20ca54e7bfc547f68ab5
device_0,0.9375,1707,2.0,70.0,0.01,drop,48,16,3,0.20073,0.9386652506542138,0,1000,1000,3a78d1eb4fd3f28889578495b062213e9401e1ff441e7b4dafd51c7b569316df
device_0,0.9375,1708,2.0,70.0,0.01,drop,48,16,3,0.19042,0.9350336658268497,0,1000,1000,8ccab0a48c16e1b570cb71ed15c843361148341927d9628198d5cb5e63faffc0
device_0,0.9375,1709,2.0,70.0,0.01,drop,48,16,3,0.20214,0.9387695757970393,0,1000,1000,6bcc57e4589c733751b8981859af70ebf938dbeec215199bb271a94b44486034
device_0,0.9375,1710,2.0,70.0,0.01,drop,48,16,3,0.20082,0.9338903427364145,0,1000,1000,a4511ad9cfe7a9ae40a7ffc78e5f82bc768f340ccad1c69089addc13347f37cb
device_0,0.975,1701,2.0,70.0,0.01,drop,48,16,3,0.20012,0.9750727182312047,0,1000,1000,5fea025e20e44bbd3c6e22348002893ba65a6eab57194b3b5f573701acd74a6a
device_0,0.975,1702,2.0,70.0,0.01,drop,48,16,3,0.19762,0.9739220248349032,0,1000,1000,5f46c115d8bff3044448a2c658b0d24fb713e3ef67f27b3548a1a4ab22cf78dd
device_0,0.975,1703,2.0,70.0,0.01,drop,48,16,3,0.1984,0.975854682367182,0,1000,1000,4d56736d72646e2d5d117b7a5bee2d32d4f2c44fc890e5feb2e732f30695f200
device_0,0.975,1704,2.0,70.0,0.01,drop,48,16,3,0.19634,0.9733501805342133,0,1000,1000,99f3e4b0da1da15a301ac4dae6aeb01fe50fd287f96a044be6bd1ac2c07f1f66
device_0,0.975,1705,2.0,70.0,0.01,drop,48,16,3,0.19493,0.9747974986214312,0,1000,1000,9478f81bc01c862274f3f5f094c6def94d8aef49bf58d41bff7a80b02535952d
device_0,0.975,1706,2.0,70.0,0.01,drop,48,16,3,0.203,0.9742259419786155,0,1000,1000,ddb326f3b8e1f1e3961dbc93a4e028058c60f6629041d0f24eb58da2ad68b03a
device_0,0.975,1707,2.0,70.0,0.01,drop,48,16,3,0.20266,0.9738223967562294,0,1000,1000,fdbde7280c1aac985863b1fd93b9c25e735dbeac79faad13e4a91829029620e9
device_0,0.975,1708,2.0,70.0,0.01,drop,48,16,3,0.19043,0.9746047948044175,0,1000,1000,6f862d56e8e9c59722ca1223d2f4d8437033f3e72a7513d3784646e6a9420321
device_0,0.975,1709,2.0,70.0,0.01,drop,48,16,3,0.19294,0.9749540477640206,0,1000,1000,d56057ea0af3d9ec7c677821b0abab28f541468ece76215425af9d4d27f26947
device_0,0.975,1710,2.0,70.0,0.01,drop,48,16,3,0.19779,0.9774683509778551,0,1000,1000,c53bb25651678e53d595c33f8b28e123765a7ebaec27a133a7dd7544c516edd2
device_0,0.0,1701,2.0,70.0,0.01,late,48,16,3,0.19936,-0.002661444942765865,0,1000,1000,804f124cc595be40fd72961314780c3de04b3e5a959473bddf3e6d304df2205f
device_0,0.0,1702,2.0,70.0,0.01,late,48,16,3,0.20106,0.005830007599770396,0,1000,1000,9715588a1c204411410a6a93664315bed4d3a33b27e9bed72f7e000ba878502f
device_0,0.0,1703,2.0,70.0,0.01,late,48,16,3,0.19952,0.005656351965683195,0,1000,1000,8021b6dc09cddaa7554c2f25098b87574493c37327a239bd06cd71074362f097
device_0,0.0,1704,2.0,70.0,0.01,late,48,16,3,0.20257,0.002457782015709934,0,1000,1000,aad140c8da9044be92ce124a53db83bebc5125a2d15c0ee174ff19987d02ddd8
device_0,0.0,1705,2.0,70.0,0.01,late,48,16,3,0.20104,-0.004155617772998724,0,1000,1000,45fe6b49b33b9d9396b7d2ffdae461a584b50b9e957031d170e15e0d351b46a0
device_0,0.0,1706,2.0,70.0,0.01,late,48,16,3,0.20062,-0.0045443747273977144,0,1000,1000,6aa95551ed9d69d803c9678055e0df7eaf92d035131c6ac01123aee7e08d2f90
device_0,0.0,1707,2.0,70.0,0.01,late,48,16,3,0.19896,0.001346027845602329,0,1000,1000,df559e98b3d9c0a9b14ec047a2cf5a370ac975b7a982a1569f9765874dfd3a5f
device_0,0.0,1708,2.0,70.0,0.01,late,48,16,3,0.19922,-0.001372807149175493,0,1000,1000,c5f678c83275622fd9a9be86b049314b0761c452105cce9e4dd0252222af65e3
device_0,0.0,1709,2.0,70.0,0.01,late,48,16,3,0.20001,0.005034822885721277,0,1000,1000,cfb5327312619005b343df5c8966dae28d9755591c092020fd4efee0fd4f8c1b
device_0,0.0,1710,2.0,70.0,0.01,late,48,16,3,0.19848,0.0007247411049733544,0,1000,1000,cc79d077b40f17981c65a786e91b57d5a5a4bb46ecd227a1516067075123edc1
device_0,0.375,1701,2.0,70.0,0.01,late,48,16,3,0.19773,0.37585282092426525,0,1000,1000,12268cabd67fde280f142a9e72d84132875ab3936634a15cde84ece0a7cd7da0
device_0,0.375,1702,2.0,70.0,0.01,late,48,16,3,0.20083,0.3763938072575695,0,1000,1000,a2477b16ce4686748d7ebc97c71738aab8b729edbcc325ba84e7459207847175
device_0,0.375,1703,2.0,70.0,0.01,late,48,16,3,0.19949,0.3708761472322628,0,1000,1000,0369f0d4d8406ee172f71a6759ed6c968eb319f6cebcfb6ec4c77a7d6e923b21
device_0,0.375,1704,2.0,70.0,0.01,late,48,16,3,0.19956,0.37083454970073176,0,1000,1000,fc4d4f3cd3c7a276f0732e3dbe737182452035df298694c1f5c50c8af0a0345a
device_0,0.375,1705,2.0,70.0,0.01,late,48,16,3,0.1976,0.38054564128452917,0,1000,1000,5ab7c531be82ed2b09cf21adb8d4cecab6795b4eb1b606d574cd0b13f40ee7ff
device_0,0.375,1706,2.0,70.0,0.01,late,48,16,3,0.19975,0.37847803043317246,0,1000,1000,f56836d97fcd9119dcc9a6c0743f7013307bcb09ef9e8ab5d1238dd9901774f0
device_0,0.375,1707,2.0,70.0,0.01,late,48,16,3,0.19756,0.3714936166119789,0,1000,1000,8636f373e9daf024424098aa6c29edb0e20402a0eb8fe1ef5df62f02bf3ab980
device_0,0.375,1708,2.0,70.0,0.01,late,48,16,3,0.19968,0.3728274067949136,0,1000,1000,0c7a9cd6a11eb53a4ad10b111440936049168a8d2bfaa4607a72fb92fa1b9018
device_0,0.375,1709,2.0,70.0,0.01,late,48,16,3,0.20214,0.3789219763360735,0,1000,1000,cae09866d17d58f0fc5c082252d04a74b67e9e1827cc75ba33fe41a62865ea05
device_0,0.375,1710,2.0,70.0,0.01,late,48,16,3,0.19842,0.37511826036297974,0,1000,1000,71ea0cc291b09c130e41b81affd8fb7975a13920dbf5c190ae6f7c3474a124eb
device_0,0.75,1701,2.0,70.0,0.01,late,48,16,3,0.20817,0.7556341521150168,0,1000,1000,7143e03605afb445c09416dfb7c3aaffbc30b18f38a04bef7455030a555aed24
device_0,0.75,1702,2.0,70.0,0.01,late,48,16,3,0.20244,0.7487885933421545,0,1000,1000,33105e45fbc6532cadb3d6b2f52711950ec0bd9002c6373e0f305fb118510269
device_0,0.75,1703,2.0,70.0,0.01,late,48,16,3,0.20102,0.7470900970852136,0,1000,1000,3dac8cec4ae2a723d06f4d6999eb11dd4cd825998ec0d991bdbaa75089dac412
device_0,0.75,1704,2.0,70.0,0.01,late,48,16,3,0.19715,0.7479806369104111,0,1000,1000,d5e4b0b53b51d41f90e6a8c27211852d15c6d415d9f8e37e089c1c30d8843b73
device_0,0.75,1705,2.0,70.0,0.01,late,48,16,3,0.20494,0.7506431485678381,0,1000,1000,00ed692817931f7554603b010aa7d129891214cdd1d29dc2ffcfa612756f02e6
device_0,0.75,1706,2.0,70.0,0.01,late,48,16,3,0.20282,0.7537784223147826,0,1000,1000,ebc6a1c5b6f9719e4153ca0e3d7b3282376f8c6c8bfa1ff10ce213593dc0a0b2
device_0,0.75,1707,2.0,70.0,0.01,late,48,16,3,0.20138,0.7431906944181493,0,1000,1000,53e70e39a9e364eff6697e703a0e0aace4b52beb795eb4d927b6488a65238ba1
device_0,0.75,1708,2.0,70.0,0.01,late,48,16,3,0.20034,0.7475350990705809,0,1000,1000,1507312ff8021397119bb6451d43c699551c80aa7f2dbd56fdd4d2441af7ba6f
device_0,0.75,1709,2.0,70.0,0.01,late,48,16,3,0.20613,0.7542776800152501,0,1000,1000,58e11cd5c59f8c856567af52fdcaf4064def7c65b14e00fe784c0d2ae22a40ca
device_0,0.75,1710,2.0,70.0,0.01,late,48,16,3,0.20286,0.74728584709585,0,1000,1000,985b1ef95bf9946b2894e1408a7766f2056052330be4972430dfebf09c8dd5a7
device_0,0.875,1701,2.0,70.0,0.01,late,48,16,3,0.20249,0.8763990178082249,0,1000,1000,ed10e77ca4b2185dd9499b6845a451fc818f3b1f91a2a60be7710816b7e2f09c
device_0,0.875,1702,2.0,70.0,0.01,late,48,16,3,0.19703,0.8759866636367837,0,1000,1000,b06f717beb4d42ca08ef7969d5613c6b1eed399efbdfb1f6173fccdeab3bd674
device_0,0.875,1703,2.0,70.0,0.01,late,48,16,3,0.20238,0.8773687974569232,0,1000,1000,e90c656e37a0fe3b984c4c7829ab3f05f7db1fcac0754739a367f26e340d82db
device_0,0.875,1704,2.0,70.0,0.01,late,48,16,3,0.19663,0.8771256568671042,0,1000,1000,565da53f051d439d53f12d95cd7a351b8d6eed49ede73e1d70b9c32b03a6ee12
device_0,0.875,1705,2.0,70.0,0.01,late,48,16,3,0.20133,0.8756186617053834,0,1000,1000,ef2660b1be8a9e0b9b68ad0760afeec6a1e3f8fe0ecf8ac9b653556a0a9a7d92
device_0,0.875,1706,2.0,70.0,0.01,late,48,16,3,0.19605,0.8731077294363513,0,1000,1000,8c132413339851b1517da565fd4143ddfc87e3ad790973f9233e45c4024c8690
device_0,0.875,1707,2.0,70.0,0.01,late,48,16,3,0.2,0.8774036452681541,0,1000,1000,a26104d784fc67fc271d4e02b1dbeb960bddffa19106ccef24932e3d7055c85a
device_0,0.875,1708,2.0,70.0,0.01,late,48,16,3,0.20258,0.87442580026271,0,1000,1000,9b9bfe0fcabcb3c94abf2c829baa66e8e9b21bef78a2ffb81837aa72f519c24a
device_0,0.875,1709,2.0,70.0,0.01,late,48,16,3,0.19831,0.8770598020870867,0,1000,1000,f84631950be3a486da3efd7099d8b2203df6ab12b4f1e4c8f4eb1a64eca3a058
device_0,0.875,1710,2.0,70.0,0.01,late,48,16,3,0.19668,0.8724656025657239,0,1000,1000,8b3e8f7a53a96836d6444c288c209c37fde5bfe2f6e76769ee38222694297183
device_0,0.9375,1701,2.0,70.0,0.01,late,48,16,3,0.20509,0.9402237906216514,0,1000,1000,5b2bffc2d11d7aca77b5df77b91946a3d592b9d062492e962e9003fdf28b0ed3
device_0,0.9375,1702,2.0,70.0,0.01,late,48,16,3,0.19366,0.9366016280001491,0,1000,1000,9f61298dc7c1b41d01c97bdc1061066539167c9ffb1975320c6831c44da0f189
device_0,0.9375,1703,2.0,70.0,0.01,late,48,16,3,0.19489,0.9369055048961522,0,1000,1000,3c5e2023df882b4bc6656592e9aa0d35855355dc219749df52ede9cb2f98856f
device_0,0.9375,1704,2.0,70.0,0.01,late,48,16,3,0.19999,0.9358099323716185,0,1000,1000,ff9ddf3f3f1792ac193ecc4d37d6a901c6f81ca811dfe04d0649fea2a967f4df
device_0,0.9375,1705,2.0,70.0,0.01,late,48,16,3,0.19063,0.9374553760710133,0,1000,1000,80997c095f949e70cf475719ff8803cfeb4b36502348ec546cb3773fdefa415f
device_0,0.9375,1706,2.0,70.0,0.01,late,48,16,3,0.20144,0.9386428776611538,0,1000,1000,4af27b5a7987076743f20246433427f024dc483c72482d81f5a5b06bec09473a
device_0,0.9375,1707,2.0,70.0,0.01,late,48,16,3,0.20073,0.9386652506542138,0,1000,1000,e05d1f7d6b31c1e92c4c63d1a2eb07d1c0c110ca2407210a679a313005cdf9f1
device_0,0.9375,1708,2.0,70.0,0.01,late,48,16,3,0.19042,0.9350336658268497,0,1000,1000,6ddd215d0e2a5a9526b039e7a81c721df86bfbc3debd47b2f5603b67b9e55458
device_0,0.9375,1709,2.0,70.0,0.01,late,48,16,3,0.20214,0.9387695757970393,0,1000,1000,97af634b559a312bb99975cf96c0093505afe7d01434a4b5e19a550980a635fb
device_0,0.9375,1710,2.0,70.0,0.01,late,48,16,3,0.20082,0.9338903427364145,0,1000,1000,a6d733b263080781c400ea75769025596b8bdb74d64ad5e8219d201e4770f167
device_0,0.975,1701,2.0,70.0,0.01,late,48,16,3,0.20012,0.9750727182312047,0,1000,1000,4ba8405eb20d0a5e3a887342b4010dc40c80de33cbf174673def1e7f094c2503
device_0,0.975,1702,2.0,70.0,0.01,late,48,16,3,0.19762,0.9739220248349032,0,1000,1000,eebace4c24d39e3e0cf84eba6a0ec678cc1f718f54e9d87620018bb6e60ab736
device_0,0.975,1703,2.0,70.0,0.01,late,48,16,3,0.1984,0.975854682367182,0,1000,1000,949f3f1b509dd0fe6166e8557dffa980d05d58145cba7a04b6a470d4b3346aa5
device_0,0.975,1704,2.0,70.0,0.01,late,48,16,3,0.19634,0.9733501805342133,0,1000,1000,7fbd889ef34449f1dde3ad3afe5aeadcd0dffdca432b169295e7b70c546853af
device_0,0.975,1705,2.0,70.0,0.01,late,48,16,3,0.19493,0.9747974986214312,0,1000,1000,ffbee83b3ad7b6e5ef98835fe64d3de8431755fab94a58998b31e568bac91101
device_0,0.975,1706,2.0,70.0,0.01,late,48,16,3,0.203,0.9742259419786155,0,1000,1000,14d7e4e7c159b2434e08f192e6cce56a12d278f9ce09e7134c01b2ed0f589bf3
device_0,0.975,1707,2.0,70.0,0.01,late,48,16,3,0.20266,0.9738223967562294,0,1000,1000,ae076a8c35dcdcc7201b3b9f56e75c1c7ffaeda9b100ddfe8a901678b361e3a6
device_0,0.975,1708,2.0,70.0,0.01,late,48,16,3,0.19043,0.9746047948044175,0,1000,1000,265194b75bea3fa3ec3925b870716f91ffdf9c119f7d39fb86706635dd0bafb0
device_0,0.975,1709,2.0,70.0,0.01,late,48,16,3,0.19294,0.9749540477640206,0,1000,1000,67521f1c1729a980aa5cd6fe4c633af609a406ac35455973ce59e5e5a88456e6
device_0,0.975,1710,2.0,70.0,0.01,late,48,16,3,0.19779,0.9774683509778551,0,1000,1000,f774d5374d4a1dd0e0bc86ad68aa01df2996a7ff03f7739f317fa411cfc0bf6d
device_0,0.0,1701,2.0,70.0,0.05,drop,48,16,3,0.19936,-0.002661444942765865,0,5000,1000,1b9ed9a8bf1a8d9a1e119a4287b43d8a9502712e92cbf92a52093e305762b8c0
device_0,0.0,1702,2.0,70.0,0.05,drop,48,16,3,0.20106,0.005830007599770396,0,5000,1000,89512552bdedf29c43df33cb5c3230e521e50c7928c0d75fc3530a8e639288fc
device_0,0.0,1703,2.0,70.0,0.05,drop,48,16,3,0.19952,0.005656351965683195,0,5000,1000,8301ad2b32c677cc48430ee53e8c45711892b8f1f6b6b49b2712ca26e512a16f
device_0,0.0,1704,2.0,70.0,0.05,drop,48,16,3,0.20257,0.002457782015709934,0,5000,1000,09c6e5c8720b7835d283ce6bcb2b7f093a33c898db4061ba3f80ee4ce6e4c468
device_0,0.0,1705,2.0,70.0,0.05,drop,48,16,3,0.20104,-0.004155617772998724,0,5000,1000,bbc67b674532b0a6149a93240823f4906fa39a544ea5bac5e372b04dfaed3745
device_0,0.0,1706,2.0,70.0,0.05,drop,48,16,3,0.20062,-0.0045443747273977144,0,5000,1000,62ab000454535483deff9dcccc731a0d75b6962a739487c8b2182dba5852ec52
device_0,0.0,1707,2.0,70.0,0.05,drop,48,16,3,0.19896,0.001346027845602329,0,5000,1000,a4978a043b8694da32302c64b5459c329f58fde345763c080eac7116ea224a7a
device_0,0.0,1708,2.0,70.0,0.05,drop,48,16,3,0.19922,-0.001372807149175493,0,5000,1000,6109f6f0b434b7bb2d6b4e87aceee7985d1134143ca47c106f712e8d85da3bb2
device_0,0.0,1709,2.0,70.0,0.05,drop,48,16,3,0.20001,0.005034822885721277,0,5000,1000,85c27909a846ed2492a90d0da1500af9116fd570b51af07bbff2a3ad68f7dc94
device_0,0.0,1710,2.0,70.0,0.05,drop,48,16,3,0.19848,0.0007247411049733544,0,5000,1000,4aff2335feb85321ec6e68e6e140b5e36665a1b51d44e2710d042471a824fa20
device_0,0.375,1701,2.0,70.0,0.05,drop,48,16,3,0.19773,0.37585282092426525,0,5000,1000,e28f85768a7d9900edc0cdf35e36732f54e7cf30212548a67af42b58da174dd3
device_0,0.375,1702,2.0,70.0,0.05,drop,48,16,3,0.20083,0.3763938072575695,0,5000,1000,6a340ba3a61f6174849bd39e0fc4566f518b62a20a2b7fc0070affa79481a0ee
device_0,0.375,1703,2.0,70.0,0.05,drop,48,16,3,0.19949,0.3708761472322628,0,5000,1000,3eaa95921d141da3e31fa5cd60b7dc11943c3bb0ddbbfdb9d14ffda0a2da1201
device_0,0.375,1704,2.0,70.0,0.05,drop,48,16,3,0.19956,0.37083454970073176,0,5000,1000,c7eae2984d3170292c7688374f304d3ada57beb485e99ea60761c8775f03ee1b
device_0,0.375,1705,2.0,70.0,0.05,drop,48,16,3,0.1976,0.38054564128452917,0,5000,1000,33ae0dcc8a19cb342d5fa6f5214254fef074b043151d7663a738a5ee016de09e
device_0,0.375,1706,2.0,70.0,0.05,drop,48,16,3,0.19975,0.37847803043317246,0,5000,1000,7d942fc15f1eb1c3f6256c16dac87a2e26eb9222b13f03629897a3f7bc8ac57c
device_0,0.375,1707,2.0,70.0,0.05,drop,48,16,3,0.19756,0.3714936166119789,0,5000,1000,1e8e3a39f44c1a392c0eb6e4e91b7ed07a588242336dbf717a38af3c23d65919
device_0,0.375,1708,2.0,70.0,0.05,drop,48,16,3,0.19968,0.3728274067949136,0,5000,1000,dba458112c071005fd006ab5e29f38816520660e3a544f3dc073111eed94d3ec
device_0,0.375,1709,2.0,70.0,0.05,drop,48,16,3,0.20214,0.3789219763360735,0,5000,1000,9e6125a0e01414dd4ac42e48a0bb105cf1d9198e0096bb06c98fa161b928216c
device_0,0.375,1710,2.0,70.0,0.05,drop,48,16,3,0.19842,0.37511826036297974,0,5000,1000,f449bfcf7d7cd5429fd265c97a4ac2b1d6a5fc91d1dd6696051abb98b50dd5eb
device_0,0.75,1701,2.0,70.0,0.05,drop,48,16,3,0.20817,0.7556341521150168,0,5000,1000,8042682fdd2c9b08bc16a981aec5bba467e907089720dd8dcd2ab99350e66742
device_0,0.75,1702,2.0,70.0,0.05,drop,48,16,3,0.20244,0.7487885933421545,0,5000,1000,09dca9eb48a7b154198c98205db72de52a989231ee966946927beb6ef859adbc
device_0,0.75,1703,2.0,70.0,0.05,drop,48,16,3,0.20102,0.7470900970852136,0,5000,1000,b6c63b6f6a5accc7d56541c15fecad4b65feacb5a21d61cb30acf592fff57c47
device_0,0.75,1704,2.0,70.0,0.05,drop,48,16,3,0.19715,0.7479806369104111,0,5000,1000,8ba2d8ed54a13e2270c041a99186ea84a784ed7b44348fed64f78b0536f56388
device_0,0.75,1705,2.0,70.0,0.05,drop,48,16,3,0.20494,0.7506431485678381,0,5000,1000,23bd9b21ae9a40f7fae5a8d0a19da79eadbde477f8193b43951186877899c7ea
device_0,0.75,1706,2.0,70.0,0.05,drop,48,16,3,0.20282,0.7537784223147826,0,5000,1000,1a92b2d142490e367da250df5fec1eeb1c318b18aa3307334780fa8a64b3d113
device_0,0.75,1707,2.0,70.0,0.05,drop,48,16,3,0.20138,0.7431906944181493,0,5000,1000,3948fc2106dabb90766b8e79a16a3fed1922585371a58bc5d3bbfcac2c246f0f
device_0,0.75,1708,2.0,70.0,0.05,drop,48,16,3,0.20034,0.7475350990705809,0,5000,1000,61aa36b453b469ff58e79da950d0589e01e40c1fdf5cce4c6afd070763ec7a9a
device_0,0.75,1709,2.0,70.0,0.05,drop,48,16,3,0.20613,0.7542776800152501,0,5000,1000,c78f822a5ceb82aec7b05a8ad5c0eb4cc6fccd9c446e02c6415a1e163a69772c
device_0,0.75,1710,2.0,70.0,0.05,drop,48,16,3,0.20286,0.74728584709585,0,5000,1000,c12c1272d3cf25762f4e88c5d2852e95dd4531b0382097d1e41349492139f4d3
device_0,0.875,1701,2.0,70.0,0.05,drop,48,16,3,0.20249,0.8763990178082249,0,5000,1000,24f5421312b8f2e3a01cd7567ece223a5ed250e9a433b42f6d5f4eafc461e0c7
device_0,0.875,1702,2.0,70.0,0.05,drop,48,16,3,0.19703,0.8759866636367837,0,5000,1000,1e1c2b1594cbfd676b2ecca011d84617a333183a6a72d224088133504bbc3ee2
device_0,0.875,1703,2.0,70.0,0.05,drop,48,16,3,0.20238,0.8773687974569232,0,5000,1000,da9287459f33e57f7c7308f4df1c4527a4ea3bc44a012df433ac96d5b843b303
device_0,0.875,1704,2.0,70.0,0.05,drop,48,16,3,0.19663,0.8771256568671042,0,5000,1000,bad087fc1bc8f6092a8a49616815ea1afa78ede8b76b6a31b5d62abb4045672f
device_0,0.875,1705,2.0,70.0,0.05,drop,48,16,3,0.20133,0.8756186617053834,0,5000,1000,2a0494498650eba71b8989585f39d6c595bf3326d0d8c414dd15bb9c8e70145f
device_0,0.875,1706,2.0,70.0,0.05,drop,48,16,3,0.19605,0.8731077294363513,0,5000,1000,5053aebf1f4db71d47f904c2c7035bb1b8f1e552549a962c312dd22f2970d510
device_0,0.875,1707,2.0,70.0,0.05,drop,48,16,3,0.2,0.8774036452681541,0,5000,1000,29f6d592ce46ef3139bfc1c7f95f2c5c852e6bf0c73b4b5d1ed357279140b552
device_0,0.875,1708,2.0,70.0,0.05,drop,48,16,3,0.20258,0.87442580026271,0,5000,1000,4f6e2e769877bbf007ee0aa7e0230478bfafdef3af2cce65d133972ccbb84d8e
device_0,0.875,1709,2.0,70.0,0.05,drop,48,16,3,0.19831,0.8770598020870867,0,5000,1000,7751727a3d4fe844a9f27897be3b28853d719505f7b905a68b7df593119eafe9
device_0,0.875,1710,2.0,70.0,0.05,drop,48,16,3,0.19668,0.8724656025657239,0,5000,1000,a2058cad78d8bef6eac7a4c088e97d7b41ccc9b27e921685949bac99fbd36c7c
device_0,0.9375,1701,2.0,70.0,0.05,drop,48,16,3,0.20509,0.9402237906216514,0,5000,1000,0388da7642d365ea37c6f1eb4b8e75826d5bcc84a0998e2190666d5b88f5969c
device_0,0.9375,1702,2.0,70.0,0.05,drop,48,16,3,0.19366,0.9366016280001491,0,5000,1000,93ad33fadb188261c1856d5547aac58a02fc5a7c04f262065972c2baac5a0fb8
device_0,0.9375,1703,2.0,70.0,0.05,drop,48,16,3,0.19489,0.9369055048961522,0,5000,1000,d03764f20ebb342d485318c79024ea7ed56f49d06141efea231f1aad7bd00c39
device_0,0.9375,1704,2.0,70.0,0.05,drop,48,16,3,0.19999,0.9358099323716185,0,5000,1000,6a9dc7cce56c69d69376fd3f7db541f9ccad2f72a55a215eb1b01f697216ad40
device_0,0.9375,1705,2.0,70.0,0.05,drop,48,16,3,0.19063,0.9374553760710133,0,5000,1000,3279e3c8613c5766135ed615c3d0ffc78db51275bc468b533043b9472cf5e22c
device_0,0.9375,1706,2.0,70.0,0.05,drop,48,16,3,0.20144,0.9386428776611538,0,5000,1000,3b0e484ab0f84f45cb1f50f1f7a6feca514df056255f73462c6e144553f87adc
device_0,0.9375,1707,2.0,70.0,0.05,drop,48,16,3,0.20073,0.9386652506542138,0,5000,1000,61fd5382d214d706b913bca28f9553f87667776564f62131613e490d2e15a210
device_0,0.9375,1708,2.0,70.0,0.05,drop,48,16,3,0.19042,0.9350336658268497,0,5000,1000,ef8e346b01a79ea93331cc330660cb765d5e4604e220761ae40f6c541daef689
device_0,0.9375,1709,2.0,70.0,0.05,drop,48,16,3,0.20214,0.9387695757970393,0,5000,1000,697204bdf793e7bf66b94237d50cb36b4872bbe1cbb23b7e3be895d86f71f580
device_0,0.9375,1710,2.0,70.0,0.05,drop,48,16,3,0.20082,0.9338903427364145,0,5000,1000,2ba2b2f20efb66ebf36dd0817c428546aac97d8645b7455830cc643ec3adde12
device_0,0.975,1701,2.0,70.0,0.05,drop,48,16,3,0.20012,0.9750727182312047,0,5000,1000,bd8431fb5a1d8e8216f0e0f04aec6a0a915ca0a39e6d5797b524193082ea5b16
device_0,0.975,1702,2.0,70.0,0.05,drop,48,16,3,0.19762,0.9739220248349032,0,5000,1000,2520fbc68b2e8c4a9e673965fd0cc81894672e4e508f2b31e3aae4e8dcb52969
device_0,0.975,1703,2.0,70.0,0.05,drop,48,16,3,0.1984,0.975854682367182,0,5000,1000,358980f6038f66b2823d48fa438764c7c59d5a407c3747a9a6b9418e8a538271
device_0,0.975,1704,2.0,70.0,0.05,drop,48,16,3,0.19634,0.9733501805342133,0,5000,1000,355c7693a48f3a0080eb37c61a66211088cca04f6289a3df1a443af0ede3c4fb
device_0,0.975,1705,2.0,70.0,0.05,drop,48,16,3,0.19493,0.9747974986214312,0,5000,1000,4789f6bb41417874f8c105b388281022ca56b6cce83bef9a6dfea0cfd0e96ffd
device_0,0.975,1706,2.0,70.0,0.05,drop,48,16,3,0.203,0.9742259419786155,0,5000,1000,84503266dafa128bf6e58d9a21b8220d8c51becdf1d2d88abf5de81fb357f7c4
device_0,0.975,1707,2.0,70.0,0.05,drop,48,16,3,0.20266,0.9738223967562294,0,5000,1000,fcf92b439e1cf4fd48dcbfcaf5fec06c1efc968c12ca589c630354f99cc95b07
device_0,0.975,1708,2.0,70.0,0.05,drop,48,16,3,0.19043,0.9746047948044175,0,5000,1000,5c40588f0d1cf94687742bd9bf0499c301632540f07ef80984a21cef8113f164
device_0,0.975,1709,2.0,70.0,0.05,drop,48,16,3,0.19294,0.9749540477640206,0,5000,1000,9f8afee01fb4020c8f2a18c0d14babb567589c722e2483f32079979c7a4f0ce9
device_0,0.975,1710,2.0,70.0,0.05,drop,48,16,3,0.19779,0.9774683509778551,0,5000,1000,84d985df165bc922c6105457c4665549ec97e0f6744818bc25ca50db4d8c4efb
device_0,0.0,1701,2.0,70.0,0.05,late,48,16,3,0.19936,-0.002661444942765865,0,5000,1000,0b4510b7e576307d673c5853bb01fabf95336d5c337d617c27bee19088249dfe
device_0,0.0,1702,2.0,70.0,0.05,late,48,16,3,0.20106,0.005830007599770396,0,5000,1000,b332bee77487beb77421bfff3d715a19e4eb279e9ab4bc7780485c1c93bf1c7a
device_0,0.0,1703,2.0,70.0,0.05,late,48,16,3,0.19952,0.005656351965683195,0,5000,1000,8c88e5048409518ee5a3d9a9ca304cbffab18ad13d0f1383064a8144784605a0
device_0,0.0,1704,2.0,70.0,0.05,late,48,16,3,0.20257,0.002457782015709934,0,5000,1000,a258b627397cb4ff07a8b6c7ddca7790845fa4c516174d9cf3ba60d584224a54
device_0,0.0,1705,2.0,70.0,0.05,late,48,16,3,0.20104,-0.004155617772998724,0,5000,1000,66eb682c333b2b002d9d358193cc59e3faebd33503e97c608e1a8fc0127221aa
device_0,0.0,1706,2.0,70.0,0.05,late,48,16,3,0.20062,-0.0045443747273977144,0,5000,1000,fab89d93f875cae45f86ec2ff093972c8f94a1133ec927beff1339134e86d49c
device_0,0.0,1707,2.0,70.0,0.05,late,48,16,3,0.19896,0.001346027845602329,0,5000,1000,b42642946babb3f6b2e0bf4894c307a6d97ced57a4885cb041808654d4f2638d
device_0,0.0,1708,2.0,70.0,0.05,late,48,16,3,0.19922,-0.001372807149175493,0,5000,1000,57749cb5cf68264ffe1f08185d4ef25d1411a14909af20013930179ba19dd361
device_0,0.0,1709,2.0,70.0,0.05,late,48,16,3,0.20001,0.005034822885721277,0,5000,1000,9b9eb24373a491172486cc172a9a6f1a22da8ce8eaa6a74b1a46657d9a37d433
device_0,0.0,1710,2.0,70.0,0.05,late,48,16,3,0.19848,0.0007247411049733544,0,5000,1000,ceb3ae6c9cc4cc4acbdbf17eaee91fc80acfd177435d146f4f1df1be0abba6f8
device_0,0.375,1701,2.0,70.0,0.05,late,48,16,3,0.19773,0.37585282092426525,0,5000,1000,52d48e661dc7f9d5a953ea1c16515b9662d7da3447ce9f0da445fd90c54668f9
device_0,0.375,1702,2.0,70.0,0.05,late,48,16,3,0.20083,0.3763938072575695,0,5000,1000,f1e391915bff6b75a63ccdd56284c98c4de0ebd99315e5c4df7d8e81b1c74c7e
device_0,0.375,1703,2.0,70.0,0.05,late,48,16,3,0.19949,0.3708761472322628,0,5000,1000,bd4be37f0e47ca62329c6c21e3b644c5d0c91f1eb5f7fe6516a55bd11c433cb1
device_0,0.375,1704,2.0,70.0,0.05,late,48,16,3,0.19956,0.37083454970073176,0,5000,1000,ef17d11149c81f17174a45c908f11bb8986246a71dfbf311bbce685abed1a157
device_0,0.375,1705,2.0,70.0,0.05,late,48,16,3,0.1976,0.38054564128452917,0,5000,1000,0e92be05311241934f829e486d75794a3075c86f1f5c4496992c5162e91ef2a6
device_0,0.375,1706,2.0,70.0,0.05,late,48,16,3,0.19975,0.37847803043317246,0,5000,1000,0d286d957895e7de1701c5fbebb994d04dcac481cc4e0aed6b5c30c34c7a4ba6
device_0,0.375,1707,2.0,70.0,0.05,late,48,16,3,0.19756,0.3714936166119789,0,5000,1000,0743b8af22553a584a20781d4e94cec6f821317b256e32a4f522bac9166e8cd6
device_0,0.375,1708,2.0,70.0,0.05,late,48,16,3,0.19968,0.3728274067949136,0,5000,1000,9aa28d7d451c3f2e6fbbbebf891d9caac767c6f0df39fe88eb008b8ac1fac88d
device_0,0.375,1709,2.0,70.0,0.05,late,48,16,3,0.20214,0.3789219763360735,0,5000,1000,b9c2abd51f0679f39a3a19cd88ac523612bddc7dc36a6786ad55f34cc04e3d5d
device_0,0.375,1710,2.0,70.0,0.05,late,48,16,3,0.19842,0.37511826036297974,0,5000,1000,d832f1a28b9cae8a4a4474d0a8f1443040a54da66d2c5cd7cb0f87cd0b2fcda7
device_0,0.75,1701,2.0,70.0,0.05,late,48,16,3,0.20817,0.7556341521150168,0,5000,1000,ffa1993ab7eefcef9210762383f1be8bf1779469e972bb9bb150a7e8df2e4865
device_0,0.75,1702,2.0,70.0,0.05,late,48,16,3,0.20244,0.7487885933421545,0,5000,1000,ea19579117632248ff55c2668df1de1ea26f9a839f52626cff681485f33c35b3
device_0,0.75,1703,2.0,70.0,0.05,late,48,16,3,0.20102,0.7470900970852136,0,5000,1000,3f9c40110c738c6124c1cbcb8b968f22d9a0e61e7959cc4324c5a2351deb95ea
device_0,0.75,1704,2.0,70.0,0.05,late,48,16,3,0.19715,0.7479806369104111,0,5000,1000,b17933eaaec914d563d9c45d1dac622cb0f5e8edd85fab8b5389ce2f5538dfb9
device_0,0.75,1705,2.0,70.0,0.05,late,48,16,3,0.20494,0.7506431485678381,0,5000,1000,60ab15b91dfc3c39462c6f3f15fc54d49d2da0f0721572c8ace3324fe6b3c02f
device_0,0.75,1706,2.0,70.0,0.05,late,48,16,3,0.20282,0.7537784223147826,0,5000,1000,8f1a0e3e11c6d65524648abf0bc4fa85d3c5776df43eeef7801e17d720835d82
device_0,0.75,1707,2.0,70.0,0.05,late,48,16,3,0.20138,0.7431906944181493,0,5000,1000,f8d873afd08a8b1c434a9d3f93f68f3f1fe9d1bf537f1b64f175b0ec978bf1b5
device_0,0.75,1708,2.0,70.0,0.05,late,48,16,3,0.20034,0.7475350990705809,0,5000,1000,d8efaa8de1ce0aa9bb2ec92ad64bcc794b418dd186be5bf2a014ebe3d326ccd6
device_0,0.75,1709,2.0,70.0,0.05,late,48,16,3,0.20613,0.7542776800152501,0,5000,1000,c00e5f0b3ce86bc366da992513a432b19f0e97a3084d1282f8b4274c29deab23
device_0,0.75,1710,2.0,70.0,0.05,late,48,16,3,0.20286,0.74728584709585,0,5000,1000,a7ec6ddb8581f1c14b5202e76dd7281e731371301ef15a392aa01a35d2a4c0a2
device_0,0.875,1701,2.0,70.0,0.05,late,48,16,3,0.20249,0.8763990178082249,0,5000,1000,d643a1e933515d28631de3b939ba33718fa09fe46e80cf45d99f136eb1870d8e
device_0,0.875,1702,2.0,70.0,0.05,late,48,16,3,0.19703,0.8759866636367837,0,5000,1000,d98bf935f65704c80f1d919053b107e5d80c88f4256ef5afdfb5df52f299708f
device_0,0.875,1703,2.0,70.0,0.05,late,48,16,3,0.20238,0.8773687974569232,0,5000,1000,b6e8f9fadc0ec1b8e8ee1ee9b0d16f88cbeea06d6afd510e829fe423dd915ece
device_0,0.875,1704,2.0,70.0,0.05,late,48,16,3,0.19663,0.8771256568671042,0,5000,1000,907b8dbf901a2d33da7bfa38ad3a95aea14fd82cb6804bc0fc10e57da95f2d74
device_0,0.875,1705,2.0,70.0,0.05,late,48,16,3,0.20133,0.8756186617053834,0,5000,1000,5d3df54b9cecc8bed6ee6936304a4ebc7550bbcfa624a8ffa3fe4df29f646d84
device_0,0.875,1706,2.0,70.0,0.05,late,48,16,3,0.19605,0.8731077294363513,0,5000,1000,b42c7cdae5490f5a700060b3077f4f1421e843992590ae91e17e7fb2ae30606b
device_0,0.875,1707,2.0,70.0,0.05,late,48,16,3,0.2,0.8774036452681541,0,5000,1000,2421fd07a7151cec394c849e04544f0490b559462b6bf143301830b7a8517135
device_0,0.875,1708,2.0,70.0,0.05,late,48,16,3,0.20258,0.87442580026271,0,5000,1000,ebb84d11240da017b347f23b4760bc6dc381974319c159dbde8b3fdede657b76
device_0,0.875,1709,2.0,70.0,0.05,late,48,16,3,0.19831,0.8770598020870867,0,5000,1000,c97eb92ae5893a4cb10b814d490c6419ec4a875eba784fbfecf35b38e3cfb301
device_0,0.875,1710,2.0,70.0,0.05,late,48,16,3,0.19668,0.8724656025657239,0,5000,1000,29ef2126cb5f3726d0780c3f34f778abc9ee9984a41f6c31bfc682baf014f970
device_0,0.9375,1701,2.0,70.0,0.05,late,48,16,3,0.20509,0.9402237906216514,0,5000,1000,997e4c899d1eefc7c22e237880b32bfb2fc6c2c04e5c605fa9956df3f2a5d0cd
device_0,0.9375,1702,2.0,70.0,0.05,late,48,16,3,0.19366,0.9366016280001491,0,5000,1000,ed12993435a158d0ba91039c5293b503c0f7b9252e0f9140f47fa68a8a3c87ee
device_0,0.9375,1703,2.0,70.0,0.05,late,48,16,3,0.19489,0.9369055048961522,0,5000,1000,c4589601cb65df06df952dba7c8425aac297973d00b72b643fe21fd7c7eb8576
device_0,0.9375,1704,2.0,70.0,0.05,late,48,16,3,0.19999,0.9358099323716185,0,5000,1000,846f822700d887f40094bf41f054a3ee3b32cbc90095f50c65a21ecaa8b64a72
device_0,0.9375,1705,2.0,70.0,0.05,late,48,16,3,0.19063,0.9374553760710133,0,5000,1000,43a8e18fdc51e5a311c7d3d37bfd15549559b333ed747dfd26bf3d8068cb2ecb
device_0,0.9375,1706,2.0,70.0,0.05,late,48,16,3,0.20144,0.9386428776611538,0,5000,1000,eb87e04fe52d6cb64e165ef4b18429fc6ad4c4f62639201ee7c003ac077a9406
device_0,0.9375,1707,2.0,70.0,0.05,late,48,16,3,0.20073,0.9386652506542138,0,5000,1000,1e71f53f2d59064d0ffc16797e28f9969bc14251780484ec07603457c5911d88
device_0,0.9375,1708,2.0,70.0,0.05,late,48,16,3,0.19042,0.9350336658268497,0,5000,1000,5658643566680d3e8cf178f57bc0ddcff800d732da13a40a7de50b83f9364bbb
device_0,0.9375,1709,2.0,70.0,0.05,late,48,16,3,0.20214,0.9387695757970393,0,5000,1000,2569f43223541634b3c766f7512c36608d702200db3335b265ca12136195391e
device_0,0.9375,1710,2.0,70.0,0.05,late,48,16,3,0.20082,0.9338903427364145,0,5000,1000,05a9f7ff4829a4b54d4592add0c1766c3b56c9aae26fb0426e9080d3dc9e4ea4
device_0,0.975,1701,2.0,70.0,0.05,late,48,16,3,0.20012,0.9750727182312047,0,5000,1000,2e74fda408d6d371681a1887e6b86026cad8ad5b966123177d68933653d1f59a
device_0,0.975,1702,2.0,70.0,0.05,late,48,16,3,0.19762,0.9739220248349032,0,5000,1000,612b70e806872df4f6578cc75750e75f801bfb09f6133bf954e9e1d4202fc650
device_0,0.975,1703,2.0,70.0,0.05,late,48,16,3,0.1984,0.975854682367182,0,5000,1000,83c79c63ee8b97b675468592e057dcd68b3d2d16be1ceea2c222717165ff3c7a
device_0,0.975,1704,2.0,70.0,0.05,late,48,16,3,0.19634,0.9733501805342133,0,5000,1000,17d1b6f76eea069a7896977c63a6fe3f874f30d8ea6e6eb1a624d8de5d9ea430
device_0,0.975,1705,2.0,70.0,0.05,late,48,16,3,0.19493,0.9747974986214312,0,5000,1000,a8dcce9e5b1cb898fc7f08182628514eddf1e1d35b1c71b912d724551c430655
device_0,0.975,1706,2.0,70.0,0.05,late,48,16,3,0.203,0.9742259419786155,0,5000,1000,50bd7883b421b3b697f53c8b743a0bfefdc3981c0746ab5c6e0aa9d9160b3f73
device_0,0.975,1707,2.0,70.0,0.05,late,48,16,3,0.20266,0.9738223967562294,0,5000,1000,cf662a7bdad8c612292b64e9d3d26736d36e960a6be1bbfdc2163adb6b690c94
device_0,0.975,1708,2.0,70.0,0.05,late,48,16,3,0.19043,0.9746047948044175,0,5000,1000,59bf714079bab1b91134e1f7e7e582c288e9c851b48548fdab01c1f928f235bd
device_0,0.975,1709,2.0,70.0,0.05,late,48,16,3,0.19294,0.9749540477640206,0,5000,1000,f3d1c73891e49fdffee587ebb8c9fe95bca54ec2715127244c514621a7c61cff
device_0,0.975,1710,2.0,70.0,0.05,late,48,16,3,0.19779,0.9774683509778551,0,5000,1000,41988fab6989858dccf92e63a31cc01a9c153097a78df941ad948df088a32820
device_0,0.0,1701,2.0,70.0,0.1,drop,48,16,3,0.19936,-0.002661444942765865,0,10000,1000,de0ed8e69971273f04810a347efc1e3562ca843de2c45f6385222ec229bb717b
device_0,0.0,1702,2.0,70.0,0.1,drop,48,16,3,0.20106,0.005830007599770396,0,10000,1000,1a194e9d38848f456925646f49d75daf923c5ea268e134f5c8fee835fe2e3ea8
device_0,0.0,1703,2.0,70.0,0.1,drop,48,16,3,0.19952,0.005656351965683195,0,10000,1000,03bc9db16934b5b33efbddd30fae5b5b0d3dc61d03d56ffd99adbe38df897906
device_0,0.0,1704,2.0,70.0,0.1,drop,48,16,3,0.20257,0.002457782015709934,0,10000,1000,e73d5103940a0db09d2dd888c1570ef553216ac091206e64f858bcc617035622
device_0,0.0,1705,2.0,70.0,0.1,drop,48,16,3,0.20104,-0.004155617772998724,0,10000,1000,c595b04d7ac459e6a67b63e88f7c8850f1acb57d50f3ae44a3ad4d3c7fd3f2be
device_0,0.0,1706,2.0,70.0,0.1,drop,48,16,3,0.20062,-0.0045443747273977144,0,10000,1000,095c82ab537996ea4bc694f3a4a408070e3b1862dd1be1bca70a031689ce1dcb
device_0,0.0,1707,2.0,70.0,0.1,drop,48,16,3,0.19896,0.001346027845602329,0,10000,1000,9e9504243fec9668f005603a8bdf893328338219b275eed4ff4a1a5032c7df45
device_0,0.0,1708,2.0,70.0,0.1,drop,48,16,3,0.19922,-0.001372807149175493,0,10000,1000,e5e13d0e6d392445f214118d7e7d96102f9a1468fa399af6a3c9a9af9185cf22
device_0,0.0,1709,2.0,70.0,0.1,drop,48,16,3,0.20001,0.005034822885721277,0,10000,1000,49f63fc7764cb4cf6cfb30b5776d3e17c92f967e60f509bbfdfc56851d3af818
device_0,0.0,1710,2.0,70.0,0.1,drop,48,16,3,0.19848,0.0007247411049733544,0,10000,1000,8e05f0ec1edc378453f12176069d0335030a26c1106779f4abd57f95e156042a
device_0,0.375,1701,2.0,70.0,0.1,drop,48,16,3,0.19773,0.37585282092426525,0,10000,1000,8c909df72a152aa5577f40691e906484d63488432fccedf8cd557b9cb3802e08
device_0,0.375,1702,2.0,70.0,0.1,drop,48,16,3,0.20083,0.3763938072575695,0,10000,1000,a51cffc9bdf3417d99d02af4b63d2b1cb226410dfa0960bc01e1120fe71a7dc7
device_0,0.375,1703,2.0,70.0,0.1,drop,48,16,3,0.19949,0.3708761472322628,0,10000,1000,4aee122735206a2825b4e907843ee54509d65721dc66d548e3f681dd53b16c40
device_0,0.375,1704,2.0,70.0,0.1,drop,48,16,3,0.19956,0.37083454970073176,0,10000,1000,e3eba72502346840d0600783fba6857b8ee8ae4895c3968285adf285fadbfc46
device_0,0.375,1705,2.0,70.0,0.1,drop,48,16,3,0.1976,0.38054564128452917,0,10000,1000,94c0ce611991b3b616cc4058b620eb73c446a38614b5b36603643e359f50e433
device_0,0.375,1706,2.0,70.0,0.1,drop,48,16,3,0.19975,0.37847803043317246,0,10000,1000,733be8ab666b23d88db08e64aa9a5c8e8c65e076cba6caaed89e2669fead1758
device_0,0.375,1707,2.0,70.0,0.1,drop,48,16,3,0.19756,0.3714936166119789,0,10000,1000,a20da085ae2b8b68a7fb27980728584e8bc7f7463a27f303dada458d5ba40fa2
device_0,0.375,1708,2.0,70.0,0.1,drop,48,16,3,0.19968,0.3728274067949136,0,10000,1000,5d82ee54ac1c4502876597cb0bc62bfb7676840fd6a58f3e1ab32f04b79edce5
device_0,0.375,1709,2.0,70.0,0.1,drop,48,16,3,0.20214,0.3789219763360735,0,10000,1000,7a82e7d3a8e11070de46770cc5e0d50da8ce848c2afc7634f826848be1ab4525
device_0,0.375,1710,2.0,70.0,0.1,drop,48,16,3,0.19842,0.37511826036297974,0,10000,1000,bceb55fd1bf15531d5cc06973c9ebb5527e7afcabc4bd0480427a5cfcc6a14f5
device_0,0.75,1701,2.0,70.0,0.1,drop,48,16,3,0.20817,0.7556341521150168,0,10000,1000,8b1a61c4390a3d28f4c3ffd8a3e1dd946a0de801d674a877fe684231c989526c
device_0,0.75,1702,2.0,70.0,0.1,drop,48,16,3,0.20244,0.7487885933421545,0,10000,1000,63263ed3c665f61a66816f23cdebee8438f51e9ccd62c927888164b0d2e58f23
device_0,0.75,1703,2.0,70.0,0.1,drop,48,16,3,0.20102,0.7470900970852136,0,10000,1000,ad036b8a353b25687dd42b101e6634d6de2af9015611ca7035d6028a7e35040a
device_0,0.75,1704,2.0,70.0,0.1,drop,48,16,3,0.19715,0.7479806369104111,0,10000,1000,040c8e2a1b49f1d1e35be4ef45a7c9a8e3cfb4e0d8c4ea224a9fff489f09d345
device_0,0.75,1705,2.0,70.0,0.1,drop,48,16,3,0.20494,0.7506431485678381,0,10000,1000,79a132679d66806f5101d56a953ddf4fc7476c6ace94d1a7a4e7e37cdda91cc9
device_0,0.75,1706,2.0,70.0,0.1,drop,48,16,3,0.20282,0.7537784223147826,0,10000,1000,d2e8b2917bf97ecf07adf048976f07d7f09e956d03d270daafb53933b950a5d1
device_0,0.75,1707,2.0,70.0,0.1,drop,48,16,3,0.20138,0.7431906944181493,0,10000,1000,58075c6c2a9477474ff7c793463a143aa78fe47059b3c7c2b832d6a00a5e31f1
device_0,0.75,1708,2.0,70.0,0.1,drop,48,16,3,0.20034,0.7475350990705809,0,10000,1000,652df027423341d1b3c5e5b403b04acf87d28217ffc6fe30973c1a7e983bd666
device_0,0.75,1709,2.0,70.0,0.1,drop,48,16,3,0.20613,0.7542776800152501,0,10000,1000,fe929aac765b928ba1743a1f282b8b1eb5203a3876536b06249b43f6fb02c5c8
device_0,0.75,1710,2.0,70.0,0.1,drop,48,16,3,0.20286,0.74728584709585,0,10000,1000,21ea627c7985268ebdcf73923da386129c2ac87887783757a09be50304de1210
device_0,0.875,1701,2.0,70.0,0.1,drop,48,16,3,0.20249,0.8763990178082249,0,10000,1000,0a91fc6359e351be63d83b13a2f4043888a71bf6c0f4df8123bf6554b1120e7d
device_0,0.875,1702,2.0,70.0,0.1,drop,48,16,3,0.19703,0.8759866636367837,0,10000,1000,e218dfffea308d1ee45a7d1a8df7d744c3d8c10b5b029c1c5b9ff475c7ff8adf
device_0,0.875,1703,2.0,70.0,0.1,drop,48,16,3,0.20238,0.8773687974569232,0,10000,1000,e8b38bc083eb82d099463ce1af60f671e6911f615422743d5cade4b1d824529f
device_0,0.875,1704,2.0,70.0,0.1,drop,48,16,3,0.19663,0.8771256568671042,0,10000,1000,82776e11c6fcdcd6a9adebcec24b36b98a7ca39fab0b781c025048988a0682d5
device_0,0.875,1705,2.0,70.0,0.1,drop,48,16,3,0.20133,0.8756186617053834,0,10000,1000,2a80ba0e1043a24f5285add48b12386a977ace7e535fa40b2ca984e1708ed420
device_0,0.875,1706,2.0,70.0,0.1,drop,48,16,3,0.19605,0.8731077294363513,0,10000,1000,2dab59a23373afd3512da48acc77637f7626800215e7023ad3b3780a9661901e
device_0,0.875,1707,2.0,70.0,0.1,drop,48,16,3,0.2,0.8774036452681541,0,10000,1000,a114acd4f469a6f152d4a31c2046f63ede3f7f9f114cd4187bf75916fd808bed
device_0,0.875,1708,2.0,70.0,0.1,drop,48,16,3,0.20258,0.87442580026271,0,10000,1000,25f13007329ab459fdc9e43c326b450d2fd9815f572270469fb7d5d812e0d206
device_0,0.875,1709,2.0,70.0,0.1,drop,48,16,3,0.19831,0.8770598020870867,0,10000,1000,8da5eee4c471710743f0ae1140e1a48b3137ec049e7717e74de143e549068f1f
device_0,0.875,1710,2.0,70.0,0.1,drop,48,16,3,0.19668,0.8724656025657239,0,10000,1000,b22b04a1f707439d2a22e77778f1711618750126b117bca09adfef2cfdd0ac56
device_0,0.9375,1701,2.0,70.0,0.1,drop,48,16,3,0.20509,0.9402237906216514,0,10000,1000,98872e0dc7d48f59e0ce72fbe5dd1a1183c35046b617d362577257b4468a8d6d
device_0,0.9375,1702,2.0,70.0,0.1,drop,48,16,3,0.19366,0.9366016280001491,0,10000,1000,876eff4555416937523b563449f295d57cf896e81237e29772138c8b8dcde1d7
device_0,0.9375,1703,2.0,70.0,0.1,drop,48,16,3,0.19489,0.9369055048961522,0,10000,1000,f6813c130b263d133c9b69fd6c6ee09927def0f2a8e5f4ffb62adcbe2f341220
device_0,0.9375,1704,2.0,70.0,0.1,drop,48,16,3,0.19999,0.9358099323716185,0,10000,1000,2de2ffb1515615e2a93bf4fc1926baa38b190650ed0f940097b1ec03478ef63b
device_0,0.9375,1705,2.0,70.0,0.1,drop,48,16,3,0.19063,0.9374553760710133,0,10000,1000,38be6231198584a838dd6041c0551ee62e3908d573c8ad849d46016c80d44c84
device_0,0.9375,1706,2.0,70.0,0.1,drop,48,16,3,0.20144,0.9386428776611538,0,10000,1000,27c6f98e2e810c81049ca0c8830848c1d982dac674a33c5d675deed91d0eb062
device_0,0.9375,1707,2.0,70.0,0.1,drop,48,16,3,0.20073,0.9386652506542138,0,10000,1000,f6def4ac5e56e4281e2c5602fda1e0a3a57795e90c42728202eb7a8ab90d7836
device_0,0.9375,1708,2.0,70.0,0.1,drop,48,16,3,0.19042,0.9350336658268497,0,10000,1000,a7913a5827f313729bdfa6ab906353822917272eec18ed69386617fc891da966
device_0,0.9375,1709,2.0,70.0,0.1,drop,48,16,3,0.20214,0.9387695757970393,0,10000,1000,b306a2697db5ca7b516c7a770351526b76267e19cad19eba794bfb058a296d70
device_0,0.9375,1710,2.0,70.0,0.1,drop,48,16,3,0.20082,0.9338903427364145,0,10000,1000,cadcb3d16ce9dad5f2076c59b918abc83f8181297b2fd8bb1270bfc5422901c7
device_0,0.975,1701,2.0,70.0,0.1,drop,48,16,3,0.20012,0.9750727182312047,0,10000,1000,f781aaed35807634fbe285ba6a1d7e2ad0cc56cd2492a4747cdb9229bd4f5342
device_0,0.975,1702,2.0,70.0,0.1,drop,48,16,3,0.19762,0.9739220248349032,0,10000,1000,43434e9f300ea9801692a451e83fbba6abef36c10ea683d2ad3ef27986b25604
device_0,0.975,1703,2.0,70.0,0.1,drop,48,16,3,0.1984,0.975854682367182,0,10000,1000,0d13a5a99e3fee9d53d1a0843b4b523b166afadb7cc519fef8b910656d0c8281
device_0,0.975,1704,2.0,70.0,0.1,drop,48,16,3,0.19634,0.9733501805342133,0,10000,1000,9779b2dd7e9ebdcf63d810cc0f0b9ca822a538f812e290b302fb673485e52590
device_0,0.975,1705,2.0,70.0,0.1,drop,48,16,3,0.19493,0.9747974986214312,0,10000,1000,61117746264ec371b3043e4cdec216f270cca1628446990566437e82a8804932
device_0,0.975,1706,2.0,70.0,0.1,drop,48,16,3,0.203,0.9742259419786155,0,10000,1000,c95fa0d8bb48a7e17aa0823890340a6aad52c4b2167738b6c0bec8a5dcb01398
device_0,0.975,1707,2.0,70.0,0.1,drop,48,16,3,0.20266,0.9738223967562294,0,10000,1000,aa71c5e708cd337782508bc8311079d4ebb4de23ecde51419e2c50694242d656
device_0,0.975,1708,2.0,70.0,0.1,drop,48,16,3,0.19043,0.9746047948044175,0,10000,1000,921fc8fc778c86b584a984507f23ccda109f5313b14df6510a84cb8d079888c2
device_0,0.975,1709,2.0,70.0,0.1,drop,48,16,3,0.19294,0.9749540477640206,0,10000,1000,56181238b67b04cfbe2de6a60c83d60d3d83bd344280754d9ba605ed3b624627
device_0,0.975,1710,2.0,70.0,0.1,drop,48,16,3,0.19779,0.9774683509778551,0,10000,1000,a973320abcfdd349cd3b5786cf575c18852e38ad61af8d1575fbd636474befad
device_0,0.0,1701,2.0,70.0,0.1,late,48,16,3,0.19936,-0.002661444942765865,0,10000,1000,f77e765345ef74ea29c3186d1f4567ed60f60f7d3e91fe1b874e82ed72e7c913
device_0,0.0,1702,2.0,70.0,0.1,late,48,16,3,0.20106,0.005830007599770396,0,10000,1000,4aaae2067ba336f5c898e6fbb2005eaf2a038833505366cc9f6d9044642731e5
device_0,0.0,1703,2.0,70.0,0.1,late,48,16,3,0.19952,0.005656351965683195,0,10000,1000,e203615663b9bbdfde667c79100aa51446b5fea008a161e51c17629cf5f25f9e
device_0,0.0,1704,2.0,70.0,0.1,late,48,16,3,0.20257,0.002457782015709934,0,10000,1000,889dd14716fc166de47cd3ced56399ae3973d353a47903c17b3146ec53b9f434
device_0,0.0,1705,2.0,70.0,0.1,late,48,16,3,0.20104,-0.004155617772998724,0,10000,1000,a6e4573126efafa7aae3eb0a1d4b90bc39e208dad037a42e9b735c4bc00a9d40
device_0,0.0,1706,2.0,70.0,0.1,late,48,16,3,0.20062,-0.0045443747273977144,0,10000,1000,1a9c401496823b00aadf8a2bea03bbd8acf1d036347f5062eeedc13c8d153275
device_0,0.0,1707,2.0,70.0,0.1,late,48,16,3,0.19896,0.001346027845602329,0,10000,1000,493b7ef382297adca9b11bd4f1a5ac8ab634359cc8c48afcd250157d6d90bec3
device_0,0.0,1708,2.0,70.0,0.1,late,48,16,3,0.19922,-0.001372807149175493,0,10000,1000,f5bd0134c2c5566dabd559bf882c557e715a731547ffc5df63f733bc3b689b9a
device_0,0.0,1709,2.0,70.0,0.1,late,48,16,3,0.20001,0.005034822885721277,0,10000,1000,8614e042e8f5c3db16156268346da2f7f2a74969e96806647354dfda72e414e1
device_0,0.0,1710,2.0,70.0,0.1,late,48,16,3,0.19848,0.0007247411049733544,0,10000,1000,1f47e6a3959e4559e119308f735af79a635afa34a8400cc64f5ceb3b9050a6cf
device_0,0.375,1701,2.0,70.0,0.1,late,48,16,3,0.19773,0.37585282092426525,0,10000,1000,f608413849ae4d5d3bcb9b5707e5cb622d944a710ee9202066f953f7150aec8f
device_0,0.375,1702,2.0,70.0,0.1,late,48,16,3,0.20083,0.3763938072575695,0,10000,1000,b187a52b70d69210c0489f49c3c348e5a110f01afc3e63c5607910b66d80b848
device_0,0.375,1703,2.0,70.0,0.1,late,48,16,3,0.19949,0.3708761472322628,0,10000,1000,0002a57ca56900ebfa4eedc60850f322714537be2e937bcda3635f6049e2ebab
device_0,0.375,1704,2.0,70.0,0.1,late,48,16,3,0.19956,0.37083454970073176,0,10000,1000,550cf6eab9882694f387ba2863cda2de844bd6809d478b00d18a7026ca21337f
device_0,0.375,1705,2.0,70.0,0.1,late,48,16,3,0.1976,0.38054564128452917,0,10000,1000,158d23598513cee7e83efb9a79190996d67bf9ff718c7f81bfb989dc4fa14f59
device_0,0.375,1706,2.0,70.0,0.1,late,48,16,3,0.19975,0.37847803043317246,0,10000,1000,85761e0a75de4f9c83f28768d0d8086727f6e98d13a9c50d08de2aa9ead4b729
device_0,0.375,1707,2.0,70.0,0.1,late,48,16,3,0.19756,0.3714936166119789,0,10000,1000,f3942fcc362695fafccb80ded82f02b5e96d2715d7747b30a6f98b722e5090c0
device_0,0.375,1708,2.0,70.0,0.1,late,48,16,3,0.19968,0.3728274067949136,0,10000,1000,3db11652580cb9be1aed5da352dc786a1787ad4ee0bd38ab02d69c680a36f47b
device_0,0.375,1709,2.0,70.0,0.1,late,48,16,3,0.20214,0.3789219763360735,0,10000,1000,a321184abb9d588ba58e9584db82e533008dd52e3debf8ad363cebbd402d747b
device_0,0.375,1710,2.0,70.0,0.1,late,48,16,3,0.19842,0.37511826036297974,0,10000,1000,76d7de8bc419686b285f6f68c12654b8b7e8ea40360a0a82800cf6da69c9d857
device_0,0.75,1701,2.0,70.0,0.1,late,48,16,3,0.20817,0.7556341521150168,0,10000,1000,f2a86703f00e672b833756b794690b6e77353b849687760a114baec2c9321f74
device_0,0.75,1702,2.0,70.0,0.1,late,48,16,3,0.20244,0.7487885933421545,0,10000,1000,b0cd1d7142545117c7e84e2a0723c9bbff2f944f3225722ca0f5d6cd015057c4
device_0,0.75,1703,2.0,70.0,0.1,late,48,16,3,0.20102,0.7470900970852136,0,10000,1000,7b5a2deb2cbe6bfbd5255710341d38d32a542a2e604bdca7ab5298dcd69a617b
device_0,0.75,1704,2.0,70.0,0.1,late,48,16,3,0.19715,0.7479806369104111,0,10000,1000,a68dba332bc548c61be79da7d1468b37e89fa848af3b9a0b3f567787a385fece
device_0,0.75,1705,2.0,70.0,0.1,late,48,16,3,0.20494,0.7506431485678381,0,10000,1000,a1e982f6b2671e5479ba8bf95cc0a2050688d0587995829bf8f5d316a43ff2a1
device_0,0.75,1706,2.0,70.0,0.1,late,48,16,3,0.20282,0.7537784223147826,0,10000,1000,7836f8a3da59f0b1daf559fe83c12ea116db80d0f1a106de72354db3bbcacff2
device_0,0.75,1707,2.0,70.0,0.1,late,48,16,3,0.20138,0.7431906944181493,0,10000,1000,c9c0f59cb66aa14efe57859e73faa61311a540916eb3b7153816f2e531b5cf3a
device_0,0.75,1708,2.0,70.0,0.1,late,48,16,3,0.20034,0.7475350990705809,0,10000,1000,05b2e1f0d603269f42ec318971540372541866754888c6097a5af3167258d07d
device_0,0.75,1709,2.0,70.0,0.1,late,48,16,3,0.20613,0.7542776800152501,0,10000,1000,4c6611a682f32a33979fc0a5fe31b0a17c618bc1c3b7c20557fbfb5153a3190a
device_0,0.75,1710,2.0,70.0,0.1,late,48,16,3,0.20286,0.74728584709585,0,10000,1000,ce9c67c2b41ca21ed3e21d18a748f8f8fee93fc50935e11dd810cd19a22054db
device_0,0.875,1701,2.0,70.0,0.1,late,48,16,3,0.20249,0.8763990178082249,0,10000,1000,24a8a255df11bc97c11eda2bf73b89e37f495490041ce8d5de7fbd81c7f51c6f
device_0,0.875,1702,2.0,70.0,0.1,late,48,16,3,0.19703,0.8759866636367837,0,10000,1000,03d5982737c3dddbc965f2f67e1714c0ff492d64ccf7cf6bb60f36f59ca7338c
device_0,0.875,1703,2.0,70.0,0.1,late,48,16,3,0.20238,0.8773687974569232,0,10000,1000,fa5f8074285b50d595cbbe81e5c1182e311ce3a49075d7e698b59ab36659ddd9
device_0,0.875,1704,2.0,70.0,0.1,late,48,16,3,0.19663,0.8771256568671042,0,10000,1000,71d31f2ed72164f5fa3b22ea2cd065735b501d86c45e3c7510dc71d49b7cfe92
device_0,0.875,1705,2.0,70.0,0.1,late,48,16,3,0.20133,0.8756186617053834,0,10000,1000,b784ffeb51d50999ea5605ce643a86a2c03c5aab6c9738d61ea7a8c249ab67fa
device_0,0.875,1706,2.0,70.0,0.1,late,48,16,3,0.19605,0.8731077294363513,0,10000,1000,538dd9dc8ebba435b37f4394480c144a04226de9d97c63197acb683fe659502b
device_0,0.875,1707,2.0,70.0,0.1,late,48,16,3,0.2,0.8774036452681541,0,10000,1000,4e095681a9829ce2ff27e3d5a737942ffea29fb4619bede913c8eeee09166ed2
device_0,0.875,1708,2.0,70.0,0.1,late,48,16,3,0.20258,0.87442580026271,0,10000,1000,bab6b34ca62fd8b4320a604af2b15edb961d0b640a4a133518f194611245d308
device_0,0.875,1709,2.0,70.0,0.1,late,48,16,3,0.19831,0.8770598020870867,0,10000,1000,d7ed49405cb2a97ba0a0cfa84cb0901eab15f2885675413c9521d6aa1eb9168e
device_0,0.875,1710,2.0,70.0,0.1,late,48,16,3,0.19668,0.8724656025657239,0,10000,1000,77743936773af49126590558053bcb0d8d7061de4a1c3f213e017ff28beca7c8
device_0,0.9375,1701,2.0,70.0,0.1,late,48,16,3,0.20509,0.9402237906216514,0,10000,1000,241b5358dc408c2f9d1453011ab7f768bdacbc431b9c738c84074b79fd8abff2
device_0,0.9375,1702,2.0,70.0,0.1,late,48,16,3,0.19366,0.9366016280001491,0,10000,1000,1eb20868e7a1f0ada21a03d38844a9bbbad613328e95baed6e9a773f9898954c
device_0,0.9375,1703,2.0,70.0,0.1,late,48,16,3,0.19489,0.9369055048961522,0,10000,1000,551f31f193501fdd3996fd2eb146e62b3da0f8cc0da493e63bceb807b154b414
device_0,0.9375,1704,2.0,70.0,0.1,late,48,16,3,0.19999,0.9358099323716185,0,10000,1000,c1b06f90c25b0db4018082438065495080724a5d3f8c50595608ba46ba7f9345
device_0,0.9375,1705,2.0,70.0,0.1,late,48,16,3,0.19063,0.9374553760710133,0,10000,1000,ec35da24587758510a5fe6641478e2e4a22257090492357814c9e0f9b668956f
device_0,0.9375,1706,2.0,70.0,0.1,late,48,16,3,0.20144,0.9386428776611538,0,10000,1000,5deff5d908c8c23e01fa9d24ef862bd06cf04327312f62282dd48c4b2b454697
device_0,0.9375,1707,2.0,70.0,0.1,late,48,16,3,0.20073,0.9386652506542138,0,10000,1000,241568bc114aedcd94ff5006b29a9a25ac4d8282c54ba623a0c219b55ce2c948
device_0,0.9375,1708,2.0,70.0,0.1,late,48,16,3,0.19042,0.9350336658268497,0,10000,1000,8ac6d2bbeae4728286226de8f725de92a5d7552fcf554d0099c0e4706a312633
device_0,0.9375,1709,2.0,70.0,0.1,late,48,16,3,0.20214,0.9387695757970393,0,10000,1000,b0dad267944939818c585a2884354e964f318376f77168c105bdd2f3c2c07491
device_0,0.9375,1710,2.0,70.0,0.1,late,48,16,3,0.20082,0.9338903427364145,0,10000,1000,262b72656ee5eccdce9937e4f2067e5e87d0e705604851b19016e94109d79129
device_0,0.975,1701,2.0,70.0,0.1,late,48,16,3,0.20012,0.9750727182312047,0,10000,1000,d96a2409d26f6edb971fe6957b5596f0d064ce2dd92137e0f28ee44bfe0db69b
device_0,0.975,1702,2.0,70.0,0.1,late,48,16,3,0.19762,0.9739220248349032,0,10000,1000,0b97a1d35261ff7c23403b60c9189514cfe1121264fba314cf039d6db86d9263
device_0,0.975,1703,2.0,70.0,0.1,late,48,16,3,0.1984,0.975854682367182,0,10000,1000,15a3905a6439d2b64d54b4d52234f26d7aeb1a7c1a6c0d7744c3c7b8aaefea26
device_0,0.975,1704,2.0,70.0,0.1,late,48,16,3,0.19634,0.9733501805342133,0,10000,1000,0c0fdcc8716ebe8a42de858c48c8ec27577bc1b7ee81775587445ef147f405d7
device_0,0.975,1705,2.0,70.0,0.1,late,48,16,3,0.19493,0.9747974986214312,0,10000,1000,eebc4a820e7d595fc130a98c6bc0513766551b1cf5c82ee39786c009b2b08098
device_0,0.975,1706,2.0,70.0,0.1,late,48,16,3,0.203,0.9742259419786155,0,10000,1000,1ee0e05378bb383655f098e87bb530c35854e951aed6efcecc381e1a00778048
device_0,0.975,1707,2.0,70.0,0.1,late,48,16,3,0.20266,0.9738223967562294,0,10000,1000,517d24e4a5efdb2d7fada3c4e2d1380d02366cea6179c3963a126d335f4c8392
device_0,0.975,1708,2.0,70.0,0.1,late,48,16,3,0.19043,0.9746047948044175,0,10000,1000,b4575155005f607ff88a51a89298fc71a47d74b314e9a3164983bfe1a75814f2
device_0,0.975,1709,2.0,70.0,0.1,late,48,16,3,0.19294,0.9749540477640206,0,10000,1000,1f6887fd40acd0b98b7f4f155c2b1e6b089385e5d7513556d3a9c22f8b43d7cc
device_0,0.975,1710,2.0,70.0,0.1,late,48,16,3,0.19779,0.9774683509778551,0,10000,1000,f323f38a70591d00d182b9809d3257d5e068174a735d83455c11cc6985e4bdf2
device_0,0.0,1701,2.0,70.0,0.15,drop,48,16,3,0.19936,-0.002661444942765865,0,15000,1000,8884cea6ba7ab47f06d009c4919baefd47f3d60635272d6be29ffd11a29ddd08
device_0,0.0,1702,2.0,70.0,0.15,drop,48,16,3,0.20106,0.005830007599770396,0,15000,1000,b0bc161310f307573eb9f5177dd59352cbb6f6e12015f8f8712e066750d015ec
device_0,0.0,1703,2.0,70.0,0.15,drop,48,16,3,0.19952,0.005656351965683195,0,15000,1000,ab48e7fdc83ccc27565905d44d3915d781ccb0a8f5f67dcb7946e33e478eb353
device_0,0.0,1704,2.0,70.0,0.15,drop,48,16,3,0.20257,0.002457782015709934,0,15000,1000,143687628c2473e442919e9c0b251f6d84377476f3e58f15a5b5e5f7354c09d8
device_0,0.0,1705,2.0,70.0,0.15,drop,48,16,3,0.20104,-0.004155617772998724,0,15000,1000,4124b2124aee0b864694891635127187b65cfb87134d965d4b7e21d90ea0482a
device_0,0.0,1706,2.0,70.0,0.15,drop,48,16,3,0.20062,-0.0045443747273977144,0,15000,1000,2efbc97a1b60057f8d827b71385ce9bc2fae461a9159acc586d6d977985ea1d2
device_0,0.0,1707,2.0,70.0,0.15,drop,48,16,3,0.19896,0.001346027845602329,0,15000,1000,c37ed45306bb6b7c48d3b646dd6fb115fde037bbb42e46f3c828b3ed2cd51d62
device_0,0.0,1708,2.0,70.0,0.15,drop,48,16,3,0.19922,-0.001372807149175493,0,15000,1000,3eb370c218ce106b3f969db6070ef1305edb6cd3fe414143b840a7f8fe1fda6c
device_0,0.0,1709,2.0,70.0,0.15,drop,48,16,3,0.20001,0.005034822885721277,0,15000,1000,d85b149f4f1843b9f8164f2de336f823263024ebbd46c7e3a10b335db9c42e9c
device_0,0.0,1710,2.0,70.0,0.15,drop,48,16,3,0.19848,0.0007247411049733544,0,15000,1000,736fafa692e1de545f44f2fec93c44733ba081c308183561e145555f205a65f5
device_0,0.375,1701,2.0,70.0,0.15,drop,48,16,3,0.19773,0.37585282092426525,0,15000,1000,3736ad54f5204bf2ec07ada73d277a0d7c1ca313f99071a87791e6394a7ab57c
device_0,0.375,1702,2.0,70.0,0.15,drop,48,16,3,0.20083,0.3763938072575695,0,15000,1000,91eacb336b39dfe3ec5690d5e917ae8c25a7edb74887e464f97ee3ea69aca434
device_0,0.375,1703,2.0,70.0,0.15,drop,48,16,3,0.19949,0.3708761472322628,0,15000,1000,ab54649ab090f04d11c8a1229cd9ba4e4709f12ca80cac55dc5a6058a3599b45
device_0,0.375,1704,2.0,70.0,0.15,drop,48,16,3,0.19956,0.37083454970073176,0,15000,1000,3f9e4b35eacf31c4cfc7c965b7336f146ebe9f8b60abe8fd7b975329b3528b52
device_0,0.375,1705,2.0,70.0,0.15,drop,48,16,3,0.1976,0.38054564128452917,0,15000,1000,e9ed9f0af4be65586c39cb0146541ccb70c689e021b4eeba1f726134ed1fe5bf
device_0,0.375,1706,2.0,70.0,0.15,drop,48,16,3,0.19975,0.37847803043317246,0,15000,1000,eb02c6f4c07bd747a4d82954a66cd8fc5fac4974ed4213f082b96c9c28f52a92
device_0,0.375,1707,2.0,70.0,0.15,drop,48,16,3,0.19756,0.3714936166119789,0,15000,1000,5fe3d9def4805a728c51883272dfffd031a7059d88656af8babf60cf02988b15
device_0,0.375,1708,2.0,70.0,0.15,drop,48,16,3,0.19968,0.3728274067949136,0,15000,1000,838318937c6b827f6326142c5694c29383241f80bd4e130135392fa01abcf5ac
device_0,0.375,1709,2.0,70.0,0.15,drop,48,16,3,0.20214,0.3789219763360735,0,15000,1000,3df6aa7467f656d36906c56c4228fac5d7aa66f085f218cc2df144521ac060fe
device_0,0.375,1710,2.0,70.0,0.15,drop,48,16,3,0.19842,0.37511826036297974,0,15000,1000,0ac535bb7161755debca2037a87f6a7b2ba0f36da2ca2144e67b795352dbdbb3
device_0,0.75,1701,2.0,70.0,0.15,drop,48,16,3,0.20817,0.7556341521150168,0,15000,1000,1804a0ca20327596c117c2c6ca6945f3eaafe1f57f5adcf183516cb88d505a00
device_0,0.75,1702,2.0,70.0,0.15,drop,48,16,3,0.20244,0.7487885933421545,0,15000,1000,8f7715657caabe5fd30af5274c8e2a34c43020bba22a0452b56289dd98236fce
device_0,0.75,1703,2.0,70.0,0.15,drop,48,16,3,0.20102,0.7470900970852136,0,15000,1000,bd7700ea714d215cb25a90bde1019705e0f59697eacda8e00585ab0e55086acf
device_0,0.75,1704,2.0,70.0,0.15,drop,48,16,3,0.19715,0.7479806369104111,0,15000,1000,4adcdfeda4d60291ab20e207851047b6e2c765d39c1dcde3764024c6731429bb
device_0,0.75,1705,2.0,70.0,0.15,drop,48,16,3,0.20494,0.7506431485678381,0,15000,1000,3cdb509fdd8c80fe7dae9fea9426757e27223fc12e4b69fb4fceb65ad340e549
device_0,0.75,1706,2.0,70.0,0.15,drop,48,16,3,0.20282,0.7537784223147826,0,15000,1000,0b9a533d48305400752647132f566a70e4054b1b6056bdf5f5098052ab9dca5a
device_0,0.75,1707,2.0,70.0,0.15,drop,48,16,3,0.20138,0.7431906944181493,0,15000,1000,4f5e2ebbb79f6498e320cdee6b01922b1265caecf1dd56959b869d3155b8a7ad
device_0,0.75,1708,2.0,70.0,0.15,drop,48,16,3,0.20034,0.7475350990705809,0,15000,1000,7ad0e5be91a00805690eee6d9c820bd310740866883318db745eb0e2e8de70d1
device_0,0.75,1709,2.0,70.0,0.15,drop,48,16,3,0.20613,0.7542776800152501,0,15000,1000,942c07d254a6260a575cb3859451531b34273ca3821b42f2192e911bc00b776b
device_0,0.75,1710,2.0,70.0,0.15,drop,48,16,3,0.20286,0.74728584709585,0,15000,1000,2a5e04d772da5508c674f9b0e13fbdffae365067038b87aeb2ab055a79d66ced
device_0,0.875,1701,2.0,70.0,0.15,drop,48,16,3,0.20249,0.8763990178082249,0,15000,1000,fc9490f8d49efa861c1cadb14f35c27bc1954854f90fc7ae7630c1f4da682429
device_0,0.875,1702,2.0,70.0,0.15,drop,48,16,3,0.19703,0.8759866636367837,0,15000,1000,71458259a2bdf4f90c2c696243029552b81b93bfdcebd5648fc094e71d00dd38
device_0,0.875,1703,2.0,70.0,0.15,drop,48,16,3,0.20238,0.8773687974569232,0,15000,1000,42d34ceb6f2efcc11806b0af8de344989d509c7e9250471e229a81608f95fd54
device_0,0.875,1704,2.0,70.0,0.15,drop,48,16,3,0.19663,0.8771256568671042,0,15000,1000,4d7ccd1fb61969033fd55f92a946f2d99777482350b2fd1e31211f4aface178e
device_0,0.875,1705,2.0,70.0,0.15,drop,48,16,3,0.20133,0.8756186617053834,0,15000,1000,015fc75873afc69e6deb1a8fb537e2ac31a672bc752375a4f1eaf44025d281dd
device_0,0.875,1706,2.0,70.0,0.15,drop,48,16,3,0.19605,0.8731077294363513,0,15000,1000,ae47f48bb7c44cee271c0d7ae8fff8a14207d8b87cebad7d2451c5d872a12111
device_0,0.875,1707,2.0,70.0,0.15,drop,48,16,3,0.2,0.8774036452681541,0,15000,1000,c11c42928efdbb4d3637776611025fdbce98692a6039503acb8e958fec883ecd
device_0,0.875,1708,2.0,70.0,0.15,drop,48,16,3,0.20258,0.87442580026271,0,15000,1000,c10b92c0706ebed755540d4ee0ff2dfc02f20d9a99014fd36dd3ceac264dd168
device_0,0.875,1709,2.0,70.0,0.15,drop,48,16,3,0.19831,0.8770598020870867,0,15000,1000,f756cf191911aa5847e0a3f28f066e611824763ef193fa1e4ade8460ccf519a3
device_0,0.875,1710,2.0,70.0,0.15,drop,48,16,3,0.19668,0.8724656025657239,0,15000,1000,604b853eaa627973f8389cbda73541361def4621ce33890c4dad8163eb4fef0d
device_0,0.9375,1701,2.0,70.0,0.15,drop,48,16,3,0.20509,0.9402237906216514,0,15000,1000,be2f1f73aa70be23a815e1820cce4e701a1cdf595847b9694e3a9611ad252b7b
device_0,0.9375,1702,2.0,70.0,0.15,drop,48,16,3,0.19366,0.9366016280001491,0,15000,1000,4b4e210984f043b2b134b29080222c5926c9bf9cfc4868febfa3836cb4b19ad0
device_0,0.9375,1703,2.0,70.0,0.15,drop,48,16,3,0.19489,0.9369055048961522,0,15000,1000,e06be7b95d946deadb3b7050f24734d74e84236f43ff37dfabec8bd56b33c10e
device_0,0.9375,1704,2.0,70.0,0.15,drop,48,16,3,0.19999,0.9358099323716185,0,15000,1000,5214705dc29caee3c089fd6810329ca8df38372d6c71c6f01efb27a71abc6b5c
device_0,0.9375,1705,2.0,70.0,0.15,drop,48,16,3,0.19063,0.9374553760710133,0,15000,1000,94747e3dc66eae63f53b124e0ed08c437e92c66e5a4fbf233389be1a6c1ca6b6
device_0,0.9375,1706,2.0,70.0,0.15,drop,48,16,3,0.20144,0.9386428776611538,0,15000,1000,d972b45e7bdfa6cc252f30996805de5fccabaf2448849c41528382a0d592dc6b
device_0,0.9375,1707,2.0,70.0,0.15,drop,48,16,3,0.20073,0.9386652506542138,0,15000,1000,f2f43d1870dd252c89c30e26f586df8f9f26a1b1a0369a6f245af65464006cac
device_0,0.9375,1708,2.0,70.0,0.15,drop,48,16,3,0.19042,0.9350336658268497,0,15000,1000,61224f69876517959503cfb3470bdaa4bdd9622570e41cf8595d4013178043b2
device_0,0.9375,1709,2.0,70.0,0.15,drop,48,16,3,0.20214,0.9387695757970393,0,15000,1000,b358a30d599c24479c129e1390f5f9275d8027b43899345dab698c1a31ef1045
device_0,0.9375,1710,2.0,70.0,0.15,drop,48,16,3,0.20082,0.9338903427364145,0,15000,1000,3c1180e655daf3129d376c31a9c05c544c5ca44b8ee1f3611677fa42f287078c
device_0,0.975,1701,2.0,70.0,0.15,drop,48,16,3,0.20012,0.9750727182312047,0,15000,1000,5c97c78ef0b767a62554f11615b7797abf23b6fdb3c471decc3fc797b5320048
device_0,0.975,1702,2.0,70.0,0.15,drop,48,16,3,0.19762,0.9739220248349032,0,15000,1000,5cf4055e2b40a74e4102c7356fdd94d46ca96933d935069ac5e73bb59e47cc55
device_0,0.975,1703,2.0,70.0,0.15,drop,48,16,3,0.1984,0.975854682367182,0,15000,1000,134ed796c2ef3a2802e654e2ef92c7c78e9507b2bf2c519a61937c2da6f5aa96
device_0,0.975,1704,2.0,70.0,0.15,drop,48,16,3,0.19634,0.9733501805342133,0,15000,1000,0aae5013336927ec8ba5ec04b42d43de00a988f792caa8272bfdf516715c620e
device_0,0.975,1705,2.0,70.0,0.15,drop,48,16,3,0.19493,0.9747974986214312,0,15000,1000,822bab1b3f85df0613ce036e738d76243e54357e02bda353abfb50757086266f
device_0,0.975,1706,2.0,70.0,0.15,drop,48,16,3,0.203,0.9742259419786155,0,15000,1000,e2db2407225bec50d18aedce58b4c3a49f8cd1eeb975ced1eef9840a9d534611
device_0,0.975,1707,2.0,70.0,0.15,drop,48,16,3,0.20266,0.9738223967562294,0,15000,1000,ef3e146d79fd81d507969c0496cb2885ac4b96c9a3320948a7d1a5bd4701e17c
device_0,0.975,1708,2.0,70.0,0.15,drop,48,16,3,0.19043,0.9746047948044175,0,15000,1000,bafe6c22eaaddcc18909dec53f397c489b5f45a0897f7fd3b5df4ae3ba355ec0
device_0,0.975,1709,2.0,70.0,0.15,drop,48,16,3,0.19294,0.9749540477640206,0,15000,1000,e1cff3e5e9a2bf298b189aba594a98efbc19196b0bc3002ca576bc875acd1d93
device_0,0.975,1710,2.0,70.0,0.15,drop,48,16,3,0.19779,0.9774683509778551,0,15000,1000,2298e5219884211ed2416f0ff63bc475930ddf87e9b6246b485df7d5c4138e62
device_0,0.0,1701,2.0,70.0,0.15,late,48,16,3,0.19936,-0.002661444942765865,0,15000,1000,44db11a6bcaad648ee6f3feb1507c043b59a3b2c658c7af5c9d51995ca543dbc
device_0,0.0,1702,2.0,70.0,0.15,late,48,16,3,0.20106,0.005830007599770396,0,15000,1000,247e637470661395b34c299959f35ac647fe9dba1c3f7208fbec892c2c5b2a98
device_0,0.0,1703,2.0,70.0,0.15,late,48,16,3,0.19952,0.005656351965683195,0,15000,1000,e514953ab082358534d3758a47e6273f34276bb16247805c449b09412a7b9df7
device_0,0.0,1704,2.0,70.0,0.15,late,48,16,3,0.20257,0.002457782015709934,0,15000,1000,4e3d24cd0fd3ba6e8bd70c9478ac9a648b78be3aa6263649bcf6b5eca091e573
device_0,0.0,1705,2.0,70.0,0.15,late,48,16,3,0.20104,-0.004155617772998724,0,15000,1000,2f65474ee7d3ad9bce5281d54612dfb4cb532fdf29a4052387cf975ee94db052
device_0,0.0,1706,2.0,70.0,0.15,late,48,16,3,0.20062,-0.0045443747273977144,0,15000,1000,dcc4aa96166a37e6dd3271639f8956198c64064bafd212ade8390349ef7c0ca6
device_0,0.0,1707,2.0,70.0,0.15,late,48,16,3,0.19896,0.001346027845602329,0,15000,1000,84d28956ffd9dd2bd168bbdadf599f32aefdd3b62c6634e97976433afbe25ff2
device_0,0.0,1708,2.0,70.0,0.15,late,48,16,3,0.19922,-0.001372807149175493,0,15000,1000,b7b7705860653f7a643db3de105141ab3d950762c860ad805b39a0a860fd354e
device_0,0.0,1709,2.0,70.0,0.15,late,48,16,3,0.20001,0.005034822885721277,0,15000,1000,ad12e1272dd4803cedb49eb1c0548022e577c53d86226e2527626d18327b7c33
device_0,0.0,1710,2.0,70.0,0.15,late,48,16,3,0.19848,0.0007247411049733544,0,15000,1000,4d13e4895d8f3805331c2a1c9f934fd9d460db59e6b0272cdf261d067bf2fe7b
device_0,0.375,1701,2.0,70.0,0.15,late,48,16,3,0.19773,0.37585282092426525,0,15000,1000,d93caa62c6139b86e912f2a92b3020ef47a5002a9283882fe5724b6b2d6df42e
device_0,0.375,1702,2.0,70.0,0.15,late,48,16,3,0.20083,0.3763938072575695,0,15000,1000,4d9c16d64bbb54b77b5081c6369a03494c7d97b4df6899537337f6d8db5ca31c
device_0,0.375,1703,2.0,70.0,0.15,late,48,16,3,0.19949,0.3708761472322628,0,15000,1000,1c03c48b61449dcc00e28cc184a180e18ba2924b20c8f7c57d04c01d8e376426
device_0,0.375,1704,2.0,70.0,0.15,late,48,16,3,0.19956,0.37083454970073176,0,15000,1000,3e45da4b446d51be923d9183b2fef1a598c4ceeda203e3e2d6823b2881a84bbf
device_0,0.375,1705,2.0,70.0,0.15,late,48,16,3,0.1976,0.38054564128452917,0,15000,1000,edb33bc5f795056f47c059f349ece54df33ddbff37d5a5f6f6db6f4df0b6431e
device_0,0.375,1706,2.0,70.0,0.15,late,48,16,3,0.19975,0.37847803043317246,0,15000,1000,943836f09de4e1cd296520b3daedf617bd7b4a92b93741f29f0250a21a79e093
device_0,0.375,1707,2.0,70.0,0.15,late,48,16,3,0.19756,0.3714936166119789,0,15000,1000,7430af1ddef4d0b1590a331a71e83f58fdb486e8c57b55d209194276a0b26bf6
device_0,0.375,1708,2.0,70.0,0.15,late,48,16,3,0.19968,0.3728274067949136,0,15000,1000,6323e97a7a7f81aa83f5f5efbb598c44e48b04c4b56347f121503345e4524be7
device_0,0.375,1709,2.0,70.0,0.15,late,48,16,3,0.20214,0.3789219763360735,0,15000,1000,e1211f5a8c0f9e6a26d36d24eb064def66f288bb8ad22b250b0da4baea0f19eb
device_0,0.375,1710,2.0,70.0,0.15,late,48,16,3,0.19842,0.37511826036297974,0,15000,1000,3621aa106beaf02661996083e11341998beae3c7bc82fe92b4e61b577a75c0ef
device_0,0.75,1701,2.0,70.0,0.15,late,48,16,3,0.20817,0.7556341521150168,0,15000,1000,7e231197837eaca887ddf1a3f1a5fa0643314f0a083d694d294d5684bce9008b
device_0,0.75,1702,2.0,70.0,0.15,late,48,16,3,0.20244,0.7487885933421545,0,15000,1000,25865b119adb1593a2c382c55c06add7078954651214555f89011dd037fe23d6
device_0,0.75,1703,2.0,70.0,0.15,late,48,16,3,0.20102,0.7470900970852136,0,15000,1000,d62b5816e419868991006a3da7429f469290099a375405151798e71dd78e9204
device_0,0.75,1704,2.0,70.0,0.15,late,48,16,3,0.19715,0.7479806369104111,0,15000,1000,5bb4da42df6bf93fff260f0e689f98e0cde00f9faa3c99372a141405dc22b2f0
device_0,0.75,1705,2.0,70.0,0.15,late,48,16,3,0.20494,0.7506431485678381,0,15000,1000,ee2f67c745070495ae4b1eed42bbf4eb0017a6a4142f28a5460b7dbdf0858845
device_0,0.75,1706,2.0,70.0,0.15,late,48,16,3,0.20282,0.7537784223147826,0,15000,1000,667a72844b941027d2bb175152bf58cf1917d56c5bb27ca28a3eee6868a39b26
device_0,0.75,1707,2.0,70.0,0.15,late,48,16,3,0.20138,0.7431906944181493,0,15000,1000,edbf24a3596b8bd6d97688dc546c57a458254d13c606b1ffab81ea9b6766d7ac
device_0,0.75,1708,2.0,70.0,0.15,late,48,16,3,0.20034,0.7475350990705809,0,15000,1000,412941dc86c759639e48c5aafa9caedfa7988eec9b620e9f3c17113094e7b771
device_0,0.75,1709,2.0,70.0,0.15,late,48,16,3,0.20613,0.7542776800152501,0,15000,1000,b95d0783e0e97db9952b30d0f6a9e949e2d767b71f8022d6e3d32fe4d6f9eea5
device_0,0.75,1710,2.0,70.0,0.15,late,48,16,3,0.20286,0.74728584709585,0,15000,1000,bb54ad5a91f338cabe09b7c2001a03942a24a00738a78403f113779d7cc75d3d
device_0,0.875,1701,2.0,70.0,0.15,late,48,16,3,0.20249,0.8763990178082249,0,15000,1000,32e1bc26a4932263dd70ee187c1fdaa8e6bb68aca34d423beb370e95a80220cf
device_0,0.875,1702,2.0,70.0,0.15,late,48,16,3,0.19703,0.8759866636367837,0,15000,1000,e7c9d3e9f2cd058f15947413813609b8bb3def5139041e7f500855307faa1946
device_0,0.875,1703,2.0,70.0,0.15,late,48,16,3,0.20238,0.8773687974569232,0,15000,1000,de1a9ed4268d1ef93d9f951d2ceca4693cd93a563f049ec39b1a7982d0b6ac7c
device_0,0.875,1704,2.0,70.0,0.15,late,48,16,3,0.19663,0.8771256568671042,0,15000,1000,5934f1e86153a81e2b1ab7598765b3285e1a490fd6b02cb2a592f4f6dfa4b7b5
device_0,0.875,1705,2.0,70.0,0.15,late,48,16,3,0.20133,0.8756186617053834,0,15000,1000,650ad6fa63b22c87ce747776514f5a77d0ec63dcd071f1caf0ac0230d50d3d7a
device_0,0.875,1706,2.0,70.0,0.15,late,48,16,3,0.19605,0.8731077294363513,0,15000,1000,9bb37168d800de1ee2bf5008a8a0bdf281242c026ab750a238b97b702fcf370e
device_0,0.875,1707,2.0,70.0,0.15,late,48,16,3,0.2,0.8774036452681541,0,15000,1000,697257e780bad55a95b1cd78423fc14353469861d2186fffd59a52d897fbe321
device_0,0.875,1708,2.0,70.0,0.15,late,48,16,3,0.20258,0.87442580026271,0,15000,1000,03ad8b4fc5e724db2b7e65596600498a2bcf16f1a38c069c9311ba564806bfa5
device_0,0.875,1709,2.0,70.0,0.15,late,48,16,3,0.19831,0.8770598020870867,0,15000,1000,ab7b37d6dfbff3d670de4942133e4e371c7c69d38126b56a8f86deceeff2bc24
device_0,0.875,1710,2.0,70.0,0.15,late,48,16,3,0.19668,0.8724656025657239,0,15000,1000,318ba0b71d08598f502e5ae09a2fdccf7b1cfe31f4028c17afca86859c71bcf8
device_0,0.9375,1701,2.0,70.0,0.15,late,48,16,3,0.20509,0.9402237906216514,0,15000,1000,4071fbe37fe053aea95b43207be4c98af1046ba07b622ac360d351d6ff2a87cc
device_0,0.9375,1702,2.0,70.0,0.15,late,48,16,3,0.19366,0.9366016280001491,0,15000,1000,fa0fdeb94ae36f7555251afdb46d5126de696c7a0ec85dc6c5e27cee0f0ebdbc
device_0,0.9375,1703,2.0,70.0,0.15,late,48,16,3,0.19489,0.9369055048961522,0,15000,1000,3418f77ca819cf28bdc3b5ce2f01428b91d96ebbdf5a865d632ad5ae7d5a88ac
device_0,0.9375,1704,2.0,70.0,0.15,late,48,16,3,0.19999,0.9358099323716185,0,15000,1000,5eec7a2bc8385dfab4b66e042e6388548abadf8878e48fb3ef235cdb819e5bef
device_0,0.9375,1705,2.0,70.0,0.15,late,48,16,3,0.19063,0.9374553760710133,0,15000,1000,a51f9a2cf540045650e00d5053b11522b2ae2e44e405c50138fe13632a90bc46
device_0,0.9375,1706,2.0,70.0,0.15,late,48,16,3,0.20144,0.9386428776611538,0,15000,1000,9cb0d95c9fb12788b79ec0c9642d7dca74d57a6e34a7465970ad0b1fac514b1c
device_0,0.9375,1707,2.0,70.0,0.15,late,48,16,3,0.20073,0.9386652506542138,0,15000,1000,8aac0642b840ca4ada0bea483be786caded104c15287df5a40d94c840e327791
device_0,0.9375,1708,2.0,70.0,0.15,late,48,16,3,0.19042,0.9350336658268497,0,15000,1000,091dec8e46512391be4fd012e62efc252514bbe81986f0fb5ce3038048894b20
device_0,0.9375,1709,2.0,70.0,0.15,late,48,16,3,0.20214,0.9387695757970393,0,15000,1000,5ff850e824612cb20bd5b23a1a2c14168536df5a0d3c6c971b27c7b9909079ef
device_0,0.9375,1710,2.0,70.0,0.15,late,48,16,3,0.20082,0.9338903427364145,0,15000,1000,8dbdc88f8935adf786b47d0d8506b27597f1db929b68d10c4140c2ebf00a28cf
device_0,0.975,1701,2.0,70.0,0.15,late,48,16,3,0.20012,0.9750727182312047,0,15000,1000,785dd02da7ac0c0c5d18716f97f0ac4d40117437a1c5b8f0506b521c8c716038
device_0,0.975,1702,2.0,70.0,0.15,late,48,16,3,0.19762,0.9739220248349032,0,15000,1000,7056b08dd2e492d436e855a4c4b02aa49200f80747c2e48adc65e40817708107
device_0,0.975,1703,2.0,70.0,0.15,late,48,16,3,0.1984,0.975854682367182,0,15000,1000,4d69543c162c030ae1d55f371bc151d447c487b0514e21b17320a5b12c7e3518
device_0,0.975,1704,2.0,70.0,0.15,late,48,16,3,0.19634,0.9733501805342133,0,15000,1000,a99b88245d4c7f40bddf63628e5064f556c22f28dc36ac02f0cf726aaa9b82c7
device_0,0.975,1705,2.0,70.0,0.15,late,48,16,3,0.19493,0.9747974986214312,0,15000,1000,4f14192c544b7b400808fc420152fe0f3c25f5f9608fc0e5bde2f22cdb097b88
device_0,0.975,1706,2.0,70.0,0.15,late,48,16,3,0.203,0.9742259419786155,0,15000,1000,49721d6637ed9d2250cce37b4199a1684e0f454ca655a4a49b33099d32fed387
device_0,0.975,1707,2.0,70.0,0.15,late,48,16,3,0.20266,0.9738223967562294,0,15000,1000,372ac497373de343c392ec1af457ac0453b15ea238c778f63884757b42e692d8
device_0,0.975,1708,2.0,70.0,0.15,late,48,16,3,0.19043,0.9746047948044175,0,15000,1000,46da9763e3b4a8046995cb9f275a89f50f6aaf69c6cebe9e9f261afd4f02af4a
device_0,0.975,1709,2.0,70.0,0.15,late,48,16,3,0.19294,0.9749540477640206,0,15000,1000,2ddd50ba00c358e3a80d754b42e0b5f6576b56403c538b2027584c8b927acc7f
device_0,0.975,1710,2.0,70.0,0.15,late,48,16,3,0.19779,0.9774683509778551,0,15000,1000,93b5e21dc7942ad105d8051069a25aabc15f34a2cd61f3ca7e8e62d7322e0f16
