device,rho,seed,deadline_ratio,deadline_ms,epsilon,skip_mode,r_good_mbps,r_bad_mbps,rate_ratio,pi_bad_observed,lag1_autocorr,forced_count,discretionary_budget,burst_burn_in_slots,policy,mean_energy_j,total_energy_j,violation_rate,violation_count,max_violation_run,burst_count_ge2,violation_run_count,violation_state_bad_share,violation_state_good_count,violation_state_bad_count,boost_use_rate,boost_use_rate_good,boost_use_rate_bad,policy_metadata_json
device_0,0.0,1701,1.2,42.0,0.1,drop,48,16,3,0.19936,-0.002661444942765865,3163,6837,1000,P2,0.05845604606592586,5845.604606592586,0.1,10000,5,858,8951,1.0,0,10000,0.06228,0,0.3123996789727127,"{""budget"": 6837}"
device_0,0.0,1702,1.2,42.0,0.1,drop,48,16,3,0.20106,0.005830007599770396,3200,6800,1000,P2,0.05873565845383835,5873.565845383835,0.1,10000,4,956,8835,1.0,0,10000,0.06532,0,0.32487814582711627,"{""budget"": 6800}"
device_0,0.0,1703,1.2,42.0,0.1,drop,48,16,3,0.19952,0.005656351965683195,3200,6800,1000,P2,0.058577883833017624,5857.788383301762,0.1,10000,5,955,8841,1.0,0,10000,0.06419,0,0.3217221331194868,"{""budget"": 6800}"
device_0,0.0,1704,1.2,42.0,0.1,drop,48,16,3,0.20257,0.002457782015709934,3103,6897,1000,P2,0.05903826478593168,5903.826478593168,0.1,10000,4,933,8884,1.0,0,10000,0.06583,0,0.3249740830330256,"{""budget"": 6897}"
device_0,0.0,1705,1.2,42.0,0.1,drop,48,16,3,0.20104,-0.004155617772998724,3178,6822,1000,P2,0.05865454988223021,5865.454988223021,0.1,10000,4,909,8909,1.0,0,10000,0.06414,0,0.3190409868682849,"{""budget"": 6822}"
device_0,0.0,1706,1.2,42.0,0.1,drop,48,16,3,0.20062,-0.0045443747273977144,3146,6854,1000,P2,0.05850802995063982,5850.802995063982,0.1,10000,4,867,8943,1.0,0,10000,0.06338,0,0.31592064599740804,"{""budget"": 6854}"
device_0,0.0,1707,1.2,42.0,0.1,drop,48,16,3,0.19896,0.001346027845602329,3139,6861,1000,P2,0.058458776616951494,5845.877661695149,0.1,10000,5,859,8938,1.0,0,10000,0.06266,0,0.31493767591475674,"{""budget"": 6861}"
device_0,0.0,1708,1.2,42.0,0.1,drop,48,16,3,0.19922,-0.001372807149175493,3189,6811,1000,P2,0.05857116142141075,5857.116142141075,0.1,10000,5,882,8910,1.0,0,10000,0.0635,0,0.3187430980825218,"{""budget"": 6811}"
device_0,0.0,1709,1.2,42.0,0.1,drop,48,16,3,0.20001,0.005034822885721277,3191,6809,1000,P2,0.05851802307074798,5851.802307074798,0.1,10000,5,893,8894,1.0,0,10000,0.06303,0,0.3151342432878356,"{""budget"": 6809}"
device_0,0.0,1710,1.2,42.0,0.1,drop,48,16,3,0.19848,0.0007247411049733544,3096,6904,1000,P2,0.05820018479910196,5820.018479910196,0.1,10000,4,914,8909,1.0,0,10000,0.06196,0,0.3121725110842402,"{""budget"": 6904}"
device_0,0.375,1701,1.2,42.0,0.1,drop,48,16,3,0.19773,0.37585282092426525,3098,6902,1000,P2,0.05826397196590628,5826.3971965906285,0.1,10000,7,1909,7351,1.0,0,10000,0.06159,0,0.31148535882263695,"{""budget"": 6902}"
device_0,0.375,1702,1.2,42.0,0.1,drop,48,16,3,0.20083,0.3763938072575695,3186,6814,1000,P2,0.058807421110556896,5880.74211105569,0.1,10000,8,1845,7432,1.0,0,10000,0.06406,0,0.318976248568441,"{""budget"": 6814}"
device_0,0.375,1703,1.2,42.0,0.1,drop,48,16,3,0.19949,0.3708761472322628,3203,6797,1000,P2,0.05867763946365256,5867.763946365256,0.1,10000,7,1796,7453,1.0,0,10000,0.06408,0,0.3212191087272545,"{""budget"": 6797}"
device_0,0.375,1704,1.2,42.0,0.1,drop,48,16,3,0.19956,0.37083454970073176,3200,6800,1000,P2,0.058663274553529425,5866.327455352943,0.1,10000,6,1878,7372,1.0,0,10000,0.0634,0,0.3176989376628583,"{""budget"": 6800}"
device_0,0.375,1705,1.2,42.0,0.1,drop,48,16,3,0.1976,0.38054564128452917,3144,6856,1000,P2,0.0580651955582715,5806.51955582715,0.1,10000,7,1928,7378,1.0,0,10000,0.06208,0,0.31417004048582997,"{""budget"": 6856}"
device_0,0.375,1706,1.2,42.0,0.1,drop,48,16,3,0.19975,0.37847803043317246,3216,6784,1000,P2,0.05861149721200116,5861.149721200116,0.1,10000,7,1830,7501,1.0,0,10000,0.06281,0,0.3144430538172716,"{""budget"": 6784}"
device_0,0.375,1707,1.2,42.0,0.1,drop,48,16,3,0.19756,0.3714936166119789,3179,6821,1000,P2,0.058256320670407986,5825.632067040799,0.1,10000,7,1854,7474,1.0,0,10000,0.0625,0,0.31635958696092326,"{""budget"": 6821}"
device_0,0.375,1708,1.2,42.0,0.1,drop,48,16,3,0.19968,0.3728274067949136,3026,6974,1000,P2,0.05870398687358931,5870.398687358931,0.1,10000,7,1855,7462,1.0,0,10000,0.06422,0,0.3216145833333333,"{""budget"": 6974}"
device_0,0.375,1709,1.2,42.0,0.1,drop,48,16,3,0.20214,0.3789219763360735,3255,6745,1000,P2,0.058940336877960874,5894.033687796087,0.1,10000,8,1852,7378,1.0,0,10000,0.06617,0,0.3273473830018799,"{""budget"": 6745}"
device_0,0.375,1710,1.2,42.0,0.1,drop,48,16,3,0.19842,0.37511826036297974,3242,6758,1000,P2,0.05821814089061365,5821.814089061365,0.1,10000,7,1851,7418,1.0,0,10000,0.06257,0,0.3153411954440077,"{""budget"": 6758}"
device_0,0.75,1701,1.2,42.0,0.1,drop,48,16,3,0.20817,0.7556341521150168,3279,6721,1000,P2,0.060108579047983855,6010.857904798386,0.1,10000,9,2353,6121,1.0,0,10000,0.07043,0,0.3383292501321036,"{""budget"": 6721}"
device_0,0.75,1702,1.2,42.0,0.1,drop,48,16,3,0.20244,0.7487885933421545,3324,6676,1000,P2,0.05882259734971196,5882.259734971196,0.1,10000,10,2361,6003,1.0,0,10000,0.06568,0,0.32444180991898836,"{""budget"": 6676}"
device_0,0.75,1703,1.2,42.0,0.1,drop,48,16,3,0.20102,0.7470900970852136,3268,6732,1000,P2,0.05885061708858584,5885.061708858584,0.1,10000,10,2354,5966,1.0,0,10000,0.06437,0,0.32021689384140883,"{""budget"": 6732}"
device_0,0.75,1704,1.2,42.0,0.1,drop,48,16,3,0.19715,0.7479806369104111,3132,6868,1000,P2,0.05802815684340856,5802.815684340856,0.1,10000,12,2347,5956,1.0,0,10000,0.06058,0,0.3072787217854426,"{""budget"": 6868}"
device_0,0.75,1705,1.2,42.0,0.1,drop,48,16,3,0.20494,0.7506431485678381,3323,6677,1000,P2,0.05946705060543039,5946.705060543039,0.1,10000,11,2399,6034,1.0,0,10000,0.06867,0,0.33507368010149313,"{""budget"": 6677}"
device_0,0.75,1706,1.2,42.0,0.1,drop,48,16,3,0.20282,0.7537784223147826,3142,6858,1000,P2,0.05895271333591258,5895.271333591258,0.1,10000,13,2344,5960,1.0,0,10000,0.06491,0,0.32003747164973867,"{""budget"": 6858}"
device_0,0.75,1707,1.2,42.0,0.1,drop,48,16,3,0.20138,0.7431906944181493,3220,6780,1000,P2,0.05922188399043439,5922.188399043439,0.1,10000,10,2356,5997,1.0,0,10000,0.06536,0,0.3245605323269441,"{""budget"": 6780}"
device_0,0.75,1708,1.2,42.0,0.1,drop,48,16,3,0.20034,0.7475350990705809,3173,6827,1000,P2,0.0584082539159549,5840.82539159549,0.1,10000,9,2376,5969,1.0,0,10000,0.06316,0,0.31526405111310773,"{""budget"": 6827}"
device_0,0.75,1709,1.2,42.0,0.1,drop,48,16,3,0.20613,0.7542776800152501,3271,6729,1000,P2,0.05983784435975064,5983.784435975064,0.1,10000,10,2365,6055,1.0,0,10000,0.0691,0,0.33522534323000047,"{""budget"": 6729}"
device_0,0.75,1710,1.2,42.0,0.1,drop,48,16,3,0.20286,0.74728584709585,3198,6802,1000,P2,0.059044493797440915,5904.449379744092,0.1,10000,10,2312,6088,1.0,0,10000,0.0655,0,0.32288277629892537,"{""budget"": 6802}"
device_0,0.875,1701,1.2,42.0,0.1,drop,48,16,3,0.20249,0.8763990178082249,3214,6786,1000,P2,0.05897765295319169,5897.765295319169,0.1,10000,11,2436,5568,1.0,0,10000,0.06557,0,0.3238184601708726,"{""budget"": 6786}"
device_0,0.875,1702,1.2,42.0,0.1,drop,48,16,3,0.19703,0.8759866636367837,3061,6939,1000,P2,0.057989323522356535,5798.9323522356535,0.1,10000,14,2407,5387,1.0,0,10000,0.06127,0,0.3109678729127544,"{""budget"": 6939}"
device_0,0.875,1703,1.2,42.0,0.1,drop,48,16,3,0.20238,0.8773687974569232,3265,6735,1000,P2,0.05885419828588172,5885.419828588172,0.1,10000,13,2447,5472,1.0,0,10000,0.06528,0,0.322561517936555,"{""budget"": 6735}"
device_0,0.875,1704,1.2,42.0,0.1,drop,48,16,3,0.19663,0.8771256568671042,3154,6846,1000,P2,0.05812526923949728,5812.526923949728,0.1,10000,14,2507,5351,1.0,0,10000,0.06141,0,0.31231246503585414,"{""budget"": 6846}"
device_0,0.875,1705,1.2,42.0,0.1,drop,48,16,3,0.20133,0.8756186617053834,3183,6817,1000,P2,0.058987410423765124,5898.741042376512,0.1,10000,11,2475,5518,1.0,0,10000,0.06408,0,0.3182834152883326,"{""budget"": 6817}"
device_0,0.875,1706,1.2,42.0,0.1,drop,48,16,3,0.19605,0.8731077294363513,3189,6811,1000,P2,0.05767632943904736,5767.632943904736,0.1,10000,15,2493,5303,1.0,0,10000,0.0603,0,0.30757459831675593,"{""budget"": 6811}"
device_0,0.875,1707,1.2,42.0,0.1,drop,48,16,3,0.2,0.8774036452681541,3167,6833,1000,P2,0.05850746139810029,5850.7461398100295,0.1,10000,11,2457,5374,1.0,0,10000,0.06361,0,0.31805,"{""budget"": 6833}"
device_0,0.875,1708,1.2,42.0,0.1,drop,48,16,3,0.20258,0.87442580026271,3321,6679,1000,P2,0.05904069109156208,5904.069109156208,0.1,10000,11,2490,5473,1.0,0,10000,0.06515,0,0.3216013426794353,"{""budget"": 6679}"
device_0,0.875,1709,1.2,42.0,0.1,drop,48,16,3,0.19831,0.8770598020870867,3067,6933,1000,P2,0.05812550074570938,5812.550074570938,0.1,10000,11,2471,5376,1.0,0,10000,0.0615,0,0.3101205183803136,"{""budget"": 6933}"
device_0,0.875,1710,1.2,42.0,0.1,drop,48,16,3,0.19668,0.8724656025657239,3148,6852,1000,P2,0.058004243718186216,5800.424371818622,0.1,10000,12,2466,5400,1.0,0,10000,0.06062,0,0.3082163921090096,"{""budget"": 6852}"
device_0,0.9375,1701,1.2,42.0,0.1,drop,48,16,3,0.20509,0.9402237906216514,3191,6809,1000,P2,0.05963270874995987,5963.2708749959875,0.1,10000,13,2455,5300,1.0,0,10000,0.06927,0,0.33775415671168757,"{""budget"": 6809}"
device_0,0.9375,1702,1.2,42.0,0.1,drop,48,16,3,0.19366,0.9366016280001491,3090,6910,1000,P2,0.057482289838617834,5748.2289838617835,0.1,10000,14,2492,5058,1.0,0,10000,0.05918,0,0.3055871114324073,"{""budget"": 6910}"
device_0,0.9375,1703,1.2,42.0,0.1,drop,48,16,3,0.19489,0.9369055048961522,3087,6913,1000,P2,0.057760925237447656,5776.0925237447655,0.1,10000,15,2501,5052,1.0,0,10000,0.05945,0,0.3050438709015342,"{""budget"": 6913}"
device_0,0.9375,1704,1.2,42.0,0.1,drop,48,16,3,0.19999,0.9358099323716185,3218,6782,1000,P2,0.05844996809525344,5844.996809525344,0.1,10000,11,2482,5208,1.0,0,10000,0.0632,0,0.3160158007900395,"{""budget"": 6782}"
device_0,0.9375,1705,1.2,42.0,0.1,drop,48,16,3,0.19063,0.9374553760710133,3080,6920,1000,P2,0.05686068084707764,5686.068084707764,0.1,10000,14,2434,4945,1.0,0,10000,0.05651,0,0.2964381262130829,"{""budget"": 6920}"
device_0,0.9375,1706,1.2,42.0,0.1,drop,48,16,3,0.20144,0.9386428776611538,3154,6846,1000,P2,0.05887058659866067,5887.0586598660675,0.1,10000,10,2465,5226,1.0,0,10000,0.06418,0,0.3186060365369341,"{""budget"": 6846}"
device_0,0.9375,1707,1.2,42.0,0.1,drop,48,16,3,0.20073,0.9386652506542138,3202,6798,1000,P2,0.0586600758725495,5866.00758725495,0.1,10000,17,2475,5120,1.0,0,10000,0.06346,0,0.3161460668559757,"{""budget"": 6798}"
device_0,0.9375,1708,1.2,42.0,0.1,drop,48,16,3,0.19042,0.9350336658268497,3012,6988,1000,P2,0.05673130308789274,5673.130308789274,0.1,10000,15,2426,4947,1.0,0,10000,0.0566,0,0.2972376851171096,"{""budget"": 6988}"
device_0,0.9375,1709,1.2,42.0,0.1,drop,48,16,3,0.20214,0.9387695757970393,3236,6764,1000,P2,0.058890396784135185,5889.039678413518,0.1,10000,12,2443,5241,1.0,0,10000,0.06552,0,0.3241317898486198,"{""budget"": 6764}"
device_0,0.9375,1710,1.2,42.0,0.1,drop,48,16,3,0.20082,0.9338903427364145,3133,6867,1000,P2,0.058511321250941425,5851.132125094143,0.1,10000,13,2452,5247,1.0,0,10000,0.06384,0,0.31789662384224676,"{""budget"": 6867}"
device_0,0.975,1701,1.2,42.0,0.1,drop,48,16,3,0.20012,0.9750727182312047,3130,6870,1000,P2,0.058747019687560624,5874.701968756062,0.1,10000,12,2458,5097,1.0,0,10000,0.06394,0,0.3195082950229862,"{""budget"": 6870}"
device_0,0.975,1702,1.2,42.0,0.1,drop,48,16,3,0.19762,0.9739220248349032,3200,6800,1000,P2,0.05827247018698636,5827.247018698636,0.1,10000,13,2477,4967,1.0,0,10000,0.06254,0,0.316465944742435,"{""budget"": 6800}"
device_0,0.975,1703,1.2,42.0,0.1,drop,48,16,3,0.1984,0.975854682367182,3132,6868,1000,P2,0.05836665152837863,5836.665152837863,0.1,10000,13,2464,4988,1.0,0,10000,0.06241,0,0.3145665322580645,"{""budget"": 6868}"
device_0,0.975,1704,1.2,42.0,0.1,drop,48,16,3,0.19634,0.9733501805342133,3171,6829,1000,P2,0.05788974824056187,5788.974824056187,0.1,10000,15,2450,4972,1.0,0,10000,0.06066,0,0.30895385555668736,"{""budget"": 6829}"
device_0,0.975,1705,1.2,42.0,0.1,drop,48,16,3,0.19493,0.9747974986214312,3113,6887,1000,P2,0.05748788918438178,5748.788918438178,0.1,10000,12,2539,4953,1.0,0,10000,0.0592,0,0.3036987636587493,"{""budget"": 6887}"
device_0,0.975,1706,1.2,42.0,0.1,drop,48,16,3,0.203,0.9742259419786155,3184,6816,1000,P2,0.05886475914207764,5886.475914207764,0.1,10000,12,2457,5158,1.0,0,10000,0.06585,0,0.32438423645320197,"{""budget"": 6816}"
device_0,0.975,1707,1.2,42.0,0.1,drop,48,16,3,0.20266,0.9738223967562294,3142,6858,1000,P2,0.05905979903481347,5905.979903481347,0.1,10000,12,2450,5072,1.0,0,10000,0.06585,0,0.3249284515938024,"{""budget"": 6858}"
device_0,0.975,1708,1.2,42.0,0.1,drop,48,16,3,0.19043,0.9746047948044175,3000,7000,1000,P2,0.05683617761204224,5683.617761204224,0.1,10000,18,2504,4803,1.0,0,10000,0.0554,0,0.2909205482329465,"{""budget"": 7000}"
device_0,0.975,1709,1.2,42.0,0.1,drop,48,16,3,0.19294,0.9749540477640206,2978,7022,1000,P2,0.05731840790031283,5731.840790031283,0.1,10000,13,2520,4847,1.0,0,10000,0.05702,0,0.2955322898310356,"{""budget"": 7022}"
device_0,0.975,1710,1.2,42.0,0.1,drop,48,16,3,0.19779,0.9774683509778551,3120,6880,1000,P2,0.058200867980044715,5820.086798004471,0.1,10000,13,2466,4890,1.0,0,10000,0.06095,0,0.3081551140098084,"{""budget"": 6880}"
device_0,0.0,1701,1.2,42.0,0.1,late,48,16,3,0.19936,-0.002661444942765865,3163,6837,1000,P2,0.06850576330484633,6850.576330484633,0.1,10000,4,900,8903,1.0,0,10000,0.06228,0,0.3123996789727127,"{""budget"": 6837}"
device_0,0.0,1702,1.2,42.0,0.1,late,48,16,3,0.20106,0.005830007599770396,3200,6800,1000,P2,0.06878148468068021,6878.1484680680205,0.1,10000,4,919,8866,1.0,0,10000,0.06532,0,0.32487814582711627,"{""budget"": 6800}"
device_0,0.0,1703,1.2,42.0,0.1,late,48,16,3,0.19952,0.005656351965683195,3200,6800,1000,P2,0.06863196845193027,6863.196845193027,0.1,10000,4,894,8901,1.0,0,10000,0.06419,0,0.3217221331194868,"{""budget"": 6800}"
device_0,0.0,1704,1.2,42.0,0.1,late,48,16,3,0.20257,0.002457782015709934,3103,6897,1000,P2,0.06906760669640971,6906.760669640971,0.1,10000,4,902,8850,1.0,0,10000,0.06583,0,0.3249740830330256,"{""budget"": 6897}"
device_0,0.0,1705,1.2,42.0,0.1,late,48,16,3,0.20104,-0.004155617772998724,3178,6822,1000,P2,0.06870685124090473,6870.6851240904725,0.1,10000,4,895,8913,1.0,0,10000,0.06414,0,0.3190409868682849,"{""budget"": 6822}"
device_0,0.0,1706,1.2,42.0,0.1,late,48,16,3,0.20062,-0.0045443747273977144,3146,6854,1000,P2,0.068571875145219,6857.1875145219,0.1,10000,4,884,8920,1.0,0,10000,0.06338,0,0.31592064599740804,"{""budget"": 6854}"
device_0,0.0,1707,1.2,42.0,0.1,late,48,16,3,0.19896,0.001346027845602329,3139,6861,1000,P2,0.06848244093944486,6848.244093944486,0.1,10000,5,877,8925,1.0,0,10000,0.06266,0,0.31493767591475674,"{""budget"": 6861}"
device_0,0.0,1708,1.2,42.0,0.1,late,48,16,3,0.19922,-0.001372807149175493,3189,6811,1000,P2,0.06862685157165065,6862.685157165065,0.1,10000,5,882,8932,1.0,0,10000,0.0635,0,0.3187430980825218,"{""budget"": 6811}"
device_0,0.0,1709,1.2,42.0,0.1,late,48,16,3,0.20001,0.005034822885721277,3191,6809,1000,P2,0.06856510067702393,6856.510067702393,0.1,10000,5,889,8922,1.0,0,10000,0.06303,0,0.3151342432878356,"{""budget"": 6809}"
device_0,0.0,1710,1.2,42.0,0.1,late,48,16,3,0.19848,0.0007247411049733544,3096,6904,1000,P2,0.06821442650993911,6821.442650993911,0.1,10000,5,871,8931,1.0,0,10000,0.06196,0,0.3121725110842402,"{""budget"": 6904}"
device_0,0.375,1701,1.2,42.0,0.1,late,48,16,3,0.19773,0.37585282092426525,3098,6902,1000,P2,0.06827823890560025,6827.823890560025,0.1,10000,9,1888,7422,1.0,0,10000,0.06159,0,0.31148535882263695,"{""budget"": 6902}"
device_0,0.375,1702,1.2,42.0,0.1,late,48,16,3,0.20083,0.3763938072575695,3186,6814,1000,P2,0.06885528424261318,6885.528424261318,0.1,10000,8,1830,7494,1.0,0,10000,0.06406,0,0.318976248568441,"{""budget"": 6814}"
device_0,0.375,1703,1.2,42.0,0.1,late,48,16,3,0.19949,0.3708761472322628,3203,6797,1000,P2,0.06873844165885058,6873.844165885059,0.1,10000,7,1846,7464,1.0,0,10000,0.06408,0,0.3212191087272545,"{""budget"": 6797}"
device_0,0.375,1704,1.2,42.0,0.1,late,48,16,3,0.19956,0.37083454970073176,3200,6800,1000,P2,0.06871254457835395,6871.254457835395,0.1,10000,6,1866,7446,1.0,0,10000,0.0634,0,0.3176989376628583,"{""budget"": 6800}"
device_0,0.375,1705,1.2,42.0,0.1,late,48,16,3,0.1976,0.38054564128452917,3144,6856,1000,P2,0.06811297931542516,6811.297931542516,0.1,10000,8,1899,7383,1.0,0,10000,0.06208,0,0.31417004048582997,"{""budget"": 6856}"
device_0,0.375,1706,1.2,42.0,0.1,late,48,16,3,0.19975,0.37847803043317246,3216,6784,1000,P2,0.0686756424212487,6867.56424212487,0.1,10000,7,1862,7417,1.0,0,10000,0.06281,0,0.3144430538172716,"{""budget"": 6784}"
device_0,0.375,1707,1.2,42.0,0.1,late,48,16,3,0.19756,0.3714936166119789,3179,6821,1000,P2,0.06827788700025829,6827.788700025829,0.1,10000,6,1901,7374,1.0,0,10000,0.0625,0,0.31635958696092326,"{""budget"": 6821}"
device_0,0.375,1708,1.2,42.0,0.1,late,48,16,3,0.19968,0.3728274067949136,3026,6974,1000,P2,0.06867913034236944,6867.913034236944,0.1,10000,8,1827,7429,1.0,0,10000,0.06422,0,0.3216145833333333,"{""budget"": 6974}"
device_0,0.375,1709,1.2,42.0,0.1,late,48,16,3,0.20214,0.3789219763360735,3255,6745,1000,P2,0.06903607477091805,6903.607477091806,0.1,10000,9,1837,7459,1.0,0,10000,0.06617,0,0.3273473830018799,"{""budget"": 6745}"
device_0,0.375,1710,1.2,42.0,0.1,late,48,16,3,0.19842,0.37511826036297974,3242,6758,1000,P2,0.06829472500393229,6829.472500393228,0.1,10000,8,1827,7481,1.0,0,10000,0.06257,0,0.3153411954440077,"{""budget"": 6758}"
device_0,0.75,1701,1.2,42.0,0.1,late,48,16,3,0.20817,0.7556341521150168,3279,6721,1000,P2,0.07018324949805406,7018.3249498054065,0.1,10000,8,2347,6125,1.0,0,10000,0.07043,0,0.3383292501321036,"{""budget"": 6721}"
device_0,0.75,1702,1.2,42.0,0.1,late,48,16,3,0.20244,0.7487885933421545,3324,6676,1000,P2,0.06893145744354041,6893.145744354042,0.1,10000,10,2367,5978,1.0,0,10000,0.06568,0,0.32444180991898836,"{""budget"": 6676}"
device_0,0.75,1703,1.2,42.0,0.1,late,48,16,3,0.20102,0.7470900970852136,3268,6732,1000,P2,0.06893218777773229,6893.218777773229,0.1,10000,11,2402,5951,1.0,0,10000,0.06437,0,0.32021689384140883,"{""budget"": 6732}"
device_0,0.75,1704,1.2,42.0,0.1,late,48,16,3,0.19715,0.7479806369104111,3132,6868,1000,P2,0.06806514842130075,6806.514842130075,0.1,10000,11,2356,5908,1.0,0,10000,0.06058,0,0.3072787217854426,"{""budget"": 6868}"
device_0,0.75,1705,1.2,42.0,0.1,late,48,16,3,0.20494,0.7506431485678381,3323,6677,1000,P2,0.06957123692948837,6957.123692948837,0.1,10000,11,2380,6007,1.0,0,10000,0.06867,0,0.33507368010149313,"{""budget"": 6677}"
device_0,0.75,1706,1.2,42.0,0.1,late,48,16,3,0.20282,0.7537784223147826,3142,6858,1000,P2,0.06895958912607442,6895.958912607442,0.1,10000,12,2411,6012,1.0,0,10000,0.06491,0,0.32003747164973867,"{""budget"": 6858}"
device_0,0.75,1707,1.2,42.0,0.1,late,48,16,3,0.20138,0.7431906944181493,3220,6780,1000,P2,0.06929983765107531,6929.98376510753,0.1,10000,13,2327,5999,1.0,0,10000,0.06536,0,0.3245605323269441,"{""budget"": 6780}"
device_0,0.75,1708,1.2,42.0,0.1,late,48,16,3,0.20034,0.7475350990705809,3173,6827,1000,P2,0.0684285857067628,6842.85857067628,0.1,10000,10,2409,5912,1.0,0,10000,0.06316,0,0.31526405111310773,"{""budget"": 6827}"
device_0,0.75,1709,1.2,42.0,0.1,late,48,16,3,0.20613,0.7542776800152501,3271,6729,1000,P2,0.0698948866739046,6989.48866739046,0.1,10000,9,2382,5991,1.0,0,10000,0.0691,0,0.33522534323000047,"{""budget"": 6729}"
device_0,0.75,1710,1.2,42.0,0.1,late,48,16,3,0.20286,0.74728584709585,3198,6802,1000,P2,0.06910720030852983,6910.720030852983,0.1,10000,10,2370,6013,1.0,0,10000,0.0655,0,0.32288277629892537,"{""budget"": 6802}"
device_0,0.875,1701,1.2,42.0,0.1,late,48,16,3,0.20249,0.8763990178082249,3214,6786,1000,P2,0.06904341328847816,6904.341328847815,0.1,10000,12,2435,5508,1.0,0,10000,0.06557,0,0.3238184601708726,"{""budget"": 6786}"
device_0,0.875,1702,1.2,42.0,0.1,late,48,16,3,0.19703,0.8759866636367837,3061,6939,1000,P2,0.06799116387928376,6799.116387928377,0.1,10000,10,2507,5367,1.0,0,10000,0.06127,0,0.3109678729127544,"{""budget"": 6939}"
device_0,0.875,1703,1.2,42.0,0.1,late,48,16,3,0.20238,0.8773687974569232,3265,6735,1000,P2,0.06893200751905448,6893.200751905448,0.1,10000,11,2471,5516,1.0,0,10000,0.06528,0,0.322561517936555,"{""budget"": 6735}"
device_0,0.875,1704,1.2,42.0,0.1,late,48,16,3,0.19663,0.8771256568671042,3154,6846,1000,P2,0.06814945368033944,6814.945368033943,0.1,10000,15,2468,5351,1.0,0,10000,0.06141,0,0.31231246503585414,"{""budget"": 6846}"
device_0,0.875,1705,1.2,42.0,0.1,late,48,16,3,0.20133,0.8756186617053834,3183,6817,1000,P2,0.06903249363767931,6903.249363767932,0.1,10000,11,2450,5513,1.0,0,10000,0.06408,0,0.3182834152883326,"{""budget"": 6817}"
device_0,0.875,1706,1.2,42.0,0.1,late,48,16,3,0.19605,0.8731077294363513,3189,6811,1000,P2,0.06774489494884978,6774.489494884978,0.1,10000,9,2457,5355,1.0,0,10000,0.0603,0,0.30757459831675593,"{""budget"": 6811}"
device_0,0.875,1707,1.2,42.0,0.1,late,48,16,3,0.2,0.8774036452681541,3167,6833,1000,P2,0.06855896360961239,6855.896360961238,0.1,10000,12,2476,5395,1.0,0,10000,0.06361,0,0.31805,"{""budget"": 6833}"
device_0,0.875,1708,1.2,42.0,0.1,late,48,16,3,0.20258,0.87442580026271,3321,6679,1000,P2,0.06916146320766453,6916.146320766453,0.1,10000,15,2468,5576,1.0,0,10000,0.06515,0,0.3216013426794353,"{""budget"": 6679}"
device_0,0.875,1709,1.2,42.0,0.1,late,48,16,3,0.19831,0.8770598020870867,3067,6933,1000,P2,0.06812765319673061,6812.765319673062,0.1,10000,19,2482,5407,1.0,0,10000,0.0615,0,0.3101205183803136,"{""budget"": 6933}"
device_0,0.875,1710,1.2,42.0,0.1,late,48,16,3,0.19668,0.8724656025657239,3148,6852,1000,P2,0.0680536622030184,6805.366220301839,0.1,10000,12,2452,5391,1.0,0,10000,0.06062,0,0.3082163921090096,"{""budget"": 6852}"
device_0,0.9375,1701,1.2,42.0,0.1,late,48,16,3,0.20509,0.9402237906216514,3191,6809,1000,P2,0.06967132517346604,6967.132517346604,0.1,10000,11,2475,5255,1.0,0,10000,0.06927,0,0.33775415671168757,"{""budget"": 6809}"
device_0,0.9375,1702,1.2,42.0,0.1,late,48,16,3,0.19366,0.9366016280001491,3090,6910,1000,P2,0.06752436607898915,6752.436607898915,0.1,10000,11,2460,5094,1.0,0,10000,0.05918,0,0.3055871114324073,"{""budget"": 6910}"
device_0,0.9375,1703,1.2,42.0,0.1,late,48,16,3,0.19489,0.9369055048961522,3087,6913,1000,P2,0.06778110629062851,6778.110629062851,0.1,10000,12,2510,5160,1.0,0,10000,0.05945,0,0.3050438709015342,"{""budget"": 6913}"
device_0,0.9375,1704,1.2,42.0,0.1,late,48,16,3,0.19999,0.9358099323716185,3218,6782,1000,P2,0.06851225687497366,6851.2256874973655,0.1,10000,13,2483,5219,1.0,0,10000,0.0632,0,0.3160158007900395,"{""budget"": 6782}"
device_0,0.9375,1705,1.2,42.0,0.1,late,48,16,3,0.19063,0.9374553760710133,3080,6920,1000,P2,0.06689436501817073,6689.436501817072,0.1,10000,13,2505,4981,1.0,0,10000,0.05651,0,0.2964381262130829,"{""budget"": 6920}"
device_0,0.9375,1706,1.2,42.0,0.1,late,48,16,3,0.20144,0.9386428776611538,3154,6846,1000,P2,0.06890873069178084,6890.873069178084,0.1,10000,11,2508,5264,1.0,0,10000,0.06418,0,0.3186060365369341,"{""budget"": 6846}"
device_0,0.9375,1707,1.2,42.0,0.1,late,48,16,3,0.20073,0.9386652506542138,3202,6798,1000,P2,0.0687281477263397,6872.81477263397,0.1,10000,14,2460,5239,1.0,0,10000,0.06346,0,0.3161460668559757,"{""budget"": 6798}"
device_0,0.9375,1708,1.2,42.0,0.1,late,48,16,3,0.19042,0.9350336658268497,3012,6988,1000,P2,0.06672831664754045,6672.831664754045,0.1,10000,14,2490,4968,1.0,0,10000,0.0566,0,0.2972376851171096,"{""budget"": 6988}"
device_0,0.9375,1709,1.2,42.0,0.1,late,48,16,3,0.20214,0.9387695757970393,3236,6764,1000,P2,0.06895067362029651,6895.067362029651,0.1,10000,11,2520,5200,1.0,0,10000,0.06552,0,0.3241317898486198,"{""budget"": 6764}"
device_0,0.9375,1710,1.2,42.0,0.1,late,48,16,3,0.20082,0.9338903427364145,3133,6867,1000,P2,0.0685409510409136,6854.09510409136,0.1,10000,16,2506,5219,1.0,0,10000,0.06384,0,0.31789662384224676,"{""budget"": 6867}"
device_0,0.975,1701,1.2,42.0,0.1,late,48,16,3,0.20012,0.9750727182312047,3130,6870,1000,P2,0.06877013594341103,6877.013594341102,0.1,10000,12,2490,5074,1.0,0,10000,0.06394,0,0.3195082950229862,"{""budget"": 6870}"
device_0,0.975,1702,1.2,42.0,0.1,late,48,16,3,0.19762,0.9739220248349032,3200,6800,1000,P2,0.0683180566787649,6831.80566787649,0.1,10000,14,2475,4991,1.0,0,10000,0.06254,0,0.316465944742435,"{""budget"": 6800}"
device_0,0.975,1703,1.2,42.0,0.1,late,48,16,3,0.1984,0.975854682367182,3132,6868,1000,P2,0.06839702400113137,6839.702400113138,0.1,10000,16,2465,4990,1.0,0,10000,0.06241,0,0.3145665322580645,"{""budget"": 6868}"
device_0,0.975,1704,1.2,42.0,0.1,late,48,16,3,0.19634,0.9733501805342133,3171,6829,1000,P2,0.06794007103999307,6794.007103999307,0.1,10000,14,2452,5033,1.0,0,10000,0.06066,0,0.30895385555668736,"{""budget"": 6829}"
device_0,0.975,1705,1.2,42.0,0.1,late,48,16,3,0.19493,0.9747974986214312,3113,6887,1000,P2,0.0675179269437228,6751.7926943722805,0.1,10000,15,2504,4934,1.0,0,10000,0.0592,0,0.3036987636587493,"{""budget"": 6887}"
device_0,0.975,1706,1.2,42.0,0.1,late,48,16,3,0.203,0.9742259419786155,3184,6816,1000,P2,0.06891093754436059,6891.093754436059,0.1,10000,21,2488,5128,1.0,0,10000,0.06585,0,0.32438423645320197,"{""budget"": 6816}"
device_0,0.975,1707,1.2,42.0,0.1,late,48,16,3,0.20266,0.9738223967562294,3142,6858,1000,P2,0.069090661392493,6909.066139249299,0.1,10000,14,2493,5037,1.0,0,10000,0.06585,0,0.3249284515938024,"{""budget"": 6858}"
device_0,0.975,1708,1.2,42.0,0.1,late,48,16,3,0.19043,0.9746047948044175,3000,7000,1000,P2,0.06683281101571036,6683.281101571036,0.1,10000,14,2495,4837,1.0,0,10000,0.0554,0,0.2909205482329465,"{""budget"": 7000}"
device_0,0.975,1709,1.2,42.0,0.1,late,48,16,3,0.19294,0.9749540477640206,2978,7022,1000,P2,0.06729869831166962,6729.869831166962,0.1,10000,12,2477,4907,1.0,0,10000,0.05702,0,0.2955322898310356,"{""budget"": 7022}"
device_0,0.975,1710,1.2,42.0,0.1,late,48,16,3,0.19779,0.9774683509778551,3120,6880,1000,P2,0.06823637624595812,6823.637624595812,0.1,10000,12,2447,4913,1.0,0,10000,0.06095,0,0.3081551140098084,"{""budget"": 6880}"
device_0,0.0,1701,1.2,42.0,0.15,drop,48,16,3,0.19936,-0.002661444942765865,3163,11837,1000,P2,0.04615101739108419,4615.101739108419,0.15,15000,5,1839,12700,1.0,0,15000,0.01228,0,0.061597110754414125,"{""budget"": 11837}"
device_0,0.0,1702,1.2,42.0,0.15,drop,48,16,3,0.20106,0.005830007599770396,3200,11800,1000,P2,0.04642130350702968,4642.130350702968,0.15,15000,6,1981,12523,1.0,0,15000,0.01532,0,0.07619616035014423,"{""budget"": 11800}"
device_0,0.0,1703,1.2,42.0,0.15,drop,48,16,3,0.19952,0.005656351965683195,3200,11800,1000,P2,0.04626613752757521,4626.613752757521,0.15,15000,5,1946,12546,1.0,0,15000,0.01419,0,0.07112068965517242,"{""budget"": 11800}"
device_0,0.0,1704,1.2,42.0,0.15,drop,48,16,3,0.20257,0.002457782015709934,3103,11897,1000,P2,0.04672251705005616,4672.251705005616,0.15,15000,5,1938,12573,1.0,0,15000,0.01583,0,0.07814582613417584,"{""budget"": 11897}"
device_0,0.0,1705,1.2,42.0,0.15,drop,48,16,3,0.20104,-0.004155617772998724,3178,11822,1000,P2,0.046341868178604056,4634.186817860405,0.15,15000,6,1897,12629,1.0,0,15000,0.01414,0,0.07033426183844012,"{""budget"": 11822}"
device_0,0.0,1706,1.2,42.0,0.15,drop,48,16,3,0.20062,-0.0045443747273977144,3146,11854,1000,P2,0.04619549294198686,4619.549294198686,0.15,15000,6,1866,12674,1.0,0,15000,0.01338,0,0.06669325092214136,"{""budget"": 11854}"
device_0,0.0,1707,1.2,42.0,0.15,drop,48,16,3,0.19896,0.001346027845602329,3139,11861,1000,P2,0.046151866694613145,4615.1866694613145,0.15,15000,6,1854,12630,1.0,0,15000,0.01266,0,0.06363088057901085,"{""budget"": 11861}"
device_0,0.0,1708,1.2,42.0,0.15,drop,48,16,3,0.19922,-0.001372807149175493,3189,11811,1000,P2,0.04625936446300628,4625.936446300629,0.15,15000,6,1864,12642,1.0,0,15000,0.0135,0,0.06776428069470937,"{""budget"": 11811}"
device_0,0.0,1709,1.2,42.0,0.15,drop,48,16,3,0.20001,0.005034822885721277,3191,11809,1000,P2,0.046210786760250484,4621.0786760250485,0.15,15000,6,1921,12605,1.0,0,15000,0.01303,0,0.06514674266286685,"{""budget"": 11809}"
device_0,0.0,1710,1.2,42.0,0.15,drop,48,16,3,0.19848,0.0007247411049733544,3096,11904,1000,P2,0.045893341942303705,4589.3341942303705,0.15,15000,5,1892,12667,1.0,0,15000,0.01196,0,0.060257960499798466,"{""budget"": 11904}"
device_0,0.375,1701,1.2,42.0,0.15,drop,48,16,3,0.19773,0.37585282092426525,3098,11902,1000,P2,0.04595840964460542,4595.840964460543,0.15,15000,11,3524,9237,1.0,0,15000,0.01159,0,0.05861528346735447,"{""budget"": 11902}"
device_0,0.375,1702,1.2,42.0,0.15,drop,48,16,3,0.20083,0.3763938072575695,3186,11814,1000,P2,0.04649755696811302,4649.755696811302,0.15,15000,11,3466,9280,1.0,0,15000,0.01406,0,0.07000946073793755,"{""budget"": 11814}"
device_0,0.375,1703,1.2,42.0,0.15,drop,48,16,3,0.19949,0.3708761472322628,3203,11797,1000,P2,0.046364731634167496,4636.473163416749,0.15,15000,12,3437,9321,1.0,0,15000,0.01408,0,0.0705799789463131,"{""budget"": 11797}"
device_0,0.375,1704,1.2,42.0,0.15,drop,48,16,3,0.19956,0.37083454970073176,3200,11800,1000,P2,0.04635299023056734,4635.299023056734,0.15,15000,10,3478,9274,1.0,0,15000,0.0134,0,0.06714772499498897,"{""budget"": 11800}"
device_0,0.375,1705,1.2,42.0,0.15,drop,48,16,3,0.1976,0.38054564128452917,3144,11856,1000,P2,0.0457559130313586,4575.59130313586,0.15,15000,12,3520,9213,1.0,0,15000,0.01208,0,0.061133603238866394,"{""budget"": 11856}"
device_0,0.375,1706,1.2,42.0,0.15,drop,48,16,3,0.19975,0.37847803043317246,3216,11784,1000,P2,0.046303051813524246,4630.305181352424,0.15,15000,9,3522,9260,1.0,0,15000,0.01281,0,0.06413016270337922,"{""budget"": 11784}"
device_0,0.375,1707,1.2,42.0,0.15,drop,48,16,3,0.19756,0.3714936166119789,3179,11821,1000,P2,0.04595045691371943,4595.045691371943,0.15,15000,9,3476,9349,1.0,0,15000,0.0125,0,0.06327191739218466,"{""budget"": 11821}"
device_0,0.375,1708,1.2,42.0,0.15,drop,48,16,3,0.19968,0.3728274067949136,3026,11974,1000,P2,0.04639389569882249,4639.389569882249,0.15,15000,10,3424,9330,1.0,0,15000,0.01422,0,0.0712139423076923,"{""budget"": 11974}"
device_0,0.375,1709,1.2,42.0,0.15,drop,48,16,3,0.20214,0.3789219763360735,3255,11745,1000,P2,0.04662142307395266,4662.142307395266,0.15,15000,10,3461,9266,1.0,0,15000,0.01617,0,0.07999406352033245,"{""budget"": 11745}"
device_0,0.375,1710,1.2,42.0,0.15,drop,48,16,3,0.19842,0.37511826036297974,3242,11758,1000,P2,0.04590827427634512,4590.827427634512,0.15,15000,8,3463,9274,1.0,0,15000,0.01257,0,0.06335046870275174,"{""budget"": 11758}"
device_0,0.75,1701,1.2,42.0,0.15,drop,48,16,3,0.20817,0.7556341521150168,3279,11721,1000,P2,0.04778567206724629,4778.56720672463,0.15,15000,18,3660,6199,1.0,0,15000,0.02043,0,0.09814094249891915,"{""budget"": 11721}"
device_0,0.75,1702,1.2,42.0,0.15,drop,48,16,3,0.20244,0.7487885933421545,3324,11676,1000,P2,0.046506118931214105,4650.6118931214105,0.15,15000,15,3592,6076,1.0,0,15000,0.01568,0,0.07745504840940526,"{""budget"": 11676}"
device_0,0.75,1703,1.2,42.0,0.15,drop,48,16,3,0.20102,0.7470900970852136,3268,11732,1000,P2,0.04653911826944093,4653.911826944093,0.15,15000,17,3637,6035,1.0,0,15000,0.01437,0,0.07148542433588698,"{""budget"": 11732}"
device_0,0.75,1704,1.2,42.0,0.15,drop,48,16,3,0.19715,0.7479806369104111,3132,11868,1000,P2,0.045724388948105876,4572.438894810588,0.15,15000,19,3504,5844,1.0,0,15000,0.01058,0,0.05366472229267055,"{""budget"": 11868}"
device_0,0.75,1705,1.2,42.0,0.15,drop,48,16,3,0.20494,0.7506431485678381,3323,11677,1000,P2,0.047144294277220535,4714.429427722053,0.15,15000,23,3584,6118,1.0,0,15000,0.01867,0,0.09109983409778472,"{""budget"": 11677}"
device_0,0.75,1706,1.2,42.0,0.15,drop,48,16,3,0.20282,0.7537784223147826,3142,11858,1000,P2,0.04664112584073115,4664.112584073115,0.15,15000,17,3571,5993,1.0,0,15000,0.01491,0,0.07351346021102455,"{""budget"": 11858}"
device_0,0.75,1707,1.2,42.0,0.15,drop,48,16,3,0.20138,0.7431906944181493,3220,11780,1000,P2,0.04690555839454164,4690.555839454164,0.15,15000,19,3574,6064,1.0,0,15000,0.01536,0,0.07627371139139935,"{""budget"": 11780}"
device_0,0.75,1708,1.2,42.0,0.15,drop,48,16,3,0.20034,0.7475350990705809,3173,11827,1000,P2,0.046100538444911306,4610.053844491131,0.15,15000,20,3570,6030,1.0,0,15000,0.01316,0,0.06568832983927324,"{""budget"": 11827}"
device_0,0.75,1709,1.2,42.0,0.15,drop,48,16,3,0.20613,0.7542776800152501,3271,11729,1000,P2,0.047517624324784055,4751.762432478406,0.15,15000,19,3603,6149,1.0,0,15000,0.0191,0,0.09265997186241692,"{""budget"": 11729}"
device_0,0.75,1710,1.2,42.0,0.15,drop,48,16,3,0.20286,0.74728584709585,3198,11802,1000,P2,0.046729225952687796,4672.922595268779,0.15,15000,17,3609,6108,1.0,0,15000,0.0155,0,0.07640737454402051,"{""budget"": 11802}"
device_0,0.875,1701,1.2,42.0,0.15,drop,48,16,3,0.20249,0.8763990178082249,3214,11786,1000,P2,0.046663256722428166,4666.325672242817,0.15,15000,19,3270,4941,1.0,0,15000,0.01557,0,0.07689268605857079,"{""budget"": 11786}"
device_0,0.875,1702,1.2,42.0,0.15,drop,48,16,3,0.19703,0.8759866636367837,3061,11939,1000,P2,0.04568539423926601,4568.539423926601,0.15,15000,23,3209,4670,1.0,0,15000,0.01127,0,0.05719941125716896,"{""budget"": 11939}"
device_0,0.875,1703,1.2,42.0,0.15,drop,48,16,3,0.20238,0.8773687974569232,3265,11735,1000,P2,0.04653975744963569,4653.975744963569,0.15,15000,29,3248,4945,1.0,0,15000,0.01528,0,0.07550153177191422,"{""budget"": 11735}"
device_0,0.875,1704,1.2,42.0,0.15,drop,48,16,3,0.19663,0.8771256568671042,3154,11846,1000,P2,0.045820276835429524,4582.027683542952,0.15,15000,24,3183,4608,1.0,0,15000,0.01141,0,0.058027767888928446,"{""budget"": 11846}"
device_0,0.875,1705,1.2,42.0,0.15,drop,48,16,3,0.20133,0.8756186617053834,3183,11817,1000,P2,0.04667585196082602,4667.585196082602,0.15,15000,20,3330,4924,1.0,0,15000,0.01408,0,0.06993493269756122,"{""budget"": 11817}"
device_0,0.875,1706,1.2,42.0,0.15,drop,48,16,3,0.19605,0.8731077294363513,3189,11811,1000,P2,0.04537291182177151,4537.29118217715,0.15,15000,24,3159,4660,1.0,0,15000,0.0103,0,0.05253761795460342,"{""budget"": 11811}"
device_0,0.875,1707,1.2,42.0,0.15,drop,48,16,3,0.2,0.8774036452681541,3167,11833,1000,P2,0.04619651433583915,4619.651433583915,0.15,15000,23,3256,4784,1.0,0,15000,0.01361,0,0.06805,"{""budget"": 11833}"
device_0,0.875,1708,1.2,42.0,0.15,drop,48,16,3,0.20258,0.87442580026271,3321,11679,1000,P2,0.04672348890674986,4672.348890674986,0.15,15000,21,3312,4981,1.0,0,15000,0.01515,0,0.07478527001678349,"{""budget"": 11679}"
device_0,0.875,1709,1.2,42.0,0.15,drop,48,16,3,0.19831,0.8770598020870867,3067,11933,1000,P2,0.045820594648918495,4582.0594648918495,0.15,15000,29,3198,4695,1.0,0,15000,0.0115,0,0.05799001563209117,"{""budget"": 11933}"
device_0,0.875,1710,1.2,42.0,0.15,drop,48,16,3,0.19668,0.8724656025657239,3148,11852,1000,P2,0.04569965260371171,4569.965260371171,0.15,15000,20,3233,4715,1.0,0,15000,0.01062,0,0.05399633923123856,"{""budget"": 11852}"
device_0,0.9375,1701,1.2,42.0,0.15,drop,48,16,3,0.20509,0.9402237906216514,3191,11809,1000,P2,0.04731049238048701,4731.049238048701,0.15,15000,21,3172,4503,1.0,0,15000,0.01927,0,0.09395874981715345,"{""budget"": 11809}"
device_0,0.9375,1702,1.2,42.0,0.15,drop,48,16,3,0.19366,0.9366016280001491,3090,11910,1000,P2,0.04517970741241128,4517.970741241128,0.15,15000,24,2880,3947,1.0,0,15000,0.00918,0,0.04740266446349272,"{""budget"": 11910}"
device_0,0.9375,1703,1.2,42.0,0.15,drop,48,16,3,0.19489,0.9369055048961522,3087,11913,1000,P2,0.04546003305196177,4546.003305196177,0.15,15000,24,2926,4011,1.0,0,15000,0.00945,0,0.048488891169377595,"{""budget"": 11913}"
device_0,0.9375,1704,1.2,42.0,0.15,drop,48,16,3,0.19999,0.9358099323716185,3218,11782,1000,P2,0.046138672652522625,4613.867265252263,0.15,15000,29,3043,4293,1.0,0,15000,0.0132,0,0.06600330016500824,"{""budget"": 11782}"
device_0,0.9375,1705,1.2,42.0,0.15,drop,48,16,3,0.19063,0.9374553760710133,3080,11920,1000,P2,0.04456425214670628,4456.425214670628,0.15,15000,38,2774,3787,1.0,0,15000,0.00651,0,0.03414992393642134,"{""budget"": 11920}"
device_0,0.9375,1706,1.2,42.0,0.15,drop,48,16,3,0.20144,0.9386428776611538,3154,11846,1000,P2,0.046559267010108527,4655.926701010852,0.15,15000,27,3075,4359,1.0,0,15000,0.01418,0,0.07039316918189038,"{""budget"": 11846}"
device_0,0.9375,1707,1.2,42.0,0.15,drop,48,16,3,0.20073,0.9386652506542138,3202,11798,1000,P2,0.04634981612548461,4634.981612548461,0.15,15000,29,3042,4282,1.0,0,15000,0.01346,0,0.06705524834354605,"{""budget"": 11798}"
device_0,0.9375,1708,1.2,42.0,0.15,drop,48,16,3,0.19042,0.9350336658268497,3012,11988,1000,P2,0.044436702164578755,4443.6702164578755,0.15,15000,49,2809,3756,1.0,0,15000,0.0066,0,0.034660224766306064,"{""budget"": 11988}"
device_0,0.9375,1709,1.2,42.0,0.15,drop,48,16,3,0.20214,0.9387695757970393,3236,11764,1000,P2,0.04657627145563228,4657.627145563228,0.15,15000,23,3091,4364,1.0,0,15000,0.01552,0,0.07677847036707233,"{""budget"": 11764}"
device_0,0.9375,1710,1.2,42.0,0.15,drop,48,16,3,0.20082,0.9338903427364145,3133,11867,1000,P2,0.04619962137131621,4619.962137131621,0.15,15000,22,3093,4389,1.0,0,15000,0.01384,0,0.06891743850214122,"{""budget"": 11867}"
device_0,0.975,1701,1.2,42.0,0.15,drop,48,16,3,0.20012,0.9750727182312047,3130,11870,1000,P2,0.04643548678438223,4643.548678438223,0.15,15000,36,2894,3974,1.0,0,15000,0.01394,0,0.06965820507695383,"{""budget"": 11870}"
device_0,0.975,1702,1.2,42.0,0.15,drop,48,16,3,0.19762,0.9739220248349032,3200,11800,1000,P2,0.04596378038414281,4596.378038414281,0.15,15000,30,2852,3825,1.0,0,15000,0.01254,0,0.06345511587895962,"{""budget"": 11800}"
device_0,0.975,1703,1.2,42.0,0.15,drop,48,16,3,0.1984,0.975854682367182,3132,11868,1000,P2,0.0460580757426856,4605.80757426856,0.15,15000,25,2868,3884,1.0,0,15000,0.01241,0,0.06255040322580645,"{""budget"": 11868}"
device_0,0.975,1704,1.2,42.0,0.15,drop,48,16,3,0.19634,0.9733501805342133,3171,11829,1000,P2,0.04558442982602071,4558.442982602071,0.15,15000,40,2811,3746,1.0,0,15000,0.01066,0,0.05429357237445248,"{""budget"": 11829}"
device_0,0.975,1705,1.2,42.0,0.15,drop,48,16,3,0.19493,0.9747974986214312,3113,11887,1000,P2,0.04518647765583109,4518.647765583109,0.15,15000,30,2732,3635,1.0,0,15000,0.0092,0,0.04719642948750834,"{""budget"": 11887}"
device_0,0.975,1706,1.2,42.0,0.15,drop,48,16,3,0.203,0.9742259419786155,3184,11816,1000,P2,0.046546610091241725,4654.661009124173,0.15,15000,28,2950,4134,1.0,0,15000,0.01585,0,0.07807881773399014,"{""budget"": 11816}"
device_0,0.975,1707,1.2,42.0,0.15,drop,48,16,3,0.20266,0.9738223967562294,3142,11858,1000,P2,0.04674317150762392,4674.317150762392,0.15,15000,29,2893,4080,1.0,0,15000,0.01585,0,0.07820980953320833,"{""budget"": 11858}"
device_0,0.975,1708,1.2,42.0,0.15,drop,48,16,3,0.19043,0.9746047948044175,3000,12000,1000,P2,0.04454467505780729,4454.467505780729,0.15,15000,34,2608,3363,1.0,0,15000,0.0054,0,0.02835687654256157,"{""budget"": 12000}"
device_0,0.975,1709,1.2,42.0,0.15,drop,48,16,3,0.19294,0.9749540477640206,2978,12022,1000,P2,0.04502329590445951,4502.329590445951,0.15,15000,27,2684,3518,1.0,0,15000,0.00702,0,0.03638436819736706,"{""budget"": 12022}"
device_0,0.975,1710,1.2,42.0,0.15,drop,48,16,3,0.19779,0.9774683509778551,3120,11880,1000,P2,0.04589696054238917,4589.696054238917,0.15,15000,33,2806,3761,1.0,0,15000,0.01095,0,0.05536174730775065,"{""budget"": 11880}"
device_0,0.0,1701,1.2,42.0,0.15,late,48,16,3,0.19936,-0.002661444942765865,3163,11837,1000,P2,0.06100105981303233,6100.105981303233,0.15,15000,6,1854,12695,1.0,0,15000,0.01228,0,0.061597110754414125,"{""budget"": 11837}"
device_0,0.0,1702,1.2,42.0,0.15,late,48,16,3,0.20106,0.005830007599770396,3200,11800,1000,P2,0.061246257715316804,6124.625771531681,0.15,15000,6,1937,12567,1.0,0,15000,0.01532,0,0.07619616035014423,"{""budget"": 11800}"
device_0,0.0,1703,1.2,42.0,0.15,late,48,16,3,0.19952,0.005656351965683195,3200,11800,1000,P2,0.061117948383439195,6111.79483834392,0.15,15000,7,1955,12546,1.0,0,15000,0.01419,0,0.07112068965517242,"{""budget"": 11800}"
device_0,0.0,1704,1.2,42.0,0.15,late,48,16,3,0.20257,0.002457782015709934,3103,11897,1000,P2,0.061536889370040086,6153.688937004009,0.15,15000,6,1913,12568,1.0,0,15000,0.01583,0,0.07814582613417584,"{""budget"": 11897}"
device_0,0.0,1705,1.2,42.0,0.15,late,48,16,3,0.20104,-0.004155617772998724,3178,11822,1000,P2,0.06119236869526669,6119.236869526669,0.15,15000,7,1928,12588,1.0,0,15000,0.01414,0,0.07033426183844012,"{""budget"": 11822}"
device_0,0.0,1706,1.2,42.0,0.15,late,48,16,3,0.20062,-0.0045443747273977144,3146,11854,1000,P2,0.061073080869915815,6107.308086991581,0.15,15000,5,1851,12687,1.0,0,15000,0.01338,0,0.06669325092214136,"{""budget"": 11854}"
device_0,0.0,1707,1.2,42.0,0.15,late,48,16,3,0.19896,0.001346027845602329,3139,11861,1000,P2,0.0609776786942101,6097.76786942101,0.15,15000,6,1834,12653,1.0,0,15000,0.01266,0,0.06363088057901085,"{""budget"": 11861}"
device_0,0.0,1708,1.2,42.0,0.15,late,48,16,3,0.19922,-0.001372807149175493,3189,11811,1000,P2,0.061120338871389276,6112.033887138928,0.15,15000,6,1891,12640,1.0,0,15000,0.0135,0,0.06776428069470937,"{""budget"": 11811}"
device_0,0.0,1709,1.2,42.0,0.15,late,48,16,3,0.20001,0.005034822885721277,3191,11809,1000,P2,0.061059197779743425,6105.919777974343,0.15,15000,6,1947,12569,1.0,0,15000,0.01303,0,0.06514674266286685,"{""budget"": 11809}"
device_0,0.0,1710,1.2,42.0,0.15,late,48,16,3,0.19848,0.0007247411049733544,3096,11904,1000,P2,0.06073075955614002,6073.075955614002,0.15,15000,5,1861,12675,1.0,0,15000,0.01196,0,0.060257960499798466,"{""budget"": 11904}"
device_0,0.375,1701,1.2,42.0,0.15,late,48,16,3,0.19773,0.37585282092426525,3098,11902,1000,P2,0.060783249047144924,6078.324904714493,0.15,15000,11,3530,9251,1.0,0,15000,0.01159,0,0.05861528346735447,"{""budget"": 11902}"
device_0,0.375,1702,1.2,42.0,0.15,late,48,16,3,0.20083,0.3763938072575695,3186,11814,1000,P2,0.061334989589019485,6133.498958901949,0.15,15000,9,3475,9320,1.0,0,15000,0.01406,0,0.07000946073793755,"{""budget"": 11814}"
device_0,0.375,1703,1.2,42.0,0.15,late,48,16,3,0.19949,0.3708761472322628,3203,11797,1000,P2,0.061230630560152856,6123.063056015286,0.15,15000,13,3478,9293,1.0,0,15000,0.01408,0,0.0705799789463131,"{""budget"": 11797}"
device_0,0.375,1704,1.2,42.0,0.15,late,48,16,3,0.19956,0.37083454970073176,3200,11800,1000,P2,0.06120261297043408,6120.2612970434075,0.15,15000,10,3468,9303,1.0,0,15000,0.0134,0,0.06714772499498897,"{""budget"": 11800}"
device_0,0.375,1705,1.2,42.0,0.15,late,48,16,3,0.1976,0.38054564128452917,3144,11856,1000,P2,0.06063380281401711,6063.380281401711,0.15,15000,10,3525,9196,1.0,0,15000,0.01208,0,0.061133603238866394,"{""budget"": 11856}"
device_0,0.375,1706,1.2,42.0,0.15,late,48,16,3,0.19975,0.37847803043317246,3216,11784,1000,P2,0.061171084307618896,6117.108430761889,0.15,15000,9,3510,9242,1.0,0,15000,0.01281,0,0.06413016270337922,"{""budget"": 11784}"
device_0,0.375,1707,1.2,42.0,0.15,late,48,16,3,0.19756,0.3714936166119789,3179,11821,1000,P2,0.060769291958369887,6076.929195836989,0.15,15000,9,3465,9283,1.0,0,15000,0.0125,0,0.06327191739218466,"{""budget"": 11821}"
device_0,0.375,1708,1.2,42.0,0.15,late,48,16,3,0.19968,0.3728274067949136,3026,11974,1000,P2,0.06116719629740511,6116.719629740511,0.15,15000,10,3424,9326,1.0,0,15000,0.01422,0,0.0712139423076923,"{""budget"": 11974}"
device_0,0.375,1709,1.2,42.0,0.15,late,48,16,3,0.20214,0.3789219763360735,3255,11745,1000,P2,0.061512271303836026,6151.227130383602,0.15,15000,10,3474,9258,1.0,0,15000,0.01617,0,0.07999406352033245,"{""budget"": 11745}"
device_0,0.375,1710,1.2,42.0,0.15,late,48,16,3,0.19842,0.37511826036297974,3242,11758,1000,P2,0.060796703456626945,6079.670345662695,0.15,15000,9,3437,9309,1.0,0,15000,0.01257,0,0.06335046870275174,"{""budget"": 11758}"
device_0,0.75,1701,1.2,42.0,0.15,late,48,16,3,0.20817,0.7556341521150168,3279,11721,1000,P2,0.06259547423380274,6259.547423380273,0.15,15000,15,3655,6266,1.0,0,15000,0.02043,0,0.09814094249891915,"{""budget"": 11721}"
device_0,0.75,1702,1.2,42.0,0.15,late,48,16,3,0.20244,0.7487885933421545,3324,11676,1000,P2,0.06139504572316924,6139.504572316924,0.15,15000,21,3612,6068,1.0,0,15000,0.01568,0,0.07745504840940526,"{""budget"": 11676}"
device_0,0.75,1703,1.2,42.0,0.15,late,48,16,3,0.20102,0.7470900970852136,3268,11732,1000,P2,0.061409141816676366,6140.9141816676365,0.15,15000,17,3595,6011,1.0,0,15000,0.01437,0,0.07148542433588698,"{""budget"": 11732}"
device_0,0.75,1704,1.2,42.0,0.15,late,48,16,3,0.19715,0.7479806369104111,3132,11868,1000,P2,0.06059035855946,6059.035855946,0.15,15000,20,3489,5835,1.0,0,15000,0.01058,0,0.05366472229267055,"{""budget"": 11868}"
device_0,0.75,1705,1.2,42.0,0.15,late,48,16,3,0.20494,0.7506431485678381,3323,11677,1000,P2,0.06201064803632582,6201.064803632582,0.15,15000,20,3621,6092,1.0,0,15000,0.01867,0,0.09109983409778472,"{""budget"": 11677}"
device_0,0.75,1706,1.2,42.0,0.15,late,48,16,3,0.20282,0.7537784223147826,3142,11858,1000,P2,0.061428831759049354,6142.883175904935,0.15,15000,17,3616,6002,1.0,0,15000,0.01491,0,0.07351346021102455,"{""budget"": 11858}"
device_0,0.75,1707,1.2,42.0,0.15,late,48,16,3,0.20138,0.7431906944181493,3220,11780,1000,P2,0.06178122637785364,6178.122637785364,0.15,15000,23,3575,6090,1.0,0,15000,0.01536,0,0.07627371139139935,"{""budget"": 11780}"
device_0,0.75,1708,1.2,42.0,0.15,late,48,16,3,0.20034,0.7475350990705809,3173,11827,1000,P2,0.060911652260221966,6091.165226022196,0.15,15000,16,3592,5951,1.0,0,15000,0.01316,0,0.06568832983927324,"{""budget"": 11827}"
device_0,0.75,1709,1.2,42.0,0.15,late,48,16,3,0.20613,0.7542776800152501,3271,11729,1000,P2,0.06232154531229704,6232.154531229704,0.15,15000,15,3567,6094,1.0,0,15000,0.0191,0,0.09265997186241692,"{""budget"": 11729}"
device_0,0.75,1710,1.2,42.0,0.15,late,48,16,3,0.20286,0.74728584709585,3198,11802,1000,P2,0.061583702874283816,6158.370287428382,0.15,15000,18,3594,6066,1.0,0,15000,0.0155,0,0.07640737454402051,"{""budget"": 11802}"
device_0,0.875,1701,1.2,42.0,0.15,late,48,16,3,0.20249,0.8763990178082249,3214,11786,1000,P2,0.06150940262143148,6150.940262143148,0.15,15000,20,3248,4922,1.0,0,15000,0.01557,0,0.07689268605857079,"{""budget"": 11786}"
device_0,0.875,1702,1.2,42.0,0.15,late,48,16,3,0.19703,0.8759866636367837,3061,11939,1000,P2,0.06050592093413451,6050.592093413451,0.15,15000,26,3232,4665,1.0,0,15000,0.01127,0,0.05719941125716896,"{""budget"": 11939}"
device_0,0.875,1703,1.2,42.0,0.15,late,48,16,3,0.20238,0.8773687974569232,3265,11735,1000,P2,0.0614067453717064,6140.67453717064,0.15,15000,23,3270,4937,1.0,0,15000,0.01528,0,0.07550153177191422,"{""budget"": 11735}"
device_0,0.875,1704,1.2,42.0,0.15,late,48,16,3,0.19663,0.8771256568671042,3154,11846,1000,P2,0.06065586806082245,6065.586806082245,0.15,15000,23,3160,4599,1.0,0,15000,0.01141,0,0.058027767888928446,"{""budget"": 11846}"
device_0,0.875,1705,1.2,42.0,0.15,late,48,16,3,0.20133,0.8756186617053834,3183,11817,1000,P2,0.06151626528855657,6151.626528855657,0.15,15000,18,3303,4935,1.0,0,15000,0.01408,0,0.06993493269756122,"{""budget"": 11817}"
device_0,0.875,1706,1.2,42.0,0.15,late,48,16,3,0.19605,0.8731077294363513,3189,11811,1000,P2,0.06027957101912566,6027.957101912566,0.15,15000,27,3196,4656,1.0,0,15000,0.0103,0,0.05253761795460342,"{""budget"": 11811}"
device_0,0.875,1707,1.2,42.0,0.15,late,48,16,3,0.2,0.8774036452681541,3167,11833,1000,P2,0.061048349401078866,6104.834940107887,0.15,15000,19,3251,4781,1.0,0,15000,0.01361,0,0.06805,"{""budget"": 11833}"
device_0,0.875,1708,1.2,42.0,0.15,late,48,16,3,0.20258,0.87442580026271,3321,11679,1000,P2,0.06163915995437731,6163.915995437731,0.15,15000,23,3333,4983,1.0,0,15000,0.01515,0,0.07478527001678349,"{""budget"": 11679}"
device_0,0.875,1709,1.2,42.0,0.15,late,48,16,3,0.19831,0.8770598020870867,3067,11933,1000,P2,0.060636008152703674,6063.600815270367,0.15,15000,21,3166,4683,1.0,0,15000,0.0115,0,0.05799001563209117,"{""budget"": 11933}"
device_0,0.875,1710,1.2,42.0,0.15,late,48,16,3,0.19668,0.8724656025657239,3148,11852,1000,P2,0.06058019196897309,6058.019196897309,0.15,15000,20,3249,4702,1.0,0,15000,0.01062,0,0.05399633923123856,"{""budget"": 11852}"
device_0,0.9375,1701,1.2,42.0,0.15,late,48,16,3,0.20509,0.9402237906216514,3191,11809,1000,P2,0.06210652006536658,6210.652006536658,0.15,15000,33,3160,4504,1.0,0,15000,0.01927,0,0.09395874981715345,"{""budget"": 11809}"
device_0,0.9375,1702,1.2,42.0,0.15,late,48,16,3,0.19366,0.9366016280001491,3090,11910,1000,P2,0.060079401514984566,6007.9401514984565,0.15,15000,30,2923,3976,1.0,0,15000,0.00918,0,0.04740266446349272,"{""budget"": 11910}"
device_0,0.9375,1703,1.2,42.0,0.15,late,48,16,3,0.19489,0.9369055048961522,3087,11913,1000,P2,0.06032201795116478,6032.201795116478,0.15,15000,28,2937,4030,1.0,0,15000,0.00945,0,0.048488891169377595,"{""budget"": 11913}"
device_0,0.9375,1704,1.2,42.0,0.15,late,48,16,3,0.19999,0.9358099323716185,3218,11782,1000,P2,0.0610009449026713,6100.09449026713,0.15,15000,27,3061,4312,1.0,0,15000,0.0132,0,0.06600330016500824,"{""budget"": 11782}"
device_0,0.9375,1705,1.2,42.0,0.15,late,48,16,3,0.19063,0.9374553760710133,3080,11920,1000,P2,0.05946993139320335,5946.993139320335,0.15,15000,27,2805,3785,1.0,0,15000,0.00651,0,0.03414992393642134,"{""budget"": 11920}"
device_0,0.9375,1706,1.2,42.0,0.15,late,48,16,3,0.20144,0.9386428776611538,3154,11846,1000,P2,0.06139161681594147,6139.161681594147,0.15,15000,25,3112,4380,1.0,0,15000,0.01418,0,0.07039316918189038,"{""budget"": 11846}"
device_0,0.9375,1707,1.2,42.0,0.15,late,48,16,3,0.20073,0.9386652506542138,3202,11798,1000,P2,0.061213530509031736,6121.353050903173,0.15,15000,23,3062,4348,1.0,0,15000,0.01346,0,0.06705524834354605,"{""budget"": 11798}"
device_0,0.9375,1708,1.2,42.0,0.15,late,48,16,3,0.19042,0.9350336658268497,3012,11988,1000,P2,0.059301416294227256,5930.141629422726,0.15,15000,41,2780,3735,1.0,0,15000,0.0066,0,0.034660224766306064,"{""budget"": 11988}"
device_0,0.9375,1709,1.2,42.0,0.15,late,48,16,3,0.20214,0.9387695757970393,3236,11764,1000,P2,0.06141347095520197,6141.347095520197,0.15,15000,28,3109,4336,1.0,0,15000,0.01552,0,0.07677847036707233,"{""budget"": 11764}"
device_0,0.9375,1710,1.2,42.0,0.15,late,48,16,3,0.20082,0.9338903427364145,3133,11867,1000,P2,0.061024879706654794,6102.487970665479,0.15,15000,28,3097,4333,1.0,0,15000,0.01384,0,0.06891743850214122,"{""budget"": 11867}"
device_0,0.975,1701,1.2,42.0,0.15,late,48,16,3,0.20012,0.9750727182312047,3130,11870,1000,P2,0.06125349654755089,6125.349654755089,0.15,15000,25,2922,3979,1.0,0,15000,0.01394,0,0.06965820507695383,"{""budget"": 11870}"
device_0,0.975,1702,1.2,42.0,0.15,late,48,16,3,0.19762,0.9739220248349032,3200,11800,1000,P2,0.060820231505401154,6082.023150540115,0.15,15000,26,2845,3823,1.0,0,15000,0.01254,0,0.06345511587895962,"{""budget"": 11800}"
device_0,0.975,1703,1.2,42.0,0.15,late,48,16,3,0.1984,0.975854682367182,3132,11868,1000,P2,0.06089131465864444,6089.131465864444,0.15,15000,32,2869,3874,1.0,0,15000,0.01241,0,0.06255040322580645,"{""budget"": 11868}"
device_0,0.975,1704,1.2,42.0,0.15,late,48,16,3,0.19634,0.9733501805342133,3171,11829,1000,P2,0.06045498931034086,6045.498931034086,0.15,15000,34,2840,3775,1.0,0,15000,0.01066,0,0.05429357237445248,"{""budget"": 11829}"
device_0,0.975,1705,1.2,42.0,0.15,late,48,16,3,0.19493,0.9747974986214312,3113,11887,1000,P2,0.060052725337547457,6005.272533754745,0.15,15000,28,2771,3633,1.0,0,15000,0.0092,0,0.04719642948750834,"{""budget"": 11887}"
device_0,0.975,1706,1.2,42.0,0.15,late,48,16,3,0.203,0.9742259419786155,3184,11816,1000,P2,0.06139243134982273,6139.243134982273,0.15,15000,43,2979,4105,1.0,0,15000,0.01585,0,0.07807881773399014,"{""budget"": 11816}"
device_0,0.975,1707,1.2,42.0,0.15,late,48,16,3,0.20266,0.9738223967562294,3142,11858,1000,P2,0.06156372298134647,6156.372298134647,0.15,15000,33,2948,4061,1.0,0,15000,0.01585,0,0.07820980953320833,"{""budget"": 11858}"
device_0,0.975,1708,1.2,42.0,0.15,late,48,16,3,0.19043,0.9746047948044175,3000,12000,1000,P2,0.0594271756186235,5942.71756186235,0.15,15000,29,2606,3392,1.0,0,15000,0.0054,0,0.02835687654256157,"{""budget"": 12000}"
device_0,0.975,1709,1.2,42.0,0.15,late,48,16,3,0.19294,0.9749540477640206,2978,12022,1000,P2,0.05986488638864786,5986.4886388647865,0.15,15000,31,2686,3542,1.0,0,15000,0.00702,0,0.03638436819736706,"{""budget"": 12022}"
device_0,0.975,1710,1.2,42.0,0.15,late,48,16,3,0.19779,0.9774683509778551,3120,11880,1000,P2,0.0607592832673612,6075.92832673612,0.15,15000,33,2809,3795,1.0,0,15000,0.01095,0,0.05536174730775065,"{""budget"": 11880}"
device_0,0.0,1701,1.35,47.25,0.01,drop,48,16,3,0.19936,-0.002661444942765865,516,484,1000,P2,0.06238732321298417,6238.732321298417,0.01,1000,2,12,982,1.0,0,1000,0.04739,0,0.23771067415730338,"{""budget"": 484}"
device_0,0.0,1702,1.35,47.25,0.01,drop,48,16,3,0.20106,0.005830007599770396,487,513,1000,P2,0.0625408878063617,6254.08878063617,0.01,1000,2,7,985,1.0,0,1000,0.04837,0,0.24057495275042276,"{""budget"": 513}"
device_0,0.0,1703,1.35,47.25,0.01,drop,48,16,3,0.19952,0.005656351965683195,497,503,1000,P2,0.06246856584402474,6246.856584402474,0.01,1000,2,8,983,1.0,0,1000,0.04877,0,0.24443664795509223,"{""budget"": 503}"
device_0,0.0,1704,1.35,47.25,0.01,drop,48,16,3,0.20257,0.002457782015709934,527,473,1000,P2,0.06269720759241679,6269.720759241678,0.01,1000,2,10,980,1.0,0,1000,0.04758,0,0.23488176926494544,"{""budget"": 473}"
device_0,0.0,1705,1.35,47.25,0.01,drop,48,16,3,0.20104,-0.004155617772998724,482,518,1000,P2,0.06257783166472056,6257.783166472056,0.01,1000,2,15,980,1.0,0,1000,0.0485,0,0.24124552327894946,"{""budget"": 518}"
device_0,0.0,1706,1.35,47.25,0.01,drop,48,16,3,0.20062,-0.0045443747273977144,517,483,1000,P2,0.06250167811247363,6250.167811247364,0.01,1000,2,4,989,1.0,0,1000,0.04833,0,0.24090320007975277,"{""budget"": 483}"
device_0,0.0,1707,1.35,47.25,0.01,drop,48,16,3,0.19896,0.001346027845602329,467,533,1000,P2,0.06233405440284163,6233.405440284163,0.01,1000,2,14,981,1.0,0,1000,0.04726,0,0.237535182951347,"{""budget"": 533}"
device_0,0.0,1708,1.35,47.25,0.01,drop,48,16,3,0.19922,-0.001372807149175493,497,503,1000,P2,0.062417021886178044,6241.7021886178045,0.01,1000,2,5,985,1.0,0,1000,0.04853,0,0.24360004015661077,"{""budget"": 503}"
device_0,0.0,1709,1.35,47.25,0.01,drop,48,16,3,0.20001,0.005034822885721277,508,492,1000,P2,0.06258132181660861,6258.1321816608615,0.01,1000,2,10,976,1.0,0,1000,0.04843,0,0.24213789310534473,"{""budget"": 492}"
device_0,0.0,1710,1.35,47.25,0.01,drop,48,16,3,0.19848,0.0007247411049733544,469,531,1000,P2,0.062241443713416576,6224.1443713416575,0.01,1000,2,7,988,1.0,0,1000,0.04765,0,0.240074566706973,"{""budget"": 531}"
device_0,0.375,1701,1.35,47.25,0.01,drop,48,16,3,0.19773,0.37585282092426525,509,491,1000,P2,0.06205007648763956,6205.007648763956,0.01,1000,2,28,960,1.0,0,1000,0.0464,0,0.23466342992970213,"{""budget"": 491}"
device_0,0.375,1702,1.35,47.25,0.01,drop,48,16,3,0.20083,0.3763938072575695,499,501,1000,P2,0.06252733498894651,6252.733498894651,0.01,1000,2,23,968,1.0,0,1000,0.04834,0,0.2407010904745307,"{""budget"": 501}"
device_0,0.375,1703,1.35,47.25,0.01,drop,48,16,3,0.19949,0.3708761472322628,508,492,1000,P2,0.0625272391999996,6252.723919999959,0.01,1000,2,29,959,1.0,0,1000,0.04922,0,0.24672915935635872,"{""budget"": 492}"
device_0,0.375,1704,1.35,47.25,0.01,drop,48,16,3,0.19956,0.37083454970073176,479,521,1000,P2,0.06245120545687423,6245.120545687423,0.01,1000,3,26,960,1.0,0,1000,0.04848,0,0.2429344558027661,"{""budget"": 521}"
device_0,0.375,1705,1.35,47.25,0.01,drop,48,16,3,0.1976,0.38054564128452917,502,498,1000,P2,0.06223950495380412,6223.950495380412,0.01,1000,2,26,962,1.0,0,1000,0.04884,0,0.247165991902834,"{""budget"": 498}"
device_0,0.375,1706,1.35,47.25,0.01,drop,48,16,3,0.19975,0.37847803043317246,532,468,1000,P2,0.06250334722606067,6250.334722606067,0.01,1000,2,20,968,1.0,0,1000,0.04882,0,0.24440550688360452,"{""budget"": 468}"
device_0,0.375,1707,1.35,47.25,0.01,drop,48,16,3,0.19756,0.3714936166119789,451,549,1000,P2,0.06208317508872582,6208.317508872582,0.01,1000,2,24,966,1.0,0,1000,0.04737,0,0.23977525814942297,"{""budget"": 549}"
device_0,0.375,1708,1.35,47.25,0.01,drop,48,16,3,0.19968,0.3728274067949136,476,524,1000,P2,0.062396683128042134,6239.668312804213,0.01,1000,3,24,965,1.0,0,1000,0.04739,0,0.23732972756410256,"{""budget"": 524}"
device_0,0.375,1709,1.35,47.25,0.01,drop,48,16,3,0.20214,0.3789219763360735,509,491,1000,P2,0.06283531445974992,6283.5314459749925,0.01,1000,3,28,959,1.0,0,1000,0.05016,0,0.2481448501038884,"{""budget"": 491}"
device_0,0.375,1710,1.35,47.25,0.01,drop,48,16,3,0.19842,0.37511826036297974,485,515,1000,P2,0.06228222527121376,6228.2225271213765,0.01,1000,3,21,971,1.0,0,1000,0.04857,0,0.244783791956456,"{""budget"": 515}"
device_0,0.75,1701,1.35,47.25,0.01,drop,48,16,3,0.20817,0.7556341521150168,530,470,1000,P2,0.06364112805658814,6364.112805658814,0.01,1000,3,42,948,1.0,0,1000,0.04968,0,0.23865110246433205,"{""budget"": 470}"
device_0,0.75,1702,1.35,47.25,0.01,drop,48,16,3,0.20244,0.7487885933421545,512,488,1000,P2,0.0628172917701037,6281.72917701037,0.01,1000,3,39,952,1.0,0,1000,0.04946,0,0.24431930448527958,"{""budget"": 488}"
device_0,0.75,1703,1.35,47.25,0.01,drop,48,16,3,0.20102,0.7470900970852136,531,469,1000,P2,0.06263921611364812,6263.921611364812,0.01,1000,2,47,947,1.0,0,1000,0.04877,0,0.242612675355686,"{""budget"": 469}"
device_0,0.75,1704,1.35,47.25,0.01,drop,48,16,3,0.19715,0.7479806369104111,493,507,1000,P2,0.06210209323944075,6210.209323944075,0.01,1000,3,34,953,1.0,0,1000,0.04782,0,0.24255642911488715,"{""budget"": 507}"
device_0,0.75,1705,1.35,47.25,0.01,drop,48,16,3,0.20494,0.7506431485678381,519,481,1000,P2,0.06321014653074492,6321.014653074491,0.01,1000,2,28,963,1.0,0,1000,0.05009,0,0.24441299892651508,"{""budget"": 481}"
device_0,0.75,1706,1.35,47.25,0.01,drop,48,16,3,0.20282,0.7537784223147826,462,538,1000,P2,0.06268840600740798,6268.8406007407975,0.01,1000,3,31,958,1.0,0,1000,0.0477,0,0.23518390691253327,"{""budget"": 538}"
device_0,0.75,1707,1.35,47.25,0.01,drop,48,16,3,0.20138,0.7431906944181493,488,512,1000,P2,0.06287171191202899,6287.171191202899,0.01,1000,3,47,942,1.0,0,1000,0.04974,0,0.24699572946667991,"{""budget"": 512}"
device_0,0.75,1708,1.35,47.25,0.01,drop,48,16,3,0.20034,0.7475350990705809,471,529,1000,P2,0.06222977707833519,6222.977707833519,0.01,1000,3,43,941,1.0,0,1000,0.04698,0,0.23450134770889489,"{""budget"": 529}"
device_0,0.75,1709,1.35,47.25,0.01,drop,48,16,3,0.20613,0.7542776800152501,505,495,1000,P2,0.06333115498701578,6333.115498701578,0.01,1000,3,36,949,1.0,0,1000,0.04925,0,0.2389268907970698,"{""budget"": 495}"
device_0,0.75,1710,1.35,47.25,0.01,drop,48,16,3,0.20286,0.74728584709585,519,481,1000,P2,0.06289159950170735,6289.159950170734,0.01,1000,3,26,962,1.0,0,1000,0.049,0,0.24154589371980675,"{""budget"": 481}"
device_0,0.875,1701,1.35,47.25,0.01,drop,48,16,3,0.20249,0.8763990178082249,523,477,1000,P2,0.06263317050821508,6263.317050821509,0.01,1000,3,40,949,1.0,0,1000,0.04817,0,0.2378882907797916,"{""budget"": 477}"
device_0,0.875,1702,1.35,47.25,0.01,drop,48,16,3,0.19703,0.8759866636367837,489,511,1000,P2,0.06195453218051417,6195.453218051417,0.01,1000,2,39,954,1.0,0,1000,0.04666,0,0.23681672841699233,"{""budget"": 511}"
device_0,0.875,1703,1.35,47.25,0.01,drop,48,16,3,0.20238,0.8773687974569232,505,495,1000,P2,0.06280195112359332,6280.195112359333,0.01,1000,3,38,954,1.0,0,1000,0.04913,0,0.24276114240537602,"{""budget"": 495}"
device_0,0.875,1704,1.35,47.25,0.01,drop,48,16,3,0.19663,0.8771256568671042,478,522,1000,P2,0.062034460209947136,6203.446020994714,0.01,1000,2,41,954,1.0,0,1000,0.04725,0,0.2402990388038448,"{""budget"": 522}"
device_0,0.875,1705,1.35,47.25,0.01,drop,48,16,3,0.20133,0.8756186617053834,486,514,1000,P2,0.06261863049172113,6261.863049172112,0.01,1000,3,42,951,1.0,0,1000,0.04781,0,0.2374708190532956,"{""budget"": 514}"
device_0,0.875,1706,1.35,47.25,0.01,drop,48,16,3,0.19605,0.8731077294363513,515,485,1000,P2,0.06189365355099806,6189.365355099806,0.01,1000,3,37,947,1.0,0,1000,0.04845,0,0.24713083397092578,"{""budget"": 485}"
device_0,0.875,1707,1.35,47.25,0.01,drop,48,16,3,0.2,0.8774036452681541,500,500,1000,P2,0.06249457358225545,6249.457358225545,0.01,1000,4,43,942,1.0,0,1000,0.04835,0,0.24175,"{""budget"": 500}"
device_0,0.875,1708,1.35,47.25,0.01,drop,48,16,3,0.20258,0.87442580026271,496,504,1000,P2,0.06300871600962761,6300.8716009627615,0.01,1000,3,45,947,1.0,0,1000,0.05047,0,0.24913614374568072,"{""budget"": 504}"
device_0,0.875,1709,1.35,47.25,0.01,drop,48,16,3,0.19831,0.8770598020870867,511,489,1000,P2,0.06204264066198706,6204.264066198706,0.01,1000,4,34,955,1.0,0,1000,0.04585,0,0.23120367102012002,"{""budget"": 489}"
device_0,0.875,1710,1.35,47.25,0.01,drop,48,16,3,0.19668,0.8724656025657239,493,507,1000,P2,0.062112330303819414,6211.233030381942,0.01,1000,3,51,941,1.0,0,1000,0.04783,0,0.24318690258287573,"{""budget"": 507}"
device_0,0.9375,1701,1.35,47.25,0.01,drop,48,16,3,0.20509,0.9402237906216514,498,502,1000,P2,0.06315780933139781,6315.78093313978,0.01,1000,3,46,931,1.0,0,1000,0.04928,0,0.24028475303525282,"{""budget"": 502}"
device_0,0.9375,1702,1.35,47.25,0.01,drop,48,16,3,0.19366,0.9366016280001491,498,502,1000,P2,0.06170387620850675,6170.387620850675,0.01,1000,3,42,947,1.0,0,1000,0.04736,0,0.2445523081689559,"{""budget"": 502}"
device_0,0.9375,1703,1.35,47.25,0.01,drop,48,16,3,0.19489,0.9369055048961522,487,513,1000,P2,0.061843937146151454,6184.393714615146,0.01,1000,3,44,946,1.0,0,1000,0.04715,0,0.24193134588742368,"{""budget"": 513}"
device_0,0.9375,1704,1.35,47.25,0.01,drop,48,16,3,0.19999,0.9358099323716185,485,515,1000,P2,0.06245409371490703,6245.409371490703,0.01,1000,3,39,951,1.0,0,1000,0.04858,0,0.24291214560728036,"{""budget"": 515}"
device_0,0.9375,1705,1.35,47.25,0.01,drop,48,16,3,0.19063,0.9374553760710133,477,523,1000,P2,0.06102817050186475,6102.817050186475,0.01,1000,3,50,936,1.0,0,1000,0.04596,0,0.24109531553270733,"{""budget"": 523}"
device_0,0.9375,1706,1.35,47.25,0.01,drop,48,16,3,0.20144,0.9386428776611538,522,478,1000,P2,0.06264682874548702,6264.682874548702,0.01,1000,4,46,942,1.0,0,1000,0.04795,0,0.2380361397934869,"{""budget"": 478}"
device_0,0.9375,1707,1.35,47.25,0.01,drop,48,16,3,0.20073,0.9386652506542138,532,468,1000,P2,0.06251509051567929,6251.5090515679285,0.01,1000,3,45,943,1.0,0,1000,0.04802,0,0.2392268220993374,"{""budget"": 468}"
device_0,0.9375,1708,1.35,47.25,0.01,drop,48,16,3,0.19042,0.9350336658268497,462,538,1000,P2,0.06109032748974848,6109.032748974848,0.01,1000,3,43,947,1.0,0,1000,0.046,0,0.24157126352273922,"{""budget"": 538}"
device_0,0.9375,1709,1.35,47.25,0.01,drop,48,16,3,0.20214,0.9387695757970393,501,499,1000,P2,0.06269707912489428,6269.707912489427,0.01,1000,3,51,939,1.0,0,1000,0.04881,0,0.2414663104778866,"{""budget"": 499}"
device_0,0.9375,1710,1.35,47.25,0.01,drop,48,16,3,0.20082,0.9338903427364145,486,514,1000,P2,0.06246165763504368,6246.165763504368,0.01,1000,3,36,947,1.0,0,1000,0.04733,0,0.23568369684294393,"{""budget"": 514}"
device_0,0.975,1701,1.35,47.25,0.01,drop,48,16,3,0.20012,0.9750727182312047,475,525,1000,P2,0.0624628451023346,6246.28451023346,0.01,1000,3,47,945,1.0,0,1000,0.04728,0,0.23625824505296822,"{""budget"": 525}"
device_0,0.975,1702,1.35,47.25,0.01,drop,48,16,3,0.19762,0.9739220248349032,483,517,1000,P2,0.06229168086828484,6229.168086828484,0.01,1000,3,54,931,1.0,0,1000,0.04873,0,0.24658435381034308,"{""budget"": 517}"
device_0,0.975,1703,1.35,47.25,0.01,drop,48,16,3,0.1984,0.975854682367182,494,506,1000,P2,0.06218981101910331,6218.981101910331,0.01,1000,4,39,949,1.0,0,1000,0.04691,0,0.23644153225806452,"{""budget"": 506}"
device_0,0.975,1704,1.35,47.25,0.01,drop,48,16,3,0.19634,0.9733501805342133,485,515,1000,P2,0.061822814349098525,6182.281434909853,0.01,1000,3,53,928,1.0,0,1000,0.04681,0,0.23841295711520832,"{""budget"": 515}"
device_0,0.975,1705,1.35,47.25,0.01,drop,48,16,3,0.19493,0.9747974986214312,499,501,1000,P2,0.06162818997782083,6162.818997782083,0.01,1000,3,49,942,1.0,0,1000,0.04678,0,0.23998358385061305,"{""budget"": 501}"
device_0,0.975,1706,1.35,47.25,0.01,drop,48,16,3,0.203,0.9742259419786155,480,520,1000,P2,0.06287331250498994,6287.3312504989935,0.01,1000,3,43,940,1.0,0,1000,0.0496,0,0.24433497536945814,"{""budget"": 520}"
device_0,0.975,1707,1.35,47.25,0.01,drop,48,16,3,0.20266,0.9738223967562294,499,501,1000,P2,0.06286930053336473,6286.930053336473,0.01,1000,3,41,939,1.0,0,1000,0.0484,0,0.2388236455146551,"{""budget"": 501}"
device_0,0.975,1708,1.35,47.25,0.01,drop,48,16,3,0.19043,0.9746047948044175,482,518,1000,P2,0.06108089159626073,6108.089159626073,0.01,1000,3,49,941,1.0,0,1000,0.04569,0,0.23993068319067373,"{""budget"": 518}"
device_0,0.975,1709,1.35,47.25,0.01,drop,48,16,3,0.19294,0.9749540477640206,466,534,1000,P2,0.06126811890087539,6126.811890087539,0.01,1000,3,50,946,1.0,0,1000,0.04496,0,0.23302581113299473,"{""budget"": 534}"
device_0,0.975,1710,1.35,47.25,0.01,drop,48,16,3,0.19779,0.9774683509778551,513,487,1000,P2,0.062122262623382045,6212.226262338205,0.01,1000,3,46,935,1.0,0,1000,0.04763,0,0.2408109611203802,"{""budget"": 487}"
device_0,0.0,1701,1.35,47.25,0.01,late,48,16,3,0.19936,-0.002661444942765865,516,484,1000,P2,0.06375369873319321,6375.369873319321,0.01,1000,2,9,985,1.0,0,1000,0.04739,0,0.23771067415730338,"{""budget"": 484}"
device_0,0.0,1702,1.35,47.25,0.01,late,48,16,3,0.20106,0.005830007599770396,487,513,1000,P2,0.06389400128721623,6389.400128721622,0.01,1000,2,8,986,1.0,0,1000,0.04837,0,0.24057495275042276,"{""budget"": 513}"
device_0,0.0,1703,1.35,47.25,0.01,late,48,16,3,0.19952,0.005656351965683195,497,503,1000,P2,0.06382562090000629,6382.56209000063,0.01,1000,2,12,980,1.0,0,1000,0.04877,0,0.24443664795509223,"{""budget"": 503}"
device_0,0.0,1704,1.35,47.25,0.01,late,48,16,3,0.20257,0.002457782015709934,527,473,1000,P2,0.06406649984651451,6406.649984651452,0.01,1000,2,11,981,1.0,0,1000,0.04758,0,0.23488176926494544,"{""budget"": 473}"
device_0,0.0,1705,1.35,47.25,0.01,late,48,16,3,0.20104,-0.004155617772998724,482,518,1000,P2,0.06392963629596732,6392.963629596732,0.01,1000,2,11,980,1.0,0,1000,0.0485,0,0.24124552327894946,"{""budget"": 518}"
device_0,0.0,1706,1.35,47.25,0.01,late,48,16,3,0.20062,-0.0045443747273977144,517,483,1000,P2,0.0638691225753142,6386.9122575314195,0.01,1000,2,5,987,1.0,0,1000,0.04833,0,0.24090320007975277,"{""budget"": 483}"
device_0,0.0,1707,1.35,47.25,0.01,late,48,16,3,0.19896,0.001346027845602329,467,533,1000,P2,0.06367731321647936,6367.731321647936,0.01,1000,2,9,987,1.0,0,1000,0.04726,0,0.237535182951347,"{""budget"": 533}"
device_0,0.0,1708,1.35,47.25,0.01,late,48,16,3,0.19922,-0.001372807149175493,497,503,1000,P2,0.06377063895850706,6377.063895850705,0.01,1000,3,10,980,1.0,0,1000,0.04853,0,0.24360004015661077,"{""budget"": 503}"
device_0,0.0,1709,1.35,47.25,0.01,late,48,16,3,0.20001,0.005034822885721277,508,492,1000,P2,0.06393903838321328,6393.903838321328,0.01,1000,2,8,986,1.0,0,1000,0.04843,0,0.24213789310534473,"{""budget"": 492}"
device_0,0.0,1710,1.35,47.25,0.01,late,48,16,3,0.19848,0.0007247411049733544,469,531,1000,P2,0.06358462367489665,6358.462367489664,0.01,1000,2,12,981,1.0,0,1000,0.04765,0,0.240074566706973,"{""budget"": 531}"
device_0,0.375,1701,1.35,47.25,0.01,late,48,16,3,0.19773,0.37585282092426525,509,491,1000,P2,0.0634126960526627,6341.26960526627,0.01,1000,2,28,961,1.0,0,1000,0.0464,0,0.23466342992970213,"{""budget"": 491}"
device_0,0.375,1702,1.35,47.25,0.01,late,48,16,3,0.20083,0.3763938072575695,499,501,1000,P2,0.06388452514116696,6388.452514116696,0.01,1000,2,23,969,1.0,0,1000,0.04834,0,0.2407010904745307,"{""budget"": 501}"
device_0,0.375,1703,1.35,47.25,0.01,late,48,16,3,0.19949,0.3708761472322628,508,492,1000,P2,0.06389155803155781,6389.155803155781,0.01,1000,3,27,965,1.0,0,1000,0.04922,0,0.24672915935635872,"{""budget"": 492}"
device_0,0.375,1704,1.35,47.25,0.01,late,48,16,3,0.19956,0.37083454970073176,479,521,1000,P2,0.06379912681336443,6379.912681336443,0.01,1000,2,16,973,1.0,0,1000,0.04848,0,0.2429344558027661,"{""budget"": 521}"
device_0,0.375,1705,1.35,47.25,0.01,late,48,16,3,0.1976,0.38054564128452917,502,498,1000,P2,0.06359220588323805,6359.220588323806,0.01,1000,3,31,958,1.0,0,1000,0.04884,0,0.247165991902834,"{""budget"": 498}"
device_0,0.375,1706,1.35,47.25,0.01,late,48,16,3,0.19975,0.37847803043317246,532,468,1000,P2,0.06387714794240293,6387.7147942402935,0.01,1000,3,27,961,1.0,0,1000,0.04882,0,0.24440550688360452,"{""budget"": 468}"
device_0,0.375,1707,1.35,47.25,0.01,late,48,16,3,0.19756,0.3714936166119789,451,549,1000,P2,0.063421081950891,6342.108195089099,0.01,1000,2,23,968,1.0,0,1000,0.04737,0,0.23977525814942297,"{""budget"": 549}"
device_0,0.375,1708,1.35,47.25,0.01,late,48,16,3,0.19968,0.3728274067949136,476,524,1000,P2,0.06374180938993826,6374.180938993826,0.01,1000,2,25,966,1.0,0,1000,0.04739,0,0.23732972756410256,"{""budget"": 524}"
device_0,0.375,1709,1.35,47.25,0.01,late,48,16,3,0.20214,0.3789219763360735,509,491,1000,P2,0.06420103000096464,6420.103000096464,0.01,1000,3,25,958,1.0,0,1000,0.05016,0,0.2481448501038884,"{""budget"": 491}"
device_0,0.375,1710,1.35,47.25,0.01,late,48,16,3,0.19842,0.37511826036297974,485,515,1000,P2,0.06363652805824173,6363.652805824173,0.01,1000,3,20,975,1.0,0,1000,0.04857,0,0.244783791956456,"{""budget"": 515}"
device_0,0.75,1701,1.35,47.25,0.01,late,48,16,3,0.20817,0.7556341521150168,530,470,1000,P2,0.06501348542500646,6501.348542500646,0.01,1000,3,25,964,1.0,0,1000,0.04968,0,0.23865110246433205,"{""budget"": 470}"
device_0,0.75,1702,1.35,47.25,0.01,late,48,16,3,0.20244,0.7487885933421545,512,488,1000,P2,0.06418138888021563,6418.138888021563,0.01,1000,4,43,940,1.0,0,1000,0.04946,0,0.24431930448527958,"{""budget"": 488}"
device_0,0.75,1703,1.35,47.25,0.01,late,48,16,3,0.20102,0.7470900970852136,531,469,1000,P2,0.06401085895620927,6401.085895620927,0.01,1000,2,50,942,1.0,0,1000,0.04877,0,0.242612675355686,"{""budget"": 469}"
device_0,0.75,1704,1.35,47.25,0.01,late,48,16,3,0.19715,0.7479806369104111,493,507,1000,P2,0.0634557073345376,6345.57073345376,0.01,1000,3,44,939,1.0,0,1000,0.04782,0,0.24255642911488715,"{""budget"": 507}"
device_0,0.75,1705,1.35,47.25,0.01,late,48,16,3,0.20494,0.7506431485678381,519,481,1000,P2,0.06458067716773025,6458.067716773025,0.01,1000,2,43,945,1.0,0,1000,0.05009,0,0.24441299892651508,"{""budget"": 481}"
device_0,0.75,1706,1.35,47.25,0.01,late,48,16,3,0.20282,0.7537784223147826,462,538,1000,P2,0.06402481713861025,6402.481713861024,0.01,1000,3,40,950,1.0,0,1000,0.0477,0,0.23518390691253327,"{""budget"": 538}"
device_0,0.75,1707,1.35,47.25,0.01,late,48,16,3,0.20138,0.7431906944181493,488,512,1000,P2,0.06422376722521465,6422.376722521465,0.01,1000,3,39,946,1.0,0,1000,0.04974,0,0.24699572946667991,"{""budget"": 512}"
device_0,0.75,1708,1.35,47.25,0.01,late,48,16,3,0.20034,0.7475350990705809,471,529,1000,P2,0.0635762676957879,6357.62676957879,0.01,1000,3,42,945,1.0,0,1000,0.04698,0,0.23450134770889489,"{""budget"": 529}"
device_0,0.75,1709,1.35,47.25,0.01,late,48,16,3,0.20613,0.7542776800152501,505,495,1000,P2,0.06468575741765224,6468.575741765224,0.01,1000,2,44,945,1.0,0,1000,0.04925,0,0.2389268907970698,"{""budget"": 495}"
device_0,0.75,1710,1.35,47.25,0.01,late,48,16,3,0.20286,0.74728584709585,519,481,1000,P2,0.06425891285562434,6425.891285562433,0.01,1000,4,27,959,1.0,0,1000,0.049,0,0.24154589371980675,"{""budget"": 481}"
device_0,0.875,1701,1.35,47.25,0.01,late,48,16,3,0.20249,0.8763990178082249,523,477,1000,P2,0.06400131221170706,6400.131221170706,0.01,1000,3,41,949,1.0,0,1000,0.04817,0,0.2378882907797916,"{""budget"": 477}"
device_0,0.875,1702,1.35,47.25,0.01,late,48,16,3,0.19703,0.8759866636367837,489,511,1000,P2,0.06330497164036106,6330.4971640361055,0.01,1000,3,37,951,1.0,0,1000,0.04666,0,0.23681672841699233,"{""budget"": 511}"
device_0,0.875,1703,1.35,47.25,0.01,late,48,16,3,0.20238,0.8773687974569232,505,495,1000,P2,0.06416314387787533,6416.314387787534,0.01,1000,3,43,947,1.0,0,1000,0.04913,0,0.24276114240537602,"{""budget"": 495}"
device_0,0.875,1704,1.35,47.25,0.01,late,48,16,3,0.19663,0.8771256568671042,478,522,1000,P2,0.06337913685137772,6337.9136851377725,0.01,1000,3,50,938,1.0,0,1000,0.04725,0,0.2402990388038448,"{""budget"": 522}"
device_0,0.875,1705,1.35,47.25,0.01,late,48,16,3,0.20133,0.8756186617053834,486,514,1000,P2,0.06396797089364853,6396.797089364853,0.01,1000,3,29,964,1.0,0,1000,0.04781,0,0.2374708190532956,"{""budget"": 514}"
device_0,0.875,1706,1.35,47.25,0.01,late,48,16,3,0.19605,0.8731077294363513,515,485,1000,P2,0.06326068321272377,6326.068321272377,0.01,1000,5,49,942,1.0,0,1000,0.04845,0,0.24713083397092578,"{""budget"": 485}"
device_0,0.875,1707,1.35,47.25,0.01,late,48,16,3,0.2,0.8774036452681541,500,500,1000,P2,0.06385504040874426,6385.504040874426,0.01,1000,3,43,944,1.0,0,1000,0.04835,0,0.24175,"{""budget"": 500}"
device_0,0.875,1708,1.35,47.25,0.01,late,48,16,3,0.20258,0.87442580026271,496,504,1000,P2,0.064368644607109,6436.8644607109,0.01,1000,3,43,950,1.0,0,1000,0.05047,0,0.24913614374568072,"{""budget"": 504}"
device_0,0.875,1709,1.35,47.25,0.01,late,48,16,3,0.19831,0.8770598020870867,511,489,1000,P2,0.06340451364494294,6340.4513644942945,0.01,1000,4,42,945,1.0,0,1000,0.04585,0,0.23120367102012002,"{""budget"": 489}"
device_0,0.875,1710,1.35,47.25,0.01,late,48,16,3,0.19668,0.8724656025657239,493,507,1000,P2,0.06346903550443372,6346.903550443372,0.01,1000,3,57,932,1.0,0,1000,0.04783,0,0.24318690258287573,"{""budget"": 507}"
device_0,0.9375,1701,1.35,47.25,0.01,late,48,16,3,0.20509,0.9402237906216514,498,502,1000,P2,0.06451186763897065,6451.186763897066,0.01,1000,3,48,937,1.0,0,1000,0.04928,0,0.24028475303525282,"{""budget"": 502}"
device_0,0.9375,1702,1.35,47.25,0.01,late,48,16,3,0.19366,0.9366016280001491,498,502,1000,P2,0.06306200980107698,6306.200980107698,0.01,1000,3,55,938,1.0,0,1000,0.04736,0,0.2445523081689559,"{""budget"": 502}"
device_0,0.9375,1703,1.35,47.25,0.01,late,48,16,3,0.19489,0.9369055048961522,487,513,1000,P2,0.06319603552926867,6319.603552926867,0.01,1000,3,38,954,1.0,0,1000,0.04715,0,0.24193134588742368,"{""budget"": 513}"
device_0,0.9375,1704,1.35,47.25,0.01,late,48,16,3,0.19999,0.9358099323716185,485,515,1000,P2,0.06380258148220636,6380.258148220635,0.01,1000,3,44,943,1.0,0,1000,0.04858,0,0.24291214560728036,"{""budget"": 515}"
device_0,0.9375,1705,1.35,47.25,0.01,late,48,16,3,0.19063,0.9374553760710133,477,523,1000,P2,0.06237386459320904,6237.386459320904,0.01,1000,3,44,939,1.0,0,1000,0.04596,0,0.24109531553270733,"{""budget"": 523}"
device_0,0.9375,1706,1.35,47.25,0.01,late,48,16,3,0.20144,0.9386428776611538,522,478,1000,P2,0.06401468066804704,6401.468066804704,0.01,1000,3,40,953,1.0,0,1000,0.04795,0,0.2380361397934869,"{""budget"": 478}"
device_0,0.9375,1707,1.35,47.25,0.01,late,48,16,3,0.20073,0.9386652506542138,532,468,1000,P2,0.06389102253881582,6389.102253881581,0.01,1000,2,40,949,1.0,0,1000,0.04802,0,0.2392268220993374,"{""budget"": 468}"
device_0,0.9375,1708,1.35,47.25,0.01,late,48,16,3,0.19042,0.9350336658268497,462,538,1000,P2,0.06242701759402413,6242.701759402413,0.01,1000,3,45,938,1.0,0,1000,0.046,0,0.24157126352273922,"{""budget"": 538}"
device_0,0.9375,1709,1.35,47.25,0.01,late,48,16,3,0.20214,0.9387695757970393,501,499,1000,P2,0.06405102924207913,6405.102924207913,0.01,1000,2,42,950,1.0,0,1000,0.04881,0,0.2414663104778866,"{""budget"": 499}"
device_0,0.9375,1710,1.35,47.25,0.01,late,48,16,3,0.20082,0.9338903427364145,486,514,1000,P2,0.06381317753032918,6381.317753032918,0.01,1000,3,49,937,1.0,0,1000,0.04733,0,0.23568369684294393,"{""budget"": 514}"
device_0,0.975,1701,1.35,47.25,0.01,late,48,16,3,0.20012,0.9750727182312047,475,525,1000,P2,0.06380585938877743,6380.5859388777435,0.01,1000,3,46,946,1.0,0,1000,0.04728,0,0.23625824505296822,"{""budget"": 525}"
device_0,0.975,1702,1.35,47.25,0.01,late,48,16,3,0.19762,0.9739220248349032,483,517,1000,P2,0.06363873853689152,6363.8738536891515,0.01,1000,3,37,948,1.0,0,1000,0.04873,0,0.24658435381034308,"{""budget"": 517}"
device_0,0.975,1703,1.35,47.25,0.01,late,48,16,3,0.1984,0.975854682367182,494,506,1000,P2,0.06354581126808662,6354.581126808662,0.01,1000,3,41,943,1.0,0,1000,0.04691,0,0.23644153225806452,"{""budget"": 506}"
device_0,0.975,1704,1.35,47.25,0.01,late,48,16,3,0.19634,0.9733501805342133,485,515,1000,P2,0.06317458631568636,6317.458631568636,0.01,1000,3,36,953,1.0,0,1000,0.04681,0,0.23841295711520832,"{""budget"": 515}"
device_0,0.975,1705,1.35,47.25,0.01,late,48,16,3,0.19493,0.9747974986214312,499,501,1000,P2,0.06298307968486054,6298.307968486054,0.01,1000,3,48,941,1.0,0,1000,0.04678,0,0.23998358385061305,"{""budget"": 501}"
device_0,0.975,1706,1.35,47.25,0.01,late,48,16,3,0.203,0.9742259419786155,480,520,1000,P2,0.06421920740881289,6421.920740881289,0.01,1000,3,35,948,1.0,0,1000,0.0496,0,0.24433497536945814,"{""budget"": 520}"
device_0,0.975,1707,1.35,47.25,0.01,late,48,16,3,0.20266,0.9738223967562294,499,501,1000,P2,0.06422513229878683,6422.513229878683,0.01,1000,3,45,935,1.0,0,1000,0.0484,0,0.2388236455146551,"{""budget"": 501}"
device_0,0.975,1708,1.35,47.25,0.01,late,48,16,3,0.19043,0.9746047948044175,482,518,1000,P2,0.06243077881626945,6243.077881626945,0.01,1000,3,50,945,1.0,0,1000,0.04569,0,0.23993068319067373,"{""budget"": 518}"
device_0,0.975,1709,1.35,47.25,0.01,late,48,16,3,0.19294,0.9749540477640206,466,534,1000,P2,0.06261362073787861,6261.362073787861,0.01,1000,3,34,958,1.0,0,1000,0.04496,0,0.23302581113299473,"{""budget"": 534}"
device_0,0.975,1710,1.35,47.25,0.01,late,48,16,3,0.19779,0.9774683509778551,513,487,1000,P2,0.06348464158695168,6348.4641586951675,0.01,1000,3,51,928,1.0,0,1000,0.04763,0,0.2408109611203802,"{""budget"": 487}"
device_0,0.0,1701,1.35,47.25,0.05,drop,48,16,3,0.19936,-0.002661444942765865,516,4484,1000,P2,0.05225773692883297,5225.7736928832965,0.05,5000,4,243,4699,1.0,0,5000,0.00739,0,0.037068619582664525,"{""budget"": 4484}"
device_0,0.0,1702,1.35,47.25,0.05,drop,48,16,3,0.20106,0.005830007599770396,487,4513,1000,P2,0.05241310189761471,5241.310189761471,0.05,5000,4,248,4683,1.0,0,5000,0.00837,0,0.04162936436884512,"{""budget"": 4513}"
device_0,0.0,1703,1.35,47.25,0.05,drop,48,16,3,0.19952,0.005656351965683195,497,4503,1000,P2,0.05233944953798168,5233.944953798168,0.05,5000,3,257,4689,1.0,0,5000,0.00877,0,0.04395549318364074,"{""budget"": 4503}"
device_0,0.0,1704,1.35,47.25,0.05,drop,48,16,3,0.20257,0.002457782015709934,527,4473,1000,P2,0.052571072559219556,5257.107255921956,0.05,5000,4,236,4699,1.0,0,5000,0.00758,0,0.037419163745865625,"{""budget"": 4473}"
device_0,0.0,1705,1.35,47.25,0.05,drop,48,16,3,0.20104,-0.004155617772998724,482,4518,1000,P2,0.05244957446023171,5244.9574460231715,0.05,5000,3,219,4725,1.0,0,5000,0.0085,0,0.042280143255073614,"{""budget"": 4518}"
device_0,0.0,1706,1.35,47.25,0.05,drop,48,16,3,0.20062,-0.0045443747273977144,517,4483,1000,P2,0.05237314219317049,5237.314219317049,0.05,5000,3,228,4715,1.0,0,5000,0.00833,0,0.04152128401953943,"{""budget"": 4483}"
device_0,0.0,1707,1.35,47.25,0.05,drop,48,16,3,0.19896,0.001346027845602329,467,4533,1000,P2,0.05220730182298454,5220.730182298454,0.05,5000,3,236,4693,1.0,0,5000,0.00726,0,0.036489746682750304,"{""budget"": 4533}"
device_0,0.0,1708,1.35,47.25,0.05,drop,48,16,3,0.19922,-0.001372807149175493,497,4503,1000,P2,0.05228797021111031,5228.797021111031,0.05,5000,4,231,4701,1.0,0,5000,0.00853,0,0.04281698624636081,"{""budget"": 4503}"
device_0,0.0,1709,1.35,47.25,0.05,drop,48,16,3,0.20001,0.005034822885721277,508,4492,1000,P2,0.0524520121680985,5245.20121680985,0.05,5000,4,258,4673,1.0,0,5000,0.00843,0,0.04214789260536973,"{""budget"": 4492}"
device_0,0.0,1710,1.35,47.25,0.05,drop,48,16,3,0.19848,0.0007247411049733544,469,4531,1000,P2,0.05211707590949699,5211.707590949699,0.05,5000,3,240,4707,1.0,0,5000,0.00765,0,0.038542926239419587,"{""budget"": 4531}"
device_0,0.375,1701,1.35,47.25,0.05,drop,48,16,3,0.19773,0.37585282092426525,509,4491,1000,P2,0.05192704353495429,5192.704353495429,0.05,5000,5,569,4318,1.0,0,5000,0.0064,0,0.03236736964547615,"{""budget"": 4491}"
device_0,0.375,1702,1.35,47.25,0.05,drop,48,16,3,0.20083,0.3763938072575695,499,4501,1000,P2,0.05239730073028638,5239.730073028638,0.05,5000,4,533,4335,1.0,0,5000,0.00834,0,0.04152766021012797,"{""budget"": 4501}"
device_0,0.375,1703,1.35,47.25,0.05,drop,48,16,3,0.19949,0.3708761472322628,508,4492,1000,P2,0.052398975457761496,5239.89754577615,0.05,5000,5,471,4410,1.0,0,5000,0.00922,0,0.046217855531605595,"{""budget"": 4492}"
device_0,0.375,1704,1.35,47.25,0.05,drop,48,16,3,0.19956,0.37083454970073176,479,4521,1000,P2,0.052323222577434936,5232.3222577434935,0.05,5000,4,562,4312,1.0,0,5000,0.00848,0,0.04249348566847064,"{""budget"": 4521}"
device_0,0.375,1705,1.35,47.25,0.05,drop,48,16,3,0.1976,0.38054564128452917,502,4498,1000,P2,0.052112903230489976,5211.290323048997,0.05,5000,6,579,4293,1.0,0,5000,0.00884,0,0.04473684210526316,"{""budget"": 4498}"
device_0,0.375,1706,1.35,47.25,0.05,drop,48,16,3,0.19975,0.37847803043317246,532,4468,1000,P2,0.05237432758199786,5237.432758199786,0.05,5000,5,516,4353,1.0,0,5000,0.00882,0,0.04415519399249061,"{""budget"": 4468}"
device_0,0.375,1707,1.35,47.25,0.05,drop,48,16,3,0.19756,0.3714936166119789,451,4549,1000,P2,0.05195705538898792,5195.705538898792,0.05,5000,4,556,4320,1.0,0,5000,0.00737,0,0.037305122494432075,"{""budget"": 4549}"
device_0,0.375,1708,1.35,47.25,0.05,drop,48,16,3,0.19968,0.3728274067949136,476,4524,1000,P2,0.052275463091135954,5227.546309113595,0.05,5000,5,544,4319,1.0,0,5000,0.00739,0,0.037009214743589744,"{""budget"": 4524}"
device_0,0.375,1709,1.35,47.25,0.05,drop,48,16,3,0.20214,0.3789219763360735,509,4491,1000,P2,0.05270327186196011,5270.327186196011,0.05,5000,4,536,4321,1.0,0,5000,0.01016,0,0.05026219451865044,"{""budget"": 4491}"
device_0,0.375,1710,1.35,47.25,0.05,drop,48,16,3,0.19842,0.37511826036297974,485,4515,1000,P2,0.05215252281681469,5215.252281681469,0.05,5000,5,540,4338,1.0,0,5000,0.00857,0,0.043191210563451266,"{""budget"": 4515}"
device_0,0.75,1701,1.35,47.25,0.05,drop,48,16,3,0.20817,0.7556341521150168,530,4470,1000,P2,0.053507160233779744,5350.716023377974,0.05,5000,5,768,4028,1.0,0,5000,0.00968,0,0.046500456357784506,"{""budget"": 4470}"
device_0,0.75,1702,1.35,47.25,0.05,drop,48,16,3,0.20244,0.7487885933421545,512,4488,1000,P2,0.05268339988376152,5268.339988376152,0.05,5000,7,782,3960,1.0,0,5000,0.00946,0,0.04672989527761312,"{""budget"": 4488}"
device_0,0.75,1703,1.35,47.25,0.05,drop,48,16,3,0.20102,0.7470900970852136,531,4469,1000,P2,0.052507678713112745,5250.767871311275,0.05,5000,7,802,3955,1.0,0,5000,0.00877,0,0.043627499751268534,"{""budget"": 4469}"
device_0,0.75,1704,1.35,47.25,0.05,drop,48,16,3,0.19715,0.7479806369104111,493,4507,1000,P2,0.051976212995849286,5197.621299584928,0.05,5000,6,783,3967,1.0,0,5000,0.00782,0,0.03966522952066954,"{""budget"": 4507}"
device_0,0.75,1705,1.35,47.25,0.05,drop,48,16,3,0.20494,0.7506431485678381,519,4481,1000,P2,0.05307585282258749,5307.585282258749,0.05,5000,5,797,3989,1.0,0,5000,0.01009,0,0.04923392212354836,"{""budget"": 4481}"
device_0,0.75,1706,1.35,47.25,0.05,drop,48,16,3,0.20282,0.7537784223147826,462,4538,1000,P2,0.0525626384385049,5256.26384385049,0.05,5000,9,766,3989,1.0,0,5000,0.0077,0,0.03796469776156198,"{""budget"": 4538}"
device_0,0.75,1707,1.35,47.25,0.05,drop,48,16,3,0.20138,0.7431906944181493,488,4512,1000,P2,0.05274038442615436,5274.038442615436,0.05,5000,6,792,3970,1.0,0,5000,0.00974,0,0.04836627271824412,"{""budget"": 4512}"
device_0,0.75,1708,1.35,47.25,0.05,drop,48,16,3,0.20034,0.7475350990705809,471,4529,1000,P2,0.0521040781707482,5210.40781707482,0.05,5000,7,790,3936,1.0,0,5000,0.00698,0,0.03484077068982729,"{""budget"": 4529}"
device_0,0.75,1709,1.35,47.25,0.05,drop,48,16,3,0.20613,0.7542776800152501,505,4495,1000,P2,0.05319889887068739,5319.889887068739,0.05,5000,7,773,3969,1.0,0,5000,0.00925,0,0.04487459370300296,"{""budget"": 4495}"
device_0,0.75,1710,1.35,47.25,0.05,drop,48,16,3,0.20286,0.74728584709585,519,4481,1000,P2,0.0527618049738472,5276.18049738472,0.05,5000,8,770,4009,1.0,0,5000,0.009,0,0.044365572315882874,"{""budget"": 4481}"
device_0,0.875,1701,1.35,47.25,0.05,drop,48,16,3,0.20249,0.8763990178082249,523,4477,1000,P2,0.0525024042531814,5250.24042531814,0.05,5000,8,839,3907,1.0,0,5000,0.00817,0,0.040347671489950124,"{""budget"": 4477}"
device_0,0.875,1702,1.35,47.25,0.05,drop,48,16,3,0.19703,0.8759866636367837,489,4511,1000,P2,0.05183131864968645,5183.1318649686455,0.05,5000,7,844,3857,1.0,0,5000,0.00666,0,0.03380195909252398,"{""budget"": 4511}"
device_0,0.875,1703,1.35,47.25,0.05,drop,48,16,3,0.20238,0.8773687974569232,505,4495,1000,P2,0.052670904079449854,5267.090407944986,0.05,5000,6,880,3822,1.0,0,5000,0.00913,0,0.0451131534736634,"{""budget"": 4495}"
device_0,0.875,1704,1.35,47.25,0.05,drop,48,16,3,0.19663,0.8771256568671042,478,4522,1000,P2,0.05190945465108576,5190.945465108576,0.05,5000,10,899,3798,1.0,0,5000,0.00725,0,0.036871281086304226,"{""budget"": 4522}"
device_0,0.875,1705,1.35,47.25,0.05,drop,48,16,3,0.20133,0.8756186617053834,486,4514,1000,P2,0.05249087610278933,5249.087610278933,0.05,5000,6,866,3869,1.0,0,5000,0.00781,0,0.03879203298067849,"{""budget"": 4514}"
device_0,0.875,1706,1.35,47.25,0.05,drop,48,16,3,0.19605,0.8731077294363513,515,4485,1000,P2,0.05176542843291475,5176.542843291475,0.05,5000,7,863,3810,1.0,0,5000,0.00845,0,0.043101249681203775,"{""budget"": 4485}"
device_0,0.875,1707,1.35,47.25,0.05,drop,48,16,3,0.2,0.8774036452681541,500,4500,1000,P2,0.05236658907177922,5236.658907177922,0.05,5000,6,885,3805,1.0,0,5000,0.00835,0,0.04175,"{""budget"": 4500}"
device_0,0.875,1708,1.35,47.25,0.05,drop,48,16,3,0.20258,0.87442580026271,496,4504,1000,P2,0.05287428026900228,5287.428026900228,0.05,5000,7,881,3835,1.0,0,5000,0.01047,0,0.051683285615559287,"{""budget"": 4504}"
device_0,0.875,1709,1.35,47.25,0.05,drop,48,16,3,0.19831,0.8770598020870867,511,4489,1000,P2,0.05192016573286824,5192.0165732868245,0.05,5000,6,838,3831,1.0,0,5000,0.00585,0,0.02949926882154203,"{""budget"": 4489}"
device_0,0.875,1710,1.35,47.25,0.05,drop,48,16,3,0.19668,0.8724656025657239,493,4507,1000,P2,0.05198550636465389,5198.550636465389,0.05,5000,5,874,3827,1.0,0,5000,0.00783,0,0.03981086028065894,"{""budget"": 4507}"
device_0,0.9375,1701,1.35,47.25,0.05,drop,48,16,3,0.20509,0.9402237906216514,498,4502,1000,P2,0.05302851806579521,5302.8518065795215,0.05,5000,6,880,3800,1.0,0,5000,0.00928,0,0.04524842751962553,"{""budget"": 4502}"
device_0,0.9375,1702,1.35,47.25,0.05,drop,48,16,3,0.19366,0.9366016280001491,498,4502,1000,P2,0.05157929828322629,5157.929828322629,0.05,5000,6,902,3754,1.0,0,5000,0.00736,0,0.03800475059382423,"{""budget"": 4502}"
device_0,0.9375,1703,1.35,47.25,0.05,drop,48,16,3,0.19489,0.9369055048961522,487,4513,1000,P2,0.05172043791023691,5172.043791023691,0.05,5000,6,918,3781,1.0,0,5000,0.00715,0,0.036687362101698394,"{""budget"": 4513}"
device_0,0.9375,1704,1.35,47.25,0.05,drop,48,16,3,0.19999,0.9358099323716185,485,4515,1000,P2,0.052325245925057134,5232.524592505713,0.05,5000,7,923,3757,1.0,0,5000,0.00858,0,0.04290214510725536,"{""budget"": 4515}"
device_0,0.9375,1705,1.35,47.25,0.05,drop,48,16,3,0.19063,0.9374553760710133,477,4523,1000,P2,0.05090529054521085,5090.529054521085,0.05,5000,6,899,3711,1.0,0,5000,0.00596,0,0.03126475371137806,"{""budget"": 4523}"
device_0,0.9375,1706,1.35,47.25,0.05,drop,48,16,3,0.20144,0.9386428776611538,522,4478,1000,P2,0.05252058989152938,5252.058989152938,0.05,5000,7,887,3791,1.0,0,5000,0.00795,0,0.039465845909451944,"{""budget"": 4478}"
device_0,0.9375,1707,1.35,47.25,0.05,drop,48,16,3,0.20073,0.9386652506542138,532,4468,1000,P2,0.05238576422425376,5238.576422425376,0.05,5000,6,923,3744,1.0,0,5000,0.00802,0,0.039954167289393716,"{""budget"": 4468}"
device_0,0.9375,1708,1.35,47.25,0.05,drop,48,16,3,0.19042,0.9350336658268497,462,4538,1000,P2,0.05096872834370033,5096.872834370033,0.05,5000,6,903,3718,1.0,0,5000,0.006,0,0.03150929524209642,"{""budget"": 4538}"
device_0,0.9375,1709,1.35,47.25,0.05,drop,48,16,3,0.20214,0.9387695757970393,501,4499,1000,P2,0.052566583190591244,5256.658319059125,0.05,5000,6,886,3795,1.0,0,5000,0.00881,0,0.04358365489264866,"{""budget"": 4499}"
device_0,0.9375,1710,1.35,47.25,0.05,drop,48,16,3,0.20082,0.9338903427364145,486,4514,1000,P2,0.05233597779429779,5233.59777942978,0.05,5000,8,885,3760,1.0,0,5000,0.00733,0,0.03650034857085947,"{""budget"": 4514}"
device_0,0.975,1701,1.35,47.25,0.05,drop,48,16,3,0.20012,0.9750727182312047,475,4525,1000,P2,0.052336647449712406,5233.664744971241,0.05,5000,7,915,3741,1.0,0,5000,0.00728,0,0.036378173096142316,"{""budget"": 4525}"
device_0,0.975,1702,1.35,47.25,0.05,drop,48,16,3,0.19762,0.9739220248349032,483,4517,1000,P2,0.052164388155726125,5216.438815572613,0.05,5000,6,932,3670,1.0,0,5000,0.00873,0,0.044175690719562795,"{""budget"": 4517}"
device_0,0.975,1703,1.35,47.25,0.05,drop,48,16,3,0.1984,0.975854682367182,494,4506,1000,P2,0.0520647730673962,5206.47730673962,0.05,5000,6,943,3722,1.0,0,5000,0.00691,0,0.034828629032258064,"{""budget"": 4506}"
device_0,0.975,1704,1.35,47.25,0.05,drop,48,16,3,0.19634,0.9733501805342133,485,4515,1000,P2,0.05169666589463559,5169.666589463559,0.05,5000,8,906,3731,1.0,0,5000,0.00681,0,0.03468473056942039,"{""budget"": 4515}"
device_0,0.975,1705,1.35,47.25,0.05,drop,48,16,3,0.19493,0.9747974986214312,499,4501,1000,P2,0.05150435618150268,5150.435618150268,0.05,5000,6,965,3682,1.0,0,5000,0.00678,0,0.034781716513620275,"{""budget"": 4501}"
device_0,0.975,1706,1.35,47.25,0.05,drop,48,16,3,0.203,0.9742259419786155,480,4520,1000,P2,0.052746523467179375,5274.652346717938,0.05,5000,8,898,3756,1.0,0,5000,0.0096,0,0.04729064039408867,"{""budget"": 4520}"
device_0,0.975,1707,1.35,47.25,0.05,drop,48,16,3,0.20266,0.9738223967562294,499,4501,1000,P2,0.052742991912182444,5274.299191218244,0.05,5000,6,916,3724,1.0,0,5000,0.0084,0,0.04144873186617981,"{""budget"": 4501}"
device_0,0.975,1708,1.35,47.25,0.05,drop,48,16,3,0.19043,0.9746047948044175,482,4518,1000,P2,0.05096167540897705,5096.167540897705,0.05,5000,6,928,3704,1.0,0,5000,0.00569,0,0.029879745838365803,"{""budget"": 4518}"
device_0,0.975,1709,1.35,47.25,0.05,drop,48,16,3,0.19294,0.9749540477640206,466,4534,1000,P2,0.05114981573590992,5114.9815735909915,0.05,5000,8,919,3704,1.0,0,5000,0.00496,0,0.025707473826059916,"{""budget"": 4534}"
device_0,0.975,1710,1.35,47.25,0.05,drop,48,16,3,0.19779,0.9774683509778551,513,4487,1000,P2,0.05199650983153135,5199.650983153135,0.05,5000,7,907,3699,1.0,0,5000,0.00763,0,0.03857626775873401,"{""budget"": 4487}"
device_0,0.0,1701,1.35,47.25,0.05,late,48,16,3,0.19936,-0.002661444942765865,516,4484,1000,P2,0.05829284953256648,5829.284953256648,0.05,5000,3,230,4716,1.0,0,5000,0.00739,0,0.037068619582664525,"{""budget"": 4484}"
device_0,0.0,1702,1.35,47.25,0.05,late,48,16,3,0.20106,0.005830007599770396,487,4513,1000,P2,0.058413303520669854,5841.330352066985,0.05,5000,4,251,4689,1.0,0,5000,0.00837,0,0.04162936436884512,"{""budget"": 4513}"
device_0,0.0,1703,1.35,47.25,0.05,late,48,16,3,0.19952,0.005656351965683195,497,4503,1000,P2,0.058341426387580976,5834.142638758098,0.05,5000,3,255,4689,1.0,0,5000,0.00877,0,0.04395549318364074,"{""budget"": 4503}"
device_0,0.0,1704,1.35,47.25,0.05,late,48,16,3,0.20257,0.002457782015709934,527,4473,1000,P2,0.058586818214277726,5858.681821427773,0.05,5000,3,230,4708,1.0,0,5000,0.00758,0,0.037419163745865625,"{""budget"": 4473}"
device_0,0.0,1705,1.35,47.25,0.05,late,48,16,3,0.20104,-0.004155617772998724,482,4518,1000,P2,0.05844990503535473,5844.990503535473,0.05,5000,3,230,4712,1.0,0,5000,0.0085,0,0.042280143255073614,"{""budget"": 4518}"
device_0,0.0,1706,1.35,47.25,0.05,late,48,16,3,0.20062,-0.0045443747273977144,517,4483,1000,P2,0.05838539935653081,5838.539935653081,0.05,5000,3,239,4702,1.0,0,5000,0.00833,0,0.04152128401953943,"{""budget"": 4483}"
device_0,0.0,1707,1.35,47.25,0.05,late,48,16,3,0.19896,0.001346027845602329,467,4533,1000,P2,0.05822000005934258,5822.000005934258,0.05,5000,3,225,4706,1.0,0,5000,0.00726,0,0.036489746682750304,"{""budget"": 4533}"
device_0,0.0,1708,1.35,47.25,0.05,late,48,16,3,0.19922,-0.001372807149175493,497,4503,1000,P2,0.05829030289147962,5829.030289147962,0.05,5000,4,264,4668,1.0,0,5000,0.00853,0,0.04281698624636081,"{""budget"": 4503}"
device_0,0.0,1709,1.35,47.25,0.05,late,48,16,3,0.20001,0.005034822885721277,508,4492,1000,P2,0.05845788518112782,5845.788518112782,0.05,5000,3,232,4712,1.0,0,5000,0.00843,0,0.04214789260536973,"{""budget"": 4492}"
device_0,0.0,1710,1.35,47.25,0.05,late,48,16,3,0.19848,0.0007247411049733544,469,4531,1000,P2,0.05811024892942485,5811.024892942485,0.05,5000,4,253,4688,1.0,0,5000,0.00765,0,0.038542926239419587,"{""budget"": 4531}"
device_0,0.375,1701,1.35,47.25,0.05,late,48,16,3,0.19773,0.37585282092426525,509,4491,1000,P2,0.057950841540934835,5795.084154093483,0.05,5000,5,556,4325,1.0,0,5000,0.0064,0,0.03236736964547615,"{""budget"": 4491}"
device_0,0.375,1702,1.35,47.25,0.05,late,48,16,3,0.20083,0.3763938072575695,499,4501,1000,P2,0.05840998220040907,5840.998220040907,0.05,5000,4,512,4360,1.0,0,5000,0.00834,0,0.04152766021012797,"{""budget"": 4501}"
device_0,0.375,1703,1.35,47.25,0.05,late,48,16,3,0.19949,0.3708761472322628,508,4492,1000,P2,0.05839373819206179,5839.373819206179,0.05,5000,5,495,4392,1.0,0,5000,0.00922,0,0.046217855531605595,"{""budget"": 4492}"
device_0,0.375,1704,1.35,47.25,0.05,late,48,16,3,0.19956,0.37083454970073176,479,4521,1000,P2,0.0583194267471075,5831.94267471075,0.05,5000,4,543,4337,1.0,0,5000,0.00848,0,0.04249348566847064,"{""budget"": 4521}"
device_0,0.375,1705,1.35,47.25,0.05,late,48,16,3,0.1976,0.38054564128452917,502,4498,1000,P2,0.058096039492296005,5809.6039492296,0.05,5000,6,594,4268,1.0,0,5000,0.00884,0,0.04473684210526316,"{""budget"": 4498}"
device_0,0.375,1706,1.35,47.25,0.05,late,48,16,3,0.19975,0.37847803043317246,532,4468,1000,P2,0.05838370646409569,5838.370646409569,0.05,5000,5,525,4344,1.0,0,5000,0.00882,0,0.04415519399249061,"{""budget"": 4468}"
device_0,0.375,1707,1.35,47.25,0.05,late,48,16,3,0.19756,0.3714936166119789,451,4549,1000,P2,0.05796340059702332,5796.340059702332,0.05,5000,5,543,4337,1.0,0,5000,0.00737,0,0.037305122494432075,"{""budget"": 4549}"
device_0,0.375,1708,1.35,47.25,0.05,late,48,16,3,0.19968,0.3728274067949136,476,4524,1000,P2,0.05825887034981103,5825.887034981103,0.05,5000,5,549,4330,1.0,0,5000,0.00739,0,0.037009214743589744,"{""budget"": 4524}"
device_0,0.375,1709,1.35,47.25,0.05,late,48,16,3,0.20214,0.3789219763360735,509,4491,1000,P2,0.058698808208667796,5869.88082086678,0.05,5000,5,534,4311,1.0,0,5000,0.01016,0,0.05026219451865044,"{""budget"": 4491}"
device_0,0.375,1710,1.35,47.25,0.05,late,48,16,3,0.19842,0.37511826036297974,485,4515,1000,P2,0.05816024500696785,5816.024500696785,0.05,5000,4,523,4363,1.0,0,5000,0.00857,0,0.043191210563451266,"{""budget"": 4515}"
device_0,0.75,1701,1.35,47.25,0.05,late,48,16,3,0.20817,0.7556341521150168,530,4470,1000,P2,0.059522357510156436,5952.2357510156435,0.05,5000,6,737,4048,1.0,0,5000,0.00968,0,0.046500456357784506,"{""budget"": 4470}"
device_0,0.75,1702,1.35,47.25,0.05,late,48,16,3,0.20244,0.7487885933421545,512,4488,1000,P2,0.05869712655318884,5869.712655318884,0.05,5000,7,787,3962,1.0,0,5000,0.00946,0,0.04672989527761312,"{""budget"": 4488}"
device_0,0.75,1703,1.35,47.25,0.05,late,48,16,3,0.20102,0.7470900970852136,531,4469,1000,P2,0.05852760355469541,5852.7603554695415,0.05,5000,5,803,3957,1.0,0,5000,0.00877,0,0.043627499751268534,"{""budget"": 4469}"
device_0,0.75,1704,1.35,47.25,0.05,late,48,16,3,0.19715,0.7479806369104111,493,4507,1000,P2,0.05797705940479255,5797.705940479255,0.05,5000,6,800,3955,1.0,0,5000,0.00782,0,0.03966522952066954,"{""budget"": 4507}"
device_0,0.75,1705,1.35,47.25,0.05,late,48,16,3,0.20494,0.7506431485678381,519,4481,1000,P2,0.05908741912431366,5908.741912431366,0.05,5000,6,770,4013,1.0,0,5000,0.01009,0,0.04923392212354836,"{""budget"": 4481}"
device_0,0.75,1706,1.35,47.25,0.05,late,48,16,3,0.20282,0.7537784223147826,462,4538,1000,P2,0.0585564512949789,5855.64512949789,0.05,5000,5,786,3973,1.0,0,5000,0.0077,0,0.03796469776156198,"{""budget"": 4538}"
device_0,0.75,1707,1.35,47.25,0.05,late,48,16,3,0.20138,0.7431906944181493,488,4512,1000,P2,0.05872887285058233,5872.887285058233,0.05,5000,6,795,3942,1.0,0,5000,0.00974,0,0.04836627271824412,"{""budget"": 4512}"
device_0,0.75,1708,1.35,47.25,0.05,late,48,16,3,0.20034,0.7475350990705809,471,4529,1000,P2,0.058121496742404105,5812.149674240411,0.05,5000,6,784,3930,1.0,0,5000,0.00698,0,0.03484077068982729,"{""budget"": 4529}"
device_0,0.75,1709,1.35,47.25,0.05,late,48,16,3,0.20613,0.7542776800152501,505,4495,1000,P2,0.05920233594588017,5920.233594588017,0.05,5000,6,787,3955,1.0,0,5000,0.00925,0,0.04487459370300296,"{""budget"": 4495}"
device_0,0.75,1710,1.35,47.25,0.05,late,48,16,3,0.20286,0.74728584709585,519,4481,1000,P2,0.05876688240510057,5876.688240510057,0.05,5000,5,752,4043,1.0,0,5000,0.009,0,0.044365572315882874,"{""budget"": 4481}"
device_0,0.875,1701,1.35,47.25,0.05,late,48,16,3,0.20249,0.8763990178082249,523,4477,1000,P2,0.05852880191302,5852.880191302,0.05,5000,6,854,3876,1.0,0,5000,0.00817,0,0.040347671489950124,"{""budget"": 4477}"
device_0,0.875,1702,1.35,47.25,0.05,late,48,16,3,0.19703,0.8759866636367837,489,4511,1000,P2,0.05784241407678447,5784.241407678447,0.05,5000,7,866,3826,1.0,0,5000,0.00666,0,0.03380195909252398,"{""budget"": 4511}"
device_0,0.875,1703,1.35,47.25,0.05,late,48,16,3,0.20238,0.8773687974569232,505,4495,1000,P2,0.05867732188996077,5867.732188996077,0.05,5000,7,853,3820,1.0,0,5000,0.00913,0,0.0451131534736634,"{""budget"": 4495}"
device_0,0.875,1704,1.35,47.25,0.05,late,48,16,3,0.19663,0.8771256568671042,478,4522,1000,P2,0.05791321116699419,5791.321116699419,0.05,5000,6,903,3783,1.0,0,5000,0.00725,0,0.036871281086304226,"{""budget"": 4522}"
device_0,0.875,1705,1.35,47.25,0.05,late,48,16,3,0.20133,0.8756186617053834,486,4514,1000,P2,0.05849916300115727,5849.916300115727,0.05,5000,6,879,3878,1.0,0,5000,0.00781,0,0.03879203298067849,"{""budget"": 4514}"
device_0,0.875,1706,1.35,47.25,0.05,late,48,16,3,0.19605,0.8731077294363513,515,4485,1000,P2,0.05777403691426644,5777.403691426644,0.05,5000,6,879,3807,1.0,0,5000,0.00845,0,0.043101249681203775,"{""budget"": 4485}"
device_0,0.875,1707,1.35,47.25,0.05,late,48,16,3,0.2,0.8774036452681541,500,4500,1000,P2,0.05837225771341815,5837.225771341815,0.05,5000,6,884,3808,1.0,0,5000,0.00835,0,0.04175,"{""budget"": 4500}"
device_0,0.875,1708,1.35,47.25,0.05,late,48,16,3,0.20258,0.87442580026271,496,4504,1000,P2,0.05887018940453227,5887.0189404532275,0.05,5000,6,848,3868,1.0,0,5000,0.01047,0,0.051683285615559287,"{""budget"": 4504}"
device_0,0.875,1709,1.35,47.25,0.05,late,48,16,3,0.19831,0.8770598020870867,511,4489,1000,P2,0.05795201167829408,5795.2011678294075,0.05,5000,7,866,3816,1.0,0,5000,0.00585,0,0.02949926882154203,"{""budget"": 4489}"
device_0,0.875,1710,1.35,47.25,0.05,late,48,16,3,0.19668,0.8724656025657239,493,4507,1000,P2,0.0579951396893617,5799.51396893617,0.05,5000,6,883,3822,1.0,0,5000,0.00783,0,0.03981086028065894,"{""budget"": 4507}"
device_0,0.9375,1701,1.35,47.25,0.05,late,48,16,3,0.20509,0.9402237906216514,498,4502,1000,P2,0.05901828457167521,5901.828457167521,0.05,5000,5,898,3803,1.0,0,5000,0.00928,0,0.04524842751962553,"{""budget"": 4502}"
device_0,0.9375,1702,1.35,47.25,0.05,late,48,16,3,0.19366,0.9366016280001491,498,4502,1000,P2,0.05758752643847307,5758.752643847307,0.05,5000,6,926,3734,1.0,0,5000,0.00736,0,0.03800475059382423,"{""budget"": 4502}"
device_0,0.9375,1703,1.35,47.25,0.05,late,48,16,3,0.19489,0.9369055048961522,487,4513,1000,P2,0.05772418501749802,5772.418501749802,0.05,5000,6,931,3781,1.0,0,5000,0.00715,0,0.036687362101698394,"{""budget"": 4513}"
device_0,0.9375,1704,1.35,47.25,0.05,late,48,16,3,0.19999,0.9358099323716185,485,4515,1000,P2,0.05832249122772764,5832.249122772764,0.05,5000,6,895,3787,1.0,0,5000,0.00858,0,0.04290214510725536,"{""budget"": 4515}"
device_0,0.9375,1705,1.35,47.25,0.05,late,48,16,3,0.19063,0.9374553760710133,477,4523,1000,P2,0.05692824781194235,5692.824781194235,0.05,5000,6,923,3681,1.0,0,5000,0.00596,0,0.03126475371137806,"{""budget"": 4523}"
device_0,0.9375,1706,1.35,47.25,0.05,late,48,16,3,0.20144,0.9386428776611538,522,4478,1000,P2,0.05852905675992678,5852.905675992678,0.05,5000,7,876,3814,1.0,0,5000,0.00795,0,0.039465845909451944,"{""budget"": 4478}"
device_0,0.9375,1707,1.35,47.25,0.05,late,48,16,3,0.20073,0.9386652506542138,532,4468,1000,P2,0.05841294301845618,5841.294301845618,0.05,5000,6,888,3755,1.0,0,5000,0.00802,0,0.039954167289393716,"{""budget"": 4468}"
device_0,0.9375,1708,1.35,47.25,0.05,late,48,16,3,0.19042,0.9350336658268497,462,4538,1000,P2,0.056978856410649724,5697.885641064972,0.05,5000,7,896,3731,1.0,0,5000,0.006,0,0.03150929524209642,"{""budget"": 4538}"
device_0,0.9375,1709,1.35,47.25,0.05,late,48,16,3,0.20214,0.9387695757970393,501,4499,1000,P2,0.05856902544127843,5856.902544127843,0.05,5000,6,877,3802,1.0,0,5000,0.00881,0,0.04358365489264866,"{""budget"": 4499}"
device_0,0.9375,1710,1.35,47.25,0.05,late,48,16,3,0.20082,0.9338903427364145,486,4514,1000,P2,0.0583465451747821,5834.6545174782095,0.05,5000,7,911,3757,1.0,0,5000,0.00733,0,0.03650034857085947,"{""budget"": 4514}"
device_0,0.975,1701,1.35,47.25,0.05,late,48,16,3,0.20012,0.9750727182312047,475,4525,1000,P2,0.058344918975643485,5834.491897564349,0.05,5000,7,929,3737,1.0,0,5000,0.00728,0,0.036378173096142316,"{""budget"": 4525}"
device_0,0.975,1702,1.35,47.25,0.05,late,48,16,3,0.19762,0.9739220248349032,483,4517,1000,P2,0.05815151854004226,5815.151854004226,0.05,5000,7,923,3684,1.0,0,5000,0.00873,0,0.044175690719562795,"{""budget"": 4517}"
device_0,0.975,1703,1.35,47.25,0.05,late,48,16,3,0.1984,0.975854682367182,494,4506,1000,P2,0.058083749494215915,5808.374949421592,0.05,5000,7,931,3702,1.0,0,5000,0.00691,0,0.034828629032258064,"{""budget"": 4506}"
device_0,0.975,1704,1.35,47.25,0.05,late,48,16,3,0.19634,0.9733501805342133,485,4515,1000,P2,0.057721026039957476,5772.102603995748,0.05,5000,8,913,3718,1.0,0,5000,0.00681,0,0.03468473056942039,"{""budget"": 4515}"
device_0,0.975,1705,1.35,47.25,0.05,late,48,16,3,0.19493,0.9747974986214312,499,4501,1000,P2,0.05751792975913364,5751.792975913364,0.05,5000,8,920,3729,1.0,0,5000,0.00678,0,0.034781716513620275,"{""budget"": 4501}"
device_0,0.975,1706,1.35,47.25,0.05,late,48,16,3,0.203,0.9742259419786155,480,4520,1000,P2,0.058714649358074876,5871.464935807488,0.05,5000,7,880,3755,1.0,0,5000,0.0096,0,0.04729064039408867,"{""budget"": 4520}"
device_0,0.975,1707,1.35,47.25,0.05,late,48,16,3,0.20266,0.9738223967562294,499,4501,1000,P2,0.05873699386540686,5873.699386540686,0.05,5000,6,916,3717,1.0,0,5000,0.0084,0,0.04144873186617981,"{""budget"": 4501}"
device_0,0.975,1708,1.35,47.25,0.05,late,48,16,3,0.19043,0.9746047948044175,482,4518,1000,P2,0.056975813311344374,5697.581331134437,0.05,5000,6,948,3690,1.0,0,5000,0.00569,0,0.029879745838365803,"{""budget"": 4518}"
device_0,0.975,1709,1.35,47.25,0.05,late,48,16,3,0.19294,0.9749540477640206,466,4534,1000,P2,0.05717597865282743,5717.597865282743,0.05,5000,8,933,3706,1.0,0,5000,0.00496,0,0.025707473826059916,"{""budget"": 4534}"
device_0,0.975,1710,1.35,47.25,0.05,late,48,16,3,0.19779,0.9774683509778551,513,4487,1000,P2,0.05800509566657304,5800.509566657304,0.05,5000,5,898,3712,1.0,0,5000,0.00763,0,0.03857626775873401,"{""budget"": 4487}"
device_0,0.0,1701,1.35,47.25,0.1,drop,48,16,3,0.19936,-0.002661444942765865,516,9484,1000,P2,0.04362275517317741,4362.275517317741,0.1,10000,5,858,8951,1.0,0,10000,0.0,0,0.0,"{""budget"": 9484}"
device_0,0.0,1702,1.35,47.25,0.1,drop,48,16,3,0.20106,0.005830007599770396,487,9513,1000,P2,0.043685853125134975,4368.585312513497,0.1,10000,4,956,8835,1.0,0,10000,0.0,0,0.0,"{""budget"": 9513}"
device_0,0.0,1703,1.35,47.25,0.1,drop,48,16,3,0.19952,0.005656351965683195,497,9503,1000,P2,0.04357502485379978,4357.502485379978,0.1,10000,5,955,8841,1.0,0,10000,0.0,0,0.0,"{""budget"": 9503}"
device_0,0.0,1704,1.35,47.25,0.1,drop,48,16,3,0.20257,0.002457782015709934,527,9473,1000,P2,0.043914658502919354,4391.465850291936,0.1,10000,4,933,8884,1.0,0,10000,0.0,0,0.0,"{""budget"": 9473}"
device_0,0.0,1705,1.35,47.25,0.1,drop,48,16,3,0.20104,-0.004155617772998724,482,9518,1000,P2,0.043710195022992976,4371.0195022992975,0.1,10000,4,909,8909,1.0,0,10000,0.0,0,0.0,"{""budget"": 9518}"
device_0,0.0,1706,1.35,47.25,0.1,drop,48,16,3,0.20062,-0.0045443747273977144,517,9483,1000,P2,0.04364873512464531,4364.873512464531,0.1,10000,4,867,8943,1.0,0,10000,0.0,0,0.0,"{""budget"": 9483}"
device_0,0.0,1707,1.35,47.25,0.1,drop,48,16,3,0.19896,0.001346027845602329,467,9533,1000,P2,0.043583280266509844,4358.328026650985,0.1,10000,5,859,8938,1.0,0,10000,0.0,0,0.0,"{""budget"": 9533}"
device_0,0.0,1708,1.35,47.25,0.1,drop,48,16,3,0.19922,-0.001372807149175493,497,9503,1000,P2,0.043546030261780645,4354.603026178064,0.1,10000,5,882,8910,1.0,0,10000,0.0,0,0.0,"{""budget"": 9503}"
device_0,0.0,1709,1.35,47.25,0.1,drop,48,16,3,0.20001,0.005034822885721277,508,9492,1000,P2,0.04372060461705583,4372.060461705583,0.1,10000,5,893,8894,1.0,0,10000,0.0,0,0.0,"{""budget"": 9492}"
device_0,0.0,1710,1.35,47.25,0.1,drop,48,16,3,0.19848,0.0007247411049733544,469,9531,1000,P2,0.04345684808642476,4345.684808642476,0.1,10000,4,914,8909,1.0,0,10000,0.0,0,0.0,"{""budget"": 9531}"
device_0,0.375,1701,1.35,47.25,0.1,drop,48,16,3,0.19773,0.37585282092426525,509,9491,1000,P2,0.04338235882411342,4338.235882411342,0.1,10000,7,1909,7351,1.0,0,10000,0.0,0,0.0,"{""budget"": 9491}"
device_0,0.375,1702,1.35,47.25,0.1,drop,48,16,3,0.20083,0.3763938072575695,499,9501,1000,P2,0.043674164892283804,4367.416489228381,0.1,10000,8,1845,7432,1.0,0,10000,0.0,0,0.0,"{""budget"": 9501}"
device_0,0.375,1703,1.35,47.25,0.1,drop,48,16,3,0.19949,0.3708761472322628,508,9492,1000,P2,0.04359315846312486,4359.3158463124855,0.1,10000,7,1796,7453,1.0,0,10000,0.0,0,0.0,"{""budget"": 9492}"
device_0,0.375,1704,1.35,47.25,0.1,drop,48,16,3,0.19956,0.37083454970073176,479,9521,1000,P2,0.043586461511797535,4358.646151179753,0.1,10000,6,1878,7372,1.0,0,10000,0.0,0,0.0,"{""budget"": 9521}"
device_0,0.375,1705,1.35,47.25,0.1,drop,48,16,3,0.1976,0.38054564128452917,502,9498,1000,P2,0.043342579369615615,4334.257936961561,0.1,10000,7,1928,7378,1.0,0,10000,0.0,0,0.0,"{""budget"": 9498}"
device_0,0.375,1706,1.35,47.25,0.1,drop,48,16,3,0.19975,0.37847803043317246,532,9468,1000,P2,0.04360768475534604,4360.7684755346045,0.1,10000,7,1830,7501,1.0,0,10000,0.0,0,0.0,"{""budget"": 9468}"
device_0,0.375,1707,1.35,47.25,0.1,drop,48,16,3,0.19756,0.3714936166119789,451,9549,1000,P2,0.04332351636827147,4332.351636827147,0.1,10000,7,1854,7474,1.0,0,10000,0.0,0,0.0,"{""budget"": 9549}"
device_0,0.375,1708,1.35,47.25,0.1,drop,48,16,3,0.19968,0.3728274067949136,476,9524,1000,P2,0.04363934003368882,4363.934003368882,0.1,10000,7,1855,7462,1.0,0,10000,0.0,0,0.0,"{""budget"": 9524}"
device_0,0.375,1709,1.35,47.25,0.1,drop,48,16,3,0.20214,0.3789219763360735,509,9491,1000,P2,0.043808058315707436,4380.805831570744,0.1,10000,8,1852,7378,1.0,0,10000,0.0,0,0.0,"{""budget"": 9491}"
device_0,0.375,1710,1.35,47.25,0.1,drop,48,16,3,0.19842,0.37511826036297974,485,9515,1000,P2,0.04340626956504174,4340.626956504174,0.1,10000,7,1851,7418,1.0,0,10000,0.0,0,0.0,"{""budget"": 9515}"
device_0,0.75,1701,1.35,47.25,0.1,drop,48,16,3,0.20817,0.7556341521150168,530,9470,1000,P2,0.04465644022491637,4465.644022491637,0.1,10000,9,2353,6121,1.0,0,10000,0.0,0,0.0,"{""budget"": 9470}"
device_0,0.75,1702,1.35,47.25,0.1,drop,48,16,3,0.20244,0.7487885933421545,512,9488,1000,P2,0.0438534648954995,4385.34648954995,0.1,10000,10,2361,6003,1.0,0,10000,0.0,0,0.0,"{""budget"": 9488}"
device_0,0.75,1703,1.35,47.25,0.1,drop,48,16,3,0.20102,0.7470900970852136,531,9469,1000,P2,0.04374265344869662,4374.265344869662,0.1,10000,10,2354,5966,1.0,0,10000,0.0,0,0.0,"{""budget"": 9469}"
device_0,0.75,1704,1.35,47.25,0.1,drop,48,16,3,0.19715,0.7479806369104111,493,9507,1000,P2,0.04330220986953108,4330.220986953108,0.1,10000,12,2347,5956,1.0,0,10000,0.0,0,0.0,"{""budget"": 9507}"
device_0,0.75,1705,1.35,47.25,0.1,drop,48,16,3,0.20494,0.7506431485678381,519,9481,1000,P2,0.044185759335519506,4418.575933551951,0.1,10000,11,2399,6034,1.0,0,10000,0.0,0,0.0,"{""budget"": 9481}"
device_0,0.75,1706,1.35,47.25,0.1,drop,48,16,3,0.20282,0.7537784223147826,462,9538,1000,P2,0.04389775624520973,4389.775624520973,0.1,10000,13,2344,5960,1.0,0,10000,0.0,0,0.0,"{""budget"": 9538}"
device_0,0.75,1707,1.35,47.25,0.1,drop,48,16,3,0.20138,0.7431906944181493,488,9512,1000,P2,0.04388537982406511,4388.537982406511,0.1,10000,10,2356,5997,1.0,0,10000,0.0,0,0.0,"{""budget"": 9512}"
device_0,0.75,1708,1.35,47.25,0.1,drop,48,16,3,0.20034,0.7475350990705809,471,9529,1000,P2,0.043505371092420225,4350.537109242023,0.1,10000,9,2376,5969,1.0,0,10000,0.0,0,0.0,"{""budget"": 9529}"
device_0,0.75,1709,1.35,47.25,0.1,drop,48,16,3,0.20613,0.7542776800152501,505,9495,1000,P2,0.04438757948611974,4438.757948611974,0.1,10000,10,2365,6055,1.0,0,10000,0.0,0,0.0,"{""budget"": 9495}"
device_0,0.75,1710,1.35,47.25,0.1,drop,48,16,3,0.20286,0.74728584709585,519,9481,1000,P2,0.04397460484764057,4397.460484764057,0.1,10000,10,2312,6088,1.0,0,10000,0.0,0,0.0,"{""budget"": 9481}"
device_0,0.875,1701,1.35,47.25,0.1,drop,48,16,3,0.20249,0.8763990178082249,523,9477,1000,P2,0.043791554212373275,4379.155421237328,0.1,10000,11,2436,5568,1.0,0,10000,0.0,0,0.0,"{""budget"": 9477}"
device_0,0.875,1702,1.35,47.25,0.1,drop,48,16,3,0.19703,0.8759866636367837,489,9511,1000,P2,0.043263548832593715,4326.3548832593715,0.1,10000,14,2407,5387,1.0,0,10000,0.0,0,0.0,"{""budget"": 9511}"
device_0,0.875,1703,1.35,47.25,0.1,drop,48,16,3,0.20238,0.8773687974569232,505,9495,1000,P2,0.04387107653282714,4387.107653282714,0.1,10000,13,2447,5472,1.0,0,10000,0.0,0,0.0,"{""budget"": 9495}"
device_0,0.875,1704,1.35,47.25,0.1,drop,48,16,3,0.19663,0.8771256568671042,478,9522,1000,P2,0.043287512628222995,4328.751262822299,0.1,10000,14,2507,5351,1.0,0,10000,0.0,0,0.0,"{""budget"": 9522}"
device_0,0.875,1705,1.35,47.25,0.1,drop,48,16,3,0.20133,0.8756186617053834,486,9514,1000,P2,0.0438135893913835,4381.35893913835,0.1,10000,11,2475,5518,1.0,0,10000,0.0,0,0.0,"{""budget"": 9514}"
device_0,0.875,1706,1.35,47.25,0.1,drop,48,16,3,0.19605,0.8731077294363513,515,9485,1000,P2,0.043032068863816386,4303.2068863816385,0.1,10000,15,2493,5303,1.0,0,10000,0.0,0,0.0,"{""budget"": 9485}"
device_0,0.875,1707,1.35,47.25,0.1,drop,48,16,3,0.2,0.8774036452681541,500,9500,1000,P2,0.04364211138834268,4364.211138834268,0.1,10000,11,2457,5374,1.0,0,10000,0.0,0,0.0,"{""budget"": 9500}"
device_0,0.875,1708,1.35,47.25,0.1,drop,48,16,3,0.20258,0.87442580026271,496,9504,1000,P2,0.043952208042192804,4395.220804219281,0.1,10000,11,2490,5473,1.0,0,10000,0.0,0,0.0,"{""budget"": 9504}"
device_0,0.875,1709,1.35,47.25,0.1,drop,48,16,3,0.19831,0.8770598020870867,511,9489,1000,P2,0.04342549087679577,4342.5490876795775,0.1,10000,11,2471,5376,1.0,0,10000,0.0,0,0.0,"{""budget"": 9489}"
device_0,0.875,1710,1.35,47.25,0.1,drop,48,16,3,0.19668,0.8724656025657239,493,9507,1000,P2,0.04330993825881382,4330.993825881382,0.1,10000,12,2466,5400,1.0,0,10000,0.0,0,0.0,"{""budget"": 9507}"
device_0,0.9375,1701,1.35,47.25,0.1,drop,48,16,3,0.20509,0.9402237906216514,498,9502,1000,P2,0.044214461765719325,4421.4461765719325,0.1,10000,13,2455,5300,1.0,0,10000,0.0,0,0.0,"{""budget"": 9502}"
device_0,0.9375,1702,1.35,47.25,0.1,drop,48,16,3,0.19366,0.9366016280001491,498,9502,1000,P2,0.042945728169710984,4294.572816971098,0.1,10000,14,2492,5058,1.0,0,10000,0.0,0,0.0,"{""budget"": 9502}"
device_0,0.9375,1703,1.35,47.25,0.1,drop,48,16,3,0.19489,0.9369055048961522,487,9513,1000,P2,0.04310831911981775,4310.831911981775,0.1,10000,15,2501,5052,1.0,0,10000,0.0,0,0.0,"{""budget"": 9513}"
device_0,0.9375,1704,1.35,47.25,0.1,drop,48,16,3,0.19999,0.9358099323716185,485,9515,1000,P2,0.04358012235366339,4358.012235366339,0.1,10000,11,2482,5208,1.0,0,10000,0.0,0,0.0,"{""budget"": 9515}"
device_0,0.9375,1705,1.35,47.25,0.1,drop,48,16,3,0.19063,0.9374553760710133,477,9523,1000,P2,0.042402483504333774,4240.248350433378,0.1,10000,14,2434,4945,1.0,0,10000,0.0,0,0.0,"{""budget"": 9523}"
device_0,0.9375,1706,1.35,47.25,0.1,drop,48,16,3,0.20144,0.9386428776611538,522,9478,1000,P2,0.04383183805760364,4383.1838057603645,0.1,10000,10,2465,5226,1.0,0,10000,0.0,0,0.0,"{""budget"": 9478}"
device_0,0.9375,1707,1.35,47.25,0.1,drop,48,16,3,0.20073,0.9386652506542138,532,9468,1000,P2,0.04369119214202303,4369.119214202303,0.1,10000,17,2475,5120,1.0,0,10000,0.0,0,0.0,"{""budget"": 9468}"
device_0,0.9375,1708,1.35,47.25,0.1,drop,48,16,3,0.19042,0.9350336658268497,462,9538,1000,P2,0.042465781689650324,4246.578168965032,0.1,10000,15,2426,4947,1.0,0,10000,0.0,0,0.0,"{""budget"": 9538}"
device_0,0.9375,1709,1.35,47.25,0.1,drop,48,16,3,0.20214,0.9387695757970393,501,9499,1000,P2,0.04379864335301311,4379.864335301311,0.1,10000,12,2443,5241,1.0,0,10000,0.0,0,0.0,"{""budget"": 9499}"
device_0,0.9375,1710,1.35,47.25,0.1,drop,48,16,3,0.20082,0.9338903427364145,486,9514,1000,P2,0.04370420358007181,4370.420358007181,0.1,10000,13,2452,5247,1.0,0,10000,0.0,0,0.0,"{""budget"": 9514}"
device_0,0.975,1701,1.35,47.25,0.1,drop,48,16,3,0.20012,0.9750727182312047,475,9525,1000,P2,0.043709233313219735,4370.923331321974,0.1,10000,12,2458,5097,1.0,0,10000,0.0,0,0.0,"{""budget"": 9525}"
device_0,0.975,1702,1.35,47.25,0.1,drop,48,16,3,0.19762,0.9739220248349032,483,9517,1000,P2,0.04340558709631652,4340.558709631652,0.1,10000,13,2477,4967,1.0,0,10000,0.0,0,0.0,"{""budget"": 9517}"
device_0,0.975,1703,1.35,47.25,0.1,drop,48,16,3,0.1984,0.975854682367182,494,9506,1000,P2,0.043473087576748545,4347.308757674855,0.1,10000,13,2464,4988,1.0,0,10000,0.0,0,0.0,"{""budget"": 9506}"
device_0,0.975,1704,1.35,47.25,0.1,drop,48,16,3,0.19634,0.9733501805342133,485,9515,1000,P2,0.04311375070579185,4311.3750705791845,0.1,10000,15,2450,4972,1.0,0,10000,0.0,0,0.0,"{""budget"": 9515}"
device_0,0.975,1705,1.35,47.25,0.1,drop,48,16,3,0.19493,0.9747974986214312,499,9501,1000,P2,0.04292680194923682,4292.680194923682,0.1,10000,12,2539,4953,1.0,0,10000,0.0,0,0.0,"{""budget"": 9501}"
device_0,0.975,1706,1.35,47.25,0.1,drop,48,16,3,0.203,0.9742259419786155,480,9520,1000,P2,0.04390345524885275,4390.345524885275,0.1,10000,12,2457,5158,1.0,0,10000,0.0,0,0.0,"{""budget"": 9520}"
device_0,0.975,1707,1.35,47.25,0.1,drop,48,16,3,0.20266,0.9738223967562294,499,9501,1000,P2,0.04401096377806811,4401.096377806811,0.1,10000,12,2450,5072,1.0,0,10000,0.0,0,0.0,"{""budget"": 9501}"
device_0,0.975,1708,1.35,47.25,0.1,drop,48,16,3,0.19043,0.9746047948044175,482,9518,1000,P2,0.042486258790915575,4248.625879091557,0.1,10000,18,2504,4803,1.0,0,10000,0.0,0,0.0,"{""budget"": 9518}"
device_0,0.975,1709,1.35,47.25,0.1,drop,48,16,3,0.19294,0.9749540477640206,466,9534,1000,P2,0.042740722172738894,4274.07221727389,0.1,10000,13,2520,4847,1.0,0,10000,0.0,0,0.0,"{""budget"": 9534}"
device_0,0.975,1710,1.35,47.25,0.1,drop,48,16,3,0.19779,0.9774683509778551,513,9487,1000,P2,0.04333918226770276,4333.918226770276,0.1,10000,13,2466,4890,1.0,0,10000,0.0,0,0.0,"{""budget"": 9487}"
device_0,0.0,1701,1.35,47.25,0.1,late,48,16,3,0.19936,-0.002661444942765865,516,9484,1000,P2,0.05354929885348422,5354.929885348422,0.1,10000,4,903,8914,0.8849,1151,8849,0.0,0,0.0,"{""budget"": 9484}"
device_0,0.0,1702,1.35,47.25,0.1,late,48,16,3,0.20106,0.005830007599770396,487,9513,1000,P2,0.05362938859412563,5362.938859412563,0.1,10000,6,870,8928,0.8887,1113,8887,0.0,0,0.0,"{""budget"": 9513}"
device_0,0.0,1703,1.35,47.25,0.1,late,48,16,3,0.19952,0.005656351965683195,497,9503,1000,P2,0.053546659521753116,5354.665952175312,0.1,10000,5,880,8919,0.8857,1143,8857,0.0,0,0.0,"{""budget"": 9503}"
device_0,0.0,1704,1.35,47.25,0.1,late,48,16,3,0.20257,0.002457782015709934,527,9473,1000,P2,0.053834053920012774,5383.4053920012775,0.1,10000,4,903,8893,0.8862,1138,8862,0.0,0,0.0,"{""budget"": 9473}"
device_0,0.0,1705,1.35,47.25,0.1,late,48,16,3,0.20104,-0.004155617772998724,482,9518,1000,P2,0.053650075293519534,5365.007529351953,0.1,10000,4,873,8946,0.8827,1173,8827,0.0,0,0.0,"{""budget"": 9518}"
device_0,0.0,1706,1.35,47.25,0.1,late,48,16,3,0.20062,-0.0045443747273977144,517,9483,1000,P2,0.05360840459968615,5360.8404599686155,0.1,10000,5,897,8919,0.8887,1113,8887,0.0,0,0.0,"{""budget"": 9483}"
device_0,0.0,1707,1.35,47.25,0.1,late,48,16,3,0.19896,0.001346027845602329,467,9533,1000,P2,0.05347762215839328,5347.762215839328,0.1,10000,5,903,8873,0.8817,1183,8817,0.0,0,0.0,"{""budget"": 9533}"
device_0,0.0,1708,1.35,47.25,0.1,late,48,16,3,0.19922,-0.001372807149175493,497,9503,1000,P2,0.053503758365039594,5350.375836503959,0.1,10000,4,885,8920,0.8854,1146,8854,0.0,0,0.0,"{""budget"": 9503}"
device_0,0.0,1709,1.35,47.25,0.1,late,48,16,3,0.20001,0.005034822885721277,508,9492,1000,P2,0.053666970685919094,5366.69706859191,0.1,10000,5,911,8864,0.8809,1191,8809,0.0,0,0.0,"{""budget"": 9492}"
device_0,0.0,1710,1.35,47.25,0.1,late,48,16,3,0.19848,0.0007247411049733544,469,9531,1000,P2,0.05334687822129127,5334.687822129127,0.1,10000,6,937,8870,0.8801,1199,8801,0.0,0,0.0,"{""budget"": 9531}"
device_0,0.375,1701,1.35,47.25,0.1,late,48,16,3,0.19773,0.37585282092426525,509,9491,1000,P2,0.0532390486019146,5323.90486019146,0.1,10000,8,1651,7830,0.8827,1173,8827,0.0,0,0.0,"{""budget"": 9491}"
device_0,0.375,1702,1.35,47.25,0.1,late,48,16,3,0.20083,0.3763938072575695,499,9501,1000,P2,0.05363150172919715,5363.150172919715,0.1,10000,9,1604,7823,0.8875,1125,8875,0.0,0,0.0,"{""budget"": 9501}"
device_0,0.375,1703,1.35,47.25,0.1,late,48,16,3,0.19949,0.3708761472322628,508,9492,1000,P2,0.05357800535300733,5357.800535300733,0.1,10000,7,1566,7884,0.8807,1193,8807,0.0,0,0.0,"{""budget"": 9492}"
device_0,0.375,1704,1.35,47.25,0.1,late,48,16,3,0.19956,0.37083454970073176,479,9521,1000,P2,0.05353766604949818,5353.766604949818,0.1,10000,7,1613,7850,0.8866,1134,8866,0.0,0,0.0,"{""budget"": 9521}"
device_0,0.375,1705,1.35,47.25,0.1,late,48,16,3,0.1976,0.38054564128452917,502,9498,1000,P2,0.05328962600604014,5328.962600604014,0.1,10000,7,1660,7756,0.8813,1187,8813,0.0,0,0.0,"{""budget"": 9498}"
device_0,0.375,1706,1.35,47.25,0.1,late,48,16,3,0.19975,0.37847803043317246,532,9468,1000,P2,0.053568182979533634,5356.818297953363,0.1,10000,6,1594,7859,0.8765,1235,8765,0.0,0,0.0,"{""budget"": 9468}"
device_0,0.375,1707,1.35,47.25,0.1,late,48,16,3,0.19756,0.3714936166119789,451,9549,1000,P2,0.053220491762204426,5322.049176220443,0.1,10000,7,1629,7768,0.8843,1157,8843,0.0,0,0.0,"{""budget"": 9549}"
device_0,0.375,1708,1.35,47.25,0.1,late,48,16,3,0.19968,0.3728274067949136,476,9524,1000,P2,0.053506427463741964,5350.642746374197,0.1,10000,7,1620,7817,0.8788,1212,8788,0.0,0,0.0,"{""budget"": 9524}"
device_0,0.375,1709,1.35,47.25,0.1,late,48,16,3,0.20214,0.3789219763360735,509,9491,1000,P2,0.05384449295457081,5384.4492954570815,0.1,10000,7,1651,7756,0.8864,1136,8864,0.0,0,0.0,"{""budget"": 9491}"
device_0,0.375,1710,1.35,47.25,0.1,late,48,16,3,0.19842,0.37511826036297974,485,9515,1000,P2,0.05337562964898343,5337.562964898343,0.1,10000,6,1626,7803,0.8898,1102,8898,0.0,0,0.0,"{""budget"": 9515}"
device_0,0.75,1701,1.35,47.25,0.1,late,48,16,3,0.20817,0.7556341521150168,530,9470,1000,P2,0.05468483697444553,5468.483697444553,0.1,10000,9,2016,6892,0.8875,1125,8875,0.0,0,0.0,"{""budget"": 9470}"
device_0,0.75,1702,1.35,47.25,0.1,late,48,16,3,0.20244,0.7487885933421545,512,9488,1000,P2,0.05386658227391768,5386.658227391768,0.1,10000,11,2007,6733,0.8828,1172,8828,0.0,0,0.0,"{""budget"": 9488}"
device_0,0.75,1703,1.35,47.25,0.1,late,48,16,3,0.20102,0.7470900970852136,531,9469,1000,P2,0.05372319474827743,5372.319474827743,0.1,10000,9,2088,6732,0.8837,1163,8837,0.0,0,0.0,"{""budget"": 9469}"
device_0,0.75,1704,1.35,47.25,0.1,late,48,16,3,0.19715,0.7479806369104111,493,9507,1000,P2,0.05321116803488705,5321.116803488705,0.1,10000,9,2069,6696,0.8826,1174,8826,0.0,0,0.0,"{""budget"": 9507}"
device_0,0.75,1705,1.35,47.25,0.1,late,48,16,3,0.20494,0.7506431485678381,519,9481,1000,P2,0.05423806395007017,5423.806395007017,0.1,10000,8,2042,6788,0.8898,1102,8898,0.0,0,0.0,"{""budget"": 9481}"
device_0,0.75,1706,1.35,47.25,0.1,late,48,16,3,0.20282,0.7537784223147826,462,9538,1000,P2,0.053795406244549815,5379.540624454981,0.1,10000,11,2052,6761,0.8896,1104,8896,0.0,0,0.0,"{""budget"": 9538}"
device_0,0.75,1707,1.35,47.25,0.1,late,48,16,3,0.20138,0.7431906944181493,488,9512,1000,P2,0.05388935926056284,5388.935926056284,0.1,10000,9,2004,6799,0.8821,1179,8821,0.0,0,0.0,"{""budget"": 9512}"
device_0,0.75,1708,1.35,47.25,0.1,late,48,16,3,0.20034,0.7475350990705809,471,9529,1000,P2,0.05338779089870879,5338.779089870879,0.1,10000,13,2049,6702,0.887,1130,8870,0.0,0,0.0,"{""budget"": 9529}"
device_0,0.75,1709,1.35,47.25,0.1,late,48,16,3,0.20613,0.7542776800152501,505,9495,1000,P2,0.05437774611030798,5437.774611030798,0.1,10000,7,2019,6790,0.8839,1161,8839,0.0,0,0.0,"{""budget"": 9495}"
device_0,0.75,1710,1.35,47.25,0.1,late,48,16,3,0.20286,0.74728584709585,519,9481,1000,P2,0.053945177533228354,5394.517753322835,0.1,10000,8,2018,6851,0.8827,1173,8827,0.0,0,0.0,"{""budget"": 9481}"
device_0,0.875,1701,1.35,47.25,0.1,late,48,16,3,0.20249,0.8763990178082249,523,9477,1000,P2,0.053752330285023284,5375.233028502328,0.1,10000,15,2149,6434,0.8879,1121,8879,0.0,0,0.0,"{""budget"": 9477}"
device_0,0.875,1702,1.35,47.25,0.1,late,48,16,3,0.19703,0.8759866636367837,489,9511,1000,P2,0.05312583434316606,5312.583434316606,0.1,10000,9,2112,6378,0.8798,1202,8798,0.0,0,0.0,"{""budget"": 9511}"
device_0,0.875,1703,1.35,47.25,0.1,late,48,16,3,0.20238,0.8773687974569232,505,9495,1000,P2,0.05385788927606386,5385.788927606386,0.1,10000,10,2088,6428,0.8871,1129,8871,0.0,0,0.0,"{""budget"": 9495}"
device_0,0.875,1704,1.35,47.25,0.1,late,48,16,3,0.19663,0.8771256568671042,478,9522,1000,P2,0.05317259614708171,5317.259614708171,0.1,10000,10,2121,6387,0.8785,1215,8785,0.0,0,0.0,"{""budget"": 9522}"
device_0,0.875,1705,1.35,47.25,0.1,late,48,16,3,0.20133,0.8756186617053834,486,9514,1000,P2,0.05374102587700871,5374.102587700871,0.1,10000,11,2147,6349,0.8875,1125,8875,0.0,0,0.0,"{""budget"": 9514}"
device_0,0.875,1706,1.35,47.25,0.1,late,48,16,3,0.19605,0.8731077294363513,515,9485,1000,P2,0.05298895250293279,5298.895250293279,0.1,10000,10,2151,6272,0.8852,1148,8852,0.0,0,0.0,"{""budget"": 9485}"
device_0,0.875,1707,1.35,47.25,0.1,late,48,16,3,0.2,0.8774036452681541,500,9500,1000,P2,0.053581737029510884,5358.173702951089,0.1,10000,13,2097,6419,0.8779,1221,8779,0.0,0,0.0,"{""budget"": 9500}"
device_0,0.875,1708,1.35,47.25,0.1,late,48,16,3,0.20258,0.87442580026271,496,9504,1000,P2,0.05399741912493692,5399.741912493692,0.1,10000,10,2086,6462,0.8818,1182,8818,0.0,0,0.0,"{""budget"": 9504}"
device_0,0.875,1709,1.35,47.25,0.1,late,48,16,3,0.19831,0.8770598020870867,511,9489,1000,P2,0.053260641050759366,5326.064105075937,0.1,10000,10,2138,6316,0.8853,1147,8853,0.0,0,0.0,"{""budget"": 9489}"
device_0,0.875,1710,1.35,47.25,0.1,late,48,16,3,0.19668,0.8724656025657239,493,9507,1000,P2,0.05322417379369417,5322.417379369417,0.1,10000,9,2120,6357,0.8805,1195,8805,0.0,0,0.0,"{""budget"": 9507}"
device_0,0.9375,1701,1.35,47.25,0.1,late,48,16,3,0.20509,0.9402237906216514,498,9502,1000,P2,0.054199705923149,5419.9705923149,0.1,10000,12,2162,6262,0.8853,1147,8853,0.0,0,0.0,"{""budget"": 9502}"
device_0,0.9375,1702,1.35,47.25,0.1,late,48,16,3,0.19366,0.9366016280001491,498,9502,1000,P2,0.05283941931244462,5283.941931244462,0.1,10000,11,2184,6180,0.8781,1219,8781,0.0,0,0.0,"{""budget"": 9502}"
device_0,0.9375,1703,1.35,47.25,0.1,late,48,16,3,0.19489,0.9369055048961522,487,9513,1000,P2,0.05299052823236392,5299.052823236392,0.1,10000,11,2197,6167,0.8824,1176,8824,0.0,0,0.0,"{""budget"": 9513}"
device_0,0.9375,1704,1.35,47.25,0.1,late,48,16,3,0.19999,0.9358099323716185,485,9515,1000,P2,0.053529722216978444,5352.972221697844,0.1,10000,11,2136,6193,0.886,1140,8860,0.0,0,0.0,"{""budget"": 9515}"
device_0,0.9375,1705,1.35,47.25,0.1,late,48,16,3,0.19063,0.9374553760710133,477,9523,1000,P2,0.05224655601843997,5224.655601843997,0.1,10000,12,2174,6002,0.886,1140,8860,0.0,0,0.0,"{""budget"": 9523}"
device_0,0.9375,1706,1.35,47.25,0.1,late,48,16,3,0.20144,0.9386428776611538,522,9478,1000,P2,0.053744597202179806,5374.45972021798,0.1,10000,11,2122,6300,0.8822,1178,8822,0.0,0,0.0,"{""budget"": 9478}"
device_0,0.9375,1707,1.35,47.25,0.1,late,48,16,3,0.20073,0.9386652506542138,532,9468,1000,P2,0.053636059088462404,5363.605908846241,0.1,10000,9,2130,6231,0.8804,1196,8804,0.0,0,0.0,"{""budget"": 9468}"
device_0,0.9375,1708,1.35,47.25,0.1,late,48,16,3,0.19042,0.9350336658268497,462,9538,1000,P2,0.05229343978028175,5229.343978028175,0.1,10000,11,2122,6009,0.8806,1194,8806,0.0,0,0.0,"{""budget"": 9538}"
device_0,0.9375,1709,1.35,47.25,0.1,late,48,16,3,0.20214,0.9387695757970393,501,9499,1000,P2,0.05377500405089522,5377.500405089522,0.1,10000,10,2129,6283,0.8844,1156,8844,0.0,0,0.0,"{""budget"": 9499}"
device_0,0.9375,1710,1.35,47.25,0.1,late,48,16,3,0.20082,0.9338903427364145,486,9514,1000,P2,0.053596788536160664,5359.678853616067,0.1,10000,11,2153,6188,0.8809,1191,8809,0.0,0,0.0,"{""budget"": 9514}"
device_0,0.975,1701,1.35,47.25,0.1,late,48,16,3,0.20012,0.9750727182312047,475,9525,1000,P2,0.05360017181329904,5360.017181329904,0.1,10000,11,2193,6064,0.8821,1179,8821,0.0,0,0.0,"{""budget"": 9525}"
device_0,0.975,1702,1.35,47.25,0.1,late,48,16,3,0.19762,0.9739220248349032,483,9517,1000,P2,0.05334879429763591,5334.87942976359,0.1,10000,12,2171,6017,0.8804,1196,8804,0.0,0,0.0,"{""budget"": 9517}"
device_0,0.975,1703,1.35,47.25,0.1,late,48,16,3,0.1984,0.975854682367182,494,9506,1000,P2,0.053356873559266424,5335.687355926642,0.1,10000,10,2179,6013,0.8841,1159,8841,0.0,0,0.0,"{""budget"": 9506}"
device_0,0.975,1704,1.35,47.25,0.1,late,48,16,3,0.19634,0.9733501805342133,485,9515,1000,P2,0.05300384538265604,5300.384538265604,0.1,10000,13,2143,6039,0.8876,1124,8876,0.0,0,0.0,"{""budget"": 9515}"
device_0,0.975,1705,1.35,47.25,0.1,late,48,16,3,0.19493,0.9747974986214312,499,9501,1000,P2,0.052799930705610225,5279.993070561022,0.1,10000,12,2203,5983,0.8838,1162,8838,0.0,0,0.0,"{""budget"": 9501}"
device_0,0.975,1706,1.35,47.25,0.1,late,48,16,3,0.203,0.9742259419786155,480,9520,1000,P2,0.05387014671213566,5387.014671213566,0.1,10000,11,2154,6153,0.8832,1168,8832,0.0,0,0.0,"{""budget"": 9520}"
device_0,0.975,1707,1.35,47.25,0.1,late,48,16,3,0.20266,0.9738223967562294,499,9501,1000,P2,0.053934836545132155,5393.483654513216,0.1,10000,10,2155,6149,0.8793,1207,8793,0.0,0,0.0,"{""budget"": 9501}"
device_0,0.975,1708,1.35,47.25,0.1,late,48,16,3,0.19043,0.9746047948044175,482,9518,1000,P2,0.05230236194910637,5230.236194910637,0.1,10000,12,2206,5897,0.8845,1155,8845,0.0,0,0.0,"{""budget"": 9518}"
device_0,0.975,1709,1.35,47.25,0.1,late,48,16,3,0.19294,0.9749540477640206,466,9534,1000,P2,0.052532026217742105,5253.2026217742105,0.1,10000,16,2166,5938,0.8877,1123,8877,0.0,0,0.0,"{""budget"": 9534}"
device_0,0.975,1710,1.35,47.25,0.1,late,48,16,3,0.19779,0.9774683509778551,513,9487,1000,P2,0.053239307121933234,5323.930712193323,0.1,10000,12,2116,6051,0.8822,1178,8822,0.0,0,0.0,"{""budget"": 9487}"
device_0,0.0,1701,1.35,47.25,0.15,drop,48,16,3,0.19936,-0.002661444942765865,516,14484,1000,P2,0.03579772649833573,3579.772649833573,0.15,15000,5,1839,12700,1.0,0,15000,0.0,0,0.0,"{""budget"": 14484}"
device_0,0.0,1702,1.35,47.25,0.15,drop,48,16,3,0.20106,0.005830007599770396,487,14513,1000,P2,0.035851498178326294,3585.149817832629,0.15,15000,6,1981,12523,1.0,0,15000,0.0,0,0.0,"{""budget"": 14513}"
device_0,0.0,1703,1.35,47.25,0.15,drop,48,16,3,0.19952,0.005656351965683195,497,14503,1000,P2,0.03574327854835737,3574.327854835737,0.15,15000,5,1946,12546,1.0,0,15000,0.0,0,0.0,"{""budget"": 14503}"
device_0,0.0,1704,1.35,47.25,0.15,drop,48,16,3,0.20257,0.002457782015709934,527,14473,1000,P2,0.03607891076704383,3607.891076704383,0.15,15000,5,1938,12573,1.0,0,15000,0.0,0,0.0,"{""budget"": 14473}"
device_0,0.0,1705,1.35,47.25,0.15,drop,48,16,3,0.20104,-0.004155617772998724,482,14518,1000,P2,0.03587751331936681,3587.7513319366813,0.15,15000,6,1897,12629,1.0,0,15000,0.0,0,0.0,"{""budget"": 14518}"
device_0,0.0,1706,1.35,47.25,0.15,drop,48,16,3,0.20062,-0.0045443747273977144,517,14483,1000,P2,0.03581619811599234,3581.619811599234,0.15,15000,6,1866,12674,1.0,0,15000,0.0,0,0.0,"{""budget"": 14483}"
device_0,0.0,1707,1.35,47.25,0.15,drop,48,16,3,0.19896,0.001346027845602329,467,14533,1000,P2,0.03575637034417149,3575.637034417149,0.15,15000,6,1854,12630,1.0,0,15000,0.0,0,0.0,"{""budget"": 14533}"
device_0,0.0,1708,1.35,47.25,0.15,drop,48,16,3,0.19922,-0.001372807149175493,497,14503,1000,P2,0.035714233303376176,3571.4233303376177,0.15,15000,6,1864,12642,1.0,0,15000,0.0,0,0.0,"{""budget"": 14503}"
device_0,0.0,1709,1.35,47.25,0.15,drop,48,16,3,0.20001,0.005034822885721277,508,14492,1000,P2,0.03589336830655834,3589.336830655834,0.15,15000,6,1921,12605,1.0,0,15000,0.0,0,0.0,"{""budget"": 14492}"
device_0,0.0,1710,1.35,47.25,0.15,drop,48,16,3,0.19848,0.0007247411049733544,469,14531,1000,P2,0.035630005229626505,3563.0005229626504,0.15,15000,5,1892,12667,1.0,0,15000,0.0,0,0.0,"{""budget"": 14531}"
device_0,0.375,1701,1.35,47.25,0.15,drop,48,16,3,0.19773,0.37585282092426525,509,14491,1000,P2,0.03555679650281254,3555.6796502812545,0.15,15000,11,3524,9237,1.0,0,15000,0.0,0,0.0,"{""budget"": 14491}"
device_0,0.375,1702,1.35,47.25,0.15,drop,48,16,3,0.20083,0.3763938072575695,499,14501,1000,P2,0.03584430074983992,3584.430074983992,0.15,15000,11,3466,9280,1.0,0,15000,0.0,0,0.0,"{""budget"": 14501}"
device_0,0.375,1703,1.35,47.25,0.15,drop,48,16,3,0.19949,0.3708761472322628,508,14492,1000,P2,0.03576025063363978,3576.025063363978,0.15,15000,12,3437,9321,1.0,0,15000,0.0,0,0.0,"{""budget"": 14492}"
device_0,0.375,1704,1.35,47.25,0.15,drop,48,16,3,0.19956,0.37083454970073176,479,14521,1000,P2,0.03575617718883545,3575.6177188835445,0.15,15000,10,3478,9274,1.0,0,15000,0.0,0,0.0,"{""budget"": 14521}"
device_0,0.375,1705,1.35,47.25,0.15,drop,48,16,3,0.1976,0.38054564128452917,502,14498,1000,P2,0.03551329684270273,3551.329684270273,0.15,15000,12,3520,9213,1.0,0,15000,0.0,0,0.0,"{""budget"": 14498}"
device_0,0.375,1706,1.35,47.25,0.15,drop,48,16,3,0.19975,0.37847803043317246,532,14468,1000,P2,0.03577923935686912,3577.9239356869125,0.15,15000,9,3522,9260,1.0,0,15000,0.0,0,0.0,"{""budget"": 14468}"
device_0,0.375,1707,1.35,47.25,0.15,drop,48,16,3,0.19756,0.3714936166119789,451,14549,1000,P2,0.035497652611582914,3549.765261158291,0.15,15000,9,3476,9349,1.0,0,15000,0.0,0,0.0,"{""budget"": 14549}"
device_0,0.375,1708,1.35,47.25,0.15,drop,48,16,3,0.19968,0.3728274067949136,476,14524,1000,P2,0.03580924885892201,3580.924885892201,0.15,15000,10,3424,9330,1.0,0,15000,0.0,0,0.0,"{""budget"": 14524}"
device_0,0.375,1709,1.35,47.25,0.15,drop,48,16,3,0.20214,0.3789219763360735,509,14491,1000,P2,0.035969144511699226,3596.914451169923,0.15,15000,10,3461,9266,1.0,0,15000,0.0,0,0.0,"{""budget"": 14491}"
device_0,0.375,1710,1.35,47.25,0.15,drop,48,16,3,0.19842,0.37511826036297974,485,14515,1000,P2,0.0355764029507732,3557.6402950773204,0.15,15000,8,3463,9274,1.0,0,15000,0.0,0,0.0,"{""budget"": 14515}"
device_0,0.75,1701,1.35,47.25,0.15,drop,48,16,3,0.20817,0.7556341521150168,530,14470,1000,P2,0.0368135332441788,3681.35332441788,0.15,15000,18,3660,6199,1.0,0,15000,0.0,0,0.0,"{""budget"": 14470}"
device_0,0.75,1702,1.35,47.25,0.15,drop,48,16,3,0.20244,0.7487885933421545,512,14488,1000,P2,0.036016986477001654,3601.698647700165,0.15,15000,15,3592,6076,1.0,0,15000,0.0,0,0.0,"{""budget"": 14488}"
device_0,0.75,1703,1.35,47.25,0.15,drop,48,16,3,0.20102,0.7470900970852136,531,14469,1000,P2,0.0359111546295517,3591.11546295517,0.15,15000,17,3637,6035,1.0,0,15000,0.0,0,0.0,"{""budget"": 14469}"
device_0,0.75,1704,1.35,47.25,0.15,drop,48,16,3,0.19715,0.7479806369104111,493,14507,1000,P2,0.0354784419742284,3547.84419742284,0.15,15000,19,3504,5844,1.0,0,15000,0.0,0,0.0,"{""budget"": 14507}"
device_0,0.75,1705,1.35,47.25,0.15,drop,48,16,3,0.20494,0.7506431485678381,519,14481,1000,P2,0.03634300300730965,3634.300300730965,0.15,15000,23,3584,6118,1.0,0,15000,0.0,0,0.0,"{""budget"": 14481}"
device_0,0.75,1706,1.35,47.25,0.15,drop,48,16,3,0.20282,0.7537784223147826,462,14538,1000,P2,0.0360661687500283,3606.6168750028296,0.15,15000,17,3571,5993,1.0,0,15000,0.0,0,0.0,"{""budget"": 14538}"
device_0,0.75,1707,1.35,47.25,0.15,drop,48,16,3,0.20138,0.7431906944181493,488,14512,1000,P2,0.036049054228172374,3604.905422817237,0.15,15000,19,3574,6064,1.0,0,15000,0.0,0,0.0,"{""budget"": 14512}"
device_0,0.75,1708,1.35,47.25,0.15,drop,48,16,3,0.20034,0.7475350990705809,471,14529,1000,P2,0.03567765562137664,3567.765562137664,0.15,15000,20,3570,6030,1.0,0,15000,0.0,0,0.0,"{""budget"": 14529}"
device_0,0.75,1709,1.35,47.25,0.15,drop,48,16,3,0.20613,0.7542776800152501,505,14495,1000,P2,0.036547359451153144,3654.7359451153143,0.15,15000,19,3603,6149,1.0,0,15000,0.0,0,0.0,"{""budget"": 14495}"
device_0,0.75,1710,1.35,47.25,0.15,drop,48,16,3,0.20286,0.74728584709585,519,14481,1000,P2,0.03613933700288744,3613.933700288744,0.15,15000,17,3609,6108,1.0,0,15000,0.0,0,0.0,"{""budget"": 14481}"
device_0,0.875,1701,1.35,47.25,0.15,drop,48,16,3,0.20249,0.8763990178082249,523,14477,1000,P2,0.035957157981609755,3595.7157981609757,0.15,15000,19,3270,4941,1.0,0,15000,0.0,0,0.0,"{""budget"": 14477}"
device_0,0.875,1702,1.35,47.25,0.15,drop,48,16,3,0.19703,0.8759866636367837,489,14511,1000,P2,0.03543961954950318,3543.9619549503177,0.15,15000,23,3209,4670,1.0,0,15000,0.0,0,0.0,"{""budget"": 14511}"
device_0,0.875,1703,1.35,47.25,0.15,drop,48,16,3,0.20238,0.8773687974569232,505,14495,1000,P2,0.03603663569658112,3603.6635696581116,0.15,15000,29,3248,4945,1.0,0,15000,0.0,0,0.0,"{""budget"": 14495}"
device_0,0.875,1704,1.35,47.25,0.15,drop,48,16,3,0.19663,0.8771256568671042,478,14522,1000,P2,0.03546252022415524,3546.2520224155237,0.15,15000,24,3183,4608,1.0,0,15000,0.0,0,0.0,"{""budget"": 14522}"
device_0,0.875,1705,1.35,47.25,0.15,drop,48,16,3,0.20133,0.8756186617053834,486,14514,1000,P2,0.0359820309284444,3598.20309284444,0.15,15000,20,3330,4924,1.0,0,15000,0.0,0,0.0,"{""budget"": 14514}"
device_0,0.875,1706,1.35,47.25,0.15,drop,48,16,3,0.19605,0.8731077294363513,515,14485,1000,P2,0.03520865124654053,3520.8651246540535,0.15,15000,24,3159,4660,1.0,0,15000,0.0,0,0.0,"{""budget"": 14485}"
device_0,0.875,1707,1.35,47.25,0.15,drop,48,16,3,0.2,0.8774036452681541,500,14500,1000,P2,0.035811164326081536,3581.1164326081534,0.15,15000,23,3256,4784,1.0,0,15000,0.0,0,0.0,"{""budget"": 14500}"
device_0,0.875,1708,1.35,47.25,0.15,drop,48,16,3,0.20258,0.87442580026271,496,14504,1000,P2,0.036115005857380596,3611.5005857380593,0.15,15000,21,3312,4981,1.0,0,15000,0.0,0,0.0,"{""budget"": 14504}"
device_0,0.875,1709,1.35,47.25,0.15,drop,48,16,3,0.19831,0.8770598020870867,511,14489,1000,P2,0.035600584780004885,3560.0584780004883,0.15,15000,29,3198,4695,1.0,0,15000,0.0,0,0.0,"{""budget"": 14489}"
device_0,0.875,1710,1.35,47.25,0.15,drop,48,16,3,0.19668,0.8724656025657239,493,14507,1000,P2,0.03548534714433929,3548.5347144339294,0.15,15000,20,3233,4715,1.0,0,15000,0.0,0,0.0,"{""budget"": 14507}"
device_0,0.9375,1701,1.35,47.25,0.15,drop,48,16,3,0.20509,0.9402237906216514,498,14502,1000,P2,0.03637224539624644,3637.2245396246444,0.15,15000,21,3172,4503,1.0,0,15000,0.0,0,0.0,"{""budget"": 14502}"
device_0,0.9375,1702,1.35,47.25,0.15,drop,48,16,3,0.19366,0.9366016280001491,498,14502,1000,P2,0.03512314574350443,3512.3145743504433,0.15,15000,24,2880,3947,1.0,0,15000,0.0,0,0.0,"{""budget"": 14502}"
device_0,0.9375,1703,1.35,47.25,0.15,drop,48,16,3,0.19489,0.9369055048961522,487,14513,1000,P2,0.03528742693433188,3528.742693433188,0.15,15000,24,2926,4011,1.0,0,15000,0.0,0,0.0,"{""budget"": 14513}"
device_0,0.9375,1704,1.35,47.25,0.15,drop,48,16,3,0.19999,0.9358099323716185,485,14515,1000,P2,0.03574882691093258,3574.8826910932576,0.15,15000,29,3043,4293,1.0,0,15000,0.0,0,0.0,"{""budget"": 14515}"
device_0,0.9375,1705,1.35,47.25,0.15,drop,48,16,3,0.19063,0.9374553760710133,477,14523,1000,P2,0.0345860548039624,3458.60548039624,0.15,15000,38,2774,3787,1.0,0,15000,0.0,0,0.0,"{""budget"": 14523}"
device_0,0.9375,1706,1.35,47.25,0.15,drop,48,16,3,0.20144,0.9386428776611538,522,14478,1000,P2,0.03600051846905149,3600.051846905149,0.15,15000,27,3075,4359,1.0,0,15000,0.0,0,0.0,"{""budget"": 14478}"
device_0,0.9375,1707,1.35,47.25,0.15,drop,48,16,3,0.20073,0.9386652506542138,532,14468,1000,P2,0.03586093239495814,3586.093239495814,0.15,15000,29,3042,4282,1.0,0,15000,0.0,0,0.0,"{""budget"": 14468}"
device_0,0.9375,1708,1.35,47.25,0.15,drop,48,16,3,0.19042,0.9350336658268497,462,14538,1000,P2,0.034651180766336345,3465.1180766336342,0.15,15000,49,2809,3756,1.0,0,15000,0.0,0,0.0,"{""budget"": 14538}"
device_0,0.9375,1709,1.35,47.25,0.15,drop,48,16,3,0.20214,0.9387695757970393,501,14499,1000,P2,0.0359645180245102,3596.45180245102,0.15,15000,23,3091,4364,1.0,0,15000,0.0,0,0.0,"{""budget"": 14499}"
device_0,0.9375,1710,1.35,47.25,0.15,drop,48,16,3,0.20082,0.9338903427364145,486,14514,1000,P2,0.035872503700446576,3587.2503700446578,0.15,15000,22,3093,4389,1.0,0,15000,0.0,0,0.0,"{""budget"": 14514}"
device_0,0.975,1701,1.35,47.25,0.15,drop,48,16,3,0.20012,0.9750727182312047,475,14525,1000,P2,0.035877700410041326,3587.7700410041325,0.15,15000,36,2894,3974,1.0,0,15000,0.0,0,0.0,"{""budget"": 14525}"
device_0,0.975,1702,1.35,47.25,0.15,drop,48,16,3,0.19762,0.9739220248349032,483,14517,1000,P2,0.035576897293472985,3557.6897293472985,0.15,15000,30,2852,3825,1.0,0,15000,0.0,0,0.0,"{""budget"": 14517}"
device_0,0.975,1703,1.35,47.25,0.15,drop,48,16,3,0.1984,0.975854682367182,494,14506,1000,P2,0.03564451179105551,3564.451179105551,0.15,15000,25,2868,3884,1.0,0,15000,0.0,0,0.0,"{""budget"": 14506}"
device_0,0.975,1704,1.35,47.25,0.15,drop,48,16,3,0.19634,0.9733501805342133,485,14515,1000,P2,0.035288432291250685,3528.8432291250683,0.15,15000,40,2811,3746,1.0,0,15000,0.0,0,0.0,"{""budget"": 14515}"
device_0,0.975,1705,1.35,47.25,0.15,drop,48,16,3,0.19493,0.9747974986214312,499,14501,1000,P2,0.03510539042068613,3510.539042068613,0.15,15000,30,2732,3635,1.0,0,15000,0.0,0,0.0,"{""budget"": 14501}"
device_0,0.975,1706,1.35,47.25,0.15,drop,48,16,3,0.203,0.9742259419786155,480,14520,1000,P2,0.03606530619801683,3606.5306198016833,0.15,15000,28,2950,4134,1.0,0,15000,0.0,0,0.0,"{""budget"": 14520}"
device_0,0.975,1707,1.35,47.25,0.15,drop,48,16,3,0.20266,0.9738223967562294,499,14501,1000,P2,0.03617433625087856,3617.433625087856,0.15,15000,29,2893,4080,1.0,0,15000,0.0,0,0.0,"{""budget"": 14501}"
device_0,0.975,1708,1.35,47.25,0.15,drop,48,16,3,0.19043,0.9746047948044175,482,14518,1000,P2,0.03467475623668062,3467.4756236680623,0.15,15000,34,2608,3363,1.0,0,15000,0.0,0,0.0,"{""budget"": 14518}"
device_0,0.975,1709,1.35,47.25,0.15,drop,48,16,3,0.19294,0.9749540477640206,466,14534,1000,P2,0.03492561017688558,3492.5610176885575,0.15,15000,27,2684,3518,1.0,0,15000,0.0,0,0.0,"{""budget"": 14534}"
device_0,0.975,1710,1.35,47.25,0.15,drop,48,16,3,0.19779,0.9774683509778551,513,14487,1000,P2,0.03551527483004721,3551.527483004721,0.15,15000,33,2806,3761,1.0,0,15000,0.0,0,0.0,"{""budget"": 14487}"
device_0,0.0,1701,1.35,47.25,0.15,late,48,16,3,0.19936,-0.002661444942765865,516,14484,1000,P2,0.04967210669552169,4967.210669552169,0.15,15000,6,1921,12622,0.8962666666666667,1556,13444,0.0,0,0.0,"{""budget"": 14484}"
device_0,0.0,1702,1.35,47.25,0.15,late,48,16,3,0.20106,0.005830007599770396,487,14513,1000,P2,0.049758767899129516,4975.876789912952,0.15,15000,7,1874,12589,0.8938666666666667,1592,13408,0.0,0,0.0,"{""budget"": 14513}"
device_0,0.0,1703,1.35,47.25,0.15,late,48,16,3,0.19952,0.005656351965683195,497,14503,1000,P2,0.049676068822476084,4967.606882247608,0.15,15000,6,1893,12611,0.8954,1569,13431,0.0,0,0.0,"{""budget"": 14503}"
device_0,0.0,1704,1.35,47.25,0.15,late,48,16,3,0.20257,0.002457782015709934,527,14473,1000,P2,0.049965698294409465,4996.569829440947,0.15,15000,7,1904,12601,0.8950666666666667,1574,13426,0.0,0,0.0,"{""budget"": 14473}"
device_0,0.0,1705,1.35,47.25,0.15,late,48,16,3,0.20104,-0.004155617772998724,482,14518,1000,P2,0.04976495619494853,4976.495619494853,0.15,15000,5,1878,12685,0.8988666666666667,1517,13483,0.0,0,0.0,"{""budget"": 14518}"
device_0,0.0,1706,1.35,47.25,0.15,late,48,16,3,0.20062,-0.0045443747273977144,517,14483,1000,P2,0.04973554530699645,4973.554530699645,0.15,15000,5,1898,12629,0.893,1605,13395,0.0,0,0.0,"{""budget"": 14483}"
device_0,0.0,1707,1.35,47.25,0.15,late,48,16,3,0.19896,0.001346027845602329,467,14533,1000,P2,0.049604741007438016,4960.4741007438015,0.15,15000,5,1898,12599,0.8896666666666667,1655,13345,0.0,0,0.0,"{""budget"": 14533}"
device_0,0.0,1708,1.35,47.25,0.15,late,48,16,3,0.19922,-0.001372807149175493,497,14503,1000,P2,0.049638011880196446,4963.8011880196445,0.15,15000,6,1914,12609,0.8908,1638,13362,0.0,0,0.0,"{""budget"": 14503}"
device_0,0.0,1709,1.35,47.25,0.15,late,48,16,3,0.20001,0.005034822885721277,508,14492,1000,P2,0.04977805149094423,4977.8051490944235,0.15,15000,7,1905,12566,0.9008,1488,13512,0.0,0,0.0,"{""budget"": 14492}"
device_0,0.0,1710,1.35,47.25,0.15,late,48,16,3,0.19848,0.0007247411049733544,469,14531,1000,P2,0.049472781990217166,4947.278199021716,0.15,15000,6,1953,12544,0.8899333333333334,1651,13349,0.0,0,0.0,"{""budget"": 14531}"
device_0,0.375,1701,1.35,47.25,0.15,late,48,16,3,0.19773,0.37585282092426525,509,14491,1000,P2,0.04938510217215308,4938.510217215307,0.15,15000,8,3194,10199,0.8814666666666666,1778,13222,0.0,0,0.0,"{""budget"": 14491}"
device_0,0.375,1702,1.35,47.25,0.15,late,48,16,3,0.20083,0.3763938072575695,499,14501,1000,P2,0.049749941385728545,4974.994138572854,0.15,15000,10,3150,10121,0.9016,1476,13524,0.0,0,0.0,"{""budget"": 14501}"
device_0,0.375,1703,1.35,47.25,0.15,late,48,16,3,0.19949,0.3708761472322628,508,14492,1000,P2,0.04970339180307454,4970.339180307454,0.15,15000,8,3119,10217,0.8922,1617,13383,0.0,0,0.0,"{""budget"": 14492}"
device_0,0.375,1704,1.35,47.25,0.15,late,48,16,3,0.19956,0.37083454970073176,479,14521,1000,P2,0.04966649390465531,4966.649390465531,0.15,15000,10,3141,10193,0.8951333333333333,1573,13427,0.0,0,0.0,"{""budget"": 14521}"
device_0,0.375,1705,1.35,47.25,0.15,late,48,16,3,0.1976,0.38054564128452917,502,14498,1000,P2,0.04942206961487001,4942.206961487001,0.15,15000,8,3183,10054,0.887,1695,13305,0.0,0,0.0,"{""budget"": 14498}"
device_0,0.375,1706,1.35,47.25,0.15,late,48,16,3,0.19975,0.37847803043317246,532,14468,1000,P2,0.04967272898372707,4967.2728983727075,0.15,15000,11,3120,10059,0.8981333333333333,1528,13472,0.0,0,0.0,"{""budget"": 14468}"
device_0,0.375,1707,1.35,47.25,0.15,late,48,16,3,0.19756,0.3714936166119789,451,14549,1000,P2,0.04936230482162019,4936.230482162019,0.15,15000,10,3159,10107,0.8884666666666666,1673,13327,0.0,0,0.0,"{""budget"": 14549}"
device_0,0.375,1708,1.35,47.25,0.15,late,48,16,3,0.19968,0.3728274067949136,476,14524,1000,P2,0.04963737881670646,4963.737881670646,0.15,15000,9,3157,10141,0.8899333333333334,1651,13349,0.0,0,0.0,"{""budget"": 14524}"
device_0,0.375,1709,1.35,47.25,0.15,late,48,16,3,0.20214,0.3789219763360735,509,14491,1000,P2,0.049958251599220446,4995.825159922045,0.15,15000,10,3145,10025,0.9013333333333333,1480,13520,0.0,0,0.0,"{""budget"": 14491}"
device_0,0.375,1710,1.35,47.25,0.15,late,48,16,3,0.19842,0.37511826036297974,485,14515,1000,P2,0.04951065422435629,4951.065422435629,0.15,15000,8,3155,10133,0.8912,1632,13368,0.0,0,0.0,"{""budget"": 14515}"
device_0,0.75,1701,1.35,47.25,0.15,late,48,16,3,0.20817,0.7556341521150168,530,14470,1000,P2,0.05077054749272673,5077.054749272673,0.15,15000,13,3489,7491,0.9186666666666666,1220,13780,0.0,0,0.0,"{""budget"": 14470}"
device_0,0.75,1702,1.35,47.25,0.15,late,48,16,3,0.20244,0.7487885933421545,512,14488,1000,P2,0.04997458520696416,4997.458520696417,0.15,15000,14,3382,7560,0.9025333333333333,1462,13538,0.0,0,0.0,"{""budget"": 14488}"
device_0,0.75,1703,1.35,47.25,0.15,late,48,16,3,0.20102,0.7470900970852136,531,14469,1000,P2,0.04983686696165568,4983.686696165568,0.15,15000,15,3434,7518,0.8994666666666666,1508,13492,0.0,0,0.0,"{""budget"": 14469}"
device_0,0.75,1704,1.35,47.25,0.15,late,48,16,3,0.19715,0.7479806369104111,493,14507,1000,P2,0.04934146567308142,4934.146567308142,0.15,15000,16,3343,7580,0.8902666666666667,1646,13354,0.0,0,0.0,"{""budget"": 14507}"
device_0,0.75,1705,1.35,47.25,0.15,late,48,16,3,0.20494,0.7506431485678381,519,14481,1000,P2,0.050345072627124225,5034.507262712423,0.15,15000,19,3435,7568,0.9077333333333333,1384,13616,0.0,0,0.0,"{""budget"": 14481}"
device_0,0.75,1706,1.35,47.25,0.15,late,48,16,3,0.20282,0.7537784223147826,462,14538,1000,P2,0.049909368985211734,4990.936898521173,0.15,15000,13,3438,7529,0.9046666666666666,1430,13570,0.0,0,0.0,"{""budget"": 14538}"
device_0,0.75,1707,1.35,47.25,0.15,late,48,16,3,0.20138,0.7431906944181493,488,14512,1000,P2,0.05000013488011826,5000.013488011826,0.15,15000,16,3322,7675,0.8967333333333334,1549,13451,0.0,0,0.0,"{""budget"": 14512}"
device_0,0.75,1708,1.35,47.25,0.15,late,48,16,3,0.20034,0.7475350990705809,471,14529,1000,P2,0.04951620827024506,4951.620827024506,0.15,15000,14,3404,7661,0.8956,1566,13434,0.0,0,0.0,"{""budget"": 14529}"
device_0,0.75,1709,1.35,47.25,0.15,late,48,16,3,0.20613,0.7542776800152501,505,14495,1000,P2,0.05047321219599869,5047.321219599869,0.15,15000,13,3440,7466,0.9102666666666667,1346,13654,0.0,0,0.0,"{""budget"": 14495}"
device_0,0.75,1710,1.35,47.25,0.15,late,48,16,3,0.20286,0.74728584709585,519,14481,1000,P2,0.05004788429600642,5004.788429600642,0.15,15000,19,3389,7540,0.9056666666666666,1415,13585,0.0,0,0.0,"{""budget"": 14481}"
device_0,0.875,1701,1.35,47.25,0.15,late,48,16,3,0.20249,0.8763990178082249,523,14477,1000,P2,0.04987741803456917,4987.741803456916,0.15,15000,19,3263,6755,0.9004,1494,13506,0.0,0,0.0,"{""budget"": 14477}"
device_0,0.875,1702,1.35,47.25,0.15,late,48,16,3,0.19703,0.8759866636367837,489,14511,1000,P2,0.04926685492264329,4926.685492264329,0.15,15000,16,3206,6828,0.8821333333333333,1768,13232,0.0,0,0.0,"{""budget"": 14511}"
device_0,0.875,1703,1.35,47.25,0.15,late,48,16,3,0.20238,0.8773687974569232,505,14495,1000,P2,0.04996518574444729,4996.518574444729,0.15,15000,17,3249,6778,0.9032,1452,13548,0.0,0,0.0,"{""budget"": 14495}"
device_0,0.875,1704,1.35,47.25,0.15,late,48,16,3,0.19663,0.8771256568671042,478,14522,1000,P2,0.04930958136955776,4930.958136955775,0.15,15000,18,3187,6809,0.8833333333333333,1750,13250,0.0,0,0.0,"{""budget"": 14522}"
device_0,0.875,1705,1.35,47.25,0.15,late,48,16,3,0.20133,0.8756186617053834,486,14514,1000,P2,0.049862520438590366,4986.252043859036,0.15,15000,17,3252,6808,0.8976,1536,13464,0.0,0,0.0,"{""budget"": 14514}"
device_0,0.875,1706,1.35,47.25,0.15,late,48,16,3,0.19605,0.8731077294363513,515,14485,1000,P2,0.0491240887276827,4912.40887276827,0.15,15000,17,3238,6751,0.8870666666666667,1694,13306,0.0,0,0.0,"{""budget"": 14485}"
device_0,0.875,1707,1.35,47.25,0.15,late,48,16,3,0.2,0.8774036452681541,500,14500,1000,P2,0.04970064116061371,4970.06411606137,0.15,15000,19,3158,6687,0.8934,1599,13401,0.0,0,0.0,"{""budget"": 14500}"
device_0,0.875,1708,1.35,47.25,0.15,late,48,16,3,0.20258,0.87442580026271,496,14504,1000,P2,0.05008535977670533,5008.535977670533,0.15,15000,16,3251,6726,0.9062666666666667,1406,13594,0.0,0,0.0,"{""budget"": 14504}"
device_0,0.875,1709,1.35,47.25,0.15,late,48,16,3,0.19831,0.8770598020870867,511,14489,1000,P2,0.049403930859256345,4940.393085925634,0.15,15000,21,3207,6852,0.8829333333333333,1756,13244,0.0,0,0.0,"{""budget"": 14489}"
device_0,0.875,1710,1.35,47.25,0.15,late,48,16,3,0.19668,0.8724656025657239,493,14507,1000,P2,0.04935706077907552,4935.706077907552,0.15,15000,19,3216,6817,0.8848666666666667,1727,13273,0.0,0,0.0,"{""budget"": 14507}"
device_0,0.9375,1701,1.35,47.25,0.15,late,48,16,3,0.20509,0.9402237906216514,498,14502,1000,P2,0.05031354374890448,5031.3543748904485,0.15,15000,17,3174,6318,0.9033333333333333,1450,13550,0.0,0,0.0,"{""budget"": 14502}"
device_0,0.9375,1702,1.35,47.25,0.15,late,48,16,3,0.19366,0.9366016280001491,498,14502,1000,P2,0.048992574008721194,4899.257400872119,0.15,15000,30,3016,6474,0.8726666666666667,1910,13090,0.0,0,0.0,"{""budget"": 14502}"
device_0,0.9375,1703,1.35,47.25,0.15,late,48,16,3,0.19489,0.9369055048961522,487,14513,1000,P2,0.04913397672323727,4913.397672323727,0.15,15000,19,3107,6440,0.8787333333333334,1819,13181,0.0,0,0.0,"{""budget"": 14513}"
device_0,0.9375,1704,1.35,47.25,0.15,late,48,16,3,0.19999,0.9358099323716185,485,14515,1000,P2,0.04965797350738133,4965.797350738133,0.15,15000,19,3120,6373,0.895,1575,13425,0.0,0,0.0,"{""budget"": 14515}"
device_0,0.9375,1705,1.35,47.25,0.15,late,48,16,3,0.19063,0.9374553760710133,477,14523,1000,P2,0.04842643801327474,4842.643801327474,0.15,15000,19,3002,6545,0.86,2100,12900,0.0,0,0.0,"{""budget"": 14523}"
device_0,0.9375,1706,1.35,47.25,0.15,late,48,16,3,0.20144,0.9386428776611538,522,14478,1000,P2,0.04985940038758095,4985.940038758095,0.15,15000,18,3118,6336,0.8978666666666667,1532,13468,0.0,0,0.0,"{""budget"": 14478}"
device_0,0.9375,1707,1.35,47.25,0.15,late,48,16,3,0.20073,0.9386652506542138,532,14468,1000,P2,0.04975109812991463,4975.109812991463,0.15,15000,18,3101,6329,0.8964,1554,13446,0.0,0,0.0,"{""budget"": 14468}"
device_0,0.9375,1708,1.35,47.25,0.15,late,48,16,3,0.19042,0.9350336658268497,462,14538,1000,P2,0.048467438936771065,4846.743893677107,0.15,15000,22,2979,6501,0.8628666666666667,2057,12943,0.0,0,0.0,"{""budget"": 14538}"
device_0,0.9375,1709,1.35,47.25,0.15,late,48,16,3,0.20214,0.9387695757970393,501,14499,1000,P2,0.049892826337710576,4989.282633771058,0.15,15000,23,3102,6327,0.9003333333333333,1495,13505,0.0,0,0.0,"{""budget"": 14499}"
device_0,0.9375,1710,1.35,47.25,0.15,late,48,16,3,0.20082,0.9338903427364145,486,14514,1000,P2,0.04972641023011558,4972.641023011558,0.15,15000,24,3135,6457,0.8896666666666667,1655,13345,0.0,0,0.0,"{""budget"": 14514}"
device_0,0.975,1701,1.35,47.25,0.15,late,48,16,3,0.20012,0.9750727182312047,475,14525,1000,P2,0.04973226861771849,4973.226861771849,0.15,15000,21,3014,6184,0.8870666666666667,1694,13306,0.0,0,0.0,"{""budget"": 14525}"
device_0,0.975,1702,1.35,47.25,0.15,late,48,16,3,0.19762,0.9739220248349032,483,14517,1000,P2,0.04947818545736096,4947.818545736096,0.15,15000,22,3009,6075,0.8856666666666667,1715,13285,0.0,0,0.0,"{""budget"": 14517}"
device_0,0.975,1703,1.35,47.25,0.15,late,48,16,3,0.1984,0.975854682367182,494,14506,1000,P2,0.04950170884134421,4950.170884134421,0.15,15000,19,2978,6228,0.8822,1767,13233,0.0,0,0.0,"{""budget"": 14506}"
device_0,0.975,1704,1.35,47.25,0.15,late,48,16,3,0.19634,0.9733501805342133,485,14515,1000,P2,0.04915819982681196,4915.819982681196,0.15,15000,31,2988,6296,0.8766666666666667,1850,13150,0.0,0,0.0,"{""budget"": 14515}"
device_0,0.975,1705,1.35,47.25,0.15,late,48,16,3,0.19493,0.9747974986214312,499,14501,1000,P2,0.04895197305900354,4895.197305900354,0.15,15000,23,2978,6173,0.8777333333333334,1834,13166,0.0,0,0.0,"{""budget"": 14501}"
device_0,0.975,1706,1.35,47.25,0.15,late,48,16,3,0.203,0.9742259419786155,480,14520,1000,P2,0.049971548853310184,4997.154885331019,0.15,15000,21,3042,6062,0.9019333333333334,1471,13529,0.0,0,0.0,"{""budget"": 14520}"
device_0,0.975,1707,1.35,47.25,0.15,late,48,16,3,0.20266,0.9738223967562294,499,14501,1000,P2,0.050047124578255,5004.7124578255,0.15,15000,19,3039,6144,0.8964,1554,13446,0.0,0,0.0,"{""budget"": 14501}"
device_0,0.975,1708,1.35,47.25,0.15,late,48,16,3,0.19043,0.9746047948044175,482,14518,1000,P2,0.048474342636609206,4847.434263660921,0.15,15000,21,2899,6169,0.866,2010,12990,0.0,0,0.0,"{""budget"": 14518}"
device_0,0.975,1709,1.35,47.25,0.15,late,48,16,3,0.19294,0.9749540477640206,466,14534,1000,P2,0.04870234017075114,4870.234017075114,0.15,15000,28,2900,6213,0.8696666666666667,1955,13045,0.0,0,0.0,"{""budget"": 14534}"
device_0,0.975,1710,1.35,47.25,0.15,late,48,16,3,0.19779,0.9774683509778551,513,14487,1000,P2,0.0493599330248453,4935.99330248453,0.15,15000,29,2925,5968,0.894,1590,13410,0.0,0,0.0,"{""budget"": 14487}"
device_0,0.0,1701,1.5,52.5,0.01,drop,48,16,3,0.19936,-0.002661444942765865,62,938,1000,P2,0.0550909923972221,5509.09923972221,0.01,1000,2,12,982,1.0,0,1000,0.00128,0,0.006420545746388443,"{""budget"": 938}"
device_0,0.0,1702,1.5,52.5,0.01,drop,48,16,3,0.20106,0.005830007599770396,56,944,1000,P2,0.05527802964323981,5527.802964323981,0.01,1000,2,7,985,1.0,0,1000,0.00077,0,0.0038297025763453694,"{""budget"": 944}"
device_0,0.0,1703,1.5,52.5,0.01,drop,48,16,3,0.19952,0.005656351965683195,63,937,1000,P2,0.05508993358804756,5508.993358804756,0.01,1000,2,8,983,1.0,0,1000,0.00053,0,0.002656375300721732,"{""budget"": 937}"
device_0,0.0,1704,1.5,52.5,0.01,drop,48,16,3,0.20257,0.002457782015709934,56,944,1000,P2,0.055451122284625905,5545.112228462591,0.01,1000,2,10,980,1.0,0,1000,0.0007,0,0.003455595596583897,"{""budget"": 944}"
device_0,0.0,1705,1.5,52.5,0.01,drop,48,16,3,0.20104,-0.004155617772998724,68,932,1000,P2,0.05522970174369938,5522.970174369938,0.01,1000,2,15,980,1.0,0,1000,0.00054,0,0.002686032630322324,"{""budget"": 932}"
device_0,0.0,1706,1.5,52.5,0.01,drop,48,16,3,0.20062,-0.0045443747273977144,62,938,1000,P2,0.05517022466220218,5517.022466220218,0.01,1000,2,4,989,1.0,0,1000,0.00091,0,0.0045359385903698535,"{""budget"": 938}"
device_0,0.0,1707,1.5,52.5,0.01,drop,48,16,3,0.19896,0.001346027845602329,61,939,1000,P2,0.05506381319571852,5506.381319571852,0.01,1000,2,14,981,1.0,0,1000,0.00078,0,0.0039203860072376355,"{""budget"": 939}"
device_0,0.0,1708,1.5,52.5,0.01,drop,48,16,3,0.19922,-0.001372807149175493,53,947,1000,P2,0.05504956771456752,5504.956771456752,0.01,1000,2,5,985,1.0,0,1000,0.00074,0,0.0037144864973396247,"{""budget"": 947}"
device_0,0.0,1709,1.5,52.5,0.01,drop,48,16,3,0.20001,0.005034822885721277,61,939,1000,P2,0.05518299160848052,5518.2991608480515,0.01,1000,2,10,976,1.0,0,1000,0.00102,0,0.0050997450127493625,"{""budget"": 939}"
device_0,0.0,1710,1.5,52.5,0.01,drop,48,16,3,0.19848,0.0007247411049733544,65,935,1000,P2,0.054920444191907405,5492.044419190741,0.01,1000,2,7,988,1.0,0,1000,0.00034,0,0.0017130189439742039,"{""budget"": 935}"
device_0,0.375,1701,1.5,52.5,0.01,drop,48,16,3,0.19773,0.37585282092426525,65,935,1000,P2,0.054810457929388455,5481.045792938846,0.01,1000,2,28,960,1.0,0,1000,0.00028,0,0.0014160724219895817,"{""budget"": 935}"
device_0,0.375,1702,1.5,52.5,0.01,drop,48,16,3,0.20083,0.3763938072575695,59,941,1000,P2,0.05526476707860826,5526.476707860826,0.01,1000,2,23,968,1.0,0,1000,0.00108,0,0.005377682617138874,"{""budget"": 941}"
device_0,0.375,1703,1.5,52.5,0.01,drop,48,16,3,0.19949,0.3708761472322628,72,928,1000,P2,0.055129923830348704,5512.992383034871,0.01,1000,2,29,959,1.0,0,1000,0.00058,0,0.0029074139054589203,"{""budget"": 928}"
device_0,0.375,1704,1.5,52.5,0.01,drop,48,16,3,0.19956,0.37083454970073176,64,936,1000,P2,0.05507595596982978,5507.595596982978,0.01,1000,3,26,960,1.0,0,1000,0.00056,0,0.0028061735818801364,"{""budget"": 936}"
device_0,0.375,1705,1.5,52.5,0.01,drop,48,16,3,0.1976,0.38054564128452917,44,956,1000,P2,0.054833139460715156,5483.313946071516,0.01,1000,2,26,962,1.0,0,1000,0.00051,0,0.0025809716599190283,"{""budget"": 956}"
device_0,0.375,1706,1.5,52.5,0.01,drop,48,16,3,0.19975,0.37847803043317246,60,940,1000,P2,0.05518461876941132,5518.461876941132,0.01,1000,2,20,968,1.0,0,1000,0.00076,0,0.003804755944931164,"{""budget"": 940}"
device_0,0.375,1707,1.5,52.5,0.01,drop,48,16,3,0.19756,0.3714936166119789,63,937,1000,P2,0.05482906236384613,5482.906236384613,0.01,1000,2,24,966,1.0,0,1000,0.0004,0,0.002024701356549909,"{""budget"": 937}"
device_0,0.375,1708,1.5,52.5,0.01,drop,48,16,3,0.19968,0.3728274067949136,52,948,1000,P2,0.055086892362893485,5508.689236289349,0.01,1000,3,24,965,1.0,0,1000,0.0,0,0.0,"{""budget"": 948}"
device_0,0.375,1709,1.5,52.5,0.01,drop,48,16,3,0.20214,0.3789219763360735,72,928,1000,P2,0.05539947498648195,5539.947498648195,0.01,1000,3,28,959,1.0,0,1000,0.00085,0,0.004205006431186306,"{""budget"": 928}"
device_0,0.375,1710,1.5,52.5,0.01,drop,48,16,3,0.19842,0.37511826036297974,71,929,1000,P2,0.05490830972569068,5490.830972569068,0.01,1000,3,21,971,1.0,0,1000,0.0008,0,0.004031851627860095,"{""budget"": 929}"
device_0,0.75,1701,1.5,52.5,0.01,drop,48,16,3,0.20817,0.7556341521150168,77,923,1000,P2,0.05619925741554216,5619.925741554216,0.01,1000,3,42,948,1.0,0,1000,0.00109,0,0.00523610510640342,"{""budget"": 923}"
device_0,0.75,1702,1.5,52.5,0.01,drop,48,16,3,0.20244,0.7487885933421545,67,933,1000,P2,0.055472919485752406,5547.291948575241,0.01,1000,3,39,952,1.0,0,1000,0.00137,0,0.006767437265362577,"{""budget"": 933}"
device_0,0.75,1703,1.5,52.5,0.01,drop,48,16,3,0.20102,0.7470900970852136,65,935,1000,P2,0.05530540689950556,5530.540689950556,0.01,1000,2,47,947,1.0,0,1000,0.00113,0,0.005621331210824794,"{""budget"": 935}"
device_0,0.75,1704,1.5,52.5,0.01,drop,48,16,3,0.19715,0.7479806369104111,71,929,1000,P2,0.0547727095846631,5477.27095846631,0.01,1000,3,34,953,1.0,0,1000,0.00081,0,0.004108546791782907,"{""budget"": 929}"
device_0,0.75,1705,1.5,52.5,0.01,drop,48,16,3,0.20494,0.7506431485678381,67,933,1000,P2,0.05575948600262488,5575.948600262488,0.01,1000,2,28,963,1.0,0,1000,0.00086,0,0.004196350151263784,"{""budget"": 933}"
device_0,0.75,1706,1.5,52.5,0.01,drop,48,16,3,0.20282,0.7537784223147826,49,951,1000,P2,0.05538592049482642,5538.592049482642,0.01,1000,3,31,958,1.0,0,1000,0.00036,0,0.0017749728823587417,"{""budget"": 951}"
device_0,0.75,1707,1.5,52.5,0.01,drop,48,16,3,0.20138,0.7431906944181493,64,936,1000,P2,0.0554271063631064,5542.71063631064,0.01,1000,3,47,942,1.0,0,1000,0.00114,0,0.00566093951733042,"{""budget"": 936}"
device_0,0.75,1708,1.5,52.5,0.01,drop,48,16,3,0.20034,0.7475350990705809,53,947,1000,P2,0.0550394776827442,5503.94776827442,0.01,1000,3,43,941,1.0,0,1000,0.00025,0,0.0012478786063691723,"{""budget"": 947}"
device_0,0.75,1709,1.5,52.5,0.01,drop,48,16,3,0.20613,0.7542776800152501,59,941,1000,P2,0.05592265818793772,5592.265818793772,0.01,1000,3,36,949,1.0,0,1000,0.00083,0,0.004026585164701887,"{""budget"": 941}"
device_0,0.75,1710,1.5,52.5,0.01,drop,48,16,3,0.20286,0.74728584709585,52,948,1000,P2,0.055495919229473945,5549.591922947395,0.01,1000,3,26,962,1.0,0,1000,0.00093,0,0.00458444247264123,"{""budget"": 948}"
device_0,0.875,1701,1.5,52.5,0.01,drop,48,16,3,0.20249,0.8763990178082249,65,935,1000,P2,0.055416074251927655,5541.607425192766,0.01,1000,3,40,949,1.0,0,1000,0.00106,0,0.005234826411180799,"{""budget"": 935}"
device_0,0.875,1702,1.5,52.5,0.01,drop,48,16,3,0.19703,0.8759866636367837,57,943,1000,P2,0.05474834928573618,5474.834928573618,0.01,1000,2,39,954,1.0,0,1000,0.00031,0,0.0015733644622646298,"{""budget"": 943}"
device_0,0.875,1703,1.5,52.5,0.01,drop,48,16,3,0.20238,0.8773687974569232,60,940,1000,P2,0.055414170012660725,5541.4170012660725,0.01,1000,3,38,954,1.0,0,1000,0.00078,0,0.0038541357841683963,"{""budget"": 940}"
device_0,0.875,1704,1.5,52.5,0.01,drop,48,16,3,0.19663,0.8771256568671042,55,945,1000,P2,0.0547969939776349,5479.69939776349,0.01,1000,2,41,954,1.0,0,1000,0.0006,0,0.0030514163657631085,"{""budget"": 945}"
device_0,0.875,1705,1.5,52.5,0.01,drop,48,16,3,0.20133,0.8756186617053834,58,942,1000,P2,0.055282927209891905,5528.2927209891905,0.01,1000,3,42,951,1.0,0,1000,0.00064,0,0.0031788605771618733,"{""budget"": 942}"
device_0,0.875,1706,1.5,52.5,0.01,drop,48,16,3,0.19605,0.8731077294363513,72,928,1000,P2,0.05459663418255418,5459.663418255418,0.01,1000,3,37,947,1.0,0,1000,0.00079,0,0.0040295842897220095,"{""budget"": 928}"
device_0,0.875,1707,1.5,52.5,0.01,drop,48,16,3,0.2,0.8774036452681541,66,934,1000,P2,0.05517776773031576,5517.776773031576,0.01,1000,4,43,942,1.0,0,1000,0.00102,0,0.0051,"{""budget"": 934}"
device_0,0.875,1708,1.5,52.5,0.01,drop,48,16,3,0.20258,0.87442580026271,66,934,1000,P2,0.05556021437230879,5556.021437230879,0.01,1000,3,45,947,1.0,0,1000,0.00127,0,0.006269128245631355,"{""budget"": 934}"
device_0,0.875,1709,1.5,52.5,0.01,drop,48,16,3,0.19831,0.8770598020870867,67,933,1000,P2,0.05485209556640572,5485.2095566405715,0.01,1000,4,34,955,1.0,0,1000,0.00045,0,0.0022691745247340024,"{""budget"": 933}"
device_0,0.875,1710,1.5,52.5,0.01,drop,48,16,3,0.19668,0.8724656025657239,64,936,1000,P2,0.054751478576972656,5475.147857697266,0.01,1000,3,51,941,1.0,0,1000,0.00058,0,0.0029489526133821436,"{""budget"": 936}"
device_0,0.9375,1701,1.5,52.5,0.01,drop,48,16,3,0.20509,0.9402237906216514,47,953,1000,P2,0.055788673911727926,5578.867391172793,0.01,1000,3,46,931,1.0,0,1000,0.0006,0,0.0029255448827344094,"{""budget"": 953}"
device_0,0.9375,1702,1.5,52.5,0.01,drop,48,16,3,0.19366,0.9366016280001491,78,922,1000,P2,0.05443170570693439,5443.170570693439,0.01,1000,3,42,947,1.0,0,1000,0.00061,0,0.003149850253020758,"{""budget"": 922}"
device_0,0.9375,1703,1.5,52.5,0.01,drop,48,16,3,0.19489,0.9369055048961522,53,947,1000,P2,0.05450952848754785,5450.952848754785,0.01,1000,3,44,946,1.0,0,1000,0.00044,0,0.002257683821642978,"{""budget"": 947}"
device_0,0.9375,1704,1.5,52.5,0.01,drop,48,16,3,0.19999,0.9358099323716185,52,948,1000,P2,0.05504846985086283,5504.846985086283,0.01,1000,3,39,951,1.0,0,1000,0.0008,0,0.0040002000100005,"{""budget"": 948}"
device_0,0.9375,1705,1.5,52.5,0.01,drop,48,16,3,0.19063,0.9374553760710133,45,955,1000,P2,0.05394973479520758,5394.973479520758,0.01,1000,3,50,936,1.0,0,1000,0.00046,0,0.0024130514609452865,"{""budget"": 955}"
device_0,0.9375,1706,1.5,52.5,0.01,drop,48,16,3,0.20144,0.9386428776611538,54,946,1000,P2,0.055331890981871946,5533.189098187195,0.01,1000,4,46,942,1.0,0,1000,0.00087,0,0.0043189038919777606,"{""budget"": 946}"
device_0,0.9375,1707,1.5,52.5,0.01,drop,48,16,3,0.20073,0.9386652506542138,59,941,1000,P2,0.05527204775573343,5527.204775573343,0.01,1000,3,45,943,1.0,0,1000,0.00119,0,0.005928361480595825,"{""budget"": 941}"
device_0,0.9375,1708,1.5,52.5,0.01,drop,48,16,3,0.19042,0.9350336658268497,57,943,1000,P2,0.05395942224541823,5395.942224541823,0.01,1000,3,43,947,1.0,0,1000,0.00032,0,0.0016804957462451422,"{""budget"": 943}"
device_0,0.9375,1709,1.5,52.5,0.01,drop,48,16,3,0.20214,0.9387695757970393,54,946,1000,P2,0.05541886362284897,5541.886362284898,0.01,1000,3,51,939,1.0,0,1000,0.00103,0,0.005095478381319877,"{""budget"": 946}"
device_0,0.9375,1710,1.5,52.5,0.01,drop,48,16,3,0.20082,0.9338903427364145,58,942,1000,P2,0.05518989163311933,5518.989163311933,0.01,1000,3,36,947,1.0,0,1000,0.00054,0,0.00268897520167314,"{""budget"": 942}"
device_0,0.975,1701,1.5,52.5,0.01,drop,48,16,3,0.20012,0.9750727182312047,55,945,1000,P2,0.055194970083732295,5519.49700837323,0.01,1000,3,47,945,1.0,0,1000,0.00046,0,0.002298620827503498,"{""budget"": 945}"
device_0,0.975,1702,1.5,52.5,0.01,drop,48,16,3,0.19762,0.9739220248349032,49,951,1000,P2,0.05488435031338175,5488.435031338175,0.01,1000,3,54,931,1.0,0,1000,0.00049,0,0.0024795061228620584,"{""budget"": 951}"
device_0,0.975,1703,1.5,52.5,0.01,drop,48,16,3,0.1984,0.975854682367182,65,935,1000,P2,0.05492340375477657,5492.340375477657,0.01,1000,4,39,949,1.0,0,1000,0.00051,0,0.0025705645161290323,"{""budget"": 935}"
device_0,0.975,1704,1.5,52.5,0.01,drop,48,16,3,0.19634,0.9733501805342133,61,939,1000,P2,0.054644746924050594,5464.47469240506,0.01,1000,3,53,928,1.0,0,1000,0.0006,0,0.003055923398186819,"{""budget"": 939}"
device_0,0.975,1705,1.5,52.5,0.01,drop,48,16,3,0.19493,0.9747974986214312,63,937,1000,P2,0.05445736973061791,5445.736973061791,0.01,1000,3,49,942,1.0,0,1000,0.00048,0,0.002462422408043913,"{""budget"": 937}"
device_0,0.975,1706,1.5,52.5,0.01,drop,48,16,3,0.203,0.9742259419786155,52,948,1000,P2,0.055435545120287935,5543.554512028793,0.01,1000,3,43,940,1.0,0,1000,0.00027,0,0.0013300492610837438,"{""budget"": 948}"
device_0,0.975,1707,1.5,52.5,0.01,drop,48,16,3,0.20266,0.9738223967562294,67,933,1000,P2,0.05546922535770522,5546.922535770522,0.01,1000,3,41,939,1.0,0,1000,0.00035,0,0.0017270304944241588,"{""budget"": 933}"
device_0,0.975,1708,1.5,52.5,0.01,drop,48,16,3,0.19043,0.9746047948044175,78,922,1000,P2,0.0538745770842457,5387.45770842457,0.01,1000,3,49,941,1.0,0,1000,4e-05,0,0.00021005093735230792,"{""budget"": 922}"
device_0,0.975,1709,1.5,52.5,0.01,drop,48,16,3,0.19294,0.9749540477640206,58,942,1000,P2,0.05417374303369927,5417.374303369927,0.01,1000,3,50,946,1.0,0,1000,0.00012,0,0.0006219550119208044,"{""budget"": 942}"
device_0,0.975,1710,1.5,52.5,0.01,drop,48,16,3,0.19779,0.9774683509778551,61,939,1000,P2,0.0548670495362192,5486.70495362192,0.01,1000,3,46,935,1.0,0,1000,0.00077,0,0.003893017847211689,"{""budget"": 939}"
device_0,0.0,1701,1.5,52.5,0.01,late,48,16,3,0.19936,-0.002661444942765865,62,938,1000,P2,0.0565671765387423,5656.71765387423,0.01,1000,2,12,982,1.0,0,1000,0.00128,0,0.006420545746388443,"{""budget"": 938}"
device_0,0.0,1702,1.5,52.5,0.01,late,48,16,3,0.20106,0.005830007599770396,56,944,1000,P2,0.056759479309575124,5675.947930957513,0.01,1000,2,7,983,1.0,0,1000,0.00077,0,0.0038297025763453694,"{""budget"": 944}"
device_0,0.0,1703,1.5,52.5,0.01,late,48,16,3,0.19952,0.005656351965683195,63,937,1000,P2,0.056578295169385256,5657.829516938526,0.01,1000,2,9,981,1.0,0,1000,0.00053,0,0.002656375300721732,"{""budget"": 937}"
device_0,0.0,1704,1.5,52.5,0.01,late,48,16,3,0.20257,0.002457782015709934,56,944,1000,P2,0.056937774837213774,5693.777483721377,0.01,1000,2,11,980,1.0,0,1000,0.0007,0,0.003455595596583897,"{""budget"": 944}"
device_0,0.0,1705,1.5,52.5,0.01,late,48,16,3,0.20104,-0.004155617772998724,68,932,1000,P2,0.05671635851132201,5671.6358511322005,0.01,1000,2,11,985,1.0,0,1000,0.00054,0,0.002686032630322324,"{""budget"": 932}"
device_0,0.0,1706,1.5,52.5,0.01,late,48,16,3,0.20062,-0.0045443747273977144,62,938,1000,P2,0.05665364182563588,5665.364182563588,0.01,1000,2,4,989,1.0,0,1000,0.00091,0,0.0045359385903698535,"{""budget"": 938}"
device_0,0.0,1707,1.5,52.5,0.01,late,48,16,3,0.19896,0.001346027845602329,61,939,1000,P2,0.056539807367307786,5653.9807367307785,0.01,1000,2,13,982,1.0,0,1000,0.00078,0,0.0039203860072376355,"{""budget"": 939}"
device_0,0.0,1708,1.5,52.5,0.01,late,48,16,3,0.19922,-0.001372807149175493,53,947,1000,P2,0.0565287157250842,5652.87157250842,0.01,1000,2,6,984,1.0,0,1000,0.00074,0,0.0037144864973396247,"{""budget"": 947}"
device_0,0.0,1709,1.5,52.5,0.01,late,48,16,3,0.20001,0.005034822885721277,61,939,1000,P2,0.056659834040563725,5665.983404056373,0.01,1000,2,9,976,1.0,0,1000,0.00102,0,0.0050997450127493625,"{""budget"": 939}"
device_0,0.0,1710,1.5,52.5,0.01,late,48,16,3,0.19848,0.0007247411049733544,65,935,1000,P2,0.056406618868249714,5640.661886824972,0.01,1000,2,7,988,1.0,0,1000,0.00034,0,0.0017130189439742039,"{""budget"": 935}"
device_0,0.375,1701,1.5,52.5,0.01,late,48,16,3,0.19773,0.37585282092426525,65,935,1000,P2,0.05630600302412243,5630.600302412243,0.01,1000,2,28,960,1.0,0,1000,0.00028,0,0.0014160724219895817,"{""budget"": 935}"
device_0,0.375,1702,1.5,52.5,0.01,late,48,16,3,0.20083,0.3763938072575695,59,941,1000,P2,0.05674059454976326,5674.059454976326,0.01,1000,2,21,969,1.0,0,1000,0.00108,0,0.005377682617138874,"{""budget"": 941}"
device_0,0.375,1703,1.5,52.5,0.01,late,48,16,3,0.19949,0.3708761472322628,72,928,1000,P2,0.056621244002454565,5662.124400245457,0.01,1000,2,27,960,1.0,0,1000,0.00058,0,0.0029074139054589203,"{""budget"": 928}"
device_0,0.375,1704,1.5,52.5,0.01,late,48,16,3,0.19956,0.37083454970073176,64,936,1000,P2,0.056559169736112955,5655.916973611295,0.01,1000,3,24,963,1.0,0,1000,0.00056,0,0.0028061735818801364,"{""budget"": 936}"
device_0,0.375,1705,1.5,52.5,0.01,late,48,16,3,0.1976,0.38054564128452917,44,956,1000,P2,0.05631745124772254,5631.745124772254,0.01,1000,2,27,961,1.0,0,1000,0.00051,0,0.0025809716599190283,"{""budget"": 956}"
device_0,0.375,1706,1.5,52.5,0.01,late,48,16,3,0.19975,0.37847803043317246,60,940,1000,P2,0.05667444433113225,5667.444433113225,0.01,1000,2,20,968,1.0,0,1000,0.00076,0,0.003804755944931164,"{""budget"": 940}"
device_0,0.375,1707,1.5,52.5,0.01,late,48,16,3,0.19756,0.3714936166119789,63,937,1000,P2,0.05631226462910152,5631.226462910152,0.01,1000,3,24,964,1.0,0,1000,0.0004,0,0.002024701356549909,"{""budget"": 937}"
device_0,0.375,1708,1.5,52.5,0.01,late,48,16,3,0.19968,0.3728274067949136,52,948,1000,P2,0.05658232812810482,5658.232812810482,0.01,1000,3,24,965,1.0,0,1000,0.0,0,0.0,"{""budget"": 948}"
device_0,0.375,1709,1.5,52.5,0.01,late,48,16,3,0.20214,0.3789219763360735,72,928,1000,P2,0.05688595418614967,5688.595418614967,0.01,1000,2,34,952,1.0,0,1000,0.00085,0,0.004205006431186306,"{""budget"": 928}"
device_0,0.375,1710,1.5,52.5,0.01,late,48,16,3,0.19842,0.37511826036297974,71,929,1000,P2,0.05639010000257693,5639.010000257693,0.01,1000,3,23,965,1.0,0,1000,0.0008,0,0.004031851627860095,"{""budget"": 929}"
device_0,0.75,1701,1.5,52.5,0.01,late,48,16,3,0.20817,0.7556341521150168,77,923,1000,P2,0.05768141283838433,5768.141283838433,0.01,1000,3,39,953,1.0,0,1000,0.00109,0,0.00523610510640342,"{""budget"": 923}"
device_0,0.75,1702,1.5,52.5,0.01,late,48,16,3,0.20244,0.7487885933421545,67,933,1000,P2,0.05694746408264567,5694.746408264567,0.01,1000,3,41,950,1.0,0,1000,0.00137,0,0.006767437265362577,"{""budget"": 933}"
device_0,0.75,1703,1.5,52.5,0.01,late,48,16,3,0.20102,0.7470900970852136,65,935,1000,P2,0.056786031431671984,5678.603143167198,0.01,1000,2,37,957,1.0,0,1000,0.00113,0,0.005621331210824794,"{""budget"": 935}"
device_0,0.75,1704,1.5,52.5,0.01,late,48,16,3,0.19715,0.7479806369104111,71,929,1000,P2,0.056252775472331235,5625.277547233123,0.01,1000,3,35,953,1.0,0,1000,0.00081,0,0.004108546791782907,"{""budget"": 929}"
device_0,0.75,1705,1.5,52.5,0.01,late,48,16,3,0.20494,0.7506431485678381,67,933,1000,P2,0.057247235699605714,5724.723569960572,0.01,1000,2,29,963,1.0,0,1000,0.00086,0,0.004196350151263784,"{""budget"": 933}"
device_0,0.75,1706,1.5,52.5,0.01,late,48,16,3,0.20282,0.7537784223147826,49,951,1000,P2,0.0568673255870789,5686.73255870789,0.01,1000,3,30,960,1.0,0,1000,0.00036,0,0.0017749728823587417,"{""budget"": 951}"
device_0,0.75,1707,1.5,52.5,0.01,late,48,16,3,0.20138,0.7431906944181493,64,936,1000,P2,0.05690149784112219,5690.149784112219,0.01,1000,3,48,941,1.0,0,1000,0.00114,0,0.00566093951733042,"{""budget"": 936}"
device_0,0.75,1708,1.5,52.5,0.01,late,48,16,3,0.20034,0.7475350990705809,53,947,1000,P2,0.05653070172880836,5653.070172880835,0.01,1000,3,42,942,1.0,0,1000,0.00025,0,0.0012478786063691723,"{""budget"": 947}"
device_0,0.75,1709,1.5,52.5,0.01,late,48,16,3,0.20613,0.7542776800152501,59,941,1000,P2,0.057399690513722415,5739.969051372242,0.01,1000,3,37,947,1.0,0,1000,0.00083,0,0.004026585164701887,"{""budget"": 941}"
device_0,0.75,1710,1.5,52.5,0.01,late,48,16,3,0.20286,0.74728584709585,52,948,1000,P2,0.056979119493441505,5697.91194934415,0.01,1000,3,26,963,1.0,0,1000,0.00093,0,0.00458444247264123,"{""budget"": 948}"
device_0,0.875,1701,1.5,52.5,0.01,late,48,16,3,0.20249,0.8763990178082249,65,935,1000,P2,0.05689624491486378,5689.624491486378,0.01,1000,3,38,949,1.0,0,1000,0.00106,0,0.005234826411180799,"{""budget"": 935}"
device_0,0.875,1702,1.5,52.5,0.01,late,48,16,3,0.19703,0.8759866636367837,57,943,1000,P2,0.056237244806933595,5623.7244806933595,0.01,1000,2,38,955,1.0,0,1000,0.00031,0,0.0015733644622646298,"{""budget"": 943}"
device_0,0.875,1703,1.5,52.5,0.01,late,48,16,3,0.20238,0.8773687974569232,60,940,1000,P2,0.05689896387055445,5689.896387055445,0.01,1000,3,42,950,1.0,0,1000,0.00078,0,0.0038541357841683963,"{""budget"": 940}"
device_0,0.875,1704,1.5,52.5,0.01,late,48,16,3,0.19663,0.8771256568671042,55,945,1000,P2,0.05627641701373615,5627.641701373615,0.01,1000,2,40,956,1.0,0,1000,0.0006,0,0.0030514163657631085,"{""budget"": 945}"
device_0,0.875,1705,1.5,52.5,0.01,late,48,16,3,0.20133,0.8756186617053834,58,942,1000,P2,0.056764506554764886,5676.4506554764885,0.01,1000,3,43,950,1.0,0,1000,0.00064,0,0.0031788605771618733,"{""budget"": 942}"
device_0,0.875,1706,1.5,52.5,0.01,late,48,16,3,0.19605,0.8731077294363513,72,928,1000,P2,0.05608506269987043,5608.506269987043,0.01,1000,3,37,947,1.0,0,1000,0.00079,0,0.0040295842897220095,"{""budget"": 928}"
device_0,0.875,1707,1.5,52.5,0.01,late,48,16,3,0.2,0.8774036452681541,66,934,1000,P2,0.05665777368436849,5665.7773684368485,0.01,1000,3,38,947,1.0,0,1000,0.00102,0,0.0051,"{""budget"": 934}"
device_0,0.875,1708,1.5,52.5,0.01,late,48,16,3,0.20258,0.87442580026271,66,934,1000,P2,0.057035598479988577,5703.559847998858,0.01,1000,2,40,952,1.0,0,1000,0.00127,0,0.006269128245631355,"{""budget"": 934}"
device_0,0.875,1709,1.5,52.5,0.01,late,48,16,3,0.19831,0.8770598020870867,67,933,1000,P2,0.056340982445168844,5634.098244516885,0.01,1000,4,36,955,1.0,0,1000,0.00045,0,0.0022691745247340024,"{""budget"": 933}"
device_0,0.875,1710,1.5,52.5,0.01,late,48,16,3,0.19668,0.8724656025657239,64,936,1000,P2,0.05623916778316642,5623.916778316642,0.01,1000,3,53,939,1.0,0,1000,0.00058,0,0.0029489526133821436,"{""budget"": 936}"
device_0,0.9375,1701,1.5,52.5,0.01,late,48,16,3,0.20509,0.9402237906216514,47,953,1000,P2,0.05727235825517207,5727.235825517208,0.01,1000,3,45,931,1.0,0,1000,0.0006,0,0.0029255448827344094,"{""budget"": 953}"
device_0,0.9375,1702,1.5,52.5,0.01,late,48,16,3,0.19366,0.9366016280001491,78,922,1000,P2,0.05591769153171286,5591.769153171286,0.01,1000,3,46,944,1.0,0,1000,0.00061,0,0.003149850253020758,"{""budget"": 922}"
device_0,0.9375,1703,1.5,52.5,0.01,late,48,16,3,0.19489,0.9369055048961522,53,947,1000,P2,0.055997543653106184,5599.754365310619,0.01,1000,3,47,944,1.0,0,1000,0.00044,0,0.002257683821642978,"{""budget"": 947}"
device_0,0.9375,1704,1.5,52.5,0.01,late,48,16,3,0.19999,0.9358099323716185,52,948,1000,P2,0.0565255342867129,5652.55342867129,0.01,1000,3,39,952,1.0,0,1000,0.0008,0,0.0040002000100005,"{""budget"": 948}"
device_0,0.9375,1705,1.5,52.5,0.01,late,48,16,3,0.19063,0.9374553760710133,45,955,1000,P2,0.05543323171127884,5543.323171127884,0.01,1000,3,54,931,1.0,0,1000,0.00046,0,0.0024130514609452865,"{""budget"": 955}"
device_0,0.9375,1706,1.5,52.5,0.01,late,48,16,3,0.20144,0.9386428776611538,54,946,1000,P2,0.05681582478846208,5681.582478846208,0.01,1000,4,49,937,1.0,0,1000,0.00087,0,0.0043189038919777606,"{""budget"": 946}"
device_0,0.9375,1707,1.5,52.5,0.01,late,48,16,3,0.20073,0.9386652506542138,59,941,1000,P2,0.05675355754725681,5675.355754725681,0.01,1000,2,35,954,1.0,0,1000,0.00119,0,0.005928361480595825,"{""budget"": 941}"
device_0,0.9375,1708,1.5,52.5,0.01,late,48,16,3,0.19042,0.9350336658268497,57,943,1000,P2,0.055442323334586,5544.2323334586,0.01,1000,3,48,942,1.0,0,1000,0.00032,0,0.0016804957462451422,"{""budget"": 943}"
device_0,0.9375,1709,1.5,52.5,0.01,late,48,16,3,0.20214,0.9387695757970393,54,946,1000,P2,0.05689212837858618,5689.2128378586185,0.01,1000,3,56,933,1.0,0,1000,0.00103,0,0.005095478381319877,"{""budget"": 946}"
device_0,0.9375,1710,1.5,52.5,0.01,late,48,16,3,0.20082,0.9338903427364145,58,942,1000,P2,0.056675667333005074,5667.566733300508,0.01,1000,3,34,949,1.0,0,1000,0.00054,0,0.00268897520167314,"{""budget"": 942}"
device_0,0.975,1701,1.5,52.5,0.01,late,48,16,3,0.20012,0.9750727182312047,55,945,1000,P2,0.056675922275720506,5667.59222757205,0.01,1000,3,48,946,1.0,0,1000,0.00046,0,0.002298620827503498,"{""budget"": 945}"
device_0,0.975,1702,1.5,52.5,0.01,late,48,16,3,0.19762,0.9739220248349032,49,951,1000,P2,0.05636642473616051,5636.642473616052,0.01,1000,3,49,936,1.0,0,1000,0.00049,0,0.0024795061228620584,"{""budget"": 951}"
device_0,0.975,1703,1.5,52.5,0.01,late,48,16,3,0.1984,0.975854682367182,65,935,1000,P2,0.05640997631333116,5640.997631333116,0.01,1000,4,43,945,1.0,0,1000,0.00051,0,0.0025705645161290323,"{""budget"": 935}"
device_0,0.975,1704,1.5,52.5,0.01,late,48,16,3,0.19634,0.9733501805342133,61,939,1000,P2,0.05612819398372348,5612.819398372348,0.01,1000,4,52,929,1.0,0,1000,0.0006,0,0.003055923398186819,"{""budget"": 939}"
device_0,0.975,1705,1.5,52.5,0.01,late,48,16,3,0.19493,0.9747974986214312,63,937,1000,P2,0.05594310480177107,5594.310480177107,0.01,1000,4,48,940,1.0,0,1000,0.00048,0,0.002462422408043913,"{""budget"": 937}"
device_0,0.975,1706,1.5,52.5,0.01,late,48,16,3,0.203,0.9742259419786155,52,948,1000,P2,0.0569230580187914,5692.30580187914,0.01,1000,3,44,940,1.0,0,1000,0.00027,0,0.0013300492610837438,"{""budget"": 948}"
device_0,0.975,1707,1.5,52.5,0.01,late,48,16,3,0.20266,0.9738223967562294,67,933,1000,P2,0.05695865270723527,5695.865270723527,0.01,1000,3,42,938,1.0,0,1000,0.00035,0,0.0017270304944241588,"{""budget"": 933}"
device_0,0.975,1708,1.5,52.5,0.01,late,48,16,3,0.19043,0.9746047948044175,78,922,1000,P2,0.05537252469872421,5537.252469872421,0.01,1000,3,48,942,1.0,0,1000,4e-05,0,0.00021005093735230792,"{""budget"": 922}"
device_0,0.975,1709,1.5,52.5,0.01,late,48,16,3,0.19294,0.9749540477640206,58,942,1000,P2,0.05566934404215557,5566.934404215557,0.01,1000,3,48,948,1.0,0,1000,0.00012,0,0.0006219550119208044,"{""budget"": 942}"
device_0,0.975,1710,1.5,52.5,0.01,late,48,16,3,0.19779,0.9774683509778551,61,939,1000,P2,0.05635191090496979,5635.191090496979,0.01,1000,3,47,936,1.0,0,1000,0.00077,0,0.003893017847211689,"{""budget"": 939}"
device_0,0.0,1701,1.5,52.5,0.05,drop,48,16,3,0.19936,-0.002661444942765865,62,4938,1000,P2,0.04843071811307089,4843.071811307089,0.05,5000,4,243,4699,1.0,0,5000,0.0,0,0.0,"{""budget"": 4938}"
device_0,0.0,1702,1.5,52.5,0.05,drop,48,16,3,0.20106,0.005830007599770396,56,4944,1000,P2,0.04866525173449281,4866.525173449281,0.05,5000,4,248,4683,1.0,0,5000,0.0,0,0.0,"{""budget"": 4944}"
device_0,0.0,1703,1.5,52.5,0.05,drop,48,16,3,0.19952,0.005656351965683195,63,4937,1000,P2,0.0484973292820045,4849.73292820045,0.05,5000,3,257,4689,1.0,0,5000,0.0,0,0.0,"{""budget"": 4937}"
device_0,0.0,1704,1.5,52.5,0.05,drop,48,16,3,0.20257,0.002457782015709934,56,4944,1000,P2,0.04884626725142867,4884.626725142867,0.05,5000,4,236,4699,1.0,0,5000,0.0,0,0.0,"{""budget"": 4944}"
device_0,0.0,1705,1.5,52.5,0.05,drop,48,16,3,0.20104,-0.004155617772998724,68,4932,1000,P2,0.04863706053921054,4863.706053921054,0.05,5000,3,219,4725,1.0,0,5000,0.0,0,0.0,"{""budget"": 4932}"
device_0,0.0,1706,1.5,52.5,0.05,drop,48,16,3,0.20062,-0.0045443747273977144,62,4938,1000,P2,0.04854415274289902,4854.415274289902,0.05,5000,3,228,4715,1.0,0,5000,0.0,0,0.0,"{""budget"": 4938}"
device_0,0.0,1707,1.5,52.5,0.05,drop,48,16,3,0.19896,0.001346027845602329,61,4939,1000,P2,0.048451172615861425,4845.117261586142,0.05,5000,3,236,4693,1.0,0,5000,0.0,0,0.0,"{""budget"": 4939}"
device_0,0.0,1708,1.5,52.5,0.05,drop,48,16,3,0.19922,-0.001372807149175493,53,4947,1000,P2,0.04843821203949978,4843.821203949978,0.05,5000,4,231,4701,1.0,0,5000,0.0,0,0.0,"{""budget"": 4947}"
device_0,0.0,1709,1.5,52.5,0.05,drop,48,16,3,0.20001,0.005034822885721277,61,4939,1000,P2,0.0485462899599704,4854.62899599704,0.05,5000,4,258,4673,1.0,0,5000,0.0,0,0.0,"{""budget"": 4939}"
device_0,0.0,1710,1.5,52.5,0.05,drop,48,16,3,0.19848,0.0007247411049733544,65,4935,1000,P2,0.048349612387987816,4834.961238798782,0.05,5000,3,240,4707,1.0,0,5000,0.0,0,0.0,"{""budget"": 4935}"
device_0,0.375,1701,1.5,52.5,0.05,drop,48,16,3,0.19773,0.37585282092426525,65,4935,1000,P2,0.04824633697670318,4824.633697670318,0.05,5000,5,569,4318,1.0,0,5000,0.0,0,0.0,"{""budget"": 4935}"
device_0,0.375,1702,1.5,52.5,0.05,drop,48,16,3,0.20083,0.3763938072575695,59,4941,1000,P2,0.04862196481994811,4862.196481994812,0.05,5000,4,533,4335,1.0,0,5000,0.0,0,0.0,"{""budget"": 4941}"
device_0,0.375,1703,1.5,52.5,0.05,drop,48,16,3,0.19949,0.3708761472322628,72,4928,1000,P2,0.0485336920881106,4853.36920881106,0.05,5000,5,471,4410,1.0,0,5000,0.0,0,0.0,"{""budget"": 4928}"
device_0,0.375,1704,1.5,52.5,0.05,drop,48,16,3,0.19956,0.37083454970073176,64,4936,1000,P2,0.04848179709039048,4848.179709039048,0.05,5000,4,562,4312,1.0,0,5000,0.0,0,0.0,"{""budget"": 4936}"
device_0,0.375,1705,1.5,52.5,0.05,drop,48,16,3,0.1976,0.38054564128452917,44,4956,1000,P2,0.04824484173740101,4824.484173740101,0.05,5000,6,579,4293,1.0,0,5000,0.0,0,0.0,"{""budget"": 4956}"
device_0,0.375,1706,1.5,52.5,0.05,drop,48,16,3,0.19975,0.37847803043317246,60,4940,1000,P2,0.04857150312534851,4857.150312534851,0.05,5000,5,516,4353,1.0,0,5000,0.0,0,0.0,"{""budget"": 4940}"
device_0,0.375,1707,1.5,52.5,0.05,drop,48,16,3,0.19756,0.3714936166119789,63,4937,1000,P2,0.048251102664108224,4825.110266410822,0.05,5000,4,556,4320,1.0,0,5000,0.0,0,0.0,"{""budget"": 4937}"
device_0,0.375,1708,1.5,52.5,0.05,drop,48,16,3,0.19968,0.3728274067949136,52,4948,1000,P2,0.0485496723259873,4854.96723259873,0.05,5000,5,544,4319,1.0,0,5000,0.0,0,0.0,"{""budget"": 4948}"
device_0,0.375,1709,1.5,52.5,0.05,drop,48,16,3,0.20214,0.3789219763360735,72,4928,1000,P2,0.048775272388692135,4877.527238869214,0.05,5000,4,536,4321,1.0,0,5000,0.0,0,0.0,"{""budget"": 4928}"
device_0,0.375,1710,1.5,52.5,0.05,drop,48,16,3,0.19842,0.37511826036297974,71,4929,1000,P2,0.048290927271291605,4829.09272712916,0.05,5000,5,540,4338,1.0,0,5000,0.0,0,0.0,"{""budget"": 4929}"
device_0,0.75,1701,1.5,52.5,0.05,drop,48,16,3,0.20817,0.7556341521150168,77,4923,1000,P2,0.04955162559273376,4955.162559273376,0.05,5000,5,768,4028,1.0,0,5000,0.0,0,0.0,"{""budget"": 4923}"
device_0,0.75,1702,1.5,52.5,0.05,drop,48,16,3,0.20244,0.7487885933421545,67,4933,1000,P2,0.048800275599410234,4880.027559941023,0.05,5000,7,782,3960,1.0,0,5000,0.0,0,0.0,"{""budget"": 4933}"
device_0,0.75,1703,1.5,52.5,0.05,drop,48,16,3,0.20102,0.7470900970852136,65,4935,1000,P2,0.04865662149897018,4865.662149897018,0.05,5000,7,802,3955,1.0,0,5000,0.0,0,0.0,"{""budget"": 4935}"
device_0,0.75,1704,1.5,52.5,0.05,drop,48,16,3,0.19715,0.7479806369104111,71,4929,1000,P2,0.048158253341071634,4815.825334107163,0.05,5000,6,783,3967,1.0,0,5000,0.0,0,0.0,"{""budget"": 4929}"
device_0,0.75,1705,1.5,52.5,0.05,drop,48,16,3,0.20494,0.7506431485678381,67,4933,1000,P2,0.04913213629446746,4913.2136294467455,0.05,5000,5,797,3989,1.0,0,5000,0.0,0,0.0,"{""budget"": 4933}"
device_0,0.75,1706,1.5,52.5,0.05,drop,48,16,3,0.20282,0.7537784223147826,49,4951,1000,P2,0.04881189692592334,4881.189692592334,0.05,5000,9,766,3989,1.0,0,5000,0.0,0,0.0,"{""budget"": 4951}"
device_0,0.75,1707,1.5,52.5,0.05,drop,48,16,3,0.20138,0.7431906944181493,64,4936,1000,P2,0.048777634877231774,4877.763487723178,0.05,5000,6,792,3970,1.0,0,5000,0.0,0,0.0,"{""budget"": 4936}"
device_0,0.75,1708,1.5,52.5,0.05,drop,48,16,3,0.20034,0.7475350990705809,53,4947,1000,P2,0.04847537877515721,4847.5378775157205,0.05,5000,7,790,3936,1.0,0,5000,0.0,0,0.0,"{""budget"": 4947}"
device_0,0.75,1709,1.5,52.5,0.05,drop,48,16,3,0.20613,0.7542776800152501,59,4941,1000,P2,0.049300034071609336,4930.003407160933,0.05,5000,7,773,3969,1.0,0,5000,0.0,0,0.0,"{""budget"": 4941}"
device_0,0.75,1710,1.5,52.5,0.05,drop,48,16,3,0.20286,0.74728584709585,52,4948,1000,P2,0.048866796701613806,4886.67967016138,0.05,5000,8,770,4009,1.0,0,5000,0.0,0,0.0,"{""budget"": 4948}"
device_0,0.875,1701,1.5,52.5,0.05,drop,48,16,3,0.20249,0.8763990178082249,65,4935,1000,P2,0.04877433199689398,4877.433199689398,0.05,5000,8,839,3907,1.0,0,5000,0.0,0,0.0,"{""budget"": 4935}"
device_0,0.875,1702,1.5,52.5,0.05,drop,48,16,3,0.19703,0.8759866636367837,57,4943,1000,P2,0.04818135975490846,4818.135975490846,0.05,5000,7,844,3857,1.0,0,5000,0.0,0,0.0,"{""budget"": 4943}"
device_0,0.875,1703,1.5,52.5,0.05,drop,48,16,3,0.20238,0.8773687974569232,60,4940,1000,P2,0.04879723496851725,4879.723496851725,0.05,5000,6,880,3822,1.0,0,5000,0.0,0,0.0,"{""budget"": 4940}"
device_0,0.875,1704,1.5,52.5,0.05,drop,48,16,3,0.19663,0.8771256568671042,55,4945,1000,P2,0.04820222841877352,4820.222841877352,0.05,5000,10,899,3798,1.0,0,5000,0.0,0,0.0,"{""budget"": 4945}"
device_0,0.875,1705,1.5,52.5,0.05,drop,48,16,3,0.20133,0.8756186617053834,58,4942,1000,P2,0.04868182882096011,4868.182882096011,0.05,5000,6,866,3869,1.0,0,5000,0.0,0,0.0,"{""budget"": 4942}"
device_0,0.875,1706,1.5,52.5,0.05,drop,48,16,3,0.19605,0.8731077294363513,72,4928,1000,P2,0.04798162506447088,4798.162506447088,0.05,5000,7,863,3810,1.0,0,5000,0.0,0,0.0,"{""budget"": 4928}"
device_0,0.875,1707,1.5,52.5,0.05,drop,48,16,3,0.2,0.8774036452681541,66,4934,1000,P2,0.04854239121983954,4854.239121983954,0.05,5000,6,885,3805,1.0,0,5000,0.0,0,0.0,"{""budget"": 4934}"
device_0,0.875,1708,1.5,52.5,0.05,drop,48,16,3,0.20258,0.87442580026271,66,4934,1000,P2,0.048895986631683465,4889.598663168346,0.05,5000,7,881,3835,1.0,0,5000,0.0,0,0.0,"{""budget"": 4934}"
device_0,0.875,1709,1.5,52.5,0.05,drop,48,16,3,0.19831,0.8770598020870867,67,4933,1000,P2,0.048273300637286895,4827.330063728689,0.05,5000,6,838,3831,1.0,0,5000,0.0,0,0.0,"{""budget"": 4933}"
device_0,0.875,1710,1.5,52.5,0.05,drop,48,16,3,0.19668,0.8724656025657239,64,4936,1000,P2,0.048156686637807124,4815.668663780712,0.05,5000,5,874,3827,1.0,0,5000,0.0,0,0.0,"{""budget"": 4936}"
device_0,0.9375,1701,1.5,52.5,0.05,drop,48,16,3,0.20509,0.9402237906216514,47,4953,1000,P2,0.049189622646125336,4918.9622646125335,0.05,5000,6,880,3800,1.0,0,5000,0.0,0,0.0,"{""budget"": 4953}"
device_0,0.9375,1702,1.5,52.5,0.05,drop,48,16,3,0.19366,0.9366016280001491,78,4922,1000,P2,0.04783647178165391,4783.647178165391,0.05,5000,6,902,3754,1.0,0,5000,0.0,0,0.0,"{""budget"": 4922}"
device_0,0.9375,1703,1.5,52.5,0.05,drop,48,16,3,0.19489,0.9369055048961522,53,4947,1000,P2,0.0479306052516333,4793.06052516333,0.05,5000,6,918,3781,1.0,0,5000,0.0,0,0.0,"{""budget"": 4947}"
device_0,0.9375,1704,1.5,52.5,0.05,drop,48,16,3,0.19999,0.9358099323716185,52,4948,1000,P2,0.04843194206101292,4843.194206101292,0.05,5000,7,923,3757,1.0,0,5000,0.0,0,0.0,"{""budget"": 4948}"
device_0,0.9375,1705,1.5,52.5,0.05,drop,48,16,3,0.19063,0.9374553760710133,45,4955,1000,P2,0.047369638838553677,4736.963883855367,0.05,5000,6,899,3711,1.0,0,5000,0.0,0,0.0,"{""budget"": 4955}"
device_0,0.9375,1706,1.5,52.5,0.05,drop,48,16,3,0.20144,0.9386428776611538,54,4946,1000,P2,0.04871170012791431,4871.170012791431,0.05,5000,7,887,3791,1.0,0,5000,0.0,0,0.0,"{""budget"": 4946}"
device_0,0.9375,1707,1.5,52.5,0.05,drop,48,16,3,0.20073,0.9386652506542138,59,4941,1000,P2,0.04862009746430791,4862.009746430791,0.05,5000,6,923,3744,1.0,0,5000,0.0,0,0.0,"{""budget"": 4941}"
device_0,0.9375,1708,1.5,52.5,0.05,drop,48,16,3,0.19042,0.9350336658268497,57,4943,1000,P2,0.04739315109937009,4739.315109937009,0.05,5000,6,903,3718,1.0,0,5000,0.0,0,0.0,"{""budget"": 4943}"
device_0,0.9375,1709,1.5,52.5,0.05,drop,48,16,3,0.20214,0.9387695757970393,54,4946,1000,P2,0.048780079688545946,4878.007968854595,0.05,5000,6,886,3795,1.0,0,5000,0.0,0,0.0,"{""budget"": 4946}"
device_0,0.9375,1710,1.5,52.5,0.05,drop,48,16,3,0.20082,0.9338903427364145,58,4942,1000,P2,0.04859982779237344,4859.982779237344,0.05,5000,8,885,3760,1.0,0,5000,0.0,0,0.0,"{""budget"": 4942}"
device_0,0.975,1701,1.5,52.5,0.05,drop,48,16,3,0.20012,0.9750727182312047,55,4945,1000,P2,0.04861155643111011,4861.155643111011,0.05,5000,7,915,3741,1.0,0,5000,0.0,0,0.0,"{""budget"": 4945}"
device_0,0.975,1702,1.5,52.5,0.05,drop,48,16,3,0.19762,0.9739220248349032,49,4951,1000,P2,0.04829715360082302,4829.715360082302,0.05,5000,6,932,3670,1.0,0,5000,0.0,0,0.0,"{""budget"": 4951}"
device_0,0.975,1703,1.5,52.5,0.05,drop,48,16,3,0.1984,0.975854682367182,65,4935,1000,P2,0.048336669803069464,4833.666980306946,0.05,5000,6,943,3722,1.0,0,5000,0.0,0,0.0,"{""budget"": 4935}"
device_0,0.975,1704,1.5,52.5,0.05,drop,48,16,3,0.19634,0.9733501805342133,61,4939,1000,P2,0.04804883846958767,4804.883846958767,0.05,5000,8,906,3731,1.0,0,5000,0.0,0,0.0,"{""budget"": 4939}"
device_0,0.975,1705,1.5,52.5,0.05,drop,48,16,3,0.19493,0.9747974986214312,63,4937,1000,P2,0.047874527934299756,4787.452793429976,0.05,5000,6,965,3682,1.0,0,5000,0.0,0,0.0,"{""budget"": 4937}"
device_0,0.975,1706,1.5,52.5,0.05,drop,48,16,3,0.203,0.9742259419786155,52,4948,1000,P2,0.04886856408247737,4886.856408247737,0.05,5000,8,898,3756,1.0,0,5000,0.0,0,0.0,"{""budget"": 4948}"
device_0,0.975,1707,1.5,52.5,0.05,drop,48,16,3,0.20266,0.9738223967562294,67,4933,1000,P2,0.04889555673652292,4889.555673652292,0.05,5000,6,916,3724,1.0,0,5000,0.0,0,0.0,"{""budget"": 4933}"
device_0,0.975,1708,1.5,52.5,0.05,drop,48,16,3,0.19043,0.9746047948044175,78,4922,1000,P2,0.04733577689696202,4733.5776896962025,0.05,5000,6,928,3704,1.0,0,5000,0.0,0,0.0,"{""budget"": 4922}"
device_0,0.975,1709,1.5,52.5,0.05,drop,48,16,3,0.19294,0.9749540477640206,58,4942,1000,P2,0.04762868786873379,4762.868786873379,0.05,5000,8,919,3704,1.0,0,5000,0.0,0,0.0,"{""budget"": 4942}"
device_0,0.975,1710,1.5,52.5,0.05,drop,48,16,3,0.19779,0.9774683509778551,61,4939,1000,P2,0.0482563047443685,4825.63047443685,0.05,5000,7,907,3699,1.0,0,5000,0.0,0,0.0,"{""budget"": 4939}"
device_0,0.0,1701,1.5,52.5,0.05,late,48,16,3,0.19936,-0.002661444942765865,62,4938,1000,P2,0.053230091286739833,5323.0091286739835,0.05,5000,3,256,4690,1.0,0,5000,0.0,0,0.0,"{""budget"": 4938}"
device_0,0.0,1702,1.5,52.5,0.05,late,48,16,3,0.20106,0.005830007599770396,56,4944,1000,P2,0.053436167938442775,5343.616793844278,0.05,5000,3,249,4685,1.0,0,5000,0.0,0,0.0,"{""budget"": 4944}"
device_0,0.0,1703,1.5,52.5,0.05,late,48,16,3,0.19952,0.005656351965683195,63,4937,1000,P2,0.05325941828154881,5325.941828154881,0.05,5000,4,234,4704,1.0,0,5000,0.0,0,0.0,"{""budget"": 4937}"
device_0,0.0,1704,1.5,52.5,0.05,late,48,16,3,0.20257,0.002457782015709934,56,4944,1000,P2,0.05361081616467715,5361.081616467715,0.05,5000,4,231,4708,1.0,0,5000,0.0,0,0.0,"{""budget"": 4944}"
device_0,0.0,1705,1.5,52.5,0.05,late,48,16,3,0.20104,-0.004155617772998724,68,4932,1000,P2,0.05339773322248818,5339.773322248819,0.05,5000,3,250,4683,1.0,0,5000,0.0,0,0.0,"{""budget"": 4932}"
device_0,0.0,1706,1.5,52.5,0.05,late,48,16,3,0.20062,-0.0045443747273977144,62,4938,1000,P2,0.053321124696937616,5332.112469693761,0.05,5000,4,224,4711,1.0,0,5000,0.0,0,0.0,"{""budget"": 4938}"
device_0,0.0,1707,1.5,52.5,0.05,late,48,16,3,0.19896,0.001346027845602329,61,4939,1000,P2,0.05320818108180266,5320.818108180266,0.05,5000,4,241,4709,1.0,0,5000,0.0,0,0.0,"{""budget"": 4939}"
device_0,0.0,1708,1.5,52.5,0.05,late,48,16,3,0.19922,-0.001372807149175493,53,4947,1000,P2,0.05320889707472436,5320.8897074724355,0.05,5000,4,241,4696,1.0,0,5000,0.0,0,0.0,"{""budget"": 4947}"
device_0,0.0,1709,1.5,52.5,0.05,late,48,16,3,0.20001,0.005034822885721277,61,4939,1000,P2,0.0533257550920085,5332.57550920085,0.05,5000,4,225,4688,1.0,0,5000,0.0,0,0.0,"{""budget"": 4939}"
device_0,0.0,1710,1.5,52.5,0.05,late,48,16,3,0.19848,0.0007247411049733544,65,4935,1000,P2,0.05308849107620732,5308.849107620732,0.05,5000,3,261,4683,1.0,0,5000,0.0,0,0.0,"{""budget"": 4935}"
device_0,0.375,1701,1.5,52.5,0.05,late,48,16,3,0.19773,0.37585282092426525,65,4935,1000,P2,0.0529920523274493,5299.20523274493,0.05,5000,4,517,4341,1.0,0,5000,0.0,0,0.0,"{""budget"": 4935}"
device_0,0.375,1702,1.5,52.5,0.05,late,48,16,3,0.20083,0.3763938072575695,59,4941,1000,P2,0.05340357020843708,5340.357020843708,0.05,5000,5,523,4352,1.0,0,5000,0.0,0,0.0,"{""budget"": 4941}"
device_0,0.375,1703,1.5,52.5,0.05,late,48,16,3,0.19949,0.3708761472322628,72,4928,1000,P2,0.05330061847414998,5330.061847414998,0.05,5000,5,518,4353,1.0,0,5000,0.0,0,0.0,"{""budget"": 4928}"
device_0,0.375,1704,1.5,52.5,0.05,late,48,16,3,0.19956,0.37083454970073176,64,4936,1000,P2,0.05323476919459775,5323.476919459775,0.05,5000,5,536,4342,1.0,0,5000,0.0,0,0.0,"{""budget"": 4936}"
device_0,0.375,1705,1.5,52.5,0.05,late,48,16,3,0.1976,0.38054564128452917,44,4956,1000,P2,0.053002436060151904,5300.24360601519,0.05,5000,5,556,4311,1.0,0,5000,0.0,0,0.0,"{""budget"": 4956}"
device_0,0.375,1706,1.5,52.5,0.05,late,48,16,3,0.19975,0.37847803043317246,60,4940,1000,P2,0.05334623574694211,5334.623574694211,0.05,5000,5,560,4305,1.0,0,5000,0.0,0,0.0,"{""budget"": 4940}"
device_0,0.375,1707,1.5,52.5,0.05,late,48,16,3,0.19756,0.3714936166119789,63,4937,1000,P2,0.05300061163814339,5300.061163814339,0.05,5000,4,543,4331,1.0,0,5000,0.0,0,0.0,"{""budget"": 4937}"
device_0,0.375,1708,1.5,52.5,0.05,late,48,16,3,0.19968,0.3728274067949136,52,4948,1000,P2,0.053273430760408025,5327.343076040803,0.05,5000,5,530,4354,1.0,0,5000,0.0,0,0.0,"{""budget"": 4948}"
device_0,0.375,1709,1.5,52.5,0.05,late,48,16,3,0.20214,0.3789219763360735,72,4928,1000,P2,0.05356222126849337,5356.222126849337,0.05,5000,5,576,4280,1.0,0,5000,0.0,0,0.0,"{""budget"": 4928}"
device_0,0.375,1710,1.5,52.5,0.05,late,48,16,3,0.19842,0.37511826036297974,71,4929,1000,P2,0.05306784150075565,5306.784150075565,0.05,5000,4,529,4330,1.0,0,5000,0.0,0,0.0,"{""budget"": 4929}"
device_0,0.75,1701,1.5,52.5,0.05,late,48,16,3,0.20817,0.7556341521150168,77,4923,1000,P2,0.054336322058950226,5433.632205895023,0.05,5000,8,768,4008,1.0,0,5000,0.0,0,0.0,"{""budget"": 4923}"
device_0,0.75,1702,1.5,52.5,0.05,late,48,16,3,0.20244,0.7487885933421545,67,4933,1000,P2,0.053604764089050294,5360.4764089050295,0.05,5000,5,785,3970,1.0,0,5000,0.0,0,0.0,"{""budget"": 4933}"
device_0,0.75,1703,1.5,52.5,0.05,late,48,16,3,0.20102,0.7470900970852136,65,4935,1000,P2,0.05345087497778499,5345.087497778499,0.05,5000,5,797,3954,1.0,0,5000,0.0,0,0.0,"{""budget"": 4935}"
device_0,0.75,1704,1.5,52.5,0.05,late,48,16,3,0.19715,0.7479806369104111,71,4929,1000,P2,0.05292896445462257,5292.896445462257,0.05,5000,6,805,3947,1.0,0,5000,0.0,0,0.0,"{""budget"": 4929}"
device_0,0.75,1705,1.5,52.5,0.05,late,48,16,3,0.20494,0.7506431485678381,67,4933,1000,P2,0.05391681792067314,5391.681792067314,0.05,5000,5,768,3991,1.0,0,5000,0.0,0,0.0,"{""budget"": 4933}"
device_0,0.75,1706,1.5,52.5,0.05,late,48,16,3,0.20282,0.7537784223147826,49,4951,1000,P2,0.05354217257396658,5354.217257396658,0.05,5000,6,804,3971,1.0,0,5000,0.0,0,0.0,"{""budget"": 4951}"
device_0,0.75,1707,1.5,52.5,0.05,late,48,16,3,0.20138,0.7431906944181493,64,4936,1000,P2,0.05356943775031248,5356.943775031248,0.05,5000,8,797,3951,1.0,0,5000,0.0,0,0.0,"{""budget"": 4936}"
device_0,0.75,1708,1.5,52.5,0.05,late,48,16,3,0.20034,0.7475350990705809,53,4947,1000,P2,0.05320890766623323,5320.890766623323,0.05,5000,5,799,3954,1.0,0,5000,0.0,0,0.0,"{""budget"": 4947}"
device_0,0.75,1709,1.5,52.5,0.05,late,48,16,3,0.20613,0.7542776800152501,59,4941,1000,P2,0.05406632262571546,5406.632262571546,0.05,5000,6,759,3975,1.0,0,5000,0.0,0,0.0,"{""budget"": 4941}"
device_0,0.75,1710,1.5,52.5,0.05,late,48,16,3,0.20286,0.74728584709585,52,4948,1000,P2,0.053649791975711514,5364.979197571151,0.05,5000,5,778,3994,1.0,0,5000,0.0,0,0.0,"{""budget"": 4948}"
device_0,0.875,1701,1.5,52.5,0.05,late,48,16,3,0.20249,0.8763990178082249,65,4935,1000,P2,0.053562841100845617,5356.284110084562,0.05,5000,6,877,3806,1.0,0,5000,0.0,0,0.0,"{""budget"": 4935}"
device_0,0.875,1702,1.5,52.5,0.05,late,48,16,3,0.19703,0.8759866636367837,57,4943,1000,P2,0.05292089165428538,5292.089165428538,0.05,5000,6,881,3790,1.0,0,5000,0.0,0,0.0,"{""budget"": 4943}"
device_0,0.875,1703,1.5,52.5,0.05,late,48,16,3,0.20238,0.8773687974569232,60,4940,1000,P2,0.0535705478571915,5357.0547857191505,0.05,5000,7,834,3884,1.0,0,5000,0.0,0,0.0,"{""budget"": 4940}"
device_0,0.875,1704,1.5,52.5,0.05,late,48,16,3,0.19663,0.8771256568671042,55,4945,1000,P2,0.05295297027820869,5295.297027820869,0.05,5000,6,913,3787,1.0,0,5000,0.0,0,0.0,"{""budget"": 4945}"
device_0,0.875,1705,1.5,52.5,0.05,late,48,16,3,0.20133,0.8756186617053834,58,4942,1000,P2,0.05343423495067311,5343.423495067311,0.05,5000,9,831,3896,1.0,0,5000,0.0,0,0.0,"{""budget"": 4942}"
device_0,0.875,1706,1.5,52.5,0.05,late,48,16,3,0.19605,0.8731077294363513,72,4928,1000,P2,0.052763485034903294,5276.34850349033,0.05,5000,11,873,3804,1.0,0,5000,0.0,0,0.0,"{""budget"": 4928}"
device_0,0.875,1707,1.5,52.5,0.05,late,48,16,3,0.2,0.8774036452681541,66,4934,1000,P2,0.05333202528806654,5333.202528806654,0.05,5000,5,869,3820,1.0,0,5000,0.0,0,0.0,"{""budget"": 4934}"
device_0,0.875,1708,1.5,52.5,0.05,late,48,16,3,0.20258,0.87442580026271,66,4934,1000,P2,0.053693222907185194,5369.322290718519,0.05,5000,6,881,3863,1.0,0,5000,0.0,0,0.0,"{""budget"": 4934}"
device_0,0.875,1709,1.5,52.5,0.05,late,48,16,3,0.19831,0.8770598020870867,67,4933,1000,P2,0.05301783914045035,5301.783914045035,0.05,5000,6,894,3812,1.0,0,5000,0.0,0,0.0,"{""budget"": 4933}"
device_0,0.875,1710,1.5,52.5,0.05,late,48,16,3,0.19668,0.8724656025657239,64,4936,1000,P2,0.052922993952935066,5292.299395293507,0.05,5000,6,880,3856,1.0,0,5000,0.0,0,0.0,"{""budget"": 4936}"
device_0,0.9375,1701,1.5,52.5,0.05,late,48,16,3,0.20509,0.9402237906216514,47,4953,1000,P2,0.053949578211346765,5394.957821134676,0.05,5000,5,857,3821,1.0,0,5000,0.0,0,0.0,"{""budget"": 4953}"
device_0,0.9375,1702,1.5,52.5,0.05,late,48,16,3,0.19366,0.9366016280001491,78,4922,1000,P2,0.05260707387982406,5260.707387982406,0.05,5000,6,928,3728,1.0,0,5000,0.0,0,0.0,"{""budget"": 4922}"
device_0,0.9375,1703,1.5,52.5,0.05,late,48,16,3,0.19489,0.9369055048961522,53,4947,1000,P2,0.05268239707421335,5268.239707421335,0.05,5000,6,922,3769,1.0,0,5000,0.0,0,0.0,"{""budget"": 4947}"
device_0,0.9375,1704,1.5,52.5,0.05,late,48,16,3,0.19999,0.9358099323716185,52,4948,1000,P2,0.053203941139217115,5320.394113921711,0.05,5000,7,897,3785,1.0,0,5000,0.0,0,0.0,"{""budget"": 4948}"
device_0,0.9375,1705,1.5,52.5,0.05,late,48,16,3,0.19063,0.9374553760710133,45,4955,1000,P2,0.0521272253681104,5212.72253681104,0.05,5000,7,913,3714,1.0,0,5000,0.0,0,0.0,"{""budget"": 4955}"
device_0,0.9375,1706,1.5,52.5,0.05,late,48,16,3,0.20144,0.9386428776611538,54,4946,1000,P2,0.05349009628175339,5349.0096281753395,0.05,5000,7,894,3804,1.0,0,5000,0.0,0,0.0,"{""budget"": 4946}"
device_0,0.9375,1707,1.5,52.5,0.05,late,48,16,3,0.20073,0.9386652506542138,59,4941,1000,P2,0.05341473687111574,5341.473687111574,0.05,5000,6,893,3760,1.0,0,5000,0.0,0,0.0,"{""budget"": 4941}"
device_0,0.9375,1708,1.5,52.5,0.05,late,48,16,3,0.19042,0.9350336658268497,57,4943,1000,P2,0.052140717925612534,5214.0717925612535,0.05,5000,6,927,3689,1.0,0,5000,0.0,0,0.0,"{""budget"": 4943}"
device_0,0.9375,1709,1.5,52.5,0.05,late,48,16,3,0.20214,0.9387695757970393,54,4946,1000,P2,0.05355464958309611,5355.464958309611,0.05,5000,6,919,3763,1.0,0,5000,0.0,0,0.0,"{""budget"": 4946}"
device_0,0.9375,1710,1.5,52.5,0.05,late,48,16,3,0.20082,0.9338903427364145,58,4942,1000,P2,0.05335725780772738,5335.725780772738,0.05,5000,6,895,3792,1.0,0,5000,0.0,0,0.0,"{""budget"": 4942}"
device_0,0.975,1701,1.5,52.5,0.05,late,48,16,3,0.20012,0.9750727182312047,55,4945,1000,P2,0.05335330303581357,5335.330303581357,0.05,5000,8,950,3716,1.0,0,5000,0.0,0,0.0,"{""budget"": 4945}"
device_0,0.975,1702,1.5,52.5,0.05,late,48,16,3,0.19762,0.9739220248349032,49,4951,1000,P2,0.05305499129144046,5305.499129144046,0.05,5000,6,935,3710,1.0,0,5000,0.0,0,0.0,"{""budget"": 4951}"
device_0,0.975,1703,1.5,52.5,0.05,late,48,16,3,0.1984,0.975854682367182,65,4935,1000,P2,0.05309221113013894,5309.221113013894,0.05,5000,8,904,3711,1.0,0,5000,0.0,0,0.0,"{""budget"": 4935}"
device_0,0.975,1704,1.5,52.5,0.05,late,48,16,3,0.19634,0.9733501805342133,61,4939,1000,P2,0.05280507188188653,5280.507188188653,0.05,5000,7,923,3707,1.0,0,5000,0.0,0,0.0,"{""budget"": 4939}"
device_0,0.975,1705,1.5,52.5,0.05,late,48,16,3,0.19493,0.9747974986214312,63,4937,1000,P2,0.05262398936258083,5262.398936258083,0.05,5000,6,941,3704,1.0,0,5000,0.0,0,0.0,"{""budget"": 4937}"
device_0,0.975,1706,1.5,52.5,0.05,late,48,16,3,0.203,0.9742259419786155,52,4948,1000,P2,0.05359634234627685,5359.634234627685,0.05,5000,6,903,3756,1.0,0,5000,0.0,0,0.0,"{""budget"": 4948}"
device_0,0.975,1707,1.5,52.5,0.05,late,48,16,3,0.20266,0.9738223967562294,67,4933,1000,P2,0.05364188449325174,5364.188449325174,0.05,5000,7,913,3737,1.0,0,5000,0.0,0,0.0,"{""budget"": 4933}"
device_0,0.975,1708,1.5,52.5,0.05,late,48,16,3,0.19043,0.9746047948044175,78,4922,1000,P2,0.05206727553384324,5206.727553384324,0.05,5000,6,972,3675,1.0,0,5000,0.0,0,0.0,"{""budget"": 4922}"
device_0,0.975,1709,1.5,52.5,0.05,late,48,16,3,0.19294,0.9749540477640206,58,4942,1000,P2,0.05235613549413501,5235.613549413501,0.05,5000,7,940,3712,1.0,0,5000,0.0,0,0.0,"{""budget"": 4942}"
device_0,0.975,1710,1.5,52.5,0.05,late,48,16,3,0.19779,0.9774683509778551,61,4939,1000,P2,0.05302548074854037,5302.548074854037,0.05,5000,7,895,3711,1.0,0,5000,0.0,0,0.0,"{""budget"": 4939}"
device_0,0.0,1701,1.5,52.5,0.1,drop,48,16,3,0.19936,-0.002661444942765865,62,9938,1000,P2,0.040457880357415335,4045.7880357415333,0.1,10000,5,858,8951,1.0,0,10000,0.0,0,0.0,"{""budget"": 9938}"
device_0,0.0,1702,1.5,52.5,0.1,drop,48,16,3,0.20106,0.005830007599770396,56,9944,1000,P2,0.040687954962013065,4068.7954962013064,0.1,10000,4,956,8835,1.0,0,10000,0.0,0,0.0,"{""budget"": 9944}"
device_0,0.0,1703,1.5,52.5,0.1,drop,48,16,3,0.19952,0.005656351965683195,63,9937,1000,P2,0.0405186965978226,4051.86965978226,0.1,10000,5,955,8841,1.0,0,10000,0.0,0,0.0,"{""budget"": 9937}"
device_0,0.0,1704,1.5,52.5,0.1,drop,48,16,3,0.20257,0.002457782015709934,56,9944,1000,P2,0.040869021195128474,4086.902119512847,0.1,10000,4,933,8884,1.0,0,10000,0.0,0,0.0,"{""budget"": 9944}"
device_0,0.0,1705,1.5,52.5,0.1,drop,48,16,3,0.20104,-0.004155617772998724,68,9932,1000,P2,0.0406592811019718,4065.9281101971796,0.1,10000,4,909,8909,1.0,0,10000,0.0,0,0.0,"{""budget"": 9932}"
device_0,0.0,1706,1.5,52.5,0.1,drop,48,16,3,0.20062,-0.0045443747273977144,62,9938,1000,P2,0.040566113674373835,4056.6113674373837,0.1,10000,4,867,8943,1.0,0,10000,0.0,0,0.0,"{""budget"": 9938}"
device_0,0.0,1707,1.5,52.5,0.1,drop,48,16,3,0.19896,0.001346027845602329,61,9939,1000,P2,0.04047764705938672,4047.7647059386723,0.1,10000,5,859,8938,1.0,0,10000,0.0,0,0.0,"{""budget"": 9939}"
device_0,0.0,1708,1.5,52.5,0.1,drop,48,16,3,0.19922,-0.001372807149175493,53,9947,1000,P2,0.040460560090170114,4046.056009017011,0.1,10000,5,882,8910,1.0,0,10000,0.0,0,0.0,"{""budget"": 9947}"
device_0,0.0,1709,1.5,52.5,0.1,drop,48,16,3,0.20001,0.005034822885721277,61,9939,1000,P2,0.04057021040892774,4057.021040892774,0.1,10000,5,893,8894,1.0,0,10000,0.0,0,0.0,"{""budget"": 9939}"
device_0,0.0,1710,1.5,52.5,0.1,drop,48,16,3,0.19848,0.0007247411049733544,65,9935,1000,P2,0.04037482456491558,4037.4824564915584,0.1,10000,4,914,8909,1.0,0,10000,0.0,0,0.0,"{""budget"": 9935}"
device_0,0.375,1701,1.5,52.5,0.1,drop,48,16,3,0.19773,0.37585282092426525,65,9935,1000,P2,0.040275092265862296,4027.5092265862295,0.1,10000,7,1909,7351,1.0,0,10000,0.0,0,0.0,"{""budget"": 9935}"
device_0,0.375,1702,1.5,52.5,0.1,drop,48,16,3,0.20083,0.3763938072575695,59,9941,1000,P2,0.04064609298194554,4064.609298194554,0.1,10000,8,1845,7432,1.0,0,10000,0.0,0,0.0,"{""budget"": 9941}"
device_0,0.375,1703,1.5,52.5,0.1,drop,48,16,3,0.19949,0.3708761472322628,72,9928,1000,P2,0.040553987093473964,4055.398709347396,0.1,10000,7,1796,7453,1.0,0,10000,0.0,0,0.0,"{""budget"": 9928}"
device_0,0.375,1704,1.5,52.5,0.1,drop,48,16,3,0.19956,0.37083454970073176,64,9936,1000,P2,0.04050484402475309,4050.4844024753083,0.1,10000,6,1878,7372,1.0,0,10000,0.0,0,0.0,"{""budget"": 9936}"
device_0,0.375,1705,1.5,52.5,0.1,drop,48,16,3,0.1976,0.38054564128452917,44,9956,1000,P2,0.04026658187652666,4026.658187652666,0.1,10000,7,1928,7378,1.0,0,10000,0.0,0,0.0,"{""budget"": 9956}"
device_0,0.375,1706,1.5,52.5,0.1,drop,48,16,3,0.19975,0.37847803043317246,60,9940,1000,P2,0.04059513229869669,4059.5132298696694,0.1,10000,7,1830,7501,1.0,0,10000,0.0,0,0.0,"{""budget"": 9940}"
device_0,0.375,1707,1.5,52.5,0.1,drop,48,16,3,0.19756,0.3714936166119789,63,9937,1000,P2,0.04027791564339177,4027.791564339177,0.1,10000,7,1854,7474,1.0,0,10000,0.0,0,0.0,"{""budget"": 9937}"
device_0,0.375,1708,1.5,52.5,0.1,drop,48,16,3,0.19968,0.3728274067949136,52,9948,1000,P2,0.04057569326854018,4057.569326854018,0.1,10000,7,1855,7462,1.0,0,10000,0.0,0,0.0,"{""budget"": 9948}"
device_0,0.375,1709,1.5,52.5,0.1,drop,48,16,3,0.20214,0.3789219763360735,72,9928,1000,P2,0.040790394842439466,4079.0394842439464,0.1,10000,8,1852,7378,1.0,0,10000,0.0,0,0.0,"{""budget"": 9928}"
device_0,0.375,1710,1.5,52.5,0.1,drop,48,16,3,0.19842,0.37511826036297974,71,9929,1000,P2,0.04031254601951865,4031.254601951865,0.1,10000,7,1851,7418,1.0,0,10000,0.0,0,0.0,"{""budget"": 9929}"
device_0,0.75,1701,1.5,52.5,0.1,drop,48,16,3,0.20817,0.7556341521150168,77,9923,1000,P2,0.0415682335838704,4156.82335838704,0.1,10000,9,2353,6121,1.0,0,10000,0.0,0,0.0,"{""budget"": 9923}"
device_0,0.75,1702,1.5,52.5,0.1,drop,48,16,3,0.20244,0.7487885933421545,67,9933,1000,P2,0.040817956611148204,4081.79566111482,0.1,10000,10,2361,6003,1.0,0,10000,0.0,0,0.0,"{""budget"": 9933}"
device_0,0.75,1703,1.5,52.5,0.1,drop,48,16,3,0.20102,0.7470900970852136,65,9935,1000,P2,0.04067738823455406,4067.7388234554055,0.1,10000,10,2354,5966,1.0,0,10000,0.0,0,0.0,"{""budget"": 9935}"
device_0,0.75,1704,1.5,52.5,0.1,drop,48,16,3,0.19715,0.7479806369104111,71,9929,1000,P2,0.040184922214753435,4018.4922214753433,0.1,10000,12,2347,5956,1.0,0,10000,0.0,0,0.0,"{""budget"": 9929}"
device_0,0.75,1705,1.5,52.5,0.1,drop,48,16,3,0.20494,0.7506431485678381,67,9933,1000,P2,0.04114610680739946,4114.6106807399465,0.1,10000,11,2399,6034,1.0,0,10000,0.0,0,0.0,"{""budget"": 9933}"
device_0,0.75,1706,1.5,52.5,0.1,drop,48,16,3,0.20282,0.7537784223147826,49,9951,1000,P2,0.04083693473262817,4083.693473262817,0.1,10000,13,2344,5960,1.0,0,10000,0.0,0,0.0,"{""budget"": 9951}"
device_0,0.75,1707,1.5,52.5,0.1,drop,48,16,3,0.20138,0.7431906944181493,64,9936,1000,P2,0.04079533427514254,4079.533427514254,0.1,10000,10,2356,5997,1.0,0,10000,0.0,0,0.0,"{""budget"": 9936}"
device_0,0.75,1708,1.5,52.5,0.1,drop,48,16,3,0.20034,0.7475350990705809,53,9947,1000,P2,0.04050207969682924,4050.2079696829237,0.1,10000,9,2376,5969,1.0,0,10000,0.0,0,0.0,"{""budget"": 9947}"
device_0,0.75,1709,1.5,52.5,0.1,drop,48,16,3,0.20613,0.7542776800152501,59,9941,1000,P2,0.04131751468704167,4131.751468704168,0.1,10000,10,2365,6055,1.0,0,10000,0.0,0,0.0,"{""budget"": 9941}"
device_0,0.75,1710,1.5,52.5,0.1,drop,48,16,3,0.20286,0.74728584709585,52,9948,1000,P2,0.040885996575407174,4088.599657540717,0.1,10000,10,2312,6088,1.0,0,10000,0.0,0,0.0,"{""budget"": 9948}"
device_0,0.875,1701,1.5,52.5,0.1,drop,48,16,3,0.20249,0.8763990178082249,65,9935,1000,P2,0.04079551395608585,4079.5513956085847,0.1,10000,11,2436,5568,1.0,0,10000,0.0,0,0.0,"{""budget"": 9935}"
device_0,0.875,1702,1.5,52.5,0.1,drop,48,16,3,0.19703,0.8759866636367837,57,9943,1000,P2,0.04021032593781571,4021.032593781571,0.1,10000,14,2407,5387,1.0,0,10000,0.0,0,0.0,"{""budget"": 9943}"
device_0,0.875,1703,1.5,52.5,0.1,drop,48,16,3,0.20238,0.8773687974569232,60,9940,1000,P2,0.04081545542189454,4081.545542189454,0.1,10000,13,2447,5472,1.0,0,10000,0.0,0,0.0,"{""budget"": 9940}"
device_0,0.875,1704,1.5,52.5,0.1,drop,48,16,3,0.19663,0.8771256568671042,55,9945,1000,P2,0.04022988639591075,4022.988639591075,0.1,10000,14,2507,5351,1.0,0,10000,0.0,0,0.0,"{""budget"": 9945}"
device_0,0.875,1705,1.5,52.5,0.1,drop,48,16,3,0.20133,0.8756186617053834,58,9942,1000,P2,0.04070431810955427,4070.4318109554274,0.1,10000,11,2475,5518,1.0,0,10000,0.0,0,0.0,"{""budget"": 9942}"
device_0,0.875,1706,1.5,52.5,0.1,drop,48,16,3,0.19605,0.8731077294363513,72,9928,1000,P2,0.04000538549537251,4000.538549537251,0.1,10000,15,2493,5303,1.0,0,10000,0.0,0,0.0,"{""budget"": 9928}"
device_0,0.875,1707,1.5,52.5,0.1,drop,48,16,3,0.2,0.8774036452681541,66,9934,1000,P2,0.040566073536403,4056.6073536402996,0.1,10000,11,2457,5374,1.0,0,10000,0.0,0,0.0,"{""budget"": 9934}"
device_0,0.875,1708,1.5,52.5,0.1,drop,48,16,3,0.20258,0.87442580026271,66,9934,1000,P2,0.04091202640487398,4091.202640487398,0.1,10000,11,2490,5473,1.0,0,10000,0.0,0,0.0,"{""budget"": 9934}"
device_0,0.875,1709,1.5,52.5,0.1,drop,48,16,3,0.19831,0.8770598020870867,67,9933,1000,P2,0.04030278578121443,4030.2785781214425,0.1,10000,11,2471,5376,1.0,0,10000,0.0,0,0.0,"{""budget"": 9933}"
device_0,0.875,1710,1.5,52.5,0.1,drop,48,16,3,0.19668,0.8724656025657239,64,9936,1000,P2,0.04018268653196705,4018.2686531967047,0.1,10000,12,2466,5400,1.0,0,10000,0.0,0,0.0,"{""budget"": 9936}"
device_0,0.9375,1701,1.5,52.5,0.1,drop,48,16,3,0.20509,0.9402237906216514,47,9953,1000,P2,0.04120705434604943,4120.705434604944,0.1,10000,13,2455,5300,1.0,0,10000,0.0,0,0.0,"{""budget"": 9953}"
device_0,0.9375,1702,1.5,52.5,0.1,drop,48,16,3,0.19366,0.9366016280001491,78,9922,1000,P2,0.03986235766813862,3986.235766813862,0.1,10000,14,2492,5058,1.0,0,10000,0.0,0,0.0,"{""budget"": 9922}"
device_0,0.9375,1703,1.5,52.5,0.1,drop,48,16,3,0.19489,0.9369055048961522,53,9947,1000,P2,0.03995912646121415,3995.912646121415,0.1,10000,15,2501,5052,1.0,0,10000,0.0,0,0.0,"{""budget"": 9947}"
device_0,0.9375,1704,1.5,52.5,0.1,drop,48,16,3,0.19999,0.9358099323716185,52,9948,1000,P2,0.04045558648961919,4045.558648961919,0.1,10000,11,2482,5208,1.0,0,10000,0.0,0,0.0,"{""budget"": 9948}"
device_0,0.9375,1705,1.5,52.5,0.1,drop,48,16,3,0.19063,0.9374553760710133,45,9955,1000,P2,0.03940084779767661,3940.0847797676606,0.1,10000,14,2434,4945,1.0,0,10000,0.0,0,0.0,"{""budget"": 9955}"
device_0,0.9375,1706,1.5,52.5,0.1,drop,48,16,3,0.20144,0.9386428776611538,54,9946,1000,P2,0.040735268293988575,4073.5268293988574,0.1,10000,10,2465,5226,1.0,0,10000,0.0,0,0.0,"{""budget"": 9946}"
device_0,0.9375,1707,1.5,52.5,0.1,drop,48,16,3,0.20073,0.9386652506542138,59,9941,1000,P2,0.04064411738207717,4064.4117382077166,0.1,10000,17,2475,5120,1.0,0,10000,0.0,0,0.0,"{""budget"": 9941}"
device_0,0.9375,1708,1.5,52.5,0.1,drop,48,16,3,0.19042,0.9350336658268497,57,9943,1000,P2,0.03942780444532007,3942.780444532007,0.1,10000,15,2426,4947,1.0,0,10000,0.0,0,0.0,"{""budget"": 9943}"
device_0,0.9375,1709,1.5,52.5,0.1,drop,48,16,3,0.20214,0.9387695757970393,54,9946,1000,P2,0.04080151585096781,4080.1515850967808,0.1,10000,12,2443,5241,1.0,0,10000,0.0,0,0.0,"{""budget"": 9946}"
device_0,0.9375,1710,1.5,52.5,0.1,drop,48,16,3,0.20082,0.9338903427364145,58,9942,1000,P2,0.04062482157814745,4062.4821578147453,0.1,10000,13,2452,5247,1.0,0,10000,0.0,0,0.0,"{""budget"": 9942}"
device_0,0.975,1701,1.5,52.5,0.1,drop,48,16,3,0.20012,0.9750727182312047,55,9945,1000,P2,0.04063643029461743,4063.643029461743,0.1,10000,12,2458,5097,1.0,0,10000,0.0,0,0.0,"{""budget"": 9945}"
device_0,0.975,1702,1.5,52.5,0.1,drop,48,16,3,0.19762,0.9739220248349032,49,9951,1000,P2,0.040320560541413426,4032.0560541413424,0.1,10000,13,2477,4967,1.0,0,10000,0.0,0,0.0,"{""budget"": 9951}"
device_0,0.975,1703,1.5,52.5,0.1,drop,48,16,3,0.1984,0.975854682367182,65,9935,1000,P2,0.04036412031242181,4036.4120312421805,0.1,10000,13,2464,4988,1.0,0,10000,0.0,0,0.0,"{""budget"": 9935}"
device_0,0.975,1704,1.5,52.5,0.1,drop,48,16,3,0.19634,0.9733501805342133,61,9939,1000,P2,0.04007609928074392,4007.609928074392,0.1,10000,15,2450,4972,1.0,0,10000,0.0,0,0.0,"{""budget"": 9939}"
device_0,0.975,1705,1.5,52.5,0.1,drop,48,16,3,0.19493,0.9747974986214312,63,9937,1000,P2,0.039904461702033905,3990.4461702033905,0.1,10000,12,2539,4953,1.0,0,10000,0.0,0,0.0,"{""budget"": 9937}"
device_0,0.975,1706,1.5,52.5,0.1,drop,48,16,3,0.203,0.9742259419786155,52,9948,1000,P2,0.040885655864150744,4088.5655864150744,0.1,10000,12,2457,5158,1.0,0,10000,0.0,0,0.0,"{""budget"": 9948}"
device_0,0.975,1707,1.5,52.5,0.1,drop,48,16,3,0.20266,0.9738223967562294,67,9933,1000,P2,0.04091616860240859,4091.616860240859,0.1,10000,12,2450,5072,1.0,0,10000,0.0,0,0.0,"{""budget"": 9933}"
device_0,0.975,1708,1.5,52.5,0.1,drop,48,16,3,0.19043,0.9746047948044175,78,9922,1000,P2,0.039370184278900544,3937.018427890054,0.1,10000,18,2504,4803,1.0,0,10000,0.0,0,0.0,"{""budget"": 9922}"
device_0,0.975,1709,1.5,52.5,0.1,drop,48,16,3,0.19294,0.9749540477640206,58,9942,1000,P2,0.039664010305562776,3966.4010305562774,0.1,10000,13,2520,4847,1.0,0,10000,0.0,0,0.0,"{""budget"": 9942}"
device_0,0.975,1710,1.5,52.5,0.1,drop,48,16,3,0.19779,0.9774683509778551,61,9939,1000,P2,0.0402826251805399,4028.26251805399,0.1,10000,13,2466,4890,1.0,0,10000,0.0,0,0.0,"{""budget"": 9939}"
device_0,0.0,1701,1.5,52.5,0.1,late,48,16,3,0.19936,-0.002661444942765865,62,9938,1000,P2,0.049584810367254865,4958.481036725487,0.1,10000,4,953,8858,0.9396,604,9396,0.0,0,0.0,"{""budget"": 9938}"
device_0,0.0,1702,1.5,52.5,0.1,late,48,16,3,0.20106,0.005830007599770396,56,9944,1000,P2,0.04980815460475221,4980.815460475221,0.1,10000,4,944,8842,0.9361,639,9361,0.0,0,0.0,"{""budget"": 9944}"
device_0,0.0,1703,1.5,52.5,0.1,late,48,16,3,0.19952,0.005656351965683195,63,9937,1000,P2,0.04963453547440031,4963.453547440031,0.1,10000,5,868,8931,0.9332,668,9332,0.0,0,0.0,"{""budget"": 9937}"
device_0,0.0,1704,1.5,52.5,0.1,late,48,16,3,0.20257,0.002457782015709934,56,9944,1000,P2,0.04997476877295927,4997.476877295927,0.1,10000,4,877,8926,0.9367,633,9367,0.0,0,0.0,"{""budget"": 9944}"
device_0,0.0,1705,1.5,52.5,0.1,late,48,16,3,0.20104,-0.004155617772998724,68,9932,1000,P2,0.049773956830572896,4977.39568305729,0.1,10000,4,916,8882,0.9341,659,9341,0.0,0,0.0,"{""budget"": 9932}"
device_0,0.0,1706,1.5,52.5,0.1,late,48,16,3,0.20062,-0.0045443747273977144,62,9938,1000,P2,0.049692815529105254,4969.2815529105255,0.1,10000,4,902,8907,0.9356,644,9356,0.0,0,0.0,"{""budget"": 9938}"
device_0,0.0,1707,1.5,52.5,0.1,late,48,16,3,0.19896,0.001346027845602329,61,9939,1000,P2,0.0495707023391892,4957.07023391892,0.1,10000,5,870,8936,0.9383,617,9383,0.0,0,0.0,"{""budget"": 9939}"
device_0,0.0,1708,1.5,52.5,0.1,late,48,16,3,0.19922,-0.001372807149175493,53,9947,1000,P2,0.04958845122760498,4958.845122760498,0.1,10000,4,879,8935,0.9294,706,9294,0.0,0,0.0,"{""budget"": 9947}"
device_0,0.0,1709,1.5,52.5,0.1,late,48,16,3,0.20001,0.005034822885721277,61,9939,1000,P2,0.049686398105728696,4968.6398105728695,0.1,10000,5,852,8940,0.9355,645,9355,0.0,0,0.0,"{""budget"": 9939}"
device_0,0.0,1710,1.5,52.5,0.1,late,48,16,3,0.19848,0.0007247411049733544,65,9935,1000,P2,0.04946520218685488,4946.520218685488,0.1,10000,5,895,8921,0.9344,656,9344,0.0,0,0.0,"{""budget"": 9935}"
device_0,0.375,1701,1.5,52.5,0.1,late,48,16,3,0.19773,0.37585282092426525,65,9935,1000,P2,0.049375820544444685,4937.582054444469,0.1,10000,7,1701,7705,0.9312,688,9312,0.0,0,0.0,"{""budget"": 9935}"
device_0,0.375,1702,1.5,52.5,0.1,late,48,16,3,0.20083,0.3763938072575695,59,9941,1000,P2,0.0497589200904883,4975.89200904883,0.1,10000,7,1702,7671,0.946,540,9460,0.0,0,0.0,"{""budget"": 9941}"
device_0,0.375,1703,1.5,52.5,0.1,late,48,16,3,0.19949,0.3708761472322628,72,9928,1000,P2,0.049676991607746496,4967.6991607746495,0.1,10000,8,1704,7669,0.9328,672,9328,0.0,0,0.0,"{""budget"": 9928}"
device_0,0.375,1704,1.5,52.5,0.1,late,48,16,3,0.19956,0.37083454970073176,64,9936,1000,P2,0.04960432510535887,4960.432510535888,0.1,10000,7,1675,7653,0.934,660,9340,0.0,0,0.0,"{""budget"": 9936}"
device_0,0.375,1705,1.5,52.5,0.1,late,48,16,3,0.1976,0.38054564128452917,44,9956,1000,P2,0.04939048383145326,4939.048383145326,0.1,10000,6,1743,7659,0.9278,722,9278,0.0,0,0.0,"{""budget"": 9956}"
device_0,0.375,1706,1.5,52.5,0.1,late,48,16,3,0.19975,0.37847803043317246,60,9940,1000,P2,0.049710954522011415,4971.095452201142,0.1,10000,6,1696,7654,0.9368,632,9368,0.0,0,0.0,"{""budget"": 9940}"
device_0,0.375,1707,1.5,52.5,0.1,late,48,16,3,0.19756,0.3714936166119789,63,9937,1000,P2,0.049378315449773336,4937.831544977334,0.1,10000,6,1726,7669,0.9328,672,9328,0.0,0,0.0,"{""budget"": 9937}"
device_0,0.375,1708,1.5,52.5,0.1,late,48,16,3,0.19968,0.3728274067949136,52,9948,1000,P2,0.0496509101835823,4965.09101835823,0.1,10000,9,1732,7660,0.9288,712,9288,0.0,0,0.0,"{""budget"": 9948}"
device_0,0.375,1709,1.5,52.5,0.1,late,48,16,3,0.20214,0.3789219763360735,72,9928,1000,P2,0.04993827422475099,4993.827422475099,0.1,10000,7,1736,7628,0.9341,659,9341,0.0,0,0.0,"{""budget"": 9928}"
device_0,0.375,1710,1.5,52.5,0.1,late,48,16,3,0.19842,0.37511826036297974,71,9929,1000,P2,0.049449827052420244,4944.982705242024,0.1,10000,7,1704,7678,0.9336,664,9336,0.0,0,0.0,"{""budget"": 9929}"
device_0,0.75,1701,1.5,52.5,0.1,late,48,16,3,0.20817,0.7556341521150168,77,9923,1000,P2,0.05067060319750595,5067.060319750595,0.1,10000,10,2226,6423,0.9534,466,9534,0.0,0,0.0,"{""budget"": 9923}"
device_0,0.75,1702,1.5,52.5,0.1,late,48,16,3,0.20244,0.7487885933421545,67,9933,1000,P2,0.04996521272631435,4996.521272631435,0.1,10000,11,2185,6413,0.9381,619,9381,0.0,0,0.0,"{""budget"": 9933}"
device_0,0.75,1703,1.5,52.5,0.1,late,48,16,3,0.20102,0.7470900970852136,65,9935,1000,P2,0.0498119776598094,4981.19776598094,0.1,10000,11,2204,6339,0.9398,602,9398,0.0,0,0.0,"{""budget"": 9935}"
device_0,0.75,1704,1.5,52.5,0.1,late,48,16,3,0.19715,0.7479806369104111,71,9929,1000,P2,0.0493079005670766,4930.79005670766,0.1,10000,10,2140,6418,0.9318,682,9318,0.0,0,0.0,"{""budget"": 9929}"
device_0,0.75,1705,1.5,52.5,0.1,late,48,16,3,0.20494,0.7506431485678381,67,9933,1000,P2,0.050279481852780875,5027.948185278087,0.1,10000,10,2208,6405,0.9416,584,9416,0.0,0,0.0,"{""budget"": 9933}"
device_0,0.75,1706,1.5,52.5,0.1,late,48,16,3,0.20282,0.7537784223147826,49,9951,1000,P2,0.04990057406610231,4990.057406610231,0.1,10000,10,2203,6407,0.9438,562,9438,0.0,0,0.0,"{""budget"": 9951}"
device_0,0.75,1707,1.5,52.5,0.1,late,48,16,3,0.20138,0.7431906944181493,64,9936,1000,P2,0.04994063629375156,4994.063629375156,0.1,10000,11,2220,6407,0.9341,659,9341,0.0,0,0.0,"{""budget"": 9936}"
device_0,0.75,1708,1.5,52.5,0.1,late,48,16,3,0.20034,0.7475350990705809,53,9947,1000,P2,0.049577069855638645,4957.706985563865,0.1,10000,9,2227,6373,0.9369,631,9369,0.0,0,0.0,"{""budget"": 9947}"
device_0,0.75,1709,1.5,52.5,0.1,late,48,16,3,0.20613,0.7542776800152501,59,9941,1000,P2,0.05041504645322324,5041.504645322324,0.1,10000,9,2231,6401,0.9474,526,9474,0.0,0,0.0,"{""budget"": 9941}"
device_0,0.75,1710,1.5,52.5,0.1,late,48,16,3,0.20286,0.74728584709585,52,9948,1000,P2,0.05001603164564143,5001.603164564143,0.1,10000,9,2207,6492,0.9379,621,9379,0.0,0,0.0,"{""budget"": 9948}"
device_0,0.875,1701,1.5,52.5,0.1,late,48,16,3,0.20249,0.8763990178082249,65,9935,1000,P2,0.049923749876395175,4992.374987639518,0.1,10000,9,2264,6001,0.9416,584,9416,0.0,0,0.0,"{""budget"": 9935}"
device_0,0.875,1702,1.5,52.5,0.1,late,48,16,3,0.19703,0.8759866636367837,57,9943,1000,P2,0.04929704441331558,4929.704441331558,0.1,10000,12,2268,5914,0.9328,672,9328,0.0,0,0.0,"{""budget"": 9943}"
device_0,0.875,1703,1.5,52.5,0.1,late,48,16,3,0.20238,0.8773687974569232,60,9940,1000,P2,0.049935895791546045,4993.5895791546045,0.1,10000,11,2282,5989,0.9358,642,9358,0.0,0,0.0,"{""budget"": 9940}"
device_0,0.875,1704,1.5,52.5,0.1,late,48,16,3,0.19663,0.8771256568671042,55,9945,1000,P2,0.049327258715499464,4932.7258715499465,0.1,10000,13,2294,5934,0.9329,671,9329,0.0,0,0.0,"{""budget"": 9945}"
device_0,0.875,1705,1.5,52.5,0.1,late,48,16,3,0.20133,0.8756186617053834,58,9942,1000,P2,0.0497964318666957,4979.64318666957,0.1,10000,10,2284,6022,0.9393,607,9393,0.0,0,0.0,"{""budget"": 9942}"
device_0,0.875,1706,1.5,52.5,0.1,late,48,16,3,0.19605,0.8731077294363513,72,9928,1000,P2,0.0491477491163253,4914.77491163253,0.1,10000,11,2259,5909,0.9292,708,9292,0.0,0,0.0,"{""budget"": 9928}"
device_0,0.875,1707,1.5,52.5,0.1,late,48,16,3,0.2,0.8774036452681541,66,9934,1000,P2,0.0497022437854791,4970.2243785479095,0.1,10000,11,2289,5944,0.9356,644,9356,0.0,0,0.0,"{""budget"": 9934}"
device_0,0.875,1708,1.5,52.5,0.1,late,48,16,3,0.20258,0.87442580026271,66,9934,1000,P2,0.0500584076242325,5005.8407624232495,0.1,10000,9,2316,6051,0.9362,638,9362,0.0,0,0.0,"{""budget"": 9934}"
device_0,0.875,1709,1.5,52.5,0.1,late,48,16,3,0.19831,0.8770598020870867,67,9933,1000,P2,0.04939199468530562,4939.199468530562,0.1,10000,10,2300,5920,0.9343,657,9343,0.0,0,0.0,"{""budget"": 9933}"
device_0,0.875,1710,1.5,52.5,0.1,late,48,16,3,0.19668,0.8724656025657239,64,9936,1000,P2,0.049308203990796294,4930.820399079629,0.1,10000,11,2256,5963,0.931,690,9310,0.0,0,0.0,"{""budget"": 9936}"
device_0,0.9375,1701,1.5,52.5,0.1,late,48,16,3,0.20509,0.9402237906216514,47,9953,1000,P2,0.05031174712615916,5031.174712615916,0.1,10000,11,2287,5739,0.9429,571,9429,0.0,0,0.0,"{""budget"": 9953}"
device_0,0.9375,1702,1.5,52.5,0.1,late,48,16,3,0.19366,0.9366016280001491,78,9922,1000,P2,0.04900518688374963,4900.518688374963,0.1,10000,12,2275,5812,0.9213,787,9213,0.0,0,0.0,"{""budget"": 9922}"
device_0,0.9375,1703,1.5,52.5,0.1,late,48,16,3,0.19489,0.9369055048961522,53,9947,1000,P2,0.04907017937662521,4907.017937662521,0.1,10000,14,2301,5794,0.9274,726,9274,0.0,0,0.0,"{""budget"": 9947}"
device_0,0.9375,1704,1.5,52.5,0.1,late,48,16,3,0.19999,0.9358099323716185,52,9948,1000,P2,0.04958282823362202,4958.282823362202,0.1,10000,11,2303,5769,0.9346,654,9346,0.0,0,0.0,"{""budget"": 9948}"
device_0,0.9375,1705,1.5,52.5,0.1,late,48,16,3,0.19063,0.9374553760710133,45,9955,1000,P2,0.048539286894074093,4853.928689407409,0.1,10000,13,2215,5742,0.9186,814,9186,0.0,0,0.0,"{""budget"": 9955}"
device_0,0.9375,1706,1.5,52.5,0.1,late,48,16,3,0.20144,0.9386428776611538,54,9946,1000,P2,0.049857577135707064,4985.757713570706,0.1,10000,12,2318,5854,0.9331,669,9331,0.0,0,0.0,"{""budget"": 9946}"
device_0,0.9375,1707,1.5,52.5,0.1,late,48,16,3,0.20073,0.9386652506542138,59,9941,1000,P2,0.04977484185529638,4977.484185529638,0.1,10000,11,2277,5696,0.9393,607,9393,0.0,0,0.0,"{""budget"": 9941}"
device_0,0.9375,1708,1.5,52.5,0.1,late,48,16,3,0.19042,0.9350336658268497,57,9943,1000,P2,0.04854600513051185,4854.600513051185,0.1,10000,12,2283,5754,0.9181,819,9181,0.0,0,0.0,"{""budget"": 9943}"
device_0,0.9375,1709,1.5,52.5,0.1,late,48,16,3,0.20214,0.9387695757970393,54,9946,1000,P2,0.04990996933050375,4990.9969330503745,0.1,10000,11,2373,5725,0.9445,555,9445,0.0,0,0.0,"{""budget"": 9946}"
device_0,0.9375,1710,1.5,52.5,0.1,late,48,16,3,0.20082,0.9338903427364145,58,9942,1000,P2,0.04973302242905642,4973.302242905642,0.1,10000,12,2265,5839,0.9318,682,9318,0.0,0,0.0,"{""budget"": 9942}"
device_0,0.975,1701,1.5,52.5,0.1,late,48,16,3,0.20012,0.9750727182312047,55,9945,1000,P2,0.049725180589686516,4972.5180589686515,0.1,10000,15,2341,5626,0.9353,647,9353,0.0,0,0.0,"{""budget"": 9945}"
device_0,0.975,1702,1.5,52.5,0.1,late,48,16,3,0.19762,0.9739220248349032,49,9951,1000,P2,0.0494397494968629,4943.9749496862905,0.1,10000,13,2296,5645,0.9301,699,9301,0.0,0,0.0,"{""budget"": 9951}"
device_0,0.975,1703,1.5,52.5,0.1,late,48,16,3,0.1984,0.975854682367182,65,9935,1000,P2,0.04947206914077824,4947.206914077824,0.1,10000,14,2260,5577,0.9335,665,9335,0.0,0,0.0,"{""budget"": 9935}"
device_0,0.975,1704,1.5,52.5,0.1,late,48,16,3,0.19634,0.9733501805342133,61,9939,1000,P2,0.04919076630359912,4919.076630359912,0.1,10000,14,2286,5642,0.9317,683,9317,0.0,0,0.0,"{""budget"": 9939}"
device_0,0.975,1705,1.5,52.5,0.1,late,48,16,3,0.19493,0.9747974986214312,63,9937,1000,P2,0.04900939901999376,4900.939901999376,0.1,10000,10,2292,5621,0.9279,721,9279,0.0,0,0.0,"{""budget"": 9937}"
device_0,0.975,1706,1.5,52.5,0.1,late,48,16,3,0.203,0.9742259419786155,52,9948,1000,P2,0.04996562606393034,4996.562606393034,0.1,10000,13,2329,5720,0.9362,638,9362,0.0,0,0.0,"{""budget"": 9948}"
device_0,0.975,1707,1.5,52.5,0.1,late,48,16,3,0.20266,0.9738223967562294,67,9933,1000,P2,0.05001819001224484,5001.819001224484,0.1,10000,12,2255,5697,0.9319,681,9319,0.0,0,0.0,"{""budget"": 9933}"
device_0,0.975,1708,1.5,52.5,0.1,late,48,16,3,0.19043,0.9746047948044175,78,9922,1000,P2,0.048467694490748475,4846.769449074847,0.1,10000,13,2305,5539,0.921,790,9210,0.0,0,0.0,"{""budget"": 9922}"
device_0,0.975,1709,1.5,52.5,0.1,late,48,16,3,0.19294,0.9749540477640206,58,9942,1000,P2,0.048745112743234,4874.5112743234,0.1,10000,11,2261,5569,0.9263,737,9263,0.0,0,0.0,"{""budget"": 9942}"
device_0,0.975,1710,1.5,52.5,0.1,late,48,16,3,0.19779,0.9774683509778551,61,9939,1000,P2,0.049397978278461104,4939.7978278461105,0.1,10000,14,2298,5531,0.9341,659,9341,0.0,0,0.0,"{""budget"": 9939}"
device_0,0.0,1701,1.5,52.5,0.15,drop,48,16,3,0.19936,-0.002661444942765865,62,14938,1000,P2,0.032632851682573655,3263.2851682573655,0.15,15000,5,1839,12700,1.0,0,15000,0.0,0,0.0,"{""budget"": 14938}"
device_0,0.0,1702,1.5,52.5,0.15,drop,48,16,3,0.20106,0.005830007599770396,56,14944,1000,P2,0.03285360001520439,3285.3600015204393,0.15,15000,6,1981,12523,1.0,0,15000,0.0,0,0.0,"{""budget"": 14944}"
device_0,0.0,1703,1.5,52.5,0.15,drop,48,16,3,0.19952,0.005656351965683195,63,14937,1000,P2,0.032686950292380196,3268.6950292380193,0.15,15000,5,1946,12546,1.0,0,15000,0.0,0,0.0,"{""budget"": 14937}"
device_0,0.0,1704,1.5,52.5,0.15,drop,48,16,3,0.20257,0.002457782015709934,56,14944,1000,P2,0.03303327345925295,3303.327345925295,0.15,15000,5,1938,12573,1.0,0,15000,0.0,0,0.0,"{""budget"": 14944}"
device_0,0.0,1705,1.5,52.5,0.15,drop,48,16,3,0.20104,-0.004155617772998724,68,14932,1000,P2,0.032826599398345646,3282.6599398345643,0.15,15000,6,1897,12629,1.0,0,15000,0.0,0,0.0,"{""budget"": 14932}"
device_0,0.0,1706,1.5,52.5,0.15,drop,48,16,3,0.20062,-0.0045443747273977144,62,14938,1000,P2,0.03273357666572087,3273.357666572087,0.15,15000,6,1866,12674,1.0,0,15000,0.0,0,0.0,"{""budget"": 14938}"
device_0,0.0,1707,1.5,52.5,0.15,drop,48,16,3,0.19896,0.001346027845602329,61,14939,1000,P2,0.03265073713704837,3265.0737137048372,0.15,15000,6,1854,12630,1.0,0,15000,0.0,0,0.0,"{""budget"": 14939}"
device_0,0.0,1708,1.5,52.5,0.15,drop,48,16,3,0.19922,-0.001372807149175493,53,14947,1000,P2,0.03262876313176564,3262.876313176564,0.15,15000,6,1864,12642,1.0,0,15000,0.0,0,0.0,"{""budget"": 14947}"
device_0,0.0,1709,1.5,52.5,0.15,drop,48,16,3,0.20001,0.005034822885721277,61,14939,1000,P2,0.032742974098430244,3274.2974098430245,0.15,15000,6,1921,12605,1.0,0,15000,0.0,0,0.0,"{""budget"": 14939}"
device_0,0.0,1710,1.5,52.5,0.15,drop,48,16,3,0.19848,0.0007247411049733544,65,14935,1000,P2,0.03254798170811733,3254.798170811733,0.15,15000,5,1892,12667,1.0,0,15000,0.0,0,0.0,"{""budget"": 14935}"
device_0,0.375,1701,1.5,52.5,0.15,drop,48,16,3,0.19773,0.37585282092426525,65,14935,1000,P2,0.032449529944561434,3244.952994456143,0.15,15000,11,3524,9237,1.0,0,15000,0.0,0,0.0,"{""budget"": 14935}"
device_0,0.375,1702,1.5,52.5,0.15,drop,48,16,3,0.20083,0.3763938072575695,59,14941,1000,P2,0.032816228839501665,3281.6228839501664,0.15,15000,11,3466,9280,1.0,0,15000,0.0,0,0.0,"{""budget"": 14941}"
device_0,0.375,1703,1.5,52.5,0.15,drop,48,16,3,0.19949,0.3708761472322628,72,14928,1000,P2,0.03272107926398889,3272.1079263988895,0.15,15000,12,3437,9321,1.0,0,15000,0.0,0,0.0,"{""budget"": 14928}"
device_0,0.375,1704,1.5,52.5,0.15,drop,48,16,3,0.19956,0.37083454970073176,64,14936,1000,P2,0.03267455970179099,3267.4559701790995,0.15,15000,10,3478,9274,1.0,0,15000,0.0,0,0.0,"{""budget"": 14936}"
device_0,0.375,1705,1.5,52.5,0.15,drop,48,16,3,0.1976,0.38054564128452917,44,14956,1000,P2,0.03243729934961377,3243.7299349613772,0.15,15000,12,3520,9213,1.0,0,15000,0.0,0,0.0,"{""budget"": 14956}"
device_0,0.375,1706,1.5,52.5,0.15,drop,48,16,3,0.19975,0.37847803043317246,60,14940,1000,P2,0.03276668690021978,3276.6686900219775,0.15,15000,9,3522,9260,1.0,0,15000,0.0,0,0.0,"{""budget"": 14940}"
device_0,0.375,1707,1.5,52.5,0.15,drop,48,16,3,0.19756,0.3714936166119789,63,14937,1000,P2,0.03245205188670322,3245.205188670322,0.15,15000,9,3476,9349,1.0,0,15000,0.0,0,0.0,"{""budget"": 14937}"
device_0,0.375,1708,1.5,52.5,0.15,drop,48,16,3,0.19968,0.3728274067949136,52,14948,1000,P2,0.03274560209377337,3274.560209377337,0.15,15000,10,3424,9330,1.0,0,15000,0.0,0,0.0,"{""budget"": 14948}"
device_0,0.375,1709,1.5,52.5,0.15,drop,48,16,3,0.20214,0.3789219763360735,72,14928,1000,P2,0.03295148103843125,3295.1481038431248,0.15,15000,10,3461,9266,1.0,0,15000,0.0,0,0.0,"{""budget"": 14928}"
device_0,0.375,1710,1.5,52.5,0.15,drop,48,16,3,0.19842,0.37511826036297974,71,14929,1000,P2,0.03248267940525011,3248.2679405250115,0.15,15000,8,3463,9274,1.0,0,15000,0.0,0,0.0,"{""budget"": 14929}"
device_0,0.75,1701,1.5,52.5,0.15,drop,48,16,3,0.20817,0.7556341521150168,77,14923,1000,P2,0.03372532660313283,3372.5326603132826,0.15,15000,18,3660,6199,1.0,0,15000,0.0,0,0.0,"{""budget"": 14923}"
device_0,0.75,1702,1.5,52.5,0.15,drop,48,16,3,0.20244,0.7487885933421545,67,14933,1000,P2,0.032981478192650356,3298.1478192650357,0.15,15000,15,3592,6076,1.0,0,15000,0.0,0,0.0,"{""budget"": 14933}"
device_0,0.75,1703,1.5,52.5,0.15,drop,48,16,3,0.20102,0.7470900970852136,65,14935,1000,P2,0.03284588941540915,3284.5889415409147,0.15,15000,17,3637,6035,1.0,0,15000,0.0,0,0.0,"{""budget"": 14935}"
device_0,0.75,1704,1.5,52.5,0.15,drop,48,16,3,0.19715,0.7479806369104111,71,14929,1000,P2,0.032361154319450754,3236.115431945075,0.15,15000,19,3504,5844,1.0,0,15000,0.0,0,0.0,"{""budget"": 14929}"
device_0,0.75,1705,1.5,52.5,0.15,drop,48,16,3,0.20494,0.7506431485678381,67,14933,1000,P2,0.033303350479189614,3330.335047918961,0.15,15000,23,3584,6118,1.0,0,15000,0.0,0,0.0,"{""budget"": 14933}"
device_0,0.75,1706,1.5,52.5,0.15,drop,48,16,3,0.20282,0.7537784223147826,49,14951,1000,P2,0.03300534723744673,3300.5347237446736,0.15,15000,17,3571,5993,1.0,0,15000,0.0,0,0.0,"{""budget"": 14951}"
device_0,0.75,1707,1.5,52.5,0.15,drop,48,16,3,0.20138,0.7431906944181493,64,14936,1000,P2,0.03295900867924979,3295.9008679249796,0.15,15000,19,3574,6064,1.0,0,15000,0.0,0,0.0,"{""budget"": 14936}"
device_0,0.75,1708,1.5,52.5,0.15,drop,48,16,3,0.20034,0.7475350990705809,53,14947,1000,P2,0.03267436422578564,3267.436422578564,0.15,15000,20,3570,6030,1.0,0,15000,0.0,0,0.0,"{""budget"": 14947}"
device_0,0.75,1709,1.5,52.5,0.15,drop,48,16,3,0.20613,0.7542776800152501,59,14941,1000,P2,0.03347729465207508,3347.729465207508,0.15,15000,19,3603,6149,1.0,0,15000,0.0,0,0.0,"{""budget"": 14941}"
device_0,0.75,1710,1.5,52.5,0.15,drop,48,16,3,0.20286,0.74728584709585,52,14948,1000,P2,0.033050728730654046,3305.0728730654046,0.15,15000,17,3609,6108,1.0,0,15000,0.0,0,0.0,"{""budget"": 14948}"
device_0,0.875,1701,1.5,52.5,0.15,drop,48,16,3,0.20249,0.8763990178082249,65,14935,1000,P2,0.03296111772532233,3296.111772532233,0.15,15000,19,3270,4941,1.0,0,15000,0.0,0,0.0,"{""budget"": 14935}"
device_0,0.875,1702,1.5,52.5,0.15,drop,48,16,3,0.19703,0.8759866636367837,57,14943,1000,P2,0.032386396654725175,3238.6396654725177,0.15,15000,23,3209,4670,1.0,0,15000,0.0,0,0.0,"{""budget"": 14943}"
device_0,0.875,1703,1.5,52.5,0.15,drop,48,16,3,0.20238,0.8773687974569232,60,14940,1000,P2,0.03298101458564851,3298.101458564851,0.15,15000,29,3248,4945,1.0,0,15000,0.0,0,0.0,"{""budget"": 14940}"
device_0,0.875,1704,1.5,52.5,0.15,drop,48,16,3,0.19663,0.8771256568671042,55,14945,1000,P2,0.032404893991842994,3240.489399184299,0.15,15000,24,3183,4608,1.0,0,15000,0.0,0,0.0,"{""budget"": 14945}"
device_0,0.875,1705,1.5,52.5,0.15,drop,48,16,3,0.20133,0.8756186617053834,58,14942,1000,P2,0.03287275964661518,3287.2759646615177,0.15,15000,20,3330,4924,1.0,0,15000,0.0,0,0.0,"{""budget"": 14942}"
device_0,0.875,1706,1.5,52.5,0.15,drop,48,16,3,0.19605,0.8731077294363513,72,14928,1000,P2,0.032181967878096664,3218.196787809666,0.15,15000,24,3159,4660,1.0,0,15000,0.0,0,0.0,"{""budget"": 14928}"
device_0,0.875,1707,1.5,52.5,0.15,drop,48,16,3,0.2,0.8774036452681541,66,14934,1000,P2,0.032735126474141854,3273.5126474141853,0.15,15000,23,3256,4784,1.0,0,15000,0.0,0,0.0,"{""budget"": 14934}"
device_0,0.875,1708,1.5,52.5,0.15,drop,48,16,3,0.20258,0.87442580026271,66,14934,1000,P2,0.03307482422006176,3307.4824220061764,0.15,15000,21,3312,4981,1.0,0,15000,0.0,0,0.0,"{""budget"": 14934}"
device_0,0.875,1709,1.5,52.5,0.15,drop,48,16,3,0.19831,0.8770598020870867,67,14933,1000,P2,0.03247787968442353,3247.7879684423533,0.15,15000,29,3198,4695,1.0,0,15000,0.0,0,0.0,"{""budget"": 14933}"
device_0,0.875,1710,1.5,52.5,0.15,drop,48,16,3,0.19668,0.8724656025657239,64,14936,1000,P2,0.03235809541749252,3235.8095417492523,0.15,15000,20,3233,4715,1.0,0,15000,0.0,0,0.0,"{""budget"": 14936}"
device_0,0.9375,1701,1.5,52.5,0.15,drop,48,16,3,0.20509,0.9402237906216514,47,14953,1000,P2,0.033364837976576564,3336.4837976576564,0.15,15000,21,3172,4503,1.0,0,15000,0.0,0,0.0,"{""budget"": 14953}"
device_0,0.9375,1702,1.5,52.5,0.15,drop,48,16,3,0.19366,0.9366016280001491,78,14922,1000,P2,0.032039775241932064,3203.9775241932066,0.15,15000,24,2880,3947,1.0,0,15000,0.0,0,0.0,"{""budget"": 14922}"
device_0,0.9375,1703,1.5,52.5,0.15,drop,48,16,3,0.19489,0.9369055048961522,53,14947,1000,P2,0.032138234275728275,3213.8234275728273,0.15,15000,24,2926,4011,1.0,0,15000,0.0,0,0.0,"{""budget"": 14947}"
device_0,0.9375,1704,1.5,52.5,0.15,drop,48,16,3,0.19999,0.9358099323716185,52,14948,1000,P2,0.03262429104688837,3262.429104688837,0.15,15000,29,3043,4293,1.0,0,15000,0.0,0,0.0,"{""budget"": 14948}"
device_0,0.9375,1705,1.5,52.5,0.15,drop,48,16,3,0.19063,0.9374553760710133,45,14955,1000,P2,0.03158441909730523,3158.441909730523,0.15,15000,38,2774,3787,1.0,0,15000,0.0,0,0.0,"{""budget"": 14955}"
device_0,0.9375,1706,1.5,52.5,0.15,drop,48,16,3,0.20144,0.9386428776611538,54,14946,1000,P2,0.03290394870543643,3290.394870543643,0.15,15000,27,3075,4359,1.0,0,15000,0.0,0,0.0,"{""budget"": 14946}"
device_0,0.9375,1707,1.5,52.5,0.15,drop,48,16,3,0.20073,0.9386652506542138,59,14941,1000,P2,0.032813857635012274,3281.3857635012273,0.15,15000,29,3042,4282,1.0,0,15000,0.0,0,0.0,"{""budget"": 14941}"
device_0,0.9375,1708,1.5,52.5,0.15,drop,48,16,3,0.19042,0.9350336658268497,57,14943,1000,P2,0.0316132035220061,3161.3203522006097,0.15,15000,49,2809,3756,1.0,0,15000,0.0,0,0.0,"{""budget"": 14943}"
device_0,0.9375,1709,1.5,52.5,0.15,drop,48,16,3,0.20214,0.9387695757970393,54,14946,1000,P2,0.032967390522464904,3296.7390522464902,0.15,15000,23,3091,4364,1.0,0,15000,0.0,0,0.0,"{""budget"": 14946}"
device_0,0.9375,1710,1.5,52.5,0.15,drop,48,16,3,0.20082,0.9338903427364145,58,14942,1000,P2,0.03279312169852222,3279.312169852222,0.15,15000,22,3093,4389,1.0,0,15000,0.0,0,0.0,"{""budget"": 14942}"
device_0,0.975,1701,1.5,52.5,0.15,drop,48,16,3,0.20012,0.9750727182312047,55,14945,1000,P2,0.032804897391439033,3280.4897391439035,0.15,15000,36,2894,3974,1.0,0,15000,0.0,0,0.0,"{""budget"": 14945}"
device_0,0.975,1702,1.5,52.5,0.15,drop,48,16,3,0.19762,0.9739220248349032,49,14951,1000,P2,0.03249187073856989,3249.187073856989,0.15,15000,30,2852,3825,1.0,0,15000,0.0,0,0.0,"{""budget"": 14951}"
device_0,0.975,1703,1.5,52.5,0.15,drop,48,16,3,0.1984,0.975854682367182,65,14935,1000,P2,0.03253554452672877,3253.5544526728772,0.15,15000,25,2868,3884,1.0,0,15000,0.0,0,0.0,"{""budget"": 14935}"
device_0,0.975,1704,1.5,52.5,0.15,drop,48,16,3,0.19634,0.9733501805342133,61,14939,1000,P2,0.032250780866202755,3225.078086620276,0.15,15000,40,2811,3746,1.0,0,15000,0.0,0,0.0,"{""budget"": 14939}"
device_0,0.975,1705,1.5,52.5,0.15,drop,48,16,3,0.19493,0.9747974986214312,63,14937,1000,P2,0.03208305017348321,3208.3050173483207,0.15,15000,30,2732,3635,1.0,0,15000,0.0,0,0.0,"{""budget"": 14937}"
device_0,0.975,1706,1.5,52.5,0.15,drop,48,16,3,0.203,0.9742259419786155,52,14948,1000,P2,0.03304750681331482,3304.750681331482,0.15,15000,28,2950,4134,1.0,0,15000,0.0,0,0.0,"{""budget"": 14948}"
device_0,0.975,1707,1.5,52.5,0.15,drop,48,16,3,0.20266,0.9738223967562294,67,14933,1000,P2,0.03307954107521904,3307.954107521904,0.15,15000,29,2893,4080,1.0,0,15000,0.0,0,0.0,"{""budget"": 14933}"
device_0,0.975,1708,1.5,52.5,0.15,drop,48,16,3,0.19043,0.9746047948044175,78,14922,1000,P2,0.031558681724665597,3155.8681724665594,0.15,15000,34,2608,3363,1.0,0,15000,0.0,0,0.0,"{""budget"": 14922}"
device_0,0.975,1709,1.5,52.5,0.15,drop,48,16,3,0.19294,0.9749540477640206,58,14942,1000,P2,0.03184889830970945,3184.8898309709452,0.15,15000,27,2684,3518,1.0,0,15000,0.0,0,0.0,"{""budget"": 14942}"
device_0,0.975,1710,1.5,52.5,0.15,drop,48,16,3,0.19779,0.9774683509778551,61,14939,1000,P2,0.03245871774288436,3245.871774288436,0.15,15000,33,2806,3761,1.0,0,15000,0.0,0,0.0,"{""budget"": 14939}"
device_0,0.0,1701,1.5,52.5,0.15,late,48,16,3,0.19936,-0.002661444942765865,62,14938,1000,P2,0.04629691752228833,4629.691752228833,0.15,15000,5,1940,12588,0.9107333333333333,1339,13661,0.0,0,0.0,"{""budget"": 14938}"
device_0,0.0,1702,1.5,52.5,0.15,late,48,16,3,0.20106,0.005830007599770396,56,14944,1000,P2,0.04651879594727115,4651.879594727116,0.15,15000,7,1899,12585,0.9114,1329,13671,0.0,0,0.0,"{""budget"": 14944}"
device_0,0.0,1703,1.5,52.5,0.15,late,48,16,3,0.19952,0.005656351965683195,63,14937,1000,P2,0.046364027422555534,4636.402742255554,0.15,15000,6,1881,12621,0.9112,1332,13668,0.0,0,0.0,"{""budget"": 14937}"
device_0,0.0,1704,1.5,52.5,0.15,late,48,16,3,0.20257,0.002457782015709934,56,14944,1000,P2,0.04668221919611626,4668.221919611626,0.15,15000,6,1894,12593,0.9103333333333333,1345,13655,0.0,0,0.0,"{""budget"": 14944}"
device_0,0.0,1705,1.5,52.5,0.15,late,48,16,3,0.20104,-0.004155617772998724,68,14932,1000,P2,0.04649113899323136,4649.113899323136,0.15,15000,7,1913,12619,0.9098,1353,13647,0.0,0,0.0,"{""budget"": 14932}"
device_0,0.0,1706,1.5,52.5,0.15,late,48,16,3,0.20062,-0.0045443747273977144,62,14938,1000,P2,0.04641670496633887,4641.6704966338875,0.15,15000,6,1877,12665,0.9139333333333334,1291,13709,0.0,0,0.0,"{""budget"": 14938}"
device_0,0.0,1707,1.5,52.5,0.15,late,48,16,3,0.19896,0.001346027845602329,61,14939,1000,P2,0.04628413325290143,4628.413325290143,0.15,15000,7,1893,12611,0.9086666666666666,1370,13630,0.0,0,0.0,"{""budget"": 14939}"
device_0,0.0,1708,1.5,52.5,0.15,late,48,16,3,0.19922,-0.001372807149175493,53,14947,1000,P2,0.04631514223633797,4631.514223633797,0.15,15000,5,1864,12660,0.9097333333333333,1354,13646,0.0,0,0.0,"{""budget"": 14947}"
device_0,0.0,1709,1.5,52.5,0.15,late,48,16,3,0.20001,0.005034822885721277,61,14939,1000,P2,0.046398883653212285,4639.888365321229,0.15,15000,6,1865,12606,0.9066,1401,13599,0.0,0,0.0,"{""budget"": 14939}"
device_0,0.0,1710,1.5,52.5,0.15,late,48,16,3,0.19848,0.0007247411049733544,65,14935,1000,P2,0.04619158361675151,4619.158361675151,0.15,15000,7,1939,12610,0.9086,1371,13629,0.0,0,0.0,"{""budget"": 14935}"
device_0,0.375,1701,1.5,52.5,0.15,late,48,16,3,0.19773,0.37585282092426525,65,14935,1000,P2,0.04610558745308789,4610.558745308789,0.15,15000,9,3231,9956,0.9096666666666666,1355,13645,0.0,0,0.0,"{""budget"": 14935}"
device_0,0.375,1702,1.5,52.5,0.15,late,48,16,3,0.20083,0.3763938072575695,59,14941,1000,P2,0.04646688371211338,4646.688371211339,0.15,15000,10,3220,9994,0.9140666666666667,1289,13711,0.0,0,0.0,"{""budget"": 14941}"
device_0,0.375,1703,1.5,52.5,0.15,late,48,16,3,0.19949,0.3708761472322628,72,14928,1000,P2,0.04640288347180418,4640.288347180418,0.15,15000,8,3198,10023,0.9080666666666667,1379,13621,0.0,0,0.0,"{""budget"": 14928}"
device_0,0.375,1704,1.5,52.5,0.15,late,48,16,3,0.19956,0.37083454970073176,64,14936,1000,P2,0.046327785602869584,4632.778560286958,0.15,15000,9,3165,10025,0.9109333333333334,1336,13664,0.0,0,0.0,"{""budget"": 14936}"
device_0,0.375,1705,1.5,52.5,0.15,late,48,16,3,0.1976,0.38054564128452917,44,14956,1000,P2,0.04613295528556817,4613.295528556817,0.15,15000,8,3248,9934,0.9095333333333333,1357,13643,0.0,0,0.0,"{""budget"": 14956}"
device_0,0.375,1706,1.5,52.5,0.15,late,48,16,3,0.19975,0.37847803043317246,60,14940,1000,P2,0.046422505647716814,4642.250564771682,0.15,15000,10,3147,9988,0.9056,1416,13584,0.0,0,0.0,"{""budget"": 14940}"
device_0,0.375,1707,1.5,52.5,0.15,late,48,16,3,0.19756,0.3714936166119789,63,14937,1000,P2,0.04610696524607919,4610.696524607919,0.15,15000,13,3238,9943,0.9101333333333333,1348,13652,0.0,0,0.0,"{""budget"": 14937}"
device_0,0.375,1708,1.5,52.5,0.15,late,48,16,3,0.19968,0.3728274067949136,52,14948,1000,P2,0.046370094282960475,4637.009428296047,0.15,15000,10,3194,10016,0.9063333333333333,1405,13595,0.0,0,0.0,"{""budget"": 14948}"
device_0,0.375,1709,1.5,52.5,0.15,late,48,16,3,0.20214,0.3789219763360735,72,14928,1000,P2,0.04666429117734295,4666.429117734295,0.15,15000,10,3200,9971,0.9129333333333334,1306,13694,0.0,0,0.0,"{""budget"": 14928}"
device_0,0.375,1710,1.5,52.5,0.15,late,48,16,3,0.19842,0.37511826036297974,71,14929,1000,P2,0.04618669907160702,4618.669907160702,0.15,15000,9,3192,9937,0.9135333333333333,1297,13703,0.0,0,0.0,"{""budget"": 14929}"
device_0,0.75,1701,1.5,52.5,0.15,late,48,16,3,0.20817,0.7556341521150168,77,14923,1000,P2,0.04735323893417976,4735.323893417976,0.15,15000,14,3448,7622,0.9133333333333333,1300,13700,0.0,0,0.0,"{""budget"": 14923}"
device_0,0.75,1702,1.5,52.5,0.15,late,48,16,3,0.20244,0.7487885933421545,67,14933,1000,P2,0.04667589053477371,4667.589053477371,0.15,15000,15,3404,7457,0.9102666666666667,1346,13654,0.0,0,0.0,"{""budget"": 14933}"
device_0,0.75,1703,1.5,52.5,0.15,late,48,16,3,0.20102,0.7470900970852136,65,14935,1000,P2,0.04652538971243273,4652.538971243273,0.15,15000,14,3367,7391,0.9102,1347,13653,0.0,0,0.0,"{""budget"": 14935}"
device_0,0.75,1704,1.5,52.5,0.15,late,48,16,3,0.19715,0.7479806369104111,71,14929,1000,P2,0.0460395905857133,4603.95905857133,0.15,15000,20,3439,7319,0.9099333333333334,1351,13649,0.0,0,0.0,"{""budget"": 14929}"
device_0,0.75,1705,1.5,52.5,0.15,late,48,16,3,0.20494,0.7506431485678381,67,14933,1000,P2,0.04699031408456591,4699.031408456591,0.15,15000,14,3456,7450,0.9145333333333333,1282,13718,0.0,0,0.0,"{""budget"": 14933}"
device_0,0.75,1706,1.5,52.5,0.15,late,48,16,3,0.20282,0.7537784223147826,49,14951,1000,P2,0.046604138014355194,4660.413801435519,0.15,15000,15,3450,7331,0.9140666666666667,1289,13711,0.0,0,0.0,"{""budget"": 14951}"
device_0,0.75,1707,1.5,52.5,0.15,late,48,16,3,0.20138,0.7431906944181493,64,14936,1000,P2,0.04665884082005221,4665.884082005221,0.15,15000,15,3461,7428,0.9099333333333334,1351,13649,0.0,0,0.0,"{""budget"": 14936}"
device_0,0.75,1708,1.5,52.5,0.15,late,48,16,3,0.20034,0.7475350990705809,53,14947,1000,P2,0.04629314909980565,4629.314909980565,0.15,15000,14,3405,7360,0.9114,1329,13671,0.0,0,0.0,"{""budget"": 14947}"
device_0,0.75,1709,1.5,52.5,0.15,late,48,16,3,0.20613,0.7542776800152501,59,14941,1000,P2,0.047109677793652334,4710.967779365234,0.15,15000,16,3495,7510,0.9119333333333334,1321,13679,0.0,0,0.0,"{""budget"": 14941}"
device_0,0.75,1710,1.5,52.5,0.15,late,48,16,3,0.20286,0.74728584709585,52,14948,1000,P2,0.04672649930041645,4672.649930041645,0.15,15000,14,3414,7537,0.9102,1347,13653,0.0,0,0.0,"{""budget"": 14948}"
device_0,0.875,1701,1.5,52.5,0.15,late,48,16,3,0.20249,0.8763990178082249,65,14935,1000,P2,0.04663218235522576,4663.218235522576,0.15,15000,18,3246,6526,0.9123333333333333,1315,13685,0.0,0,0.0,"{""budget"": 14935}"
device_0,0.875,1702,1.5,52.5,0.15,late,48,16,3,0.19703,0.8759866636367837,57,14943,1000,P2,0.04602696448208493,4602.696448208493,0.15,15000,19,3190,6350,0.9081333333333333,1378,13622,0.0,0,0.0,"{""budget"": 14943}"
device_0,0.875,1703,1.5,52.5,0.15,late,48,16,3,0.20238,0.8773687974569232,60,14940,1000,P2,0.046652853536777894,4665.285353677789,0.15,15000,21,3251,6577,0.9120666666666667,1319,13681,0.0,0,0.0,"{""budget"": 14940}"
device_0,0.875,1704,1.5,52.5,0.15,late,48,16,3,0.19663,0.8771256568671042,55,14945,1000,P2,0.04605382350495826,4605.382350495826,0.15,15000,18,3146,6342,0.9072,1392,13608,0.0,0,0.0,"{""budget"": 14945}"
device_0,0.875,1705,1.5,52.5,0.15,late,48,16,3,0.20133,0.8756186617053834,58,14942,1000,P2,0.04651528829440264,4651.528829440264,0.15,15000,19,3273,6480,0.9132,1302,13698,0.0,0,0.0,"{""budget"": 14942}"
device_0,0.875,1706,1.5,52.5,0.15,late,48,16,3,0.19605,0.8731077294363513,72,14928,1000,P2,0.045897541678494656,4589.754167849465,0.15,15000,25,3174,6302,0.9123333333333333,1315,13685,0.0,0,0.0,"{""budget"": 14928}"
device_0,0.875,1707,1.5,52.5,0.15,late,48,16,3,0.2,0.8774036452681541,66,14934,1000,P2,0.046415885256434315,4641.588525643431,0.15,15000,23,3236,6529,0.9078666666666667,1382,13618,0.0,0,0.0,"{""budget"": 14934}"
device_0,0.875,1708,1.5,52.5,0.15,late,48,16,3,0.20258,0.87442580026271,66,14934,1000,P2,0.04677131487218445,4677.131487218445,0.15,15000,20,3333,6623,0.9082666666666667,1376,13624,0.0,0,0.0,"{""budget"": 14934}"
device_0,0.875,1709,1.5,52.5,0.15,late,48,16,3,0.19831,0.8770598020870867,67,14933,1000,P2,0.04611527174275723,4611.527174275723,0.15,15000,17,3269,6341,0.9116666666666666,1325,13675,0.0,0,0.0,"{""budget"": 14933}"
device_0,0.875,1710,1.5,52.5,0.15,late,48,16,3,0.19668,0.8724656025657239,64,14936,1000,P2,0.04604194761283686,4604.194761283686,0.15,15000,23,3131,6409,0.9078666666666667,1382,13618,0.0,0,0.0,"{""budget"": 14936}"
device_0,0.9375,1701,1.5,52.5,0.15,late,48,16,3,0.20509,0.9402237906216514,47,14953,1000,P2,0.04701505835257882,4701.505835257882,0.15,15000,18,3162,6215,0.911,1335,13665,0.0,0,0.0,"{""budget"": 14953}"
device_0,0.9375,1702,1.5,52.5,0.15,late,48,16,3,0.19366,0.9366016280001491,78,14922,1000,P2,0.04576082636754992,4576.082636754992,0.15,15000,24,3027,5844,0.9069333333333334,1396,13604,0.0,0,0.0,"{""budget"": 14922}"
device_0,0.9375,1703,1.5,52.5,0.15,late,48,16,3,0.19489,0.9369055048961522,53,14947,1000,P2,0.04581524947263591,4581.5249472635915,0.15,15000,23,3081,5887,0.9096,1356,13644,0.0,0,0.0,"{""budget"": 14947}"
device_0,0.9375,1704,1.5,52.5,0.15,late,48,16,3,0.19999,0.9358099323716185,52,14948,1000,P2,0.04630448744156958,4630.448744156958,0.15,15000,26,3080,6013,0.9128666666666667,1307,13693,0.0,0,0.0,"{""budget"": 14948}"
device_0,0.9375,1705,1.5,52.5,0.15,late,48,16,3,0.19063,0.9374553760710133,45,14955,1000,P2,0.04531297995527701,4531.297995527701,0.15,15000,26,2965,5563,0.9119333333333334,1321,13679,0.0,0,0.0,"{""budget"": 14955}"
device_0,0.9375,1706,1.5,52.5,0.15,late,48,16,3,0.20144,0.9386428776611538,54,14946,1000,P2,0.04656433309870621,4656.433309870621,0.15,15000,20,3140,6163,0.9088,1368,13632,0.0,0,0.0,"{""budget"": 14946}"
device_0,0.9375,1707,1.5,52.5,0.15,late,48,16,3,0.20073,0.9386652506542138,59,14941,1000,P2,0.046481825463385924,4648.182546338592,0.15,15000,21,3107,6012,0.9080666666666667,1379,13621,0.0,0,0.0,"{""budget"": 14941}"
device_0,0.9375,1708,1.5,52.5,0.15,late,48,16,3,0.19042,0.9350336658268497,57,14943,1000,P2,0.04530500604125302,4530.500604125302,0.15,15000,22,2964,5664,0.9068,1398,13602,0.0,0,0.0,"{""budget"": 14943}"
device_0,0.9375,1709,1.5,52.5,0.15,late,48,16,3,0.20214,0.9387695757970393,54,14946,1000,P2,0.04661592982974483,4661.592982974483,0.15,15000,22,3184,6093,0.9105333333333333,1342,13658,0.0,0,0.0,"{""budget"": 14946}"
device_0,0.9375,1710,1.5,52.5,0.15,late,48,16,3,0.20082,0.9338903427364145,58,14942,1000,P2,0.046447392142616666,4644.739214261666,0.15,15000,29,3088,6114,0.9079333333333334,1381,13619,0.0,0,0.0,"{""budget"": 14942}"
device_0,0.975,1701,1.5,52.5,0.15,late,48,16,3,0.20012,0.9750727182312047,55,14945,1000,P2,0.04644025462133555,4644.025462133555,0.15,15000,27,2988,5796,0.9086,1371,13629,0.0,0,0.0,"{""budget"": 14945}"
device_0,0.975,1702,1.5,52.5,0.15,late,48,16,3,0.19762,0.9739220248349032,49,14951,1000,P2,0.046170763411464595,4617.0763411464595,0.15,15000,23,2962,5704,0.9068,1398,13602,0.0,0,0.0,"{""budget"": 14951}"
device_0,0.975,1703,1.5,52.5,0.15,late,48,16,3,0.1984,0.975854682367182,65,14935,1000,P2,0.04619620886436543,4619.620886436543,0.15,15000,21,2970,5681,0.9104,1344,13656,0.0,0,0.0,"{""budget"": 14935}"
device_0,0.975,1704,1.5,52.5,0.15,late,48,16,3,0.19634,0.9733501805342133,61,14939,1000,P2,0.045932848229374046,4593.284822937405,0.15,15000,23,2925,5588,0.9134666666666666,1298,13702,0.0,0,0.0,"{""budget"": 14939}"
device_0,0.975,1705,1.5,52.5,0.15,late,48,16,3,0.19493,0.9747974986214312,63,14937,1000,P2,0.045750794186100355,4575.079418610036,0.15,15000,29,2930,5464,0.911,1335,13665,0.0,0,0.0,"{""budget"": 14937}"
device_0,0.975,1706,1.5,52.5,0.15,late,48,16,3,0.203,0.9742259419786155,52,14948,1000,P2,0.04668215364599926,4668.215364599926,0.15,15000,44,3062,5903,0.911,1335,13665,0.0,0,0.0,"{""budget"": 14948}"
device_0,0.975,1707,1.5,52.5,0.15,late,48,16,3,0.20266,0.9738223967562294,67,14933,1000,P2,0.046730774039902515,4673.077403990252,0.15,15000,23,3032,5957,0.9060666666666667,1409,13591,0.0,0,0.0,"{""budget"": 14933}"
device_0,0.975,1708,1.5,52.5,0.15,late,48,16,3,0.19043,0.9746047948044175,78,14922,1000,P2,0.045237786242672426,4523.778624267243,0.15,15000,25,2870,5285,0.911,1335,13665,0.0,0,0.0,"{""budget"": 14922}"
device_0,0.975,1709,1.5,52.5,0.15,late,48,16,3,0.19294,0.9749540477640206,58,14942,1000,P2,0.04549621168968682,4549.6211689686825,0.15,15000,23,2939,5403,0.9140666666666667,1289,13711,0.0,0,0.0,"{""budget"": 14942}"
device_0,0.975,1710,1.5,52.5,0.15,late,48,16,3,0.19779,0.9774683509778551,61,14939,1000,P2,0.046124013363859594,4612.401336385959,0.15,15000,19,2971,5638,0.9103333333333333,1345,13655,0.0,0,0.0,"{""budget"": 14939}"
device_0,0.0,1701,2.0,70.0,0.01,drop,48,16,3,0.19936,-0.002661444942765865,0,1000,1000,P2,0.049538165106012555,4953.816510601256,0.01,1000,2,12,982,1.0,0,1000,0.0,0,0.0,"{""budget"": 1000}"
device_0,0.0,1702,2.0,70.0,0.01,drop,48,16,3,0.20106,0.005830007599770396,0,1000,1000,P2,0.049809343970766695,4980.9343970766695,0.01,1000,2,7,985,1.0,0,1000,0.0,0,0.0,"{""budget"": 1000}"
device_0,0.0,1703,2.0,70.0,0.01,drop,48,16,3,0.19952,0.005656351965683195,0,1000,1000,P2,0.049728062504889814,4972.806250488981,0.01,1000,2,8,983,1.0,0,1000,0.0,0,0.0,"{""budget"": 1000}"
device_0,0.0,1704,2.0,70.0,0.01,drop,48,16,3,0.20257,0.002457782015709934,0,1000,1000,P2,0.04994654214065882,4994.654214065882,0.01,1000,2,10,980,1.0,0,1000,0.0,0,0.0,"{""budget"": 1000}"
device_0,0.0,1705,2.0,70.0,0.01,drop,48,16,3,0.20104,-0.004155617772998724,0,1000,1000,P2,0.04974219580339005,4974.219580339005,0.01,1000,2,15,980,1.0,0,1000,0.0,0,0.0,"{""budget"": 1000}"
device_0,0.0,1706,2.0,70.0,0.01,drop,48,16,3,0.20062,-0.0045443747273977144,0,1000,1000,P2,0.049684122811093086,4968.412281109308,0.01,1000,2,4,989,1.0,0,1000,0.0,0,0.0,"{""budget"": 1000}"
device_0,0.0,1707,2.0,70.0,0.01,drop,48,16,3,0.19896,0.001346027845602329,0,1000,1000,P2,0.049553737207574576,4955.373720757458,0.01,1000,2,14,981,1.0,0,1000,0.0,0,0.0,"{""budget"": 1000}"
device_0,0.0,1708,2.0,70.0,0.01,drop,48,16,3,0.19922,-0.001372807149175493,0,1000,1000,P2,0.04964446515035458,4964.446515035458,0.01,1000,2,5,985,1.0,0,1000,0.0,0,0.0,"{""budget"": 1000}"
device_0,0.0,1709,2.0,70.0,0.01,drop,48,16,3,0.20001,0.005034822885721277,0,1000,1000,P2,0.04964341934781703,4964.3419347817035,0.01,1000,2,10,976,1.0,0,1000,0.0,0,0.0,"{""budget"": 1000}"
device_0,0.0,1710,2.0,70.0,0.01,drop,48,16,3,0.19848,0.0007247411049733544,0,1000,1000,P2,0.049479377142937465,4947.9377142937465,0.01,1000,2,7,988,1.0,0,1000,0.0,0,0.0,"{""budget"": 1000}"
device_0,0.375,1701,2.0,70.0,0.01,drop,48,16,3,0.19773,0.37585282092426525,0,1000,1000,P2,0.04941994506653582,4941.994506653582,0.01,1000,2,28,960,1.0,0,1000,0.0,0,0.0,"{""budget"": 1000}"
device_0,0.375,1702,2.0,70.0,0.01,drop,48,16,3,0.20083,0.3763938072575695,0,1000,1000,P2,0.04975334108638886,4975.334108638886,0.01,1000,2,23,968,1.0,0,1000,0.0,0,0.0,"{""budget"": 1000}"
device_0,0.375,1703,2.0,70.0,0.01,drop,48,16,3,0.19949,0.3708761472322628,0,1000,1000,P2,0.04974287432295415,4974.287432295415,0.01,1000,2,29,959,1.0,0,1000,0.0,0,0.0,"{""budget"": 1000}"
device_0,0.375,1704,2.0,70.0,0.01,drop,48,16,3,0.19956,0.37083454970073176,0,1000,1000,P2,0.04967072228775752,4967.072228775752,0.01,1000,3,26,960,1.0,0,1000,0.0,0,0.0,"{""budget"": 1000}"
device_0,0.375,1705,2.0,70.0,0.01,drop,48,16,3,0.1976,0.38054564128452917,0,1000,1000,P2,0.049494750132601094,4949.475013260109,0.01,1000,2,26,962,1.0,0,1000,0.0,0,0.0,"{""budget"": 1000}"
device_0,0.375,1706,2.0,70.0,0.01,drop,48,16,3,0.19975,0.37847803043317246,0,1000,1000,P2,0.04963711291189411,4963.711291189411,0.01,1000,2,20,968,1.0,0,1000,0.0,0,0.0,"{""budget"": 1000}"
device_0,0.375,1707,2.0,70.0,0.01,drop,48,16,3,0.19756,0.3714936166119789,0,1000,1000,P2,0.049491657024232145,4949.1657024232145,0.01,1000,2,24,966,1.0,0,1000,0.0,0,0.0,"{""budget"": 1000}"
device_0,0.375,1708,2.0,70.0,0.01,drop,48,16,3,0.19968,0.3728274067949136,0,1000,1000,P2,0.0497006591694264,4970.06591694264,0.01,1000,3,24,965,1.0,0,1000,0.0,0,0.0,"{""budget"": 1000}"
device_0,0.375,1709,2.0,70.0,0.01,drop,48,16,3,0.20214,0.3789219763360735,0,1000,1000,P2,0.04997812994020243,4997.812994020243,0.01,1000,3,28,959,1.0,0,1000,0.0,0,0.0,"{""budget"": 1000}"
device_0,0.375,1710,2.0,70.0,0.01,drop,48,16,3,0.19842,0.37511826036297974,0,1000,1000,P2,0.04953471843503547,4953.4718435035475,0.01,1000,3,21,971,1.0,0,1000,0.0,0,0.0,"{""budget"": 1000}"
device_0,0.75,1701,2.0,70.0,0.01,drop,48,16,3,0.20817,0.7556341521150168,0,1000,1000,P2,0.050535876645200276,5053.587664520028,0.01,1000,3,42,948,1.0,0,1000,0.0,0,0.0,"{""budget"": 1000}"
device_0,0.75,1702,2.0,70.0,0.01,drop,48,16,3,0.20244,0.7487885933421545,0,1000,1000,P2,0.04991718553885685,4991.718553885685,0.01,1000,3,39,952,1.0,0,1000,0.0,0,0.0,"{""budget"": 1000}"
device_0,0.75,1703,2.0,70.0,0.01,drop,48,16,3,0.20102,0.7470900970852136,0,1000,1000,P2,0.04978795162501918,4978.795162501918,0.01,1000,2,47,947,1.0,0,1000,0.0,0,0.0,"{""budget"": 1000}"
device_0,0.75,1704,2.0,70.0,0.01,drop,48,16,3,0.19715,0.7479806369104111,0,1000,1000,P2,0.04935159836744631,4935.159836744631,0.01,1000,3,34,953,1.0,0,1000,0.0,0,0.0,"{""budget"": 1000}"
device_0,0.75,1705,2.0,70.0,0.01,drop,48,16,3,0.20494,0.7506431485678381,0,1000,1000,P2,0.05027292272167926,5027.292272167926,0.01,1000,2,28,963,1.0,0,1000,0.0,0,0.0,"{""budget"": 1000}"
device_0,0.75,1706,2.0,70.0,0.01,drop,48,16,3,0.20282,0.7537784223147826,0,1000,1000,P2,0.04985133052292021,4985.133052292022,0.01,1000,3,31,958,1.0,0,1000,0.0,0,0.0,"{""budget"": 1000}"
device_0,0.75,1707,2.0,70.0,0.01,drop,48,16,3,0.20138,0.7431906944181493,0,1000,1000,P2,0.049948342517695546,4994.834251769555,0.01,1000,3,47,942,1.0,0,1000,0.0,0,0.0,"{""budget"": 1000}"
device_0,0.75,1708,2.0,70.0,0.01,drop,48,16,3,0.20034,0.7475350990705809,0,1000,1000,P2,0.04957292746521083,4957.292746521083,0.01,1000,3,43,941,1.0,0,1000,0.0,0,0.0,"{""budget"": 1000}"
device_0,0.75,1709,2.0,70.0,0.01,drop,48,16,3,0.20613,0.7542776800152501,0,1000,1000,P2,0.05033434640586264,5033.434640586263,0.01,1000,3,36,949,1.0,0,1000,0.0,0,0.0,"{""budget"": 1000}"
device_0,0.75,1710,2.0,70.0,0.01,drop,48,16,3,0.20286,0.74728584709585,0,1000,1000,P2,0.04992506278778003,4992.5062787780025,0.01,1000,3,26,962,1.0,0,1000,0.0,0,0.0,"{""budget"": 1000}"
device_0,0.875,1701,2.0,70.0,0.01,drop,48,16,3,0.20249,0.8763990178082249,0,1000,1000,P2,0.049898714262694537,4989.871426269454,0.01,1000,3,40,949,1.0,0,1000,0.0,0,0.0,"{""budget"": 1000}"
device_0,0.875,1702,2.0,70.0,0.01,drop,48,16,3,0.19703,0.8759866636367837,0,1000,1000,P2,0.04935375965972214,4935.3759659722145,0.01,1000,2,39,954,1.0,0,1000,0.0,0,0.0,"{""budget"": 1000}"
device_0,0.875,1703,2.0,70.0,0.01,drop,48,16,3,0.20238,0.8773687974569232,0,1000,1000,P2,0.049898222282208464,4989.822228220846,0.01,1000,3,38,954,1.0,0,1000,0.0,0,0.0,"{""budget"": 1000}"
device_0,0.875,1704,2.0,70.0,0.01,drop,48,16,3,0.19663,0.8771256568671042,0,1000,1000,P2,0.04939388839661729,4939.388839661729,0.01,1000,2,41,954,1.0,0,1000,0.0,0,0.0,"{""budget"": 1000}"
device_0,0.875,1705,2.0,70.0,0.01,drop,48,16,3,0.20133,0.8756186617053834,0,1000,1000,P2,0.04977693510257154,4977.693510257154,0.01,1000,3,42,951,1.0,0,1000,0.0,0,0.0,"{""budget"": 1000}"
device_0,0.875,1706,2.0,70.0,0.01,drop,48,16,3,0.19605,0.8731077294363513,0,1000,1000,P2,0.04927759850950202,4927.759850950202,0.01,1000,3,37,947,1.0,0,1000,0.0,0,0.0,"{""budget"": 1000}"
device_0,0.875,1707,2.0,70.0,0.01,drop,48,16,3,0.2,0.8774036452681541,0,1000,1000,P2,0.04967525503650519,4967.525503650519,0.01,1000,4,43,942,1.0,0,1000,0.0,0,0.0,"{""budget"": 1000}"
device_0,0.875,1708,2.0,70.0,0.01,drop,48,16,3,0.20258,0.87442580026271,0,1000,1000,P2,0.049950497715611344,4995.049771561135,0.01,1000,3,45,947,1.0,0,1000,0.0,0,0.0,"{""budget"": 1000}"
device_0,0.875,1709,2.0,70.0,0.01,drop,48,16,3,0.19831,0.8770598020870867,0,1000,1000,P2,0.049407976157893954,4940.797615789395,0.01,1000,4,34,955,1.0,0,1000,0.0,0,0.0,"{""budget"": 1000}"
device_0,0.875,1710,2.0,70.0,0.01,drop,48,16,3,0.19668,0.8724656025657239,0,1000,1000,P2,0.04936258079597785,4936.258079597785,0.01,1000,3,51,941,1.0,0,1000,0.0,0,0.0,"{""budget"": 1000}"
device_0,0.9375,1701,2.0,70.0,0.01,drop,48,16,3,0.20509,0.9402237906216514,0,1000,1000,P2,0.050314895083865975,5031.489508386598,0.01,1000,3,46,931,1.0,0,1000,0.0,0,0.0,"{""budget"": 1000}"
device_0,0.9375,1702,2.0,70.0,0.01,drop,48,16,3,0.19366,0.9366016280001491,0,1000,1000,P2,0.049154311365085995,4915.4311365086,0.01,1000,3,42,947,1.0,0,1000,0.0,0,0.0,"{""budget"": 1000}"
device_0,0.9375,1703,2.0,70.0,0.01,drop,48,16,3,0.19489,0.9369055048961522,0,1000,1000,P2,0.049186130727270884,4918.613072727088,0.01,1000,3,44,946,1.0,0,1000,0.0,0,0.0,"{""budget"": 1000}"
device_0,0.9375,1704,2.0,70.0,0.01,drop,48,16,3,0.19999,0.9358099323716185,0,1000,1000,P2,0.049623781587053044,4962.3781587053045,0.01,1000,3,39,951,1.0,0,1000,0.0,0,0.0,"{""budget"": 1000}"
device_0,0.9375,1705,2.0,70.0,0.01,drop,48,16,3,0.19063,0.9374553760710133,0,1000,1000,P2,0.04876929494498423,4876.929494498423,0.01,1000,3,50,936,1.0,0,1000,0.0,0,0.0,"{""budget"": 1000}"
device_0,0.9375,1706,2.0,70.0,0.01,drop,48,16,3,0.20144,0.9386428776611538,0,1000,1000,P2,0.04976828632061867,4976.828632061867,0.01,1000,4,46,942,1.0,0,1000,0.0,0,0.0,"{""budget"": 1000}"
device_0,0.9375,1707,2.0,70.0,0.01,drop,48,16,3,0.20073,0.9386652506542138,0,1000,1000,P2,0.0496871475592362,4968.71475592362,0.01,1000,3,45,943,1.0,0,1000,0.0,0,0.0,"{""budget"": 1000}"
device_0,0.9375,1708,2.0,70.0,0.01,drop,48,16,3,0.19042,0.9350336658268497,0,1000,1000,P2,0.04876553056811354,4876.553056811354,0.01,1000,3,43,947,1.0,0,1000,0.0,0,0.0,"{""budget"": 1000}"
device_0,0.9375,1709,2.0,70.0,0.01,drop,48,16,3,0.20214,0.9387695757970393,0,1000,1000,P2,0.04989563269878614,4989.563269878614,0.01,1000,3,51,939,1.0,0,1000,0.0,0,0.0,"{""budget"": 1000}"
device_0,0.9375,1710,2.0,70.0,0.01,drop,48,16,3,0.20082,0.9338903427364145,0,1000,1000,P2,0.049695831514423826,4969.583151442383,0.01,1000,3,36,947,1.0,0,1000,0.0,0,0.0,"{""budget"": 1000}"
device_0,0.975,1701,2.0,70.0,0.01,drop,48,16,3,0.20012,0.9750727182312047,0,1000,1000,P2,0.04971852227379384,4971.852227379384,0.01,1000,3,47,945,1.0,0,1000,0.0,0,0.0,"{""budget"": 1000}"
device_0,0.975,1702,2.0,70.0,0.01,drop,48,16,3,0.19762,0.9739220248349032,0,1000,1000,P2,0.04952717325467102,4952.7173254671025,0.01,1000,3,54,931,1.0,0,1000,0.0,0,0.0,"{""budget"": 1000}"
device_0,0.975,1703,2.0,70.0,0.01,drop,48,16,3,0.1984,0.975854682367182,0,1000,1000,P2,0.04952231818732436,4952.231818732436,0.01,1000,4,39,949,1.0,0,1000,0.0,0,0.0,"{""budget"": 1000}"
device_0,0.975,1704,2.0,70.0,0.01,drop,48,16,3,0.19634,0.9733501805342133,0,1000,1000,P2,0.049303510052270474,4930.351005227048,0.01,1000,3,53,928,1.0,0,1000,0.0,0,0.0,"{""budget"": 1000}"
device_0,0.975,1705,2.0,70.0,0.01,drop,48,16,3,0.19493,0.9747974986214312,0,1000,1000,P2,0.049120347006359186,4912.034700635919,0.01,1000,3,49,942,1.0,0,1000,0.0,0,0.0,"{""budget"": 1000}"
device_0,0.975,1706,2.0,70.0,0.01,drop,48,16,3,0.203,0.9742259419786155,0,1000,1000,P2,0.049936270655313045,4993.627065531305,0.01,1000,3,43,940,1.0,0,1000,0.0,0,0.0,"{""budget"": 1000}"
device_0,0.975,1707,2.0,70.0,0.01,drop,48,16,3,0.20266,0.9738223967562294,0,1000,1000,P2,0.049953260329499954,4995.326032949995,0.01,1000,3,41,939,1.0,0,1000,0.0,0,0.0,"{""budget"": 1000}"
device_0,0.975,1708,2.0,70.0,0.01,drop,48,16,3,0.19043,0.9746047948044175,0,1000,1000,P2,0.04866967790199403,4866.967790199403,0.01,1000,3,49,941,1.0,0,1000,0.0,0,0.0,"{""budget"": 1000}"
device_0,0.975,1709,2.0,70.0,0.01,drop,48,16,3,0.19294,0.9749540477640206,0,1000,1000,P2,0.04888501435171524,4888.501435171524,0.01,1000,3,50,946,1.0,0,1000,0.0,0,0.0,"{""budget"": 1000}"
device_0,0.975,1710,2.0,70.0,0.01,drop,48,16,3,0.19779,0.9774683509778551,0,1000,1000,P2,0.049383147705053615,4938.314770505362,0.01,1000,3,46,935,1.0,0,1000,0.0,0,0.0,"{""budget"": 1000}"
device_0,0.0,1701,2.0,70.0,0.01,late,48,16,3,0.19936,-0.002661444942765865,0,1000,1000,P2,0.05064443158200607,5064.443158200607,0.01,1000,2,15,976,1.0,0,1000,0.0,0,0.0,"{""budget"": 1000}"
device_0,0.0,1702,2.0,70.0,0.01,late,48,16,3,0.20106,0.005830007599770396,0,1000,1000,P2,0.0509143759564003,5091.43759564003,0.01,1000,2,18,974,1.0,0,1000,0.0,0,0.0,"{""budget"": 1000}"
device_0,0.0,1703,2.0,70.0,0.01,late,48,16,3,0.19952,0.005656351965683195,0,1000,1000,P2,0.05083279968013376,5083.279968013376,0.01,1000,2,10,979,1.0,0,1000,0.0,0,0.0,"{""budget"": 1000}"
device_0,0.0,1704,2.0,70.0,0.01,late,48,16,3,0.20257,0.002457782015709934,0,1000,1000,P2,0.051051685843173544,5105.1685843173545,0.01,1000,2,11,981,1.0,0,1000,0.0,0,0.0,"{""budget"": 1000}"
device_0,0.0,1705,2.0,70.0,0.01,late,48,16,3,0.20104,-0.004155617772998724,0,1000,1000,P2,0.05084720051532596,5084.720051532596,0.01,1000,2,5,975,1.0,0,1000,0.0,0,0.0,"{""budget"": 1000}"
device_0,0.0,1706,2.0,70.0,0.01,late,48,16,3,0.20062,-0.0045443747273977144,0,1000,1000,P2,0.050790569662025144,5079.056966202515,0.01,1000,2,9,979,1.0,0,1000,0.0,0,0.0,"{""budget"": 1000}"
device_0,0.0,1707,2.0,70.0,0.01,late,48,16,3,0.19896,0.001346027845602329,0,1000,1000,P2,0.050657294586339476,5065.729458633948,0.01,1000,2,6,987,1.0,0,1000,0.0,0,0.0,"{""budget"": 1000}"
device_0,0.0,1708,2.0,70.0,0.01,late,48,16,3,0.19922,-0.001372807149175493,0,1000,1000,P2,0.050748961183170425,5074.896118317042,0.01,1000,3,9,979,1.0,0,1000,0.0,0,0.0,"{""budget"": 1000}"
device_0,0.0,1709,2.0,70.0,0.01,late,48,16,3,0.20001,0.005034822885721277,0,1000,1000,P2,0.050748141650195845,5074.814165019585,0.01,1000,2,9,975,1.0,0,1000,0.0,0,0.0,"{""budget"": 1000}"
device_0,0.0,1710,2.0,70.0,0.01,late,48,16,3,0.19848,0.0007247411049733544,0,1000,1000,P2,0.05058301982671284,5058.301982671283,0.01,1000,2,5,988,1.0,0,1000,0.0,0,0.0,"{""budget"": 1000}"
device_0,0.375,1701,2.0,70.0,0.01,late,48,16,3,0.19773,0.37585282092426525,0,1000,1000,P2,0.05052494418747854,5052.494418747854,0.01,1000,2,25,961,1.0,0,1000,0.0,0,0.0,"{""budget"": 1000}"
device_0,0.375,1702,2.0,70.0,0.01,late,48,16,3,0.20083,0.3763938072575695,0,1000,1000,P2,0.05085819841658521,5085.819841658521,0.01,1000,3,20,972,1.0,0,1000,0.0,0,0.0,"{""budget"": 1000}"
device_0,0.375,1703,2.0,70.0,0.01,late,48,16,3,0.19949,0.3708761472322628,0,1000,1000,P2,0.050848897986475766,5084.889798647577,0.01,1000,2,17,973,1.0,0,1000,0.0,0,0.0,"{""budget"": 1000}"
device_0,0.375,1704,2.0,70.0,0.01,late,48,16,3,0.19956,0.37083454970073176,0,1000,1000,P2,0.050774907325617666,5077.490732561767,0.01,1000,2,27,967,1.0,0,1000,0.0,0,0.0,"{""budget"": 1000}"
device_0,0.375,1705,2.0,70.0,0.01,late,48,16,3,0.1976,0.38054564128452917,0,1000,1000,P2,0.050599298037698734,5059.929803769874,0.01,1000,2,23,970,1.0,0,1000,0.0,0,0.0,"{""budget"": 1000}"
device_0,0.375,1706,2.0,70.0,0.01,late,48,16,3,0.19975,0.37847803043317246,0,1000,1000,P2,0.050743727122668406,5074.372712266841,0.01,1000,2,23,969,1.0,0,1000,0.0,0,0.0,"{""budget"": 1000}"
device_0,0.375,1707,2.0,70.0,0.01,late,48,16,3,0.19756,0.3714936166119789,0,1000,1000,P2,0.05059495907084187,5059.495907084187,0.01,1000,2,27,965,1.0,0,1000,0.0,0,0.0,"{""budget"": 1000}"
device_0,0.375,1708,2.0,70.0,0.01,late,48,16,3,0.19968,0.3728274067949136,0,1000,1000,P2,0.05080334142731452,5080.334142731452,0.01,1000,3,24,969,1.0,0,1000,0.0,0,0.0,"{""budget"": 1000}"
device_0,0.375,1709,2.0,70.0,0.01,late,48,16,3,0.20214,0.3789219763360735,0,1000,1000,P2,0.05108499814195384,5108.499814195384,0.01,1000,3,21,968,1.0,0,1000,0.0,0,0.0,"{""budget"": 1000}"
device_0,0.375,1710,2.0,70.0,0.01,late,48,16,3,0.19842,0.37511826036297974,0,1000,1000,P2,0.0506397348787252,5063.97348787252,0.01,1000,2,25,966,1.0,0,1000,0.0,0,0.0,"{""budget"": 1000}"
device_0,0.75,1701,2.0,70.0,0.01,late,48,16,3,0.20817,0.7556341521150168,0,1000,1000,P2,0.051641816637794144,5164.1816637794145,0.01,1000,3,41,948,1.0,0,1000,0.0,0,0.0,"{""budget"": 1000}"
device_0,0.75,1702,2.0,70.0,0.01,late,48,16,3,0.20244,0.7487885933421545,0,1000,1000,P2,0.051023369926949724,5102.336992694973,0.01,1000,3,34,951,1.0,0,1000,0.0,0,0.0,"{""budget"": 1000}"
device_0,0.75,1703,2.0,70.0,0.01,late,48,16,3,0.20102,0.7470900970852136,0,1000,1000,P2,0.05089436541670783,5089.436541670783,0.01,1000,3,40,944,1.0,0,1000,0.0,0,0.0,"{""budget"": 1000}"
device_0,0.75,1704,2.0,70.0,0.01,late,48,16,3,0.19715,0.7479806369104111,0,1000,1000,P2,0.05045622516117152,5045.622516117152,0.01,1000,3,42,944,1.0,0,1000,0.0,0,0.0,"{""budget"": 1000}"
device_0,0.75,1705,2.0,70.0,0.01,late,48,16,3,0.20494,0.7506431485678381,0,1000,1000,P2,0.05137946097980457,5137.946097980457,0.01,1000,3,27,962,1.0,0,1000,0.0,0,0.0,"{""budget"": 1000}"
device_0,0.75,1706,2.0,70.0,0.01,late,48,16,3,0.20282,0.7537784223147826,0,1000,1000,P2,0.05095366081635162,5095.366081635162,0.01,1000,2,35,954,1.0,0,1000,0.0,0,0.0,"{""budget"": 1000}"
device_0,0.75,1707,2.0,70.0,0.01,late,48,16,3,0.20138,0.7431906944181493,0,1000,1000,P2,0.051053136230948315,5105.313623094831,0.01,1000,3,54,935,1.0,0,1000,0.0,0,0.0,"{""budget"": 1000}"
device_0,0.75,1708,2.0,70.0,0.01,late,48,16,3,0.20034,0.7475350990705809,0,1000,1000,P2,0.050676411119325075,5067.641111932508,0.01,1000,3,35,948,1.0,0,1000,0.0,0,0.0,"{""budget"": 1000}"
device_0,0.75,1709,2.0,70.0,0.01,late,48,16,3,0.20613,0.7542776800152501,0,1000,1000,P2,0.05143794830692768,5143.794830692768,0.01,1000,3,34,951,1.0,0,1000,0.0,0,0.0,"{""budget"": 1000}"
device_0,0.75,1710,2.0,70.0,0.01,late,48,16,3,0.20286,0.74728584709585,0,1000,1000,P2,0.05103068998423114,5103.068998423114,0.01,1000,3,41,948,1.0,0,1000,0.0,0,0.0,"{""budget"": 1000}"
device_0,0.875,1701,2.0,70.0,0.01,late,48,16,3,0.20249,0.8763990178082249,0,1000,1000,P2,0.0510045238878574,5100.45238878574,0.01,1000,3,40,946,1.0,0,1000,0.0,0,0.0,"{""budget"": 1000}"
device_0,0.875,1702,2.0,70.0,0.01,late,48,16,3,0.19703,0.8759866636367837,0,1000,1000,P2,0.05045771378438645,5045.771378438645,0.01,1000,2,43,947,1.0,0,1000,0.0,0,0.0,"{""budget"": 1000}"
device_0,0.875,1703,2.0,70.0,0.01,late,48,16,3,0.20238,0.8773687974569232,0,1000,1000,P2,0.05100385093191674,5100.385093191674,0.01,1000,4,36,953,1.0,0,1000,0.0,0,0.0,"{""budget"": 1000}"
device_0,0.875,1704,2.0,70.0,0.01,late,48,16,3,0.19663,0.8771256568671042,0,1000,1000,P2,0.05049731342087713,5049.731342087713,0.01,1000,3,48,944,1.0,0,1000,0.0,0,0.0,"{""budget"": 1000}"
device_0,0.875,1705,2.0,70.0,0.01,late,48,16,3,0.20133,0.8756186617053834,0,1000,1000,P2,0.050880917818883466,5088.091781888346,0.01,1000,3,50,938,1.0,0,1000,0.0,0,0.0,"{""budget"": 1000}"
device_0,0.875,1706,2.0,70.0,0.01,late,48,16,3,0.19605,0.8731077294363513,0,1000,1000,P2,0.050384057313755296,5038.405731375529,0.01,1000,3,49,939,1.0,0,1000,0.0,0,0.0,"{""budget"": 1000}"
device_0,0.875,1707,2.0,70.0,0.01,late,48,16,3,0.2,0.8774036452681541,0,1000,1000,P2,0.050781752402111344,5078.175240211134,0.01,1000,3,45,944,1.0,0,1000,0.0,0,0.0,"{""budget"": 1000}"
device_0,0.875,1708,2.0,70.0,0.01,late,48,16,3,0.20258,0.87442580026271,0,1000,1000,P2,0.05105675275390275,5105.675275390275,0.01,1000,3,47,945,1.0,0,1000,0.0,0,0.0,"{""budget"": 1000}"
device_0,0.875,1709,2.0,70.0,0.01,late,48,16,3,0.19831,0.8770598020870867,0,1000,1000,P2,0.05051223521511755,5051.223521511755,0.01,1000,3,52,938,1.0,0,1000,0.0,0,0.0,"{""budget"": 1000}"
device_0,0.875,1710,2.0,70.0,0.01,late,48,16,3,0.19668,0.8724656025657239,0,1000,1000,P2,0.050467922848893086,5046.792284889309,0.01,1000,2,44,951,1.0,0,1000,0.0,0,0.0,"{""budget"": 1000}"
device_0,0.9375,1701,2.0,70.0,0.01,late,48,16,3,0.20509,0.9402237906216514,0,1000,1000,P2,0.05141900550607368,5141.900550607368,0.01,1000,3,38,945,1.0,0,1000,0.0,0,0.0,"{""budget"": 1000}"
device_0,0.9375,1702,2.0,70.0,0.01,late,48,16,3,0.19366,0.9366016280001491,0,1000,1000,P2,0.05025974500153358,5025.974500153358,0.01,1000,3,43,949,1.0,0,1000,0.0,0,0.0,"{""budget"": 1000}"
device_0,0.9375,1703,2.0,70.0,0.01,late,48,16,3,0.19489,0.9369055048961522,0,1000,1000,P2,0.050290251018211676,5029.0251018211675,0.01,1000,3,43,946,1.0,0,1000,0.0,0,0.0,"{""budget"": 1000}"
device_0,0.9375,1704,2.0,70.0,0.01,late,48,16,3,0.19999,0.9358099323716185,0,1000,1000,P2,0.0507280373302209,5072.8037330220905,0.01,1000,3,46,942,1.0,0,1000,0.0,0,0.0,"{""budget"": 1000}"
device_0,0.9375,1705,2.0,70.0,0.01,late,48,16,3,0.19063,0.9374553760710133,0,1000,1000,P2,0.04987320138548552,4987.320138548552,0.01,1000,3,44,940,1.0,0,1000,0.0,0,0.0,"{""budget"": 1000}"
device_0,0.9375,1706,2.0,70.0,0.01,late,48,16,3,0.20144,0.9386428776611538,0,1000,1000,P2,0.050874426706619166,5087.442670661917,0.01,1000,3,42,950,1.0,0,1000,0.0,0,0.0,"{""budget"": 1000}"
device_0,0.9375,1707,2.0,70.0,0.01,late,48,16,3,0.20073,0.9386652506542138,0,1000,1000,P2,0.05079375996642702,5079.375996642702,0.01,1000,3,45,941,1.0,0,1000,0.0,0,0.0,"{""budget"": 1000}"
device_0,0.9375,1708,2.0,70.0,0.01,late,48,16,3,0.19042,0.9350336658268497,0,1000,1000,P2,0.04986819502492803,4986.819502492803,0.01,1000,3,44,947,1.0,0,1000,0.0,0,0.0,"{""budget"": 1000}"
device_0,0.9375,1709,2.0,70.0,0.01,late,48,16,3,0.20214,0.9387695757970393,0,1000,1000,P2,0.05100021394349331,5100.021394349331,0.01,1000,3,48,939,1.0,0,1000,0.0,0,0.0,"{""budget"": 1000}"
device_0,0.9375,1710,2.0,70.0,0.01,late,48,16,3,0.20082,0.9338903427364145,0,1000,1000,P2,0.050800368675718764,5080.036867571876,0.01,1000,3,42,949,1.0,0,1000,0.0,0,0.0,"{""budget"": 1000}"
device_0,0.975,1701,2.0,70.0,0.01,late,48,16,3,0.20012,0.9750727182312047,0,1000,1000,P2,0.05082171811090968,5082.171811090968,0.01,1000,3,55,940,1.0,0,1000,0.0,0,0.0,"{""budget"": 1000}"
device_0,0.975,1702,2.0,70.0,0.01,late,48,16,3,0.19762,0.9739220248349032,0,1000,1000,P2,0.05063087910540002,5063.087910540002,0.01,1000,3,41,940,1.0,0,1000,0.0,0,0.0,"{""budget"": 1000}"
device_0,0.975,1703,2.0,70.0,0.01,late,48,16,3,0.1984,0.975854682367182,0,1000,1000,P2,0.05062678699751523,5062.678699751523,0.01,1000,3,45,934,1.0,0,1000,0.0,0,0.0,"{""budget"": 1000}"
device_0,0.975,1704,2.0,70.0,0.01,late,48,16,3,0.19634,0.9733501805342133,0,1000,1000,P2,0.05040775354458017,5040.775354458017,0.01,1000,3,45,940,1.0,0,1000,0.0,0,0.0,"{""budget"": 1000}"
device_0,0.975,1705,2.0,70.0,0.01,late,48,16,3,0.19493,0.9747974986214312,0,1000,1000,P2,0.050224818986932006,5022.4818986932005,0.01,1000,3,50,940,1.0,0,1000,0.0,0,0.0,"{""budget"": 1000}"
device_0,0.975,1706,2.0,70.0,0.01,late,48,16,3,0.203,0.9742259419786155,0,1000,1000,P2,0.051039426530583826,5103.942653058382,0.01,1000,3,35,956,1.0,0,1000,0.0,0,0.0,"{""budget"": 1000}"
device_0,0.975,1707,2.0,70.0,0.01,late,48,16,3,0.20266,0.9738223967562294,0,1000,1000,P2,0.051057371403612814,5105.7371403612815,0.01,1000,3,44,935,1.0,0,1000,0.0,0,0.0,"{""budget"": 1000}"
device_0,0.975,1708,2.0,70.0,0.01,late,48,16,3,0.19043,0.9746047948044175,0,1000,1000,P2,0.049774281384864,4977.4281384864,0.01,1000,3,37,955,1.0,0,1000,0.0,0,0.0,"{""budget"": 1000}"
device_0,0.975,1709,2.0,70.0,0.01,late,48,16,3,0.19294,0.9749540477640206,0,1000,1000,P2,0.049988939161759956,4998.893916175995,0.01,1000,3,46,943,1.0,0,1000,0.0,0,0.0,"{""budget"": 1000}"
device_0,0.975,1710,2.0,70.0,0.01,late,48,16,3,0.19779,0.9774683509778551,0,1000,1000,P2,0.0504885437824608,5048.85437824608,0.01,1000,3,43,938,1.0,0,1000,0.0,0,0.0,"{""budget"": 1000}"
device_0,0.0,1701,2.0,70.0,0.05,drop,48,16,3,0.19936,-0.002661444942765865,0,5000,1000,P2,0.04299257882186135,4299.257882186135,0.05,5000,4,243,4699,1.0,0,5000,0.0,0,0.0,"{""budget"": 5000}"
device_0,0.0,1702,2.0,70.0,0.05,drop,48,16,3,0.20106,0.005830007599770396,0,5000,1000,P2,0.0432655580620197,4326.55580620197,0.05,5000,4,248,4683,1.0,0,5000,0.0,0,0.0,"{""budget"": 5000}"
device_0,0.0,1703,2.0,70.0,0.05,drop,48,16,3,0.19952,0.005656351965683195,0,5000,1000,P2,0.043182946198846765,4318.294619884677,0.05,5000,3,257,4689,1.0,0,5000,0.0,0,0.0,"{""budget"": 5000}"
device_0,0.0,1704,2.0,70.0,0.05,drop,48,16,3,0.20257,0.002457782015709934,0,5000,1000,P2,0.04340440710746159,4340.440710746158,0.05,5000,4,236,4699,1.0,0,5000,0.0,0,0.0,"{""budget"": 5000}"
device_0,0.0,1705,2.0,70.0,0.05,drop,48,16,3,0.20104,-0.004155617772998724,0,5000,1000,P2,0.0431979385989012,4319.79385989012,0.05,5000,3,219,4725,1.0,0,5000,0.0,0,0.0,"{""budget"": 5000}"
device_0,0.0,1706,2.0,70.0,0.05,drop,48,16,3,0.20062,-0.0045443747273977144,0,5000,1000,P2,0.043139586891789934,4313.958689178993,0.05,5000,3,228,4715,1.0,0,5000,0.0,0,0.0,"{""budget"": 5000}"
device_0,0.0,1707,2.0,70.0,0.05,drop,48,16,3,0.19896,0.001346027845602329,0,5000,1000,P2,0.04301098462771749,4301.098462771749,0.05,5000,3,236,4693,1.0,0,5000,0.0,0,0.0,"{""budget"": 5000}"
device_0,0.0,1708,2.0,70.0,0.05,drop,48,16,3,0.19922,-0.001372807149175493,0,5000,1000,P2,0.04309941347528684,4309.941347528684,0.05,5000,4,231,4701,1.0,0,5000,0.0,0,0.0,"{""budget"": 5000}"
device_0,0.0,1709,2.0,70.0,0.05,drop,48,16,3,0.20001,0.005034822885721277,0,5000,1000,P2,0.04309810969930693,4309.810969930692,0.05,5000,4,258,4673,1.0,0,5000,0.0,0,0.0,"{""budget"": 5000}"
device_0,0.0,1710,2.0,70.0,0.05,drop,48,16,3,0.19848,0.0007247411049733544,0,5000,1000,P2,0.04293900933901787,4293.900933901787,0.05,5000,3,240,4707,1.0,0,5000,0.0,0,0.0,"{""budget"": 5000}"
device_0,0.375,1701,2.0,70.0,0.05,drop,48,16,3,0.19773,0.37585282092426525,0,5000,1000,P2,0.04288091211385053,4288.091211385054,0.05,5000,5,569,4318,1.0,0,5000,0.0,0,0.0,"{""budget"": 5000}"
device_0,0.375,1702,2.0,70.0,0.05,drop,48,16,3,0.20083,0.3763938072575695,0,5000,1000,P2,0.04320730682772872,4320.730682772872,0.05,5000,4,533,4335,1.0,0,5000,0.0,0,0.0,"{""budget"": 5000}"
device_0,0.375,1703,2.0,70.0,0.05,drop,48,16,3,0.19949,0.3708761472322628,0,5000,1000,P2,0.04319861058071605,4319.861058071605,0.05,5000,5,471,4410,1.0,0,5000,0.0,0,0.0,"{""budget"": 5000}"
device_0,0.375,1704,2.0,70.0,0.05,drop,48,16,3,0.19956,0.37083454970073176,0,5000,1000,P2,0.04312673940831822,4312.673940831822,0.05,5000,4,562,4312,1.0,0,5000,0.0,0,0.0,"{""budget"": 5000}"
device_0,0.375,1705,2.0,70.0,0.05,drop,48,16,3,0.1976,0.38054564128452917,0,5000,1000,P2,0.04295214840928695,4295.214840928695,0.05,5000,6,579,4293,1.0,0,5000,0.0,0,0.0,"{""budget"": 5000}"
device_0,0.375,1706,2.0,70.0,0.05,drop,48,16,3,0.19975,0.37847803043317246,0,5000,1000,P2,0.0430920932678313,4309.20932678313,0.05,5000,5,516,4353,1.0,0,5000,0.0,0,0.0,"{""budget"": 5000}"
device_0,0.375,1707,2.0,70.0,0.05,drop,48,16,3,0.19756,0.3714936166119789,0,5000,1000,P2,0.04294953732449424,4294.953732449424,0.05,5000,4,556,4320,1.0,0,5000,0.0,0,0.0,"{""budget"": 5000}"
device_0,0.375,1708,2.0,70.0,0.05,drop,48,16,3,0.19968,0.3728274067949136,0,5000,1000,P2,0.04316343913252022,4316.3439132520225,0.05,5000,5,544,4319,1.0,0,5000,0.0,0,0.0,"{""budget"": 5000}"
device_0,0.375,1709,2.0,70.0,0.05,drop,48,16,3,0.20214,0.3789219763360735,0,5000,1000,P2,0.043430087342412625,4343.008734241263,0.05,5000,4,536,4321,1.0,0,5000,0.0,0,0.0,"{""budget"": 5000}"
device_0,0.375,1710,2.0,70.0,0.05,drop,48,16,3,0.19842,0.37511826036297974,0,5000,1000,P2,0.0429890159806364,4298.9015980636395,0.05,5000,5,540,4338,1.0,0,5000,0.0,0,0.0,"{""budget"": 5000}"
device_0,0.75,1701,2.0,70.0,0.05,drop,48,16,3,0.20817,0.7556341521150168,0,5000,1000,P2,0.04398590882239187,4398.590882239187,0.05,5000,5,768,4028,1.0,0,5000,0.0,0,0.0,"{""budget"": 5000}"
device_0,0.75,1702,2.0,70.0,0.05,drop,48,16,3,0.20244,0.7487885933421545,0,5000,1000,P2,0.04336729365251468,4336.729365251468,0.05,5000,7,782,3960,1.0,0,5000,0.0,0,0.0,"{""budget"": 5000}"
device_0,0.75,1703,2.0,70.0,0.05,drop,48,16,3,0.20102,0.7470900970852136,0,5000,1000,P2,0.04324041422448381,4324.041422448381,0.05,5000,7,802,3955,1.0,0,5000,0.0,0,0.0,"{""budget"": 5000}"
device_0,0.75,1704,2.0,70.0,0.05,drop,48,16,3,0.19715,0.7479806369104111,0,5000,1000,P2,0.04280971812385486,4280.971812385486,0.05,5000,6,783,3967,1.0,0,5000,0.0,0,0.0,"{""budget"": 5000}"
device_0,0.75,1705,2.0,70.0,0.05,drop,48,16,3,0.20494,0.7506431485678381,0,5000,1000,P2,0.043722629013521835,4372.262901352184,0.05,5000,5,797,3989,1.0,0,5000,0.0,0,0.0,"{""budget"": 5000}"
device_0,0.75,1706,2.0,70.0,0.05,drop,48,16,3,0.20282,0.7537784223147826,0,5000,1000,P2,0.043309562954017125,4330.956295401713,0.05,5000,9,766,3989,1.0,0,5000,0.0,0,0.0,"{""budget"": 5000}"
device_0,0.75,1707,2.0,70.0,0.05,drop,48,16,3,0.20138,0.7431906944181493,0,5000,1000,P2,0.04340101503182092,4340.1015031820925,0.05,5000,6,792,3970,1.0,0,5000,0.0,0,0.0,"{""budget"": 5000}"
device_0,0.75,1708,2.0,70.0,0.05,drop,48,16,3,0.20034,0.7475350990705809,0,5000,1000,P2,0.043031228557623834,4303.122855762384,0.05,5000,7,790,3936,1.0,0,5000,0.0,0,0.0,"{""budget"": 5000}"
device_0,0.75,1709,2.0,70.0,0.05,drop,48,16,3,0.20613,0.7542776800152501,0,5000,1000,P2,0.04378609028953425,4378.609028953425,0.05,5000,7,773,3969,1.0,0,5000,0.0,0,0.0,"{""budget"": 5000}"
device_0,0.75,1710,2.0,70.0,0.05,drop,48,16,3,0.20286,0.74728584709585,0,5000,1000,P2,0.04337926825991988,4337.926825991988,0.05,5000,8,770,4009,1.0,0,5000,0.0,0,0.0,"{""budget"": 5000}"
device_0,0.875,1701,2.0,70.0,0.05,drop,48,16,3,0.20249,0.8763990178082249,0,5000,1000,P2,0.04335194800766086,4335.194800766086,0.05,5000,8,839,3907,1.0,0,5000,0.0,0,0.0,"{""budget"": 5000}"
device_0,0.875,1702,2.0,70.0,0.05,drop,48,16,3,0.19703,0.8759866636367837,0,5000,1000,P2,0.042814546128894425,4281.454612889443,0.05,5000,7,844,3857,1.0,0,5000,0.0,0,0.0,"{""budget"": 5000}"
device_0,0.875,1703,2.0,70.0,0.05,drop,48,16,3,0.20238,0.8773687974569232,0,5000,1000,P2,0.04335117523806499,4335.117523806499,0.05,5000,6,880,3822,1.0,0,5000,0.0,0,0.0,"{""budget"": 5000}"
device_0,0.875,1704,2.0,70.0,0.05,drop,48,16,3,0.19663,0.8771256568671042,0,5000,1000,P2,0.042852882837755915,4285.2882837755915,0.05,5000,10,899,3798,1.0,0,5000,0.0,0,0.0,"{""budget"": 5000}"
device_0,0.875,1705,2.0,70.0,0.05,drop,48,16,3,0.20133,0.8756186617053834,0,5000,1000,P2,0.04323318071363974,4323.318071363974,0.05,5000,6,866,3869,1.0,0,5000,0.0,0,0.0,"{""budget"": 5000}"
device_0,0.875,1706,2.0,70.0,0.05,drop,48,16,3,0.19605,0.8731077294363513,0,5000,1000,P2,0.042733373391418715,4273.337339141872,0.05,5000,7,863,3810,1.0,0,5000,0.0,0,0.0,"{""budget"": 5000}"
device_0,0.875,1707,2.0,70.0,0.05,drop,48,16,3,0.2,0.8774036452681541,0,5000,1000,P2,0.04313127052602896,4313.127052602897,0.05,5000,6,885,3805,1.0,0,5000,0.0,0,0.0,"{""budget"": 5000}"
device_0,0.875,1708,2.0,70.0,0.05,drop,48,16,3,0.20258,0.87442580026271,0,5000,1000,P2,0.043400061974986,4340.0061974986,0.05,5000,7,881,3835,1.0,0,5000,0.0,0,0.0,"{""budget"": 5000}"
device_0,0.875,1709,2.0,70.0,0.05,drop,48,16,3,0.19831,0.8770598020870867,0,5000,1000,P2,0.042869501228775135,4286.950122877513,0.05,5000,6,838,3831,1.0,0,5000,0.0,0,0.0,"{""budget"": 5000}"
device_0,0.875,1710,2.0,70.0,0.05,drop,48,16,3,0.19668,0.8724656025657239,0,5000,1000,P2,0.04281975685681231,4281.975685681231,0.05,5000,5,874,3827,1.0,0,5000,0.0,0,0.0,"{""budget"": 5000}"
device_0,0.9375,1701,2.0,70.0,0.05,drop,48,16,3,0.20509,0.9402237906216514,0,5000,1000,P2,0.043769603818263385,4376.960381826339,0.05,5000,6,880,3800,1.0,0,5000,0.0,0,0.0,"{""budget"": 5000}"
device_0,0.9375,1702,2.0,70.0,0.05,drop,48,16,3,0.19366,0.9366016280001491,0,5000,1000,P2,0.042613733439805526,4261.373343980553,0.05,5000,6,902,3754,1.0,0,5000,0.0,0,0.0,"{""budget"": 5000}"
device_0,0.9375,1703,2.0,70.0,0.05,drop,48,16,3,0.19489,0.9369055048961522,0,5000,1000,P2,0.04264663149135633,4264.663149135633,0.05,5000,6,918,3781,1.0,0,5000,0.0,0,0.0,"{""budget"": 5000}"
device_0,0.9375,1704,2.0,70.0,0.05,drop,48,16,3,0.19999,0.9358099323716185,0,5000,1000,P2,0.04307893379720314,4307.8933797203135,0.05,5000,7,923,3757,1.0,0,5000,0.0,0,0.0,"{""budget"": 5000}"
device_0,0.9375,1705,2.0,70.0,0.05,drop,48,16,3,0.19063,0.9374553760710133,0,5000,1000,P2,0.04223041498833032,4223.041498833032,0.05,5000,6,899,3711,1.0,0,5000,0.0,0,0.0,"{""budget"": 5000}"
device_0,0.9375,1706,2.0,70.0,0.05,drop,48,16,3,0.20144,0.9386428776611538,0,5000,1000,P2,0.04322604746666103,4322.604746666103,0.05,5000,7,887,3791,1.0,0,5000,0.0,0,0.0,"{""budget"": 5000}"
device_0,0.9375,1707,2.0,70.0,0.05,drop,48,16,3,0.20073,0.9386652506542138,0,5000,1000,P2,0.04314182126781068,4314.182126781068,0.05,5000,6,923,3744,1.0,0,5000,0.0,0,0.0,"{""budget"": 5000}"
device_0,0.9375,1708,2.0,70.0,0.05,drop,48,16,3,0.19042,0.9350336658268497,0,5000,1000,P2,0.04222793142206539,4222.793142206539,0.05,5000,6,903,3718,1.0,0,5000,0.0,0,0.0,"{""budget"": 5000}"
device_0,0.9375,1709,2.0,70.0,0.05,drop,48,16,3,0.20214,0.9387695757970393,0,5000,1000,P2,0.0433491367644831,4334.91367644831,0.05,5000,6,886,3795,1.0,0,5000,0.0,0,0.0,"{""budget"": 5000}"
device_0,0.9375,1710,2.0,70.0,0.05,drop,48,16,3,0.20082,0.9338903427364145,0,5000,1000,P2,0.043154151673677935,4315.415167367793,0.05,5000,8,885,3760,1.0,0,5000,0.0,0,0.0,"{""budget"": 5000}"
device_0,0.975,1701,2.0,70.0,0.05,drop,48,16,3,0.20012,0.9750727182312047,0,5000,1000,P2,0.043176324621171665,4317.632462117166,0.05,5000,7,915,3741,1.0,0,5000,0.0,0,0.0,"{""budget"": 5000}"
device_0,0.975,1702,2.0,70.0,0.05,drop,48,16,3,0.19762,0.9739220248349032,0,5000,1000,P2,0.04298388054211231,4298.388054211231,0.05,5000,6,932,3670,1.0,0,5000,0.0,0,0.0,"{""budget"": 5000}"
device_0,0.975,1703,2.0,70.0,0.05,drop,48,16,3,0.1984,0.975854682367182,0,5000,1000,P2,0.04298128023561725,4298.128023561725,0.05,5000,6,943,3722,1.0,0,5000,0.0,0,0.0,"{""budget"": 5000}"
device_0,0.975,1704,2.0,70.0,0.05,drop,48,16,3,0.19634,0.9733501805342133,0,5000,1000,P2,0.04276136159780754,4276.136159780754,0.05,5000,8,906,3731,1.0,0,5000,0.0,0,0.0,"{""budget"": 5000}"
device_0,0.975,1705,2.0,70.0,0.05,drop,48,16,3,0.19493,0.9747974986214312,0,5000,1000,P2,0.04258051321004105,4258.0513210041045,0.05,5000,6,965,3682,1.0,0,5000,0.0,0,0.0,"{""budget"": 5000}"
device_0,0.975,1706,2.0,70.0,0.05,drop,48,16,3,0.203,0.9742259419786155,0,5000,1000,P2,0.043393481617502484,4339.348161750248,0.05,5000,8,898,3756,1.0,0,5000,0.0,0,0.0,"{""budget"": 5000}"
device_0,0.975,1707,2.0,70.0,0.05,drop,48,16,3,0.20266,0.9738223967562294,0,5000,1000,P2,0.043410951708317665,4341.095170831766,0.05,5000,6,916,3724,1.0,0,5000,0.0,0,0.0,"{""budget"": 5000}"
device_0,0.975,1708,2.0,70.0,0.05,drop,48,16,3,0.19043,0.9746047948044175,0,5000,1000,P2,0.04213446171471036,4213.446171471036,0.05,5000,6,928,3704,1.0,0,5000,0.0,0,0.0,"{""budget"": 5000}"
device_0,0.975,1709,2.0,70.0,0.05,drop,48,16,3,0.19294,0.9749540477640206,0,5000,1000,P2,0.04235071118674976,4235.071118674976,0.05,5000,8,919,3704,1.0,0,5000,0.0,0,0.0,"{""budget"": 5000}"
device_0,0.975,1710,2.0,70.0,0.05,drop,48,16,3,0.19779,0.9774683509778551,0,5000,1000,P2,0.04284139491320293,4284.139491320293,0.05,5000,7,907,3699,1.0,0,5000,0.0,0,0.0,"{""budget"": 5000}"
device_0,0.0,1701,2.0,70.0,0.05,late,48,16,3,0.19936,-0.002661444942765865,0,5000,1000,P2,0.048374667170056056,4837.4667170056055,0.05,5000,4,241,4699,1.0,0,5000,0.0,0,0.0,"{""budget"": 5000}"
device_0,0.0,1702,2.0,70.0,0.05,late,48,16,3,0.20106,0.005830007599770396,0,5000,1000,P2,0.04864689557483045,4864.689557483045,0.05,5000,3,225,4705,1.0,0,5000,0.0,0,0.0,"{""budget"": 5000}"
device_0,0.0,1703,2.0,70.0,0.05,late,48,16,3,0.19952,0.005656351965683195,0,5000,1000,P2,0.048564648010010814,4856.4648010010815,0.05,5000,4,229,4708,1.0,0,5000,0.0,0,0.0,"{""budget"": 5000}"
device_0,0.0,1704,2.0,70.0,0.05,late,48,16,3,0.20257,0.002457782015709934,0,5000,1000,P2,0.04878272275400763,4878.272275400763,0.05,5000,3,225,4720,1.0,0,5000,0.0,0,0.0,"{""budget"": 5000}"
device_0,0.0,1705,2.0,70.0,0.05,late,48,16,3,0.20104,-0.004155617772998724,0,5000,1000,P2,0.048579487173473226,4857.948717347323,0.05,5000,3,233,4705,1.0,0,5000,0.0,0,0.0,"{""budget"": 5000}"
device_0,0.0,1706,2.0,70.0,0.05,late,48,16,3,0.20062,-0.0045443747273977144,0,5000,1000,P2,0.04852534855582548,4852.534855582548,0.05,5000,3,222,4719,1.0,0,5000,0.0,0,0.0,"{""budget"": 5000}"
device_0,0.0,1707,2.0,70.0,0.05,late,48,16,3,0.19896,0.001346027845602329,0,5000,1000,P2,0.04838842078753412,4838.842078753412,0.05,5000,3,223,4713,1.0,0,5000,0.0,0,0.0,"{""budget"": 5000}"
device_0,0.0,1708,2.0,70.0,0.05,late,48,16,3,0.19922,-0.001372807149175493,0,5000,1000,P2,0.04848340066313627,4848.340066313627,0.05,5000,3,258,4677,1.0,0,5000,0.0,0,0.0,"{""budget"": 5000}"
device_0,0.0,1709,2.0,70.0,0.05,late,48,16,3,0.20001,0.005034822885721277,0,5000,1000,P2,0.048477576752465466,4847.757675246547,0.05,5000,3,227,4713,1.0,0,5000,0.0,0,0.0,"{""budget"": 5000}"
device_0,0.0,1710,2.0,70.0,0.05,late,48,16,3,0.19848,0.0007247411049733544,0,5000,1000,P2,0.048316834343854406,4831.683434385441,0.05,5000,4,207,4725,1.0,0,5000,0.0,0,0.0,"{""budget"": 5000}"
device_0,0.375,1701,2.0,70.0,0.05,late,48,16,3,0.19773,0.37585282092426525,0,5000,1000,P2,0.04825818130208515,4825.818130208515,0.05,5000,4,532,4344,1.0,0,5000,0.0,0,0.0,"{""budget"": 5000}"
device_0,0.375,1702,2.0,70.0,0.05,late,48,16,3,0.20083,0.3763938072575695,0,5000,1000,P2,0.0485885690463613,4858.85690463613,0.05,5000,5,537,4332,1.0,0,5000,0.0,0,0.0,"{""budget"": 5000}"
device_0,0.375,1703,2.0,70.0,0.05,late,48,16,3,0.19949,0.3708761472322628,0,5000,1000,P2,0.04858325849518369,4858.325849518369,0.05,5000,8,527,4360,1.0,0,5000,0.0,0,0.0,"{""budget"": 5000}"
device_0,0.375,1704,2.0,70.0,0.05,late,48,16,3,0.19956,0.37083454970073176,0,5000,1000,P2,0.04850634213671078,4850.634213671078,0.05,5000,4,534,4342,1.0,0,5000,0.0,0,0.0,"{""budget"": 5000}"
device_0,0.375,1705,2.0,70.0,0.05,late,48,16,3,0.1976,0.38054564128452917,0,5000,1000,P2,0.048334589210229845,4833.458921022984,0.05,5000,4,537,4352,1.0,0,5000,0.0,0,0.0,"{""budget"": 5000}"
device_0,0.375,1706,2.0,70.0,0.05,late,48,16,3,0.19975,0.37847803043317246,0,5000,1000,P2,0.04847701425800447,4847.701425800447,0.05,5000,5,559,4318,1.0,0,5000,0.0,0,0.0,"{""budget"": 5000}"
device_0,0.375,1707,2.0,70.0,0.05,late,48,16,3,0.19756,0.3714936166119789,0,5000,1000,P2,0.04832581402673113,4832.581402673113,0.05,5000,4,532,4329,1.0,0,5000,0.0,0,0.0,"{""budget"": 5000}"
device_0,0.375,1708,2.0,70.0,0.05,late,48,16,3,0.19968,0.3728274067949136,0,5000,1000,P2,0.04853089684638253,4853.089684638253,0.05,5000,5,508,4374,1.0,0,5000,0.0,0,0.0,"{""budget"": 5000}"
device_0,0.375,1709,2.0,70.0,0.05,late,48,16,3,0.20214,0.3789219763360735,0,5000,1000,P2,0.04881988381141561,4881.988381141561,0.05,5000,4,517,4354,1.0,0,5000,0.0,0,0.0,"{""budget"": 5000}"
device_0,0.375,1710,2.0,70.0,0.05,late,48,16,3,0.19842,0.37511826036297974,0,5000,1000,P2,0.048375035487003934,4837.503548700393,0.05,5000,5,534,4356,1.0,0,5000,0.0,0,0.0,"{""budget"": 5000}"
device_0,0.75,1701,2.0,70.0,0.05,late,48,16,3,0.20817,0.7556341521150168,0,5000,1000,P2,0.04936731551657029,4936.731551657029,0.05,5000,7,755,4036,1.0,0,5000,0.0,0,0.0,"{""budget"": 5000}"
device_0,0.75,1702,2.0,70.0,0.05,late,48,16,3,0.20244,0.7487885933421545,0,5000,1000,P2,0.048756137591548704,4875.61375915487,0.05,5000,5,751,4009,1.0,0,5000,0.0,0,0.0,"{""budget"": 5000}"
device_0,0.75,1703,2.0,70.0,0.05,late,48,16,3,0.20102,0.7470900970852136,0,5000,1000,P2,0.04862477740639854,4862.477740639854,0.05,5000,6,809,3942,1.0,0,5000,0.0,0,0.0,"{""budget"": 5000}"
device_0,0.75,1704,2.0,70.0,0.05,late,48,16,3,0.19715,0.7479806369104111,0,5000,1000,P2,0.048189582553508796,4818.95825535088,0.05,5000,6,785,3942,1.0,0,5000,0.0,0,0.0,"{""budget"": 5000}"
device_0,0.75,1705,2.0,70.0,0.05,late,48,16,3,0.20494,0.7506431485678381,0,5000,1000,P2,0.049110319863132065,4911.031986313206,0.05,5000,5,801,3939,1.0,0,5000,0.0,0,0.0,"{""budget"": 5000}"
device_0,0.75,1706,2.0,70.0,0.05,late,48,16,3,0.20282,0.7537784223147826,0,5000,1000,P2,0.04868232790937742,4868.232790937742,0.05,5000,6,782,4000,1.0,0,5000,0.0,0,0.0,"{""budget"": 5000}"
device_0,0.75,1707,2.0,70.0,0.05,late,48,16,3,0.20138,0.7431906944181493,0,5000,1000,P2,0.04878552493359332,4878.5524933593315,0.05,5000,6,790,3958,1.0,0,5000,0.0,0,0.0,"{""budget"": 5000}"
device_0,0.75,1708,2.0,70.0,0.05,late,48,16,3,0.20034,0.7475350990705809,0,5000,1000,P2,0.0484064969995593,4840.6496999559295,0.05,5000,7,792,3948,1.0,0,5000,0.0,0,0.0,"{""budget"": 5000}"
device_0,0.75,1709,2.0,70.0,0.05,late,48,16,3,0.20613,0.7542776800152501,0,5000,1000,P2,0.04916432506858186,4916.432506858186,0.05,5000,6,800,3951,1.0,0,5000,0.0,0,0.0,"{""budget"": 5000}"
device_0,0.75,1710,2.0,70.0,0.05,late,48,16,3,0.20286,0.74728584709585,0,5000,1000,P2,0.04876294213054859,4876.294213054859,0.05,5000,9,792,3952,1.0,0,5000,0.0,0,0.0,"{""budget"": 5000}"
device_0,0.875,1701,2.0,70.0,0.05,late,48,16,3,0.20249,0.8763990178082249,0,5000,1000,P2,0.04873616896303598,4873.616896303598,0.05,5000,6,869,3817,1.0,0,5000,0.0,0,0.0,"{""budget"": 5000}"
device_0,0.875,1702,2.0,70.0,0.05,late,48,16,3,0.19703,0.8759866636367837,0,5000,1000,P2,0.04818905334029325,4818.905334029325,0.05,5000,6,883,3834,1.0,0,5000,0.0,0,0.0,"{""budget"": 5000}"
device_0,0.875,1703,2.0,70.0,0.05,late,48,16,3,0.20238,0.8773687974569232,0,5000,1000,P2,0.04873465587480447,4873.465587480447,0.05,5000,6,879,3808,1.0,0,5000,0.0,0,0.0,"{""budget"": 5000}"
device_0,0.875,1704,2.0,70.0,0.05,late,48,16,3,0.19663,0.8771256568671042,0,5000,1000,P2,0.04822936622414578,4822.936622414578,0.05,5000,7,921,3798,1.0,0,5000,0.0,0,0.0,"{""budget"": 5000}"
device_0,0.875,1705,2.0,70.0,0.05,late,48,16,3,0.20133,0.8756186617053834,0,5000,1000,P2,0.04861249830059596,4861.249830059596,0.05,5000,6,829,3910,1.0,0,5000,0.0,0,0.0,"{""budget"": 5000}"
device_0,0.875,1706,2.0,70.0,0.05,late,48,16,3,0.19605,0.8731077294363513,0,5000,1000,P2,0.04811754346201826,4811.754346201827,0.05,5000,6,866,3820,1.0,0,5000,0.0,0,0.0,"{""budget"": 5000}"
device_0,0.875,1707,2.0,70.0,0.05,late,48,16,3,0.2,0.8774036452681541,0,5000,1000,P2,0.04851356961277446,4851.356961277446,0.05,5000,6,883,3798,1.0,0,5000,0.0,0,0.0,"{""budget"": 5000}"
device_0,0.875,1708,2.0,70.0,0.05,late,48,16,3,0.20258,0.87442580026271,0,5000,1000,P2,0.04879087271495007,4879.087271495007,0.05,5000,7,839,3891,1.0,0,5000,0.0,0,0.0,"{""budget"": 5000}"
device_0,0.875,1709,2.0,70.0,0.05,late,48,16,3,0.19831,0.8770598020870867,0,5000,1000,P2,0.048243485154059705,4824.348515405971,0.05,5000,6,902,3809,1.0,0,5000,0.0,0,0.0,"{""budget"": 5000}"
device_0,0.875,1710,2.0,70.0,0.05,late,48,16,3,0.19668,0.8724656025657239,0,5000,1000,P2,0.04820286751436178,4820.286751436178,0.05,5000,6,863,3823,1.0,0,5000,0.0,0,0.0,"{""budget"": 5000}"
device_0,0.9375,1701,2.0,70.0,0.05,late,48,16,3,0.20509,0.9402237906216514,0,5000,1000,P2,0.04914727613138883,4914.727613138883,0.05,5000,10,872,3781,1.0,0,5000,0.0,0,0.0,"{""budget"": 5000}"
device_0,0.9375,1702,2.0,70.0,0.05,late,48,16,3,0.19366,0.9366016280001491,0,5000,1000,P2,0.04799561290327091,4799.561290327091,0.05,5000,7,923,3781,1.0,0,5000,0.0,0,0.0,"{""budget"": 5000}"
device_0,0.9375,1703,2.0,70.0,0.05,late,48,16,3,0.19489,0.9369055048961522,0,5000,1000,P2,0.048023355909223644,4802.335590922365,0.05,5000,6,910,3766,1.0,0,5000,0.0,0,0.0,"{""budget"": 5000}"
device_0,0.9375,1704,2.0,70.0,0.05,late,48,16,3,0.19999,0.9358099323716185,0,5000,1000,P2,0.048462905749172044,4846.290574917204,0.05,5000,7,905,3753,1.0,0,5000,0.0,0,0.0,"{""budget"": 5000}"
device_0,0.9375,1705,2.0,70.0,0.05,late,48,16,3,0.19063,0.9374553760710133,0,5000,1000,P2,0.04761257931073976,4761.257931073977,0.05,5000,7,892,3734,1.0,0,5000,0.0,0,0.0,"{""budget"": 5000}"
device_0,0.9375,1706,2.0,70.0,0.05,late,48,16,3,0.20144,0.9386428776611538,0,5000,1000,P2,0.04860547977214037,4860.547977214037,0.05,5000,6,882,3809,1.0,0,5000,0.0,0,0.0,"{""budget"": 5000}"
device_0,0.9375,1707,2.0,70.0,0.05,late,48,16,3,0.20073,0.9386652506542138,0,5000,1000,P2,0.04852644369889754,4852.644369889754,0.05,5000,5,884,3773,1.0,0,5000,0.0,0,0.0,"{""budget"": 5000}"
device_0,0.9375,1708,2.0,70.0,0.05,late,48,16,3,0.19042,0.9350336658268497,0,5000,1000,P2,0.04760421223069186,4760.421223069186,0.05,5000,6,925,3680,1.0,0,5000,0.0,0,0.0,"{""budget"": 5000}"
device_0,0.9375,1709,2.0,70.0,0.05,late,48,16,3,0.20214,0.9387695757970393,0,5000,1000,P2,0.0487314008194893,4873.14008194893,0.05,5000,6,892,3766,1.0,0,5000,0.0,0,0.0,"{""budget"": 5000}"
device_0,0.9375,1710,2.0,70.0,0.05,late,48,16,3,0.20082,0.9338903427364145,0,5000,1000,P2,0.04853341063652641,4853.3410636526405,0.05,5000,6,885,3817,1.0,0,5000,0.0,0,0.0,"{""budget"": 5000}"
device_0,0.975,1701,2.0,70.0,0.05,late,48,16,3,0.20012,0.9750727182312047,0,5000,1000,P2,0.04855379435745258,4855.379435745258,0.05,5000,8,948,3756,1.0,0,5000,0.0,0,0.0,"{""budget"": 5000}"
device_0,0.975,1702,2.0,70.0,0.05,late,48,16,3,0.19762,0.9739220248349032,0,5000,1000,P2,0.04836417000222484,4836.417000222485,0.05,5000,6,924,3687,1.0,0,5000,0.0,0,0.0,"{""budget"": 5000}"
device_0,0.975,1703,2.0,70.0,0.05,late,48,16,3,0.1984,0.975854682367182,0,5000,1000,P2,0.04836047288699511,4836.047288699511,0.05,5000,7,944,3651,1.0,0,5000,0.0,0,0.0,"{""budget"": 5000}"
device_0,0.975,1704,2.0,70.0,0.05,late,48,16,3,0.19634,0.9733501805342133,0,5000,1000,P2,0.04814367287862179,4814.367287862179,0.05,5000,6,945,3704,1.0,0,5000,0.0,0,0.0,"{""budget"": 5000}"
device_0,0.975,1705,2.0,70.0,0.05,late,48,16,3,0.19493,0.9747974986214312,0,5000,1000,P2,0.04796084396904846,4796.0843969048465,0.05,5000,7,962,3685,1.0,0,5000,0.0,0,0.0,"{""budget"": 5000}"
device_0,0.975,1706,2.0,70.0,0.05,late,48,16,3,0.203,0.9742259419786155,0,5000,1000,P2,0.04877171072788235,4877.171072788235,0.05,5000,5,924,3792,1.0,0,5000,0.0,0,0.0,"{""budget"": 5000}"
device_0,0.975,1707,2.0,70.0,0.05,late,48,16,3,0.20266,0.9738223967562294,0,5000,1000,P2,0.048789726141077606,4878.972614107761,0.05,5000,6,898,3704,1.0,0,5000,0.0,0,0.0,"{""budget"": 5000}"
device_0,0.975,1708,2.0,70.0,0.05,late,48,16,3,0.19043,0.9746047948044175,0,5000,1000,P2,0.04751197163700573,4751.197163700574,0.05,5000,6,934,3714,1.0,0,5000,0.0,0,0.0,"{""budget"": 5000}"
device_0,0.975,1709,2.0,70.0,0.05,late,48,16,3,0.19294,0.9749540477640206,0,5000,1000,P2,0.0477255624574148,4772.55624574148,0.05,5000,6,918,3732,1.0,0,5000,0.0,0,0.0,"{""budget"": 5000}"
device_0,0.975,1710,2.0,70.0,0.05,late,48,16,3,0.19779,0.9774683509778551,0,5000,1000,P2,0.04822123482712045,4822.123482712045,0.05,5000,8,945,3634,1.0,0,5000,0.0,0,0.0,"{""budget"": 5000}"
device_0,0.0,1701,2.0,70.0,0.1,drop,48,16,3,0.19936,-0.002661444942765865,0,10000,1000,P2,0.03560979665891194,3560.9796658911937,0.1,10000,5,858,8951,1.0,0,10000,0.0,0,0.0,"{""budget"": 10000}"
device_0,0.0,1702,2.0,70.0,0.1,drop,48,16,3,0.20106,0.005830007599770396,0,10000,1000,P2,0.0358593578270717,3585.93578270717,0.1,10000,4,956,8835,1.0,0,10000,0.0,0,0.0,"{""budget"": 10000}"
device_0,0.0,1703,2.0,70.0,0.1,drop,48,16,3,0.19952,0.005656351965683195,0,10000,1000,P2,0.03576873717902098,3576.873717902098,0.1,10000,5,955,8841,1.0,0,10000,0.0,0,0.0,"{""budget"": 10000}"
device_0,0.0,1704,2.0,70.0,0.1,drop,48,16,3,0.20257,0.002457782015709934,0,10000,1000,P2,0.03600522261018673,3600.522261018673,0.1,10000,4,933,8884,1.0,0,10000,0.0,0,0.0,"{""budget"": 10000}"
device_0,0.0,1705,2.0,70.0,0.1,drop,48,16,3,0.20104,-0.004155617772998724,0,10000,1000,P2,0.035787278442382255,3578.7278442382258,0.1,10000,4,909,8909,1.0,0,10000,0.0,0,0.0,"{""budget"": 10000}"
device_0,0.0,1706,2.0,70.0,0.1,drop,48,16,3,0.20062,-0.0045443747273977144,0,10000,1000,P2,0.035728001015293394,3572.8001015293394,0.1,10000,4,867,8943,1.0,0,10000,0.0,0,0.0,"{""budget"": 10000}"
device_0,0.0,1707,2.0,70.0,0.1,drop,48,16,3,0.19896,0.001346027845602329,0,10000,1000,P2,0.03562612183225924,3562.6121832259237,0.1,10000,5,859,8938,1.0,0,10000,0.0,0,0.0,"{""budget"": 10000}"
device_0,0.0,1708,2.0,70.0,0.1,drop,48,16,3,0.19922,-0.001372807149175493,0,10000,1000,P2,0.03568991992192584,3568.991992192584,0.1,10000,5,882,8910,1.0,0,10000,0.0,0,0.0,"{""budget"": 10000}"
device_0,0.0,1709,2.0,70.0,0.1,drop,48,16,3,0.20001,0.005034822885721277,0,10000,1000,P2,0.03569436559429791,3569.436559429791,0.1,10000,5,893,8894,1.0,0,10000,0.0,0,0.0,"{""budget"": 10000}"
device_0,0.0,1710,2.0,70.0,0.1,drop,48,16,3,0.19848,0.0007247411049733544,0,10000,1000,P2,0.03554609320907897,3554.609320907897,0.1,10000,4,914,8909,1.0,0,10000,0.0,0,0.0,"{""budget"": 10000}"
device_0,0.375,1701,2.0,70.0,0.1,drop,48,16,3,0.19773,0.37585282092426525,0,10000,1000,P2,0.03551184756343361,3551.184756343361,0.1,10000,7,1909,7351,1.0,0,10000,0.0,0,0.0,"{""budget"": 10000}"
device_0,0.375,1702,2.0,70.0,0.1,drop,48,16,3,0.20083,0.3763938072575695,0,10000,1000,P2,0.0358029460300255,3580.2946030025496,0.1,10000,8,1845,7432,1.0,0,10000,0.0,0,0.0,"{""budget"": 10000}"
device_0,0.375,1703,2.0,70.0,0.1,drop,48,16,3,0.19949,0.3708761472322628,0,10000,1000,P2,0.03577525260372389,3577.525260372389,0.1,10000,7,1796,7453,1.0,0,10000,0.0,0,0.0,"{""budget"": 10000}"
device_0,0.375,1704,2.0,70.0,0.1,drop,48,16,3,0.19956,0.37083454970073176,0,10000,1000,P2,0.035719052494759464,3571.905249475946,0.1,10000,6,1878,7372,1.0,0,10000,0.0,0,0.0,"{""budget"": 10000}"
device_0,0.375,1705,2.0,70.0,0.1,drop,48,16,3,0.1976,0.38054564128452917,0,10000,1000,P2,0.03553592613510926,3553.592613510926,0.1,10000,7,1928,7378,1.0,0,10000,0.0,0,0.0,"{""budget"": 10000}"
device_0,0.375,1706,2.0,70.0,0.1,drop,48,16,3,0.19975,0.37847803043317246,0,10000,1000,P2,0.03568298091185578,3568.2980911855784,0.1,10000,7,1830,7501,1.0,0,10000,0.0,0,0.0,"{""budget"": 10000}"
device_0,0.375,1707,2.0,70.0,0.1,drop,48,16,3,0.19756,0.3714936166119789,0,10000,1000,P2,0.03556343617405365,3556.343617405365,0.1,10000,7,1854,7474,1.0,0,10000,0.0,0,0.0,"{""budget"": 10000}"
device_0,0.375,1708,2.0,70.0,0.1,drop,48,16,3,0.19968,0.3728274067949136,0,10000,1000,P2,0.03577349577010413,3577.349577010413,0.1,10000,7,1855,7462,1.0,0,10000,0.0,0,0.0,"{""budget"": 10000}"
device_0,0.375,1709,2.0,70.0,0.1,drop,48,16,3,0.20214,0.3789219763360735,0,10000,1000,P2,0.03598347819062499,3598.3478190624987,0.1,10000,8,1852,7378,1.0,0,10000,0.0,0,0.0,"{""budget"": 10000}"
device_0,0.375,1710,2.0,70.0,0.1,drop,48,16,3,0.19842,0.37511826036297974,0,10000,1000,P2,0.03557645120416718,3557.645120416718,0.1,10000,7,1851,7418,1.0,0,10000,0.0,0,0.0,"{""budget"": 10000}"
device_0,0.75,1701,2.0,70.0,0.1,drop,48,16,3,0.20817,0.7556341521150168,0,10000,1000,P2,0.03654644535724916,3654.644535724916,0.1,10000,9,2353,6121,1.0,0,10000,0.0,0,0.0,"{""budget"": 10000}"
device_0,0.75,1702,2.0,70.0,0.1,drop,48,16,3,0.20244,0.7487885933421545,0,10000,1000,P2,0.03593695048391809,3593.695048391809,0.1,10000,10,2361,6003,1.0,0,10000,0.0,0,0.0,"{""budget"": 10000}"
device_0,0.75,1703,2.0,70.0,0.1,drop,48,16,3,0.20102,0.7470900970852136,0,10000,1000,P2,0.035822500992326395,3582.2500992326395,0.1,10000,10,2354,5966,1.0,0,10000,0.0,0,0.0,"{""budget"": 10000}"
device_0,0.75,1704,2.0,70.0,0.1,drop,48,16,3,0.19715,0.7479806369104111,0,10000,1000,P2,0.03541858207259942,3541.858207259942,0.1,10000,12,2347,5956,1.0,0,10000,0.0,0,0.0,"{""budget"": 10000}"
device_0,0.75,1705,2.0,70.0,0.1,drop,48,16,3,0.20494,0.7506431485678381,0,10000,1000,P2,0.036273297030573824,3627.329703057382,0.1,10000,11,2399,6034,1.0,0,10000,0.0,0,0.0,"{""budget"": 10000}"
device_0,0.75,1706,2.0,70.0,0.1,drop,48,16,3,0.20282,0.7537784223147826,0,10000,1000,P2,0.035915087362623374,3591.508736262337,0.1,10000,13,2344,5960,1.0,0,10000,0.0,0,0.0,"{""budget"": 10000}"
device_0,0.75,1707,2.0,70.0,0.1,drop,48,16,3,0.20138,0.7431906944181493,0,10000,1000,P2,0.03596509647544098,3596.509647544098,0.1,10000,10,2356,5997,1.0,0,10000,0.0,0,0.0,"{""budget"": 10000}"
device_0,0.75,1708,2.0,70.0,0.1,drop,48,16,3,0.20034,0.7475350990705809,0,10000,1000,P2,0.035648333552623014,3564.8333552623017,0.1,10000,9,2376,5969,1.0,0,10000,0.0,0,0.0,"{""budget"": 10000}"
device_0,0.75,1709,2.0,70.0,0.1,drop,48,16,3,0.20613,0.7542776800152501,0,10000,1000,P2,0.03635505682994773,3635.5056829947735,0.1,10000,10,2365,6055,1.0,0,10000,0.0,0,0.0,"{""budget"": 10000}"
device_0,0.75,1710,2.0,70.0,0.1,drop,48,16,3,0.20286,0.74728584709585,0,10000,1000,P2,0.035956620652831055,3595.6620652831057,0.1,10000,10,2312,6088,1.0,0,10000,0.0,0,0.0,"{""budget"": 10000}"
device_0,0.875,1701,2.0,70.0,0.1,drop,48,16,3,0.20249,0.8763990178082249,0,10000,1000,P2,0.03594141558660077,3594.1415586600774,0.1,10000,11,2436,5568,1.0,0,10000,0.0,0,0.0,"{""budget"": 10000}"
device_0,0.875,1702,2.0,70.0,0.1,drop,48,16,3,0.19703,0.8759866636367837,0,10000,1000,P2,0.035442138734259436,3544.213873425944,0.1,10000,14,2407,5387,1.0,0,10000,0.0,0,0.0,"{""budget"": 10000}"
device_0,0.875,1703,2.0,70.0,0.1,drop,48,16,3,0.20238,0.8773687974569232,0,10000,1000,P2,0.03592349237840696,3592.349237840696,0.1,10000,13,2447,5472,1.0,0,10000,0.0,0,0.0,"{""budget"": 10000}"
device_0,0.875,1704,2.0,70.0,0.1,drop,48,16,3,0.19663,0.8771256568671042,0,10000,1000,P2,0.03547040889765255,3547.040889765255,0.1,10000,14,2507,5351,1.0,0,10000,0.0,0,0.0,"{""budget"": 10000}"
device_0,0.875,1705,2.0,70.0,0.1,drop,48,16,3,0.20133,0.8756186617053834,0,10000,1000,P2,0.035831131744783466,3583.1131744783465,0.1,10000,11,2475,5518,1.0,0,10000,0.0,0,0.0,"{""budget"": 10000}"
device_0,0.875,1706,2.0,70.0,0.1,drop,48,16,3,0.19605,0.8731077294363513,0,10000,1000,P2,0.03532664208276401,3532.664208276401,0.1,10000,15,2493,5303,1.0,0,10000,0.0,0,0.0,"{""budget"": 10000}"
device_0,0.875,1707,2.0,70.0,0.1,drop,48,16,3,0.2,0.8774036452681541,0,10000,1000,P2,0.03572443585034341,3572.4435850343416,0.1,10000,11,2457,5374,1.0,0,10000,0.0,0,0.0,"{""budget"": 10000}"
device_0,0.875,1708,2.0,70.0,0.1,drop,48,16,3,0.20258,0.87442580026271,0,10000,1000,P2,0.03595272457973668,3595.2724579736678,0.1,10000,11,2490,5473,1.0,0,10000,0.0,0,0.0,"{""budget"": 10000}"
device_0,0.875,1709,2.0,70.0,0.1,drop,48,16,3,0.19831,0.8770598020870867,0,10000,1000,P2,0.035504761093924274,3550.476109392427,0.1,10000,11,2471,5376,1.0,0,10000,0.0,0,0.0,"{""budget"": 10000}"
device_0,0.875,1710,2.0,70.0,0.1,drop,48,16,3,0.19668,0.8724656025657239,0,10000,1000,P2,0.035425970720106524,3542.5970720106525,0.1,10000,12,2466,5400,1.0,0,10000,0.0,0,0.0,"{""budget"": 10000}"
device_0,0.9375,1701,2.0,70.0,0.1,drop,48,16,3,0.20509,0.9402237906216514,0,10000,1000,P2,0.036337012711263356,3633.7012711263355,0.1,10000,13,2455,5300,1.0,0,10000,0.0,0,0.0,"{""budget"": 10000}"
device_0,0.9375,1702,2.0,70.0,0.1,drop,48,16,3,0.19366,0.9366016280001491,0,10000,1000,P2,0.03522409933141609,3522.409933141609,0.1,10000,14,2492,5058,1.0,0,10000,0.0,0,0.0,"{""budget"": 10000}"
device_0,0.9375,1703,2.0,70.0,0.1,drop,48,16,3,0.19489,0.9369055048961522,0,10000,1000,P2,0.03526839150175913,3526.839150175913,0.1,10000,15,2501,5052,1.0,0,10000,0.0,0,0.0,"{""budget"": 10000}"
device_0,0.9375,1704,2.0,70.0,0.1,drop,48,16,3,0.19999,0.9358099323716185,0,10000,1000,P2,0.035671091045981144,3567.1091045981148,0.1,10000,11,2482,5208,1.0,0,10000,0.0,0,0.0,"{""budget"": 10000}"
device_0,0.9375,1705,2.0,70.0,0.1,drop,48,16,3,0.19063,0.9374553760710133,0,10000,1000,P2,0.03487132622274144,3487.1326222741436,0.1,10000,14,2434,4945,1.0,0,10000,0.0,0,0.0,"{""budget"": 10000}"
device_0,0.9375,1706,2.0,70.0,0.1,drop,48,16,3,0.20144,0.9386428776611538,0,10000,1000,P2,0.03582520348729603,3582.520348729603,0.1,10000,10,2465,5226,1.0,0,10000,0.0,0,0.0,"{""budget"": 10000}"
device_0,0.9375,1707,2.0,70.0,0.1,drop,48,16,3,0.20073,0.9386652506542138,0,10000,1000,P2,0.03574224887321098,3574.2248873210983,0.1,10000,17,2475,5120,1.0,0,10000,0.0,0,0.0,"{""budget"": 10000}"
device_0,0.9375,1708,2.0,70.0,0.1,drop,48,16,3,0.19042,0.9350336658268497,0,10000,1000,P2,0.03487631715004533,3487.6317150045325,0.1,10000,15,2426,4947,1.0,0,10000,0.0,0,0.0,"{""budget"": 10000}"
device_0,0.9375,1709,2.0,70.0,0.1,drop,48,16,3,0.20214,0.9387695757970393,0,10000,1000,P2,0.03593459015555259,3593.4590155552587,0.1,10000,12,2443,5241,1.0,0,10000,0.0,0,0.0,"{""budget"": 10000}"
device_0,0.9375,1710,2.0,70.0,0.1,drop,48,16,3,0.20082,0.9338903427364145,0,10000,1000,P2,0.035763484022453315,3576.3484022453313,0.1,10000,13,2452,5247,1.0,0,10000,0.0,0,0.0,"{""budget"": 10000}"
device_0,0.975,1701,2.0,70.0,0.1,drop,48,16,3,0.20012,0.9750727182312047,0,10000,1000,P2,0.035785574640441895,3578.557464044189,0.1,10000,12,2458,5097,1.0,0,10000,0.0,0,0.0,"{""budget"": 10000}"
device_0,0.975,1702,2.0,70.0,0.1,drop,48,16,3,0.19762,0.9739220248349032,0,10000,1000,P2,0.035575601618393474,3557.5601618393475,0.1,10000,13,2477,4967,1.0,0,10000,0.0,0,0.0,"{""budget"": 10000}"
device_0,0.975,1703,2.0,70.0,0.1,drop,48,16,3,0.1984,0.975854682367182,0,10000,1000,P2,0.035601546208065854,3560.1546208065856,0.1,10000,13,2464,4988,1.0,0,10000,0.0,0,0.0,"{""budget"": 10000}"
device_0,0.975,1704,2.0,70.0,0.1,drop,48,16,3,0.19634,0.9733501805342133,0,10000,1000,P2,0.0353843110688823,3538.43110688823,0.1,10000,15,2450,4972,1.0,0,10000,0.0,0,0.0,"{""budget"": 10000}"
device_0,0.975,1705,2.0,70.0,0.1,drop,48,16,3,0.19493,0.9747974986214312,0,10000,1000,P2,0.03520954098049986,3520.954098049986,0.1,10000,12,2539,4953,1.0,0,10000,0.0,0,0.0,"{""budget"": 10000}"
device_0,0.975,1706,2.0,70.0,0.1,drop,48,16,3,0.203,0.9742259419786155,0,10000,1000,P2,0.0359576077649304,3595.76077649304,0.1,10000,12,2457,5158,1.0,0,10000,0.0,0,0.0,"{""budget"": 10000}"
device_0,0.975,1707,2.0,70.0,0.1,drop,48,16,3,0.20266,0.9738223967562294,0,10000,1000,P2,0.035998647874163535,3599.8647874163535,0.1,10000,12,2450,5072,1.0,0,10000,0.0,0,0.0,"{""budget"": 10000}"
device_0,0.975,1708,2.0,70.0,0.1,drop,48,16,3,0.19043,0.9746047948044175,0,10000,1000,P2,0.0347867150550342,3478.67150550342,0.1,10000,18,2504,4803,1.0,0,10000,0.0,0,0.0,"{""budget"": 10000}"
device_0,0.975,1709,2.0,70.0,0.1,drop,48,16,3,0.19294,0.9749540477640206,0,10000,1000,P2,0.035014139409345224,3501.4139409345225,0.1,10000,13,2520,4847,1.0,0,10000,0.0,0,0.0,"{""budget"": 10000}"
device_0,0.975,1710,2.0,70.0,0.1,drop,48,16,3,0.19779,0.9774683509778551,0,10000,1000,P2,0.0354518074782039,3545.18074782039,0.1,10000,13,2466,4890,1.0,0,10000,0.0,0,0.0,"{""budget"": 10000}"
device_0,0.0,1701,2.0,70.0,0.1,late,48,16,3,0.19936,-0.002661444942765865,0,10000,1000,P2,0.04575520977642916,4575.5209776429165,0.1,10000,4,896,8910,1.0,0,10000,0.0,0,0.0,"{""budget"": 10000}"
device_0,0.0,1702,2.0,70.0,0.1,late,48,16,3,0.20106,0.005830007599770396,0,10000,1000,P2,0.046021900000716216,4602.190000071621,0.1,10000,5,924,8883,1.0,0,10000,0.0,0,0.0,"{""budget"": 10000}"
device_0,0.0,1703,2.0,70.0,0.1,late,48,16,3,0.19952,0.005656351965683195,0,10000,1000,P2,0.04594335559860927,4594.335559860927,0.1,10000,4,871,8920,1.0,0,10000,0.0,0,0.0,"{""budget"": 10000}"
device_0,0.0,1704,2.0,70.0,0.1,late,48,16,3,0.20257,0.002457782015709934,0,10000,1000,P2,0.04615441344977778,4615.4413449777785,0.1,10000,4,896,8893,1.0,0,10000,0.0,0,0.0,"{""budget"": 10000}"
device_0,0.0,1705,2.0,70.0,0.1,late,48,16,3,0.20104,-0.004155617772998724,0,10000,1000,P2,0.04595701878989619,4595.701878989619,0.1,10000,4,885,8919,1.0,0,10000,0.0,0,0.0,"{""budget"": 10000}"
device_0,0.0,1706,2.0,70.0,0.1,late,48,16,3,0.20062,-0.0045443747273977144,0,10000,1000,P2,0.045907717411560196,4590.77174115602,0.1,10000,4,870,8930,1.0,0,10000,0.0,0,0.0,"{""budget"": 10000}"
device_0,0.0,1707,2.0,70.0,0.1,late,48,16,3,0.19896,0.001346027845602329,0,10000,1000,P2,0.04576860099870551,4576.860099870551,0.1,10000,5,885,8896,1.0,0,10000,0.0,0,0.0,"{""budget"": 10000}"
device_0,0.0,1708,2.0,70.0,0.1,late,48,16,3,0.19922,-0.001372807149175493,0,10000,1000,P2,0.04586728634097095,4586.728634097095,0.1,10000,5,948,8848,1.0,0,10000,0.0,0,0.0,"{""budget"": 10000}"
device_0,0.0,1709,2.0,70.0,0.1,late,48,16,3,0.20001,0.005034822885721277,0,10000,1000,P2,0.04585465329282144,4585.465329282144,0.1,10000,5,914,8889,1.0,0,10000,0.0,0,0.0,"{""budget"": 10000}"
device_0,0.0,1710,2.0,70.0,0.1,late,48,16,3,0.19848,0.0007247411049733544,0,10000,1000,P2,0.04569727136441213,4569.727136441213,0.1,10000,5,879,8928,1.0,0,10000,0.0,0,0.0,"{""budget"": 10000}"
device_0,0.375,1701,2.0,70.0,0.1,late,48,16,3,0.19773,0.37585282092426525,0,10000,1000,P2,0.04564234904007037,4564.234904007037,0.1,10000,7,1892,7413,1.0,0,10000,0.0,0,0.0,"{""budget"": 10000}"
device_0,0.375,1702,2.0,70.0,0.1,late,48,16,3,0.20083,0.3763938072575695,0,10000,1000,P2,0.045961163128635074,4596.116312863507,0.1,10000,7,1860,7444,1.0,0,10000,0.0,0,0.0,"{""budget"": 10000}"
device_0,0.375,1703,2.0,70.0,0.1,late,48,16,3,0.19949,0.3708761472322628,0,10000,1000,P2,0.04596102440739997,4596.102440739997,0.1,10000,10,1867,7425,1.0,0,10000,0.0,0,0.0,"{""budget"": 10000}"
device_0,0.375,1704,2.0,70.0,0.1,late,48,16,3,0.19956,0.37083454970073176,0,10000,1000,P2,0.045883805816606,4588.3805816606,0.1,10000,7,1805,7476,1.0,0,10000,0.0,0,0.0,"{""budget"": 10000}"
device_0,0.375,1705,2.0,70.0,0.1,late,48,16,3,0.1976,0.38054564128452917,0,10000,1000,P2,0.04571621878444265,4571.621878444265,0.1,10000,8,1880,7402,1.0,0,10000,0.0,0,0.0,"{""budget"": 10000}"
device_0,0.375,1706,2.0,70.0,0.1,late,48,16,3,0.19975,0.37847803043317246,0,10000,1000,P2,0.04585590910322682,4585.590910322682,0.1,10000,6,1871,7439,1.0,0,10000,0.0,0,0.0,"{""budget"": 10000}"
device_0,0.375,1707,2.0,70.0,0.1,late,48,16,3,0.19756,0.3714936166119789,0,10000,1000,P2,0.04570342883503082,4570.342883503082,0.1,10000,7,1903,7371,1.0,0,10000,0.0,0,0.0,"{""budget"": 10000}"
device_0,0.375,1708,2.0,70.0,0.1,late,48,16,3,0.19968,0.3728274067949136,0,10000,1000,P2,0.04589965903044068,4589.965903044068,0.1,10000,6,1818,7468,1.0,0,10000,0.0,0,0.0,"{""budget"": 10000}"
device_0,0.375,1709,2.0,70.0,0.1,late,48,16,3,0.20214,0.3789219763360735,0,10000,1000,P2,0.046197281627841286,4619.7281627841285,0.1,10000,7,1818,7465,1.0,0,10000,0.0,0,0.0,"{""budget"": 10000}"
device_0,0.375,1710,2.0,70.0,0.1,late,48,16,3,0.19842,0.37511826036297974,0,10000,1000,P2,0.04576027214114354,4576.027214114354,0.1,10000,9,1862,7422,1.0,0,10000,0.0,0,0.0,"{""budget"": 10000}"
device_0,0.75,1701,2.0,70.0,0.1,late,48,16,3,0.20817,0.7556341521150168,0,10000,1000,P2,0.046729430965422154,4672.943096542215,0.1,10000,9,2331,6112,1.0,0,10000,0.0,0,0.0,"{""budget"": 10000}"
device_0,0.75,1702,2.0,70.0,0.1,late,48,16,3,0.20244,0.7487885933421545,0,10000,1000,P2,0.04613567160902485,4613.567160902485,0.1,10000,12,2357,6005,1.0,0,10000,0.0,0,0.0,"{""budget"": 10000}"
device_0,0.75,1703,2.0,70.0,0.1,late,48,16,3,0.20102,0.7470900970852136,0,10000,1000,P2,0.046001970806805896,4600.197080680589,0.1,10000,10,2354,5974,1.0,0,10000,0.0,0,0.0,"{""budget"": 10000}"
device_0,0.75,1704,2.0,70.0,0.1,late,48,16,3,0.19715,0.7479806369104111,0,10000,1000,P2,0.0455711748022432,4557.11748022432,0.1,10000,10,2355,5903,1.0,0,10000,0.0,0,0.0,"{""budget"": 10000}"
device_0,0.75,1705,2.0,70.0,0.1,late,48,16,3,0.20494,0.7506431485678381,0,10000,1000,P2,0.04648395121441012,4648.395121441012,0.1,10000,10,2377,5969,1.0,0,10000,0.0,0,0.0,"{""budget"": 10000}"
device_0,0.75,1706,2.0,70.0,0.1,late,48,16,3,0.20282,0.7537784223147826,0,10000,1000,P2,0.0460532980597255,4605.32980597255,0.1,10000,11,2380,5926,1.0,0,10000,0.0,0,0.0,"{""budget"": 10000}"
device_0,0.75,1707,2.0,70.0,0.1,late,48,16,3,0.20138,0.7431906944181493,0,10000,1000,P2,0.04616099799191445,4616.099799191445,0.1,10000,11,2404,5967,1.0,0,10000,0.0,0,0.0,"{""budget"": 10000}"
device_0,0.75,1708,2.0,70.0,0.1,late,48,16,3,0.20034,0.7475350990705809,0,10000,1000,P2,0.04578656090597834,4578.656090597834,0.1,10000,10,2344,5960,1.0,0,10000,0.0,0,0.0,"{""budget"": 10000}"
device_0,0.75,1709,2.0,70.0,0.1,late,48,16,3,0.20613,0.7542776800152501,0,10000,1000,P2,0.04653080707319432,4653.080707319432,0.1,10000,10,2346,6032,1.0,0,10000,0.0,0,0.0,"{""budget"": 10000}"
device_0,0.75,1710,2.0,70.0,0.1,late,48,16,3,0.20286,0.74728584709585,0,10000,1000,P2,0.0461398941595627,4613.98941595627,0.1,10000,12,2377,6050,1.0,0,10000,0.0,0,0.0,"{""budget"": 10000}"
device_0,0.875,1701,2.0,70.0,0.1,late,48,16,3,0.20249,0.8763990178082249,0,10000,1000,P2,0.04611050036497117,4611.050036497117,0.1,10000,10,2423,5464,1.0,0,10000,0.0,0,0.0,"{""budget"": 10000}"
device_0,0.875,1702,2.0,70.0,0.1,late,48,16,3,0.19703,0.8759866636367837,0,10000,1000,P2,0.04556913792841141,4556.913792841141,0.1,10000,13,2464,5333,1.0,0,10000,0.0,0,0.0,"{""budget"": 10000}"
device_0,0.875,1703,2.0,70.0,0.1,late,48,16,3,0.20238,0.8773687974569232,0,10000,1000,P2,0.0461139697931537,4611.39697931537,0.1,10000,11,2461,5479,1.0,0,10000,0.0,0,0.0,"{""budget"": 10000}"
device_0,0.875,1704,2.0,70.0,0.1,late,48,16,3,0.19663,0.8771256568671042,0,10000,1000,P2,0.04561193093520907,4561.1930935209075,0.1,10000,17,2530,5343,1.0,0,10000,0.0,0,0.0,"{""budget"": 10000}"
device_0,0.875,1705,2.0,70.0,0.1,late,48,16,3,0.20133,0.8756186617053834,0,10000,1000,P2,0.04599190700956189,4599.190700956189,0.1,10000,10,2479,5566,1.0,0,10000,0.0,0,0.0,"{""budget"": 10000}"
device_0,0.875,1706,2.0,70.0,0.1,late,48,16,3,0.19605,0.8731077294363513,0,10000,1000,P2,0.045503608566483875,4550.360856648387,0.1,10000,10,2430,5408,1.0,0,10000,0.0,0,0.0,"{""budget"": 10000}"
device_0,0.875,1707,2.0,70.0,0.1,late,48,16,3,0.2,0.8774036452681541,0,10000,1000,P2,0.04589070918268318,4589.070918268319,0.1,10000,11,2445,5474,1.0,0,10000,0.0,0,0.0,"{""budget"": 10000}"
device_0,0.875,1708,2.0,70.0,0.1,late,48,16,3,0.20258,0.87442580026271,0,10000,1000,P2,0.04617073706275905,4617.073706275905,0.1,10000,10,2425,5493,1.0,0,10000,0.0,0,0.0,"{""budget"": 10000}"
device_0,0.875,1709,2.0,70.0,0.1,late,48,16,3,0.19831,0.8770598020870867,0,10000,1000,P2,0.04562685528172873,4562.685528172873,0.1,10000,12,2456,5399,1.0,0,10000,0.0,0,0.0,"{""budget"": 10000}"
device_0,0.875,1710,2.0,70.0,0.1,late,48,16,3,0.19668,0.8724656025657239,0,10000,1000,P2,0.04558496680011134,4558.496680011134,0.1,10000,11,2416,5402,1.0,0,10000,0.0,0,0.0,"{""budget"": 10000}"
device_0,0.9375,1701,2.0,70.0,0.1,late,48,16,3,0.20509,0.9402237906216514,0,10000,1000,P2,0.04651360705219363,4651.360705219363,0.1,10000,13,2468,5363,1.0,0,10000,0.0,0,0.0,"{""budget"": 10000}"
device_0,0.9375,1702,2.0,70.0,0.1,late,48,16,3,0.19366,0.9366016280001491,0,10000,1000,P2,0.045385984481704306,4538.598448170431,0.1,10000,16,2459,5118,1.0,0,10000,0.0,0,0.0,"{""budget"": 10000}"
device_0,0.9375,1703,2.0,70.0,0.1,late,48,16,3,0.19489,0.9369055048961522,0,10000,1000,P2,0.04540966077535934,4540.966077535933,0.1,10000,17,2455,5130,1.0,0,10000,0.0,0,0.0,"{""budget"": 10000}"
device_0,0.9375,1704,2.0,70.0,0.1,late,48,16,3,0.19999,0.9358099323716185,0,10000,1000,P2,0.04583985234833381,4583.985234833381,0.1,10000,14,2483,5166,1.0,0,10000,0.0,0,0.0,"{""budget"": 10000}"
device_0,0.9375,1705,2.0,70.0,0.1,late,48,16,3,0.19063,0.9374553760710133,0,10000,1000,P2,0.04501473896990125,4501.473896990125,0.1,10000,11,2448,4988,1.0,0,10000,0.0,0,0.0,"{""budget"": 10000}"
device_0,0.9375,1706,2.0,70.0,0.1,late,48,16,3,0.20144,0.9386428776611538,0,10000,1000,P2,0.04598163805002734,4598.163805002734,0.1,10000,12,2486,5286,1.0,0,10000,0.0,0,0.0,"{""budget"": 10000}"
device_0,0.9375,1707,2.0,70.0,0.1,late,48,16,3,0.20073,0.9386652506542138,0,10000,1000,P2,0.045904195644749436,4590.419564474943,0.1,10000,19,2429,5170,1.0,0,10000,0.0,0,0.0,"{""budget"": 10000}"
device_0,0.9375,1708,2.0,70.0,0.1,late,48,16,3,0.19042,0.9350336658268497,0,10000,1000,P2,0.04499511548630674,4499.511548630674,0.1,10000,17,2523,4930,1.0,0,10000,0.0,0,0.0,"{""budget"": 10000}"
device_0,0.9375,1709,2.0,70.0,0.1,late,48,16,3,0.20214,0.9387695757970393,0,10000,1000,P2,0.046102957382992825,4610.295738299283,0.1,10000,12,2510,5228,1.0,0,10000,0.0,0,0.0,"{""budget"": 10000}"
device_0,0.9375,1710,2.0,70.0,0.1,late,48,16,3,0.20082,0.9338903427364145,0,10000,1000,P2,0.04591404426859147,4591.404426859147,0.1,10000,17,2483,5198,1.0,0,10000,0.0,0,0.0,"{""budget"": 10000}"
device_0,0.975,1701,2.0,70.0,0.1,late,48,16,3,0.20012,0.9750727182312047,0,10000,1000,P2,0.0459323818014879,4593.23818014879,0.1,10000,12,2507,5065,1.0,0,10000,0.0,0,0.0,"{""budget"": 10000}"
device_0,0.975,1702,2.0,70.0,0.1,late,48,16,3,0.19762,0.9739220248349032,0,10000,1000,P2,0.04574384115740642,4574.384115740642,0.1,10000,15,2414,4993,1.0,0,10000,0.0,0,0.0,"{""budget"": 10000}"
device_0,0.975,1703,2.0,70.0,0.1,late,48,16,3,0.1984,0.975854682367182,0,10000,1000,P2,0.04574069267684427,4574.069267684426,0.1,10000,14,2447,4977,1.0,0,10000,0.0,0,0.0,"{""budget"": 10000}"
device_0,0.975,1704,2.0,70.0,0.1,late,48,16,3,0.19634,0.9733501805342133,0,10000,1000,P2,0.045533340861694166,4553.334086169417,0.1,10000,12,2467,4932,1.0,0,10000,0.0,0,0.0,"{""budget"": 10000}"
device_0,0.975,1705,2.0,70.0,0.1,late,48,16,3,0.19493,0.9747974986214312,0,10000,1000,P2,0.045348198423980336,4534.819842398034,0.1,10000,12,2512,4952,1.0,0,10000,0.0,0,0.0,"{""budget"": 10000}"
device_0,0.975,1706,2.0,70.0,0.1,late,48,16,3,0.203,0.9742259419786155,0,10000,1000,P2,0.04614685990033098,4614.685990033098,0.1,10000,11,2485,5171,1.0,0,10000,0.0,0,0.0,"{""budget"": 10000}"
device_0,0.975,1707,2.0,70.0,0.1,late,48,16,3,0.20266,0.9738223967562294,0,10000,1000,P2,0.04616586373933788,4616.586373933787,0.1,10000,13,2436,5042,1.0,0,10000,0.0,0,0.0,"{""budget"": 10000}"
device_0,0.975,1708,2.0,70.0,0.1,late,48,16,3,0.19043,0.9746047948044175,0,10000,1000,P2,0.04490852331089388,4490.852331089388,0.1,10000,13,2493,4855,1.0,0,10000,0.0,0,0.0,"{""budget"": 10000}"
device_0,0.975,1709,2.0,70.0,0.1,late,48,16,3,0.19294,0.9749540477640206,0,10000,1000,P2,0.045120347254835214,4512.0347254835215,0.1,10000,13,2483,4906,1.0,0,10000,0.0,0,0.0,"{""budget"": 10000}"
device_0,0.975,1710,2.0,70.0,0.1,late,48,16,3,0.19779,0.9774683509778551,0,10000,1000,P2,0.04560318947217423,4560.318947217424,0.1,10000,13,2446,4925,1.0,0,10000,0.0,0,0.0,"{""budget"": 10000}"
device_0,0.0,1701,2.0,70.0,0.15,drop,48,16,3,0.19936,-0.002661444942765865,0,15000,1000,P2,0.028709720192667446,2870.9720192667446,0.15,15000,5,1839,12700,1.0,0,15000,0.0,0,0.0,"{""budget"": 15000}"
device_0,0.0,1702,2.0,70.0,0.15,drop,48,16,3,0.20106,0.005830007599770396,0,15000,1000,P2,0.028934411302248574,2893.4411302248573,0.15,15000,6,1981,12523,1.0,0,15000,0.0,0,0.0,"{""budget"": 15000}"
device_0,0.0,1703,2.0,70.0,0.15,drop,48,16,3,0.19952,0.005656351965683195,0,15000,1000,P2,0.02885074703117457,2885.074703117457,0.15,15000,5,1946,12546,1.0,0,15000,0.0,0,0.0,"{""budget"": 15000}"
device_0,0.0,1704,2.0,70.0,0.15,drop,48,16,3,0.20257,0.002457782015709934,0,15000,1000,P2,0.029076561981185335,2907.6561981185337,0.15,15000,5,1938,12573,1.0,0,15000,0.0,0,0.0,"{""budget"": 15000}"
device_0,0.0,1705,2.0,70.0,0.15,drop,48,16,3,0.20104,-0.004155617772998724,0,15000,1000,P2,0.028866793899379177,2886.6793899379177,0.15,15000,6,1897,12629,1.0,0,15000,0.0,0,0.0,"{""budget"": 15000}"
device_0,0.0,1706,2.0,70.0,0.15,drop,48,16,3,0.20062,-0.0045443747273977144,0,15000,1000,P2,0.028807902325552154,2880.7902325552154,0.15,15000,6,1866,12674,1.0,0,15000,0.0,0,0.0,"{""budget"": 15000}"
device_0,0.0,1707,2.0,70.0,0.15,drop,48,16,3,0.19896,0.001346027845602329,0,15000,1000,P2,0.028721028706023635,2872.1028706023635,0.15,15000,6,1854,12630,1.0,0,15000,0.0,0,0.0,"{""budget"": 15000}"
device_0,0.0,1708,2.0,70.0,0.15,drop,48,16,3,0.19922,-0.001372807149175493,0,15000,1000,P2,0.028771794699513912,2877.179469951391,0.15,15000,6,1864,12642,1.0,0,15000,0.0,0,0.0,"{""budget"": 15000}"
device_0,0.0,1709,2.0,70.0,0.15,drop,48,16,3,0.20001,0.005034822885721277,0,15000,1000,P2,0.028788402099637934,2878.8402099637933,0.15,15000,6,1921,12605,1.0,0,15000,0.0,0,0.0,"{""budget"": 15000}"
device_0,0.0,1710,2.0,70.0,0.15,drop,48,16,3,0.19848,0.0007247411049733544,0,15000,1000,P2,0.028641178924283632,2864.117892428363,0.15,15000,5,1892,12667,1.0,0,15000,0.0,0,0.0,"{""budget"": 15000}"
device_0,0.375,1701,2.0,70.0,0.15,drop,48,16,3,0.19773,0.37585282092426525,0,15000,1000,P2,0.028610348039964643,2861.0348039964642,0.15,15000,11,3524,9237,1.0,0,15000,0.0,0,0.0,"{""budget"": 15000}"
device_0,0.375,1702,2.0,70.0,0.15,drop,48,16,3,0.20083,0.3763938072575695,0,15000,1000,P2,0.028889974983508492,2888.997498350849,0.15,15000,11,3466,9280,1.0,0,15000,0.0,0,0.0,"{""budget"": 15000}"
device_0,0.375,1703,2.0,70.0,0.15,drop,48,16,3,0.19949,0.3708761472322628,0,15000,1000,P2,0.02885416505843038,2885.416505843038,0.15,15000,12,3437,9321,1.0,0,15000,0.0,0,0.0,"{""budget"": 15000}"
device_0,0.375,1704,2.0,70.0,0.15,drop,48,16,3,0.19956,0.37083454970073176,0,15000,1000,P2,0.02880496096686056,2880.4960966860563,0.15,15000,10,3478,9274,1.0,0,15000,0.0,0,0.0,"{""budget"": 15000}"
device_0,0.375,1705,2.0,70.0,0.15,drop,48,16,3,0.1976,0.38054564128452917,0,15000,1000,P2,0.02862450606334156,2862.450606334156,0.15,15000,12,3520,9213,1.0,0,15000,0.0,0,0.0,"{""budget"": 15000}"
device_0,0.375,1706,2.0,70.0,0.15,drop,48,16,3,0.19975,0.37847803043317246,0,15000,1000,P2,0.028773793182584006,2877.3793182584004,0.15,15000,9,3522,9260,1.0,0,15000,0.0,0,0.0,"{""budget"": 15000}"
device_0,0.375,1707,2.0,70.0,0.15,drop,48,16,3,0.19756,0.3714936166119789,0,15000,1000,P2,0.028661132822884173,2866.1132822884174,0.15,15000,9,3476,9349,1.0,0,15000,0.0,0,0.0,"{""budget"": 15000}"
device_0,0.375,1708,2.0,70.0,0.15,drop,48,16,3,0.19968,0.3728274067949136,0,15000,1000,P2,0.028859919304059276,2885.9919304059276,0.15,15000,10,3424,9330,1.0,0,15000,0.0,0,0.0,"{""budget"": 15000}"
device_0,0.375,1709,2.0,70.0,0.15,drop,48,16,3,0.20214,0.3789219763360735,0,15000,1000,P2,0.02904637471326975,2904.6374713269747,0.15,15000,10,3461,9266,1.0,0,15000,0.0,0,0.0,"{""budget"": 15000}"
device_0,0.375,1710,2.0,70.0,0.15,drop,48,16,3,0.19842,0.37511826036297974,0,15000,1000,P2,0.02866347356611775,2866.347356611775,0.15,15000,8,3463,9274,1.0,0,15000,0.0,0,0.0,"{""budget"": 15000}"
device_0,0.75,1701,2.0,70.0,0.15,drop,48,16,3,0.20817,0.7556341521150168,0,15000,1000,P2,0.029598693408615637,2959.8693408615636,0.15,15000,18,3660,6199,1.0,0,15000,0.0,0,0.0,"{""budget"": 15000}"
device_0,0.75,1702,2.0,70.0,0.15,drop,48,16,3,0.20244,0.7487885933421545,0,15000,1000,P2,0.029006341367923832,2900.6341367923833,0.15,15000,15,3592,6076,1.0,0,15000,0.0,0,0.0,"{""budget"": 15000}"
device_0,0.75,1703,2.0,70.0,0.15,drop,48,16,3,0.20102,0.7470900970852136,0,15000,1000,P2,0.028905170807939966,2890.5170807939967,0.15,15000,17,3637,6035,1.0,0,15000,0.0,0,0.0,"{""budget"": 15000}"
device_0,0.75,1704,2.0,70.0,0.15,drop,48,16,3,0.19715,0.7479806369104111,0,15000,1000,P2,0.02852186768512559,2852.186768512559,0.15,15000,19,3504,5844,1.0,0,15000,0.0,0,0.0,"{""budget"": 15000}"
device_0,0.75,1705,2.0,70.0,0.15,drop,48,16,3,0.20494,0.7506431485678381,0,15000,1000,P2,0.029325946822014202,2932.5946822014203,0.15,15000,23,3584,6118,1.0,0,15000,0.0,0,0.0,"{""budget"": 15000}"
device_0,0.75,1706,2.0,70.0,0.15,drop,48,16,3,0.20282,0.7537784223147826,0,15000,1000,P2,0.02899752070880623,2899.7520708806233,0.15,15000,17,3571,5993,1.0,0,15000,0.0,0,0.0,"{""budget"": 15000}"
device_0,0.75,1707,2.0,70.0,0.15,drop,48,16,3,0.20138,0.7431906944181493,0,15000,1000,P2,0.02903489488639366,2903.489488639366,0.15,15000,19,3574,6064,1.0,0,15000,0.0,0,0.0,"{""budget"": 15000}"
device_0,0.75,1708,2.0,70.0,0.15,drop,48,16,3,0.20034,0.7475350990705809,0,15000,1000,P2,0.028741092296506766,2874.1092296506768,0.15,15000,20,3570,6030,1.0,0,15000,0.0,0,0.0,"{""budget"": 15000}"
device_0,0.75,1709,2.0,70.0,0.15,drop,48,16,3,0.20613,0.7542776800152501,0,15000,1000,P2,0.029414470070036818,2941.447007003682,0.15,15000,19,3603,6149,1.0,0,15000,0.0,0,0.0,"{""budget"": 15000}"
device_0,0.75,1710,2.0,70.0,0.15,drop,48,16,3,0.20286,0.74728584709585,0,15000,1000,P2,0.029029239733489386,2902.9239733489385,0.15,15000,17,3609,6108,1.0,0,15000,0.0,0,0.0,"{""budget"": 15000}"
device_0,0.875,1701,2.0,70.0,0.15,drop,48,16,3,0.20249,0.8763990178082249,0,15000,1000,P2,0.029016358971231393,2901.6358971231393,0.15,15000,19,3270,4941,1.0,0,15000,0.0,0,0.0,"{""budget"": 15000}"
device_0,0.875,1702,2.0,70.0,0.15,drop,48,16,3,0.19703,0.8759866636367837,0,15000,1000,P2,0.028544993979351365,2854.4993979351366,0.15,15000,23,3209,4670,1.0,0,15000,0.0,0,0.0,"{""budget"": 15000}"
device_0,0.875,1703,2.0,70.0,0.15,drop,48,16,3,0.20238,0.8773687974569232,0,15000,1000,P2,0.028998316815084208,2899.831681508421,0.15,15000,29,3248,4945,1.0,0,15000,0.0,0,0.0,"{""budget"": 15000}"
device_0,0.875,1704,2.0,70.0,0.15,drop,48,16,3,0.19663,0.8771256568671042,0,15000,1000,P2,0.02857042915347187,2857.042915347187,0.15,15000,24,3183,4608,1.0,0,15000,0.0,0,0.0,"{""budget"": 15000}"
device_0,0.875,1705,2.0,70.0,0.15,drop,48,16,3,0.20133,0.8756186617053834,0,15000,1000,P2,0.028913642510279204,2891.3642510279205,0.15,15000,20,3330,4924,1.0,0,15000,0.0,0,0.0,"{""budget"": 15000}"
device_0,0.875,1706,2.0,70.0,0.15,drop,48,16,3,0.19605,0.8731077294363513,0,15000,1000,P2,0.028430861770028404,2843.0861770028405,0.15,15000,24,3159,4660,1.0,0,15000,0.0,0,0.0,"{""budget"": 15000}"
device_0,0.875,1707,2.0,70.0,0.15,drop,48,16,3,0.2,0.8774036452681541,0,15000,1000,P2,0.02880857701764703,2880.857701764703,0.15,15000,23,3256,4784,1.0,0,15000,0.0,0,0.0,"{""budget"": 15000}"
device_0,0.875,1708,2.0,70.0,0.15,drop,48,16,3,0.20258,0.87442580026271,0,15000,1000,P2,0.02902018542023744,2902.018542023744,0.15,15000,21,3312,4981,1.0,0,15000,0.0,0,0.0,"{""budget"": 15000}"
device_0,0.875,1709,2.0,70.0,0.15,drop,48,16,3,0.19831,0.8770598020870867,0,15000,1000,P2,0.0286050115024819,2860.50115024819,0.15,15000,29,3198,4695,1.0,0,15000,0.0,0,0.0,"{""budget"": 15000}"
device_0,0.875,1710,2.0,70.0,0.15,drop,48,16,3,0.19668,0.8724656025657239,0,15000,1000,P2,0.0285270610815078,2852.70610815078,0.15,15000,20,3233,4715,1.0,0,15000,0.0,0,0.0,"{""budget"": 15000}"
device_0,0.9375,1701,2.0,70.0,0.15,drop,48,16,3,0.20509,0.9402237906216514,0,15000,1000,P2,0.029391102392669028,2939.1102392669027,0.15,15000,21,3172,4503,1.0,0,15000,0.0,0,0.0,"{""budget"": 15000}"
device_0,0.9375,1702,2.0,70.0,0.15,drop,48,16,3,0.19366,0.9366016280001491,0,15000,1000,P2,0.028330546194865275,2833.0546194865274,0.15,15000,24,2880,3947,1.0,0,15000,0.0,0,0.0,"{""budget"": 15000}"
device_0,0.9375,1703,2.0,70.0,0.15,drop,48,16,3,0.19489,0.9369055048961522,0,15000,1000,P2,0.028379345673796793,2837.9345673796793,0.15,15000,24,2926,4011,1.0,0,15000,0.0,0,0.0,"{""budget"": 15000}"
device_0,0.9375,1704,2.0,70.0,0.15,drop,48,16,3,0.19999,0.9358099323716185,0,15000,1000,P2,0.02875430319869898,2875.430319869898,0.15,15000,29,3043,4293,1.0,0,15000,0.0,0,0.0,"{""budget"": 15000}"
device_0,0.9375,1705,2.0,70.0,0.15,drop,48,16,3,0.19063,0.9374553760710133,0,15000,1000,P2,0.027994183021751096,2799.4183021751096,0.15,15000,38,2774,3787,1.0,0,15000,0.0,0,0.0,"{""budget"": 15000}"
device_0,0.9375,1706,2.0,70.0,0.15,drop,48,16,3,0.20144,0.9386428776611538,0,15000,1000,P2,0.028908351251156966,2890.8351251156964,0.15,15000,27,3075,4359,1.0,0,15000,0.0,0,0.0,"{""budget"": 15000}"
device_0,0.9375,1707,2.0,70.0,0.15,drop,48,16,3,0.20073,0.9386652506542138,0,15000,1000,P2,0.028828222881037945,2882.8222881037946,0.15,15000,29,3042,4282,1.0,0,15000,0.0,0,0.0,"{""budget"": 15000}"
device_0,0.9375,1708,2.0,70.0,0.15,drop,48,16,3,0.19042,0.9350336658268497,0,15000,1000,P2,0.028004048021208046,2800.4048021208046,0.15,15000,49,2809,3756,1.0,0,15000,0.0,0,0.0,"{""budget"": 15000}"
device_0,0.9375,1709,2.0,70.0,0.15,drop,48,16,3,0.20214,0.9387695757970393,0,15000,1000,P2,0.02901025594621149,2901.025594621149,0.15,15000,23,3091,4364,1.0,0,15000,0.0,0,0.0,"{""budget"": 15000}"
device_0,0.9375,1710,2.0,70.0,0.15,drop,48,16,3,0.20082,0.9338903427364145,0,15000,1000,P2,0.028845617676786037,2884.5617676786037,0.15,15000,22,3093,4389,1.0,0,15000,0.0,0,0.0,"{""budget"": 15000}"
device_0,0.975,1701,2.0,70.0,0.15,drop,48,16,3,0.20012,0.9750727182312047,0,15000,1000,P2,0.028868153565299485,2886.8153565299485,0.15,15000,36,2894,3974,1.0,0,15000,0.0,0,0.0,"{""budget"": 15000}"
device_0,0.975,1702,2.0,70.0,0.15,drop,48,16,3,0.19762,0.9739220248349032,0,15000,1000,P2,0.028665762144144045,2866.5762144144046,0.15,15000,30,2852,3825,1.0,0,15000,0.0,0,0.0,"{""budget"": 15000}"
device_0,0.975,1703,2.0,70.0,0.15,drop,48,16,3,0.1984,0.975854682367182,0,15000,1000,P2,0.0286920107795511,2869.20107795511,0.15,15000,25,2868,3884,1.0,0,15000,0.0,0,0.0,"{""budget"": 15000}"
device_0,0.975,1704,2.0,70.0,0.15,drop,48,16,3,0.19634,0.9733501805342133,0,15000,1000,P2,0.028483461963439195,2848.3461963439195,0.15,15000,40,2811,3746,1.0,0,15000,0.0,0,0.0,"{""budget"": 15000}"
device_0,0.975,1705,2.0,70.0,0.15,drop,48,16,3,0.19493,0.9747974986214312,0,15000,1000,P2,0.028319110237698,2831.9110237698,0.15,15000,30,2732,3635,1.0,0,15000,0.0,0,0.0,"{""budget"": 15000}"
device_0,0.975,1706,2.0,70.0,0.15,drop,48,16,3,0.203,0.9742259419786155,0,15000,1000,P2,0.029022543629367955,2902.2543629367956,0.15,15000,28,2950,4134,1.0,0,15000,0.0,0,0.0,"{""budget"": 15000}"
device_0,0.975,1707,2.0,70.0,0.15,drop,48,16,3,0.20266,0.9738223967562294,0,15000,1000,P2,0.02906764113499141,2906.764113499141,0.15,15000,29,2893,4080,1.0,0,15000,0.0,0,0.0,"{""budget"": 15000}"
device_0,0.975,1708,2.0,70.0,0.15,drop,48,16,3,0.19043,0.9746047948044175,0,15000,1000,P2,0.027922708243740994,2792.2708243740994,0.15,15000,34,2608,3363,1.0,0,15000,0.0,0,0.0,"{""budget"": 15000}"
device_0,0.975,1709,2.0,70.0,0.15,drop,48,16,3,0.19294,0.9749540477640206,0,15000,1000,P2,0.028140507420403027,2814.050742040303,0.15,15000,27,2684,3518,1.0,0,15000,0.0,0,0.0,"{""budget"": 15000}"
device_0,0.975,1710,2.0,70.0,0.15,drop,48,16,3,0.19779,0.9774683509778551,0,15000,1000,P2,0.02855472097778912,2855.472097778912,0.15,15000,33,2806,3761,1.0,0,15000,0.0,0,0.0,"{""budget"": 15000}"
device_0,0.0,1701,2.0,70.0,0.15,late,48,16,3,0.19936,-0.002661444942765865,0,15000,1000,P2,0.04349459421564438,4349.459421564438,0.15,15000,6,1839,12691,1.0,0,15000,0.0,0,0.0,"{""budget"": 15000}"
device_0,0.0,1702,2.0,70.0,0.15,late,48,16,3,0.20106,0.005830007599770396,0,15000,1000,P2,0.04371068073017587,4371.068073017587,0.15,15000,6,1973,12531,1.0,0,15000,0.0,0,0.0,"{""budget"": 15000}"
device_0,0.0,1703,2.0,70.0,0.15,late,48,16,3,0.19952,0.005656351965683195,0,15000,1000,P2,0.043649124600492056,4364.912460049206,0.15,15000,5,1949,12540,1.0,0,15000,0.0,0,0.0,"{""budget"": 15000}"
device_0,0.0,1704,2.0,70.0,0.15,late,48,16,3,0.20257,0.002457782015709934,0,15000,1000,P2,0.04383123528764314,4383.123528764314,0.15,15000,5,1939,12572,1.0,0,15000,0.0,0,0.0,"{""budget"": 15000}"
device_0,0.0,1705,2.0,70.0,0.15,late,48,16,3,0.20104,-0.004155617772998724,0,15000,1000,P2,0.0436610967920198,4366.10967920198,0.15,15000,7,1917,12616,1.0,0,15000,0.0,0,0.0,"{""budget"": 15000}"
device_0,0.0,1706,2.0,70.0,0.15,late,48,16,3,0.20062,-0.0045443747273977144,0,15000,1000,P2,0.04362581687908123,4362.581687908123,0.15,15000,5,1848,12684,1.0,0,15000,0.0,0,0.0,"{""budget"": 15000}"
device_0,0.0,1707,2.0,70.0,0.15,late,48,16,3,0.19896,0.001346027845602329,0,15000,1000,P2,0.04349465747960281,4349.465747960281,0.15,15000,6,1818,12655,1.0,0,15000,0.0,0,0.0,"{""budget"": 15000}"
device_0,0.0,1708,2.0,70.0,0.15,late,48,16,3,0.19922,-0.001372807149175493,0,15000,1000,P2,0.043580913675299614,4358.091367529962,0.15,15000,5,1922,12569,1.0,0,15000,0.0,0,0.0,"{""budget"": 15000}"
device_0,0.0,1709,2.0,70.0,0.15,late,48,16,3,0.20001,0.005034822885721277,0,15000,1000,P2,0.04357706857285193,4357.706857285193,0.15,15000,6,1939,12596,1.0,0,15000,0.0,0,0.0,"{""budget"": 15000}"
device_0,0.0,1710,2.0,70.0,0.15,late,48,16,3,0.19848,0.0007247411049733544,0,15000,1000,P2,0.04342513836911094,4342.513836911094,0.15,15000,6,1892,12639,1.0,0,15000,0.0,0,0.0,"{""budget"": 15000}"
device_0,0.375,1701,2.0,70.0,0.15,late,48,16,3,0.19773,0.37585282092426525,0,15000,1000,P2,0.04337542110130027,4337.542110130027,0.15,15000,10,3562,9217,1.0,0,15000,0.0,0,0.0,"{""budget"": 15000}"
device_0,0.375,1702,2.0,70.0,0.15,late,48,16,3,0.20083,0.3763938072575695,0,15000,1000,P2,0.04366845067732585,4366.845067732585,0.15,15000,10,3481,9288,1.0,0,15000,0.0,0,0.0,"{""budget"": 15000}"
device_0,0.375,1703,2.0,70.0,0.15,late,48,16,3,0.19949,0.3708761472322628,0,15000,1000,P2,0.043662809389559305,4366.280938955931,0.15,15000,10,3490,9344,1.0,0,15000,0.0,0,0.0,"{""budget"": 15000}"
device_0,0.375,1704,2.0,70.0,0.15,late,48,16,3,0.19956,0.37083454970073176,0,15000,1000,P2,0.04359521216845846,4359.521216845846,0.15,15000,10,3477,9270,1.0,0,15000,0.0,0,0.0,"{""budget"": 15000}"
device_0,0.375,1705,2.0,70.0,0.15,late,48,16,3,0.1976,0.38054564128452917,0,15000,1000,P2,0.04344682831608647,4344.682831608647,0.15,15000,10,3530,9175,1.0,0,15000,0.0,0,0.0,"{""budget"": 15000}"
device_0,0.375,1706,2.0,70.0,0.15,late,48,16,3,0.19975,0.37847803043317246,0,15000,1000,P2,0.04358036361322962,4358.036361322962,0.15,15000,9,3545,9186,1.0,0,15000,0.0,0,0.0,"{""budget"": 15000}"
device_0,0.375,1707,2.0,70.0,0.15,late,48,16,3,0.19756,0.3714936166119789,0,15000,1000,P2,0.043425232807638686,4342.523280763869,0.15,15000,10,3443,9300,1.0,0,15000,0.0,0,0.0,"{""budget"": 15000}"
device_0,0.375,1708,2.0,70.0,0.15,late,48,16,3,0.19968,0.3728274067949136,0,15000,1000,P2,0.04358315940465451,4358.315940465451,0.15,15000,9,3413,9363,1.0,0,15000,0.0,0,0.0,"{""budget"": 15000}"
device_0,0.375,1709,2.0,70.0,0.15,late,48,16,3,0.20214,0.3789219763360735,0,15000,1000,P2,0.0438823761383197,4388.23761383197,0.15,15000,10,3433,9307,1.0,0,15000,0.0,0,0.0,"{""budget"": 15000}"
device_0,0.375,1710,2.0,70.0,0.15,late,48,16,3,0.19842,0.37511826036297974,0,15000,1000,P2,0.04349346010425504,4349.346010425504,0.15,15000,9,3466,9269,1.0,0,15000,0.0,0,0.0,"{""budget"": 15000}"
device_0,0.75,1701,2.0,70.0,0.15,late,48,16,3,0.20817,0.7556341521150168,0,15000,1000,P2,0.04436618178632197,4436.618178632197,0.15,15000,16,3617,6250,1.0,0,15000,0.0,0,0.0,"{""budget"": 15000}"
device_0,0.75,1702,2.0,70.0,0.15,late,48,16,3,0.20244,0.7487885933421545,0,15000,1000,P2,0.04383369181888423,4383.369181888424,0.15,15000,18,3600,6028,1.0,0,15000,0.0,0,0.0,"{""budget"": 15000}"
device_0,0.75,1703,2.0,70.0,0.15,late,48,16,3,0.20102,0.7470900970852136,0,15000,1000,P2,0.04370960262205359,4370.960262205359,0.15,15000,18,3568,6015,1.0,0,15000,0.0,0,0.0,"{""budget"": 15000}"
device_0,0.75,1704,2.0,70.0,0.15,late,48,16,3,0.19715,0.7479806369104111,0,15000,1000,P2,0.043326125022682536,4332.612502268254,0.15,15000,18,3513,5851,1.0,0,15000,0.0,0,0.0,"{""budget"": 15000}"
device_0,0.75,1705,2.0,70.0,0.15,late,48,16,3,0.20494,0.7506431485678381,0,15000,1000,P2,0.04414615294396646,4414.615294396646,0.15,15000,17,3642,6131,1.0,0,15000,0.0,0,0.0,"{""budget"": 15000}"
device_0,0.75,1706,2.0,70.0,0.15,late,48,16,3,0.20282,0.7537784223147826,0,15000,1000,P2,0.04373709138698192,4373.709138698192,0.15,15000,20,3593,6035,1.0,0,15000,0.0,0,0.0,"{""budget"": 15000}"
device_0,0.75,1707,2.0,70.0,0.15,late,48,16,3,0.20138,0.7431906944181493,0,15000,1000,P2,0.043855476098168714,4385.547609816871,0.15,15000,17,3618,6053,1.0,0,15000,0.0,0,0.0,"{""budget"": 15000}"
device_0,0.75,1708,2.0,70.0,0.15,late,48,16,3,0.20034,0.7475350990705809,0,15000,1000,P2,0.0434977207964691,4349.77207964691,0.15,15000,17,3521,5983,1.0,0,15000,0.0,0,0.0,"{""budget"": 15000}"
device_0,0.75,1709,2.0,70.0,0.15,late,48,16,3,0.20613,0.7542776800152501,0,15000,1000,P2,0.04418533888975304,4418.533888975304,0.15,15000,17,3584,6108,1.0,0,15000,0.0,0,0.0,"{""budget"": 15000}"
device_0,0.75,1710,2.0,70.0,0.15,late,48,16,3,0.20286,0.74728584709585,0,15000,1000,P2,0.043831215087316105,4383.12150873161,0.15,15000,18,3642,6075,1.0,0,15000,0.0,0,0.0,"{""budget"": 15000}"
device_0,0.875,1701,2.0,70.0,0.15,late,48,16,3,0.20249,0.8763990178082249,0,15000,1000,P2,0.04379997062344397,4379.997062344397,0.15,15000,18,3283,4904,1.0,0,15000,0.0,0,0.0,"{""budget"": 15000}"
device_0,0.875,1702,2.0,70.0,0.15,late,48,16,3,0.19703,0.8759866636367837,0,15000,1000,P2,0.04330726953262933,4330.726953262933,0.15,15000,27,3197,4702,1.0,0,15000,0.0,0,0.0,"{""budget"": 15000}"
device_0,0.875,1703,2.0,70.0,0.15,late,48,16,3,0.20238,0.8773687974569232,0,15000,1000,P2,0.04381012708944947,4381.012708944947,0.15,15000,19,3282,4906,1.0,0,15000,0.0,0,0.0,"{""budget"": 15000}"
device_0,0.875,1704,2.0,70.0,0.15,late,48,16,3,0.19663,0.8771256568671042,0,15000,1000,P2,0.04334717173317633,4334.717173317633,0.15,15000,21,3211,4639,1.0,0,15000,0.0,0,0.0,"{""budget"": 15000}"
device_0,0.875,1705,2.0,70.0,0.15,late,48,16,3,0.20133,0.8756186617053834,0,15000,1000,P2,0.043700586472523846,4370.058647252385,0.15,15000,19,3311,5000,1.0,0,15000,0.0,0,0.0,"{""budget"": 15000}"
device_0,0.875,1706,2.0,70.0,0.15,late,48,16,3,0.19605,0.8731077294363513,0,15000,1000,P2,0.0432700472313126,4327.00472313126,0.15,15000,24,3179,4629,1.0,0,15000,0.0,0,0.0,"{""budget"": 15000}"
device_0,0.875,1707,2.0,70.0,0.15,late,48,16,3,0.2,0.8774036452681541,0,15000,1000,P2,0.043599089664878604,4359.90896648786,0.15,15000,23,3254,4797,1.0,0,15000,0.0,0,0.0,"{""budget"": 15000}"
device_0,0.875,1708,2.0,70.0,0.15,late,48,16,3,0.20258,0.87442580026271,0,15000,1000,P2,0.04387614305708934,4387.614305708934,0.15,15000,22,3319,4927,1.0,0,15000,0.0,0,0.0,"{""budget"": 15000}"
device_0,0.875,1709,2.0,70.0,0.15,late,48,16,3,0.19831,0.8770598020870867,0,15000,1000,P2,0.04335861446006282,4335.861446006282,0.15,15000,22,3206,4675,1.0,0,15000,0.0,0,0.0,"{""budget"": 15000}"
device_0,0.875,1710,2.0,70.0,0.15,late,48,16,3,0.19668,0.8724656025657239,0,15000,1000,P2,0.0433386503203866,4333.86503203866,0.15,15000,22,3212,4694,1.0,0,15000,0.0,0,0.0,"{""budget"": 15000}"
device_0,0.9375,1701,2.0,70.0,0.15,late,48,16,3,0.20509,0.9402237906216514,0,15000,1000,P2,0.04415490987218722,4415.490987218722,0.15,15000,28,3121,4523,1.0,0,15000,0.0,0,0.0,"{""budget"": 15000}"
device_0,0.9375,1702,2.0,70.0,0.15,late,48,16,3,0.19366,0.9366016280001491,0,15000,1000,P2,0.04316174409012151,4316.174409012151,0.15,15000,24,2875,3951,1.0,0,15000,0.0,0,0.0,"{""budget"": 15000}"
device_0,0.9375,1703,2.0,70.0,0.15,late,48,16,3,0.19489,0.9369055048961522,0,15000,1000,P2,0.04318139199948371,4318.139199948371,0.15,15000,30,2951,4040,1.0,0,15000,0.0,0,0.0,"{""budget"": 15000}"
device_0,0.9375,1704,2.0,70.0,0.15,late,48,16,3,0.19999,0.9358099323716185,0,15000,1000,P2,0.043556844917066795,4355.684491706679,0.15,15000,22,3081,4342,1.0,0,15000,0.0,0,0.0,"{""budget"": 15000}"
device_0,0.9375,1705,2.0,70.0,0.15,late,48,16,3,0.19063,0.9374553760710133,0,15000,1000,P2,0.04285089700877959,4285.089700877958,0.15,15000,28,2782,3775,1.0,0,15000,0.0,0,0.0,"{""budget"": 15000}"
device_0,0.9375,1706,2.0,70.0,0.15,late,48,16,3,0.20144,0.9386428776611538,0,15000,1000,P2,0.04367822856635732,4367.822856635732,0.15,15000,26,3070,4385,1.0,0,15000,0.0,0,0.0,"{""budget"": 15000}"
device_0,0.9375,1707,2.0,70.0,0.15,late,48,16,3,0.20073,0.9386652506542138,0,15000,1000,P2,0.04362079086650596,4362.079086650596,0.15,15000,24,3046,4279,1.0,0,15000,0.0,0,0.0,"{""budget"": 15000}"
device_0,0.9375,1708,2.0,70.0,0.15,late,48,16,3,0.19042,0.9350336658268497,0,15000,1000,P2,0.04282105619009791,4282.105619009792,0.15,15000,41,2796,3748,1.0,0,15000,0.0,0,0.0,"{""budget"": 15000}"
device_0,0.9375,1709,2.0,70.0,0.15,late,48,16,3,0.20214,0.9387695757970393,0,15000,1000,P2,0.04379321538196722,4379.321538196722,0.15,15000,25,3099,4317,1.0,0,15000,0.0,0,0.0,"{""budget"": 15000}"
device_0,0.9375,1710,2.0,70.0,0.15,late,48,16,3,0.20082,0.9338903427364145,0,15000,1000,P2,0.04361612495344734,4361.612495344734,0.15,15000,26,3084,4352,1.0,0,15000,0.0,0,0.0,"{""budget"": 15000}"
device_0,0.975,1701,2.0,70.0,0.15,late,48,16,3,0.20012,0.9750727182312047,0,15000,1000,P2,0.043636492607585696,4363.64926075857,0.15,15000,30,2896,3956,1.0,0,15000,0.0,0,0.0,"{""budget"": 15000}"
device_0,0.975,1702,2.0,70.0,0.15,late,48,16,3,0.19762,0.9739220248349032,0,15000,1000,P2,0.043465779599104755,4346.577959910475,0.15,15000,27,2866,3850,1.0,0,15000,0.0,0,0.0,"{""budget"": 15000}"
device_0,0.975,1703,2.0,70.0,0.15,late,48,16,3,0.1984,0.975854682367182,0,15000,1000,P2,0.04346131123276079,4346.131123276079,0.15,15000,28,2856,3846,1.0,0,15000,0.0,0,0.0,"{""budget"": 15000}"
device_0,0.975,1704,2.0,70.0,0.15,late,48,16,3,0.19634,0.9733501805342133,0,15000,1000,P2,0.04329174800243101,4329.174800243101,0.15,15000,40,2807,3718,1.0,0,15000,0.0,0,0.0,"{""budget"": 15000}"
device_0,0.975,1705,2.0,70.0,0.15,late,48,16,3,0.19493,0.9747974986214312,0,15000,1000,P2,0.04312542508139735,4312.542508139735,0.15,15000,31,2765,3631,1.0,0,15000,0.0,0,0.0,"{""budget"": 15000}"
device_0,0.975,1706,2.0,70.0,0.15,late,48,16,3,0.203,0.9742259419786155,0,15000,1000,P2,0.04382483961154043,4382.483961154043,0.15,15000,26,2971,4129,1.0,0,15000,0.0,0,0.0,"{""budget"": 15000}"
device_0,0.975,1707,2.0,70.0,0.15,late,48,16,3,0.20266,0.9738223967562294,0,15000,1000,P2,0.04384329301831322,4384.329301831322,0.15,15000,46,2925,4075,1.0,0,15000,0.0,0,0.0,"{""budget"": 15000}"
device_0,0.975,1708,2.0,70.0,0.15,late,48,16,3,0.19043,0.9746047948044175,0,15000,1000,P2,0.042761624339450494,4276.162433945049,0.15,15000,32,2610,3354,1.0,0,15000,0.0,0,0.0,"{""budget"": 15000}"
device_0,0.975,1709,2.0,70.0,0.15,late,48,16,3,0.19294,0.9749540477640206,0,15000,1000,P2,0.042930745847373726,4293.074584737373,0.15,15000,31,2705,3548,1.0,0,15000,0.0,0,0.0,"{""budget"": 15000}"
device_0,0.975,1710,2.0,70.0,0.15,late,48,16,3,0.19779,0.9774683509778551,0,15000,1000,P2,0.04335653829568554,4335.653829568554,0.15,15000,29,2778,3782,1.0,0,15000,0.0,0,0.0,"{""budget"": 15000}"
device_0,0.0,1701,2.5,87.5,0.01,drop,48,16,3,0.19936,-0.002661444942765865,0,1000,1000,P2,0.04512916073603388,4512.916073603388,0.01,1000,2,12,982,1.0,0,1000,0.0,0,0.0,"{""budget"": 1000}"
device_0,0.0,1702,2.5,87.5,0.01,drop,48,16,3,0.20106,0.005830007599770396,0,1000,1000,P2,0.04530931891409617,4530.931891409617,0.01,1000,2,7,985,1.0,0,1000,0.0,0,0.0,"{""budget"": 1000}"
device_0,0.0,1703,2.5,87.5,0.01,drop,48,16,3,0.19952,0.005656351965683195,0,1000,1000,P2,0.04529944188462523,4529.944188462523,0.01,1000,2,8,983,1.0,0,1000,0.0,0,0.0,"{""budget"": 1000}"
device_0,0.0,1704,2.5,87.5,0.01,drop,48,16,3,0.20257,0.002457782015709934,0,1000,1000,P2,0.04542517769787888,4542.517769787888,0.01,1000,2,10,980,1.0,0,1000,0.0,0,0.0,"{""budget"": 1000}"
device_0,0.0,1705,2.5,87.5,0.01,drop,48,16,3,0.20104,-0.004155617772998724,0,1000,1000,P2,0.04531036098544076,4531.036098544076,0.01,1000,2,15,980,1.0,0,1000,0.0,0,0.0,"{""budget"": 1000}"
device_0,0.0,1706,2.5,87.5,0.01,drop,48,16,3,0.20062,-0.0045443747273977144,0,1000,1000,P2,0.04530950839336082,4530.950839336082,0.01,1000,2,4,989,1.0,0,1000,0.0,0,0.0,"{""budget"": 1000}"
device_0,0.0,1707,2.5,87.5,0.01,drop,48,16,3,0.19896,0.001346027845602329,0,1000,1000,P2,0.045114197259756655,4511.419725975666,0.01,1000,2,14,981,1.0,0,1000,0.0,0,0.0,"{""budget"": 1000}"
device_0,0.0,1708,2.5,87.5,0.01,drop,48,16,3,0.19922,-0.001372807149175493,0,1000,1000,P2,0.04524820166782538,4524.820166782538,0.01,1000,2,5,985,1.0,0,1000,0.0,0,0.0,"{""budget"": 1000}"
device_0,0.0,1709,2.5,87.5,0.01,drop,48,16,3,0.20001,0.005034822885721277,0,1000,1000,P2,0.045213346737140274,4521.334673714027,0.01,1000,2,10,976,1.0,0,1000,0.0,0,0.0,"{""budget"": 1000}"
device_0,0.0,1710,2.5,87.5,0.01,drop,48,16,3,0.19848,0.0007247411049733544,0,1000,1000,P2,0.04508923107679667,4508.923107679667,0.01,1000,2,7,988,1.0,0,1000,0.0,0,0.0,"{""budget"": 1000}"
device_0,0.375,1701,2.5,87.5,0.01,drop,48,16,3,0.19773,0.37585282092426525,0,1000,1000,P2,0.0450302837591739,4503.02837591739,0.01,1000,2,28,960,1.0,0,1000,0.0,0,0.0,"{""budget"": 1000}"
device_0,0.375,1702,2.5,87.5,0.01,drop,48,16,3,0.20083,0.3763938072575695,0,1000,1000,P2,0.04525109716367096,4525.109716367097,0.01,1000,2,23,968,1.0,0,1000,0.0,0,0.0,"{""budget"": 1000}"
device_0,0.375,1703,2.5,87.5,0.01,drop,48,16,3,0.19949,0.3708761472322628,0,1000,1000,P2,0.04531341822179556,4531.341822179556,0.01,1000,2,29,959,1.0,0,1000,0.0,0,0.0,"{""budget"": 1000}"
device_0,0.375,1704,2.5,87.5,0.01,drop,48,16,3,0.19956,0.37083454970073176,0,1000,1000,P2,0.04522132637786961,4522.132637786961,0.01,1000,3,26,960,1.0,0,1000,0.0,0,0.0,"{""budget"": 1000}"
device_0,0.375,1705,2.5,87.5,0.01,drop,48,16,3,0.1976,0.38054564128452917,0,1000,1000,P2,0.04516434756928367,4516.434756928367,0.01,1000,2,26,962,1.0,0,1000,0.0,0,0.0,"{""budget"": 1000}"
device_0,0.375,1706,2.5,87.5,0.01,drop,48,16,3,0.19975,0.37847803043317246,0,1000,1000,P2,0.0451965271004786,4519.65271004786,0.01,1000,2,20,968,1.0,0,1000,0.0,0,0.0,"{""budget"": 1000}"
device_0,0.375,1707,2.5,87.5,0.01,drop,48,16,3,0.19756,0.3714936166119789,0,1000,1000,P2,0.04503222780917681,4503.222780917681,0.01,1000,2,24,966,1.0,0,1000,0.0,0,0.0,"{""budget"": 1000}"
device_0,0.375,1708,2.5,87.5,0.01,drop,48,16,3,0.19968,0.3728274067949136,0,1000,1000,P2,0.04520279805174604,4520.279805174604,0.01,1000,3,24,965,1.0,0,1000,0.0,0,0.0,"{""budget"": 1000}"
device_0,0.375,1709,2.5,87.5,0.01,drop,48,16,3,0.20214,0.3789219763360735,0,1000,1000,P2,0.04554944626835596,4554.944626835596,0.01,1000,3,28,959,1.0,0,1000,0.0,0,0.0,"{""budget"": 1000}"
device_0,0.375,1710,2.5,87.5,0.01,drop,48,16,3,0.19842,0.37511826036297974,0,1000,1000,P2,0.045182584920689405,4518.2584920689405,0.01,1000,3,21,971,1.0,0,1000,0.0,0,0.0,"{""budget"": 1000}"
device_0,0.75,1701,2.5,87.5,0.01,drop,48,16,3,0.20817,0.7556341521150168,0,1000,1000,P2,0.045847722862994614,4584.7722862994615,0.01,1000,3,42,948,1.0,0,1000,0.0,0,0.0,"{""budget"": 1000}"
device_0,0.75,1702,2.5,87.5,0.01,drop,48,16,3,0.20244,0.7487885933421545,0,1000,1000,P2,0.045494511662417206,4549.451166241721,0.01,1000,3,39,952,1.0,0,1000,0.0,0,0.0,"{""budget"": 1000}"
device_0,0.75,1703,2.5,87.5,0.01,drop,48,16,3,0.20102,0.7470900970852136,0,1000,1000,P2,0.04535013797237935,4535.013797237935,0.01,1000,2,47,947,1.0,0,1000,0.0,0,0.0,"{""budget"": 1000}"
device_0,0.75,1704,2.5,87.5,0.01,drop,48,16,3,0.19715,0.7479806369104111,0,1000,1000,P2,0.04499348427426579,4499.348427426579,0.01,1000,3,34,953,1.0,0,1000,0.0,0,0.0,"{""budget"": 1000}"
device_0,0.75,1705,2.5,87.5,0.01,drop,48,16,3,0.20494,0.7506431485678381,0,1000,1000,P2,0.04574924331622362,4574.924331622362,0.01,1000,2,28,963,1.0,0,1000,0.0,0,0.0,"{""budget"": 1000}"
device_0,0.75,1706,2.5,87.5,0.01,drop,48,16,3,0.20282,0.7537784223147826,0,1000,1000,P2,0.0453117894631961,4531.17894631961,0.01,1000,3,31,958,1.0,0,1000,0.0,0,0.0,"{""budget"": 1000}"
device_0,0.75,1707,2.5,87.5,0.01,drop,48,16,3,0.20138,0.7431906944181493,0,1000,1000,P2,0.045511396705981845,4551.139670598184,0.01,1000,3,47,942,1.0,0,1000,0.0,0,0.0,"{""budget"": 1000}"
device_0,0.75,1708,2.5,87.5,0.01,drop,48,16,3,0.20034,0.7475350990705809,0,1000,1000,P2,0.04510532867023112,4510.532867023112,0.01,1000,3,43,941,1.0,0,1000,0.0,0,0.0,"{""budget"": 1000}"
device_0,0.75,1709,2.5,87.5,0.01,drop,48,16,3,0.20613,0.7542776800152501,0,1000,1000,P2,0.04573069024100618,4573.069024100618,0.01,1000,3,36,949,1.0,0,1000,0.0,0,0.0,"{""budget"": 1000}"
device_0,0.75,1710,2.5,87.5,0.01,drop,48,16,3,0.20286,0.74728584709585,0,1000,1000,P2,0.04547386105708223,4547.386105708223,0.01,1000,3,26,962,1.0,0,1000,0.0,0,0.0,"{""budget"": 1000}"
device_0,0.875,1701,2.5,87.5,0.01,drop,48,16,3,0.20249,0.8763990178082249,0,1000,1000,P2,0.045402829492952684,4540.282949295269,0.01,1000,3,40,949,1.0,0,1000,0.0,0,0.0,"{""budget"": 1000}"
device_0,0.875,1702,2.5,87.5,0.01,drop,48,16,3,0.19703,0.8759866636367837,0,1000,1000,P2,0.04496840824662078,4496.840824662078,0.01,1000,2,39,954,1.0,0,1000,0.0,0,0.0,"{""budget"": 1000}"
device_0,0.875,1703,2.5,87.5,0.01,drop,48,16,3,0.20238,0.8773687974569232,0,1000,1000,P2,0.04547285778276684,4547.285778276684,0.01,1000,3,38,954,1.0,0,1000,0.0,0,0.0,"{""budget"": 1000}"
device_0,0.875,1704,2.5,87.5,0.01,drop,48,16,3,0.19663,0.8771256568671042,0,1000,1000,P2,0.04500159845150429,4500.159845150429,0.01,1000,2,41,954,1.0,0,1000,0.0,0,0.0,"{""budget"": 1000}"
device_0,0.875,1705,2.5,87.5,0.01,drop,48,16,3,0.20133,0.8756186617053834,0,1000,1000,P2,0.04536345910413309,4536.345910413309,0.01,1000,3,42,951,1.0,0,1000,0.0,0,0.0,"{""budget"": 1000}"
device_0,0.875,1706,2.5,87.5,0.01,drop,48,16,3,0.19605,0.8731077294363513,0,1000,1000,P2,0.044993306262406906,4499.33062624069,0.01,1000,3,37,947,1.0,0,1000,0.0,0,0.0,"{""budget"": 1000}"
device_0,0.875,1707,2.5,87.5,0.01,drop,48,16,3,0.2,0.8774036452681541,0,1000,1000,P2,0.04521957271821113,4521.957271821113,0.01,1000,4,43,942,1.0,0,1000,0.0,0,0.0,"{""budget"": 1000}"
device_0,0.875,1708,2.5,87.5,0.01,drop,48,16,3,0.20258,0.87442580026271,0,1000,1000,P2,0.04555910386729801,4555.910386729801,0.01,1000,3,45,947,1.0,0,1000,0.0,0,0.0,"{""budget"": 1000}"
device_0,0.875,1709,2.5,87.5,0.01,drop,48,16,3,0.19831,0.8770598020870867,0,1000,1000,P2,0.04500428310638402,4500.428310638402,0.01,1000,4,34,955,1.0,0,1000,0.0,0,0.0,"{""budget"": 1000}"
device_0,0.875,1710,2.5,87.5,0.01,drop,48,16,3,0.19668,0.8724656025657239,0,1000,1000,P2,0.04500819201949675,4500.819201949675,0.01,1000,3,51,941,1.0,0,1000,0.0,0,0.0,"{""budget"": 1000}"
device_0,0.9375,1701,2.5,87.5,0.01,drop,48,16,3,0.20509,0.9402237906216514,0,1000,1000,P2,0.04571713906015818,4571.713906015818,0.01,1000,3,46,931,1.0,0,1000,0.0,0,0.0,"{""budget"": 1000}"
device_0,0.9375,1702,2.5,87.5,0.01,drop,48,16,3,0.19366,0.9366016280001491,0,1000,1000,P2,0.04489493861426881,4489.493861426881,0.01,1000,3,42,947,1.0,0,1000,0.0,0,0.0,"{""budget"": 1000}"
device_0,0.9375,1703,2.5,87.5,0.01,drop,48,16,3,0.19489,0.9369055048961522,0,1000,1000,P2,0.04486748480166558,4486.748480166558,0.01,1000,3,44,946,1.0,0,1000,0.0,0,0.0,"{""budget"": 1000}"
device_0,0.9375,1704,2.5,87.5,0.01,drop,48,16,3,0.19999,0.9358099323716185,0,1000,1000,P2,0.04518110210734886,4518.110210734886,0.01,1000,3,39,951,1.0,0,1000,0.0,0,0.0,"{""budget"": 1000}"
device_0,0.9375,1705,2.5,87.5,0.01,drop,48,16,3,0.19063,0.9374553760710133,0,1000,1000,P2,0.0445841423132204,4458.41423132204,0.01,1000,3,50,936,1.0,0,1000,0.0,0,0.0,"{""budget"": 1000}"
device_0,0.9375,1706,2.5,87.5,0.01,drop,48,16,3,0.20144,0.9386428776611538,0,1000,1000,P2,0.04530072815565559,4530.072815565559,0.01,1000,4,46,942,1.0,0,1000,0.0,0,0.0,"{""budget"": 1000}"
device_0,0.9375,1707,2.5,87.5,0.01,drop,48,16,3,0.20073,0.9386652506542138,0,1000,1000,P2,0.04524894880142997,4524.894880142997,0.01,1000,3,45,943,1.0,0,1000,0.0,0,0.0,"{""budget"": 1000}"
device_0,0.9375,1708,2.5,87.5,0.01,drop,48,16,3,0.19042,0.9350336658268497,0,1000,1000,P2,0.04448197751014237,4448.197751014237,0.01,1000,3,43,947,1.0,0,1000,0.0,0,0.0,"{""budget"": 1000}"
device_0,0.9375,1709,2.5,87.5,0.01,drop,48,16,3,0.20214,0.9387695757970393,0,1000,1000,P2,0.04536339936474,4536.339936474,0.01,1000,3,51,939,1.0,0,1000,0.0,0,0.0,"{""budget"": 1000}"
device_0,0.9375,1710,2.5,87.5,0.01,drop,48,16,3,0.20082,0.9338903427364145,0,1000,1000,P2,0.04525934295251881,4525.934295251881,0.01,1000,3,36,947,1.0,0,1000,0.0,0,0.0,"{""budget"": 1000}"
device_0,0.975,1701,2.5,87.5,0.01,drop,48,16,3,0.20012,0.9750727182312047,0,1000,1000,P2,0.04525779256050939,4525.779256050939,0.01,1000,3,47,945,1.0,0,1000,0.0,0,0.0,"{""budget"": 1000}"
device_0,0.975,1702,2.5,87.5,0.01,drop,48,16,3,0.19762,0.9739220248349032,0,1000,1000,P2,0.045115968606589674,4511.596860658968,0.01,1000,3,54,931,1.0,0,1000,0.0,0,0.0,"{""budget"": 1000}"
device_0,0.975,1703,2.5,87.5,0.01,drop,48,16,3,0.1984,0.975854682367182,0,1000,1000,P2,0.04508762598860339,4508.7625988603395,0.01,1000,4,39,949,1.0,0,1000,0.0,0,0.0,"{""budget"": 1000}"
device_0,0.975,1704,2.5,87.5,0.01,drop,48,16,3,0.19634,0.9733501805342133,0,1000,1000,P2,0.044980495379853776,4498.049537985377,0.01,1000,3,53,928,1.0,0,1000,0.0,0,0.0,"{""budget"": 1000}"
device_0,0.975,1705,2.5,87.5,0.01,drop,48,16,3,0.19493,0.9747974986214312,0,1000,1000,P2,0.04479339313654751,4479.339313654751,0.01,1000,3,49,942,1.0,0,1000,0.0,0,0.0,"{""budget"": 1000}"
device_0,0.975,1706,2.5,87.5,0.01,drop,48,16,3,0.203,0.9742259419786155,0,1000,1000,P2,0.045505881108479126,4550.5881108479125,0.01,1000,3,43,940,1.0,0,1000,0.0,0,0.0,"{""budget"": 1000}"
device_0,0.975,1707,2.5,87.5,0.01,drop,48,16,3,0.20266,0.9738223967562294,0,1000,1000,P2,0.04548366556492262,4548.366556492262,0.01,1000,3,41,939,1.0,0,1000,0.0,0,0.0,"{""budget"": 1000}"
device_0,0.975,1708,2.5,87.5,0.01,drop,48,16,3,0.19043,0.9746047948044175,0,1000,1000,P2,0.04446827906703602,4446.827906703602,0.01,1000,3,49,941,1.0,0,1000,0.0,0,0.0,"{""budget"": 1000}"
device_0,0.975,1709,2.5,87.5,0.01,drop,48,16,3,0.19294,0.9749540477640206,0,1000,1000,P2,0.04462548382744277,4462.548382744277,0.01,1000,3,50,946,1.0,0,1000,0.0,0,0.0,"{""budget"": 1000}"
device_0,0.975,1710,2.5,87.5,0.01,drop,48,16,3,0.19779,0.9774683509778551,0,1000,1000,P2,0.04503092284945002,4503.092284945002,0.01,1000,3,46,935,1.0,0,1000,0.0,0,0.0,"{""budget"": 1000}"
device_0,0.0,1701,2.5,87.5,0.01,late,48,16,3,0.19936,-0.002661444942765865,0,1000,1000,P2,0.046332388110724224,4633.238811072422,0.01,1000,2,9,980,1.0,0,1000,0.0,0,0.0,"{""budget"": 1000}"
device_0,0.0,1702,2.5,87.5,0.01,late,48,16,3,0.20106,0.005830007599770396,0,1000,1000,P2,0.046511113534774794,4651.1113534774795,0.01,1000,2,4,980,1.0,0,1000,0.0,0,0.0,"{""budget"": 1000}"
device_0,0.0,1703,2.5,87.5,0.01,late,48,16,3,0.19952,0.005656351965683195,0,1000,1000,P2,0.046501001098736706,4650.100109873671,0.01,1000,2,5,985,1.0,0,1000,0.0,0,0.0,"{""budget"": 1000}"
device_0,0.0,1704,2.5,87.5,0.01,late,48,16,3,0.20257,0.002457782015709934,0,1000,1000,P2,0.04662749351699415,4662.749351699415,0.01,1000,2,11,983,1.0,0,1000,0.0,0,0.0,"{""budget"": 1000}"
device_0,0.0,1705,2.5,87.5,0.01,late,48,16,3,0.20104,-0.004155617772998724,0,1000,1000,P2,0.04651166194201236,4651.166194201236,0.01,1000,2,14,970,1.0,0,1000,0.0,0,0.0,"{""budget"": 1000}"
device_0,0.0,1706,2.5,87.5,0.01,late,48,16,3,0.20062,-0.0045443747273977144,0,1000,1000,P2,0.046512422537789005,4651.242253778901,0.01,1000,2,8,981,1.0,0,1000,0.0,0,0.0,"{""budget"": 1000}"
device_0,0.0,1707,2.5,87.5,0.01,late,48,16,3,0.19896,0.001346027845602329,0,1000,1000,P2,0.04631519470138391,4631.519470138392,0.01,1000,3,6,983,1.0,0,1000,0.0,0,0.0,"{""budget"": 1000}"
device_0,0.0,1708,2.5,87.5,0.01,late,48,16,3,0.19922,-0.001372807149175493,0,1000,1000,P2,0.046448822686682,4644.8822686682,0.01,1000,2,8,988,1.0,0,1000,0.0,0,0.0,"{""budget"": 1000}"
device_0,0.0,1709,2.5,87.5,0.01,late,48,16,3,0.20001,0.005034822885721277,0,1000,1000,P2,0.046415555093229824,4641.555509322982,0.01,1000,2,6,983,1.0,0,1000,0.0,0,0.0,"{""budget"": 1000}"
device_0,0.0,1710,2.5,87.5,0.01,late,48,16,3,0.19848,0.0007247411049733544,0,1000,1000,P2,0.046289713956332364,4628.971395633236,0.01,1000,2,12,981,1.0,0,1000,0.0,0,0.0,"{""budget"": 1000}"
device_0,0.375,1701,2.5,87.5,0.01,late,48,16,3,0.19773,0.37585282092426525,0,1000,1000,P2,0.046231954537857715,4623.195453785772,0.01,1000,3,23,962,1.0,0,1000,0.0,0,0.0,"{""budget"": 1000}"
device_0,0.375,1702,2.5,87.5,0.01,late,48,16,3,0.20083,0.3763938072575695,0,1000,1000,P2,0.046453702870941305,4645.370287094131,0.01,1000,3,21,970,1.0,0,1000,0.0,0,0.0,"{""budget"": 1000}"
device_0,0.375,1703,2.5,87.5,0.01,late,48,16,3,0.19949,0.3708761472322628,0,1000,1000,P2,0.04651626475966932,4651.626475966932,0.01,1000,3,20,964,1.0,0,1000,0.0,0,0.0,"{""budget"": 1000}"
device_0,0.375,1704,2.5,87.5,0.01,late,48,16,3,0.19956,0.37083454970073176,0,1000,1000,P2,0.04642239141453905,4642.239141453905,0.01,1000,3,18,966,1.0,0,1000,0.0,0,0.0,"{""budget"": 1000}"
device_0,0.375,1705,2.5,87.5,0.01,late,48,16,3,0.1976,0.38054564128452917,0,1000,1000,P2,0.04636511372528011,4636.511372528012,0.01,1000,3,29,962,1.0,0,1000,0.0,0,0.0,"{""budget"": 1000}"
device_0,0.375,1706,2.5,87.5,0.01,late,48,16,3,0.19975,0.37847803043317246,0,1000,1000,P2,0.04640075901760792,4640.0759017607925,0.01,1000,2,32,960,1.0,0,1000,0.0,0,0.0,"{""budget"": 1000}"
device_0,0.375,1707,2.5,87.5,0.01,late,48,16,3,0.19756,0.3714936166119789,0,1000,1000,P2,0.046232205066381836,4623.220506638184,0.01,1000,2,24,969,1.0,0,1000,0.0,0,0.0,"{""budget"": 1000}"
device_0,0.375,1708,2.5,87.5,0.01,late,48,16,3,0.19968,0.3728274067949136,0,1000,1000,P2,0.0464020136799446,4640.20136799446,0.01,1000,2,21,972,1.0,0,1000,0.0,0,0.0,"{""budget"": 1000}"
device_0,0.375,1709,2.5,87.5,0.01,late,48,16,3,0.20214,0.3789219763360735,0,1000,1000,P2,0.04675255877204732,4675.255877204732,0.01,1000,3,28,959,1.0,0,1000,0.0,0,0.0,"{""budget"": 1000}"
device_0,0.375,1710,2.5,87.5,0.01,late,48,16,3,0.19842,0.37511826036297974,0,1000,1000,P2,0.04638460417156005,4638.460417156005,0.01,1000,2,24,968,1.0,0,1000,0.0,0,0.0,"{""budget"": 1000}"
device_0,0.75,1701,2.5,87.5,0.01,late,48,16,3,0.20817,0.7556341521150168,0,1000,1000,P2,0.047051299952550106,4705.129995255011,0.01,1000,2,35,956,1.0,0,1000,0.0,0,0.0,"{""budget"": 1000}"
device_0,0.75,1702,2.5,87.5,0.01,late,48,16,3,0.20244,0.7487885933421545,0,1000,1000,P2,0.04669743419254755,4669.743419254755,0.01,1000,3,41,947,1.0,0,1000,0.0,0,0.0,"{""budget"": 1000}"
device_0,0.75,1703,2.5,87.5,0.01,late,48,16,3,0.20102,0.7470900970852136,0,1000,1000,P2,0.0465538562985577,4655.385629855769,0.01,1000,3,48,937,1.0,0,1000,0.0,0,0.0,"{""budget"": 1000}"
device_0,0.75,1704,2.5,87.5,0.01,late,48,16,3,0.19715,0.7479806369104111,0,1000,1000,P2,0.046195416696553464,4619.541669655347,0.01,1000,3,34,956,1.0,0,1000,0.0,0,0.0,"{""budget"": 1000}"
device_0,0.75,1705,2.5,87.5,0.01,late,48,16,3,0.20494,0.7506431485678381,0,1000,1000,P2,0.04695256449604898,4695.256449604898,0.01,1000,3,33,960,1.0,0,1000,0.0,0,0.0,"{""budget"": 1000}"
device_0,0.75,1706,2.5,87.5,0.01,late,48,16,3,0.20282,0.7537784223147826,0,1000,1000,P2,0.04651082138230739,4651.082138230739,0.01,1000,2,34,954,1.0,0,1000,0.0,0,0.0,"{""budget"": 1000}"
device_0,0.75,1707,2.5,87.5,0.01,late,48,16,3,0.20138,0.7431906944181493,0,1000,1000,P2,0.046713579909828516,4671.357990982851,0.01,1000,3,37,948,1.0,0,1000,0.0,0,0.0,"{""budget"": 1000}"
device_0,0.75,1708,2.5,87.5,0.01,late,48,16,3,0.20034,0.7475350990705809,0,1000,1000,P2,0.04630595063928261,4630.595063928261,0.01,1000,3,32,952,1.0,0,1000,0.0,0,0.0,"{""budget"": 1000}"
device_0,0.75,1709,2.5,87.5,0.01,late,48,16,3,0.20613,0.7542776800152501,0,1000,1000,P2,0.04693162049894788,4693.162049894789,0.01,1000,3,29,959,1.0,0,1000,0.0,0,0.0,"{""budget"": 1000}"
device_0,0.75,1710,2.5,87.5,0.01,late,48,16,3,0.20286,0.74728584709585,0,1000,1000,P2,0.04667717485256987,4667.717485256987,0.01,1000,3,37,955,1.0,0,1000,0.0,0,0.0,"{""budget"": 1000}"
device_0,0.875,1701,2.5,87.5,0.01,late,48,16,3,0.20249,0.8763990178082249,0,1000,1000,P2,0.04660587993912419,4660.587993912419,0.01,1000,3,49,941,1.0,0,1000,0.0,0,0.0,"{""budget"": 1000}"
device_0,0.875,1702,2.5,87.5,0.01,late,48,16,3,0.19703,0.8759866636367837,0,1000,1000,P2,0.04616878813511079,4616.878813511079,0.01,1000,3,43,942,1.0,0,1000,0.0,0,0.0,"{""budget"": 1000}"
device_0,0.875,1703,2.5,87.5,0.01,late,48,16,3,0.20238,0.8773687974569232,0,1000,1000,P2,0.04667529914954026,4667.529914954026,0.01,1000,2,39,955,1.0,0,1000,0.0,0,0.0,"{""budget"": 1000}"
device_0,0.875,1704,2.5,87.5,0.01,late,48,16,3,0.19663,0.8771256568671042,0,1000,1000,P2,0.04620177982597936,4620.177982597936,0.01,1000,3,36,955,1.0,0,1000,0.0,0,0.0,"{""budget"": 1000}"
device_0,0.875,1705,2.5,87.5,0.01,late,48,16,3,0.20133,0.8756186617053834,0,1000,1000,P2,0.04656463820824718,4656.463820824718,0.01,1000,3,46,944,1.0,0,1000,0.0,0,0.0,"{""budget"": 1000}"
device_0,0.875,1706,2.5,87.5,0.01,late,48,16,3,0.19605,0.8731077294363513,0,1000,1000,P2,0.04619687196451585,4619.687196451585,0.01,1000,3,44,944,1.0,0,1000,0.0,0,0.0,"{""budget"": 1000}"
device_0,0.875,1707,2.5,87.5,0.01,late,48,16,3,0.2,0.8774036452681541,0,1000,1000,P2,0.04642276096089493,4642.276096089493,0.01,1000,3,41,946,1.0,0,1000,0.0,0,0.0,"{""budget"": 1000}"
device_0,0.875,1708,2.5,87.5,0.01,late,48,16,3,0.20258,0.87442580026271,0,1000,1000,P2,0.04676220679562907,4676.220679562907,0.01,1000,2,43,949,1.0,0,1000,0.0,0,0.0,"{""budget"": 1000}"
device_0,0.875,1709,2.5,87.5,0.01,late,48,16,3,0.19831,0.8770598020870867,0,1000,1000,P2,0.046205657237099886,4620.565723709989,0.01,1000,2,29,966,1.0,0,1000,0.0,0,0.0,"{""budget"": 1000}"
device_0,0.875,1710,2.5,87.5,0.01,late,48,16,3,0.19668,0.8724656025657239,0,1000,1000,P2,0.046210526146169786,4621.052614616979,0.01,1000,4,40,950,1.0,0,1000,0.0,0,0.0,"{""budget"": 1000}"
device_0,0.9375,1701,2.5,87.5,0.01,late,48,16,3,0.20509,0.9402237906216514,0,1000,1000,P2,0.04691793890378928,4691.793890378928,0.01,1000,2,37,952,1.0,0,1000,0.0,0,0.0,"{""budget"": 1000}"
device_0,0.9375,1702,2.5,87.5,0.01,late,48,16,3,0.19366,0.9366016280001491,0,1000,1000,P2,0.04609723335712518,4609.723335712518,0.01,1000,3,49,946,1.0,0,1000,0.0,0,0.0,"{""budget"": 1000}"
device_0,0.9375,1703,2.5,87.5,0.01,late,48,16,3,0.19489,0.9369055048961522,0,1000,1000,P2,0.04606892843416627,4606.892843416626,0.01,1000,3,45,945,1.0,0,1000,0.0,0,0.0,"{""budget"": 1000}"
device_0,0.9375,1704,2.5,87.5,0.01,late,48,16,3,0.19999,0.9358099323716185,0,1000,1000,P2,0.04638236916200516,4638.236916200516,0.01,1000,3,46,947,1.0,0,1000,0.0,0,0.0,"{""budget"": 1000}"
device_0,0.9375,1705,2.5,87.5,0.01,late,48,16,3,0.19063,0.9374553760710133,0,1000,1000,P2,0.045785187444305285,4578.518744430528,0.01,1000,3,53,926,1.0,0,1000,0.0,0,0.0,"{""budget"": 1000}"
device_0,0.9375,1706,2.5,87.5,0.01,late,48,16,3,0.20144,0.9386428776611538,0,1000,1000,P2,0.04650337344191822,4650.337344191822,0.01,1000,3,48,945,1.0,0,1000,0.0,0,0.0,"{""budget"": 1000}"
device_0,0.9375,1707,2.5,87.5,0.01,late,48,16,3,0.20073,0.9386652506542138,0,1000,1000,P2,0.04645306948034615,4645.306948034615,0.01,1000,4,54,924,1.0,0,1000,0.0,0,0.0,"{""budget"": 1000}"
device_0,0.9375,1708,2.5,87.5,0.01,late,48,16,3,0.19042,0.9350336658268497,0,1000,1000,P2,0.04568159464647746,4568.159464647746,0.01,1000,3,41,947,1.0,0,1000,0.0,0,0.0,"{""budget"": 1000}"
device_0,0.9375,1709,2.5,87.5,0.01,late,48,16,3,0.20214,0.9387695757970393,0,1000,1000,P2,0.04656496664550934,4656.496664550934,0.01,1000,3,43,945,1.0,0,1000,0.0,0,0.0,"{""budget"": 1000}"
device_0,0.9375,1710,2.5,87.5,0.01,late,48,16,3,0.20082,0.9338903427364145,0,1000,1000,P2,0.046460203247499506,4646.02032474995,0.01,1000,3,47,941,1.0,0,1000,0.0,0,0.0,"{""budget"": 1000}"
device_0,0.975,1701,2.5,87.5,0.01,late,48,16,3,0.20012,0.9750727182312047,0,1000,1000,P2,0.04645744346509659,4645.7443465096585,0.01,1000,3,57,940,1.0,0,1000,0.0,0,0.0,"{""budget"": 1000}"
device_0,0.975,1702,2.5,87.5,0.01,late,48,16,3,0.19762,0.9739220248349032,0,1000,1000,P2,0.04631630102395349,4631.630102395349,0.01,1000,4,55,927,1.0,0,1000,0.0,0,0.0,"{""budget"": 1000}"
device_0,0.975,1703,2.5,87.5,0.01,late,48,16,3,0.1984,0.975854682367182,0,1000,1000,P2,0.04628871993012348,4628.871993012348,0.01,1000,3,47,938,1.0,0,1000,0.0,0,0.0,"{""budget"": 1000}"
device_0,0.975,1704,2.5,87.5,0.01,late,48,16,3,0.19634,0.9733501805342133,0,1000,1000,P2,0.046181720108656836,4618.172010865684,0.01,1000,3,38,948,1.0,0,1000,0.0,0,0.0,"{""budget"": 1000}"
device_0,0.975,1705,2.5,87.5,0.01,late,48,16,3,0.19493,0.9747974986214312,0,1000,1000,P2,0.04599443514622131,4599.443514622131,0.01,1000,3,38,945,1.0,0,1000,0.0,0,0.0,"{""budget"": 1000}"
device_0,0.975,1706,2.5,87.5,0.01,late,48,16,3,0.203,0.9742259419786155,0,1000,1000,P2,0.04670561264658176,4670.561264658176,0.01,1000,5,45,940,1.0,0,1000,0.0,0,0.0,"{""budget"": 1000}"
device_0,0.975,1707,2.5,87.5,0.01,late,48,16,3,0.20266,0.9738223967562294,0,1000,1000,P2,0.04668438857391804,4668.438857391804,0.01,1000,3,37,938,1.0,0,1000,0.0,0,0.0,"{""budget"": 1000}"
device_0,0.975,1708,2.5,87.5,0.01,late,48,16,3,0.19043,0.9746047948044175,0,1000,1000,P2,0.04566952010521403,4566.952010521403,0.01,1000,2,52,941,1.0,0,1000,0.0,0,0.0,"{""budget"": 1000}"
device_0,0.975,1709,2.5,87.5,0.01,late,48,16,3,0.19294,0.9749540477640206,0,1000,1000,P2,0.045826236825985245,4582.623682598524,0.01,1000,3,45,951,1.0,0,1000,0.0,0,0.0,"{""budget"": 1000}"
device_0,0.975,1710,2.5,87.5,0.01,late,48,16,3,0.19779,0.9774683509778551,0,1000,1000,P2,0.04623374968565159,4623.374968565159,0.01,1000,2,43,931,1.0,0,1000,0.0,0,0.0,"{""budget"": 1000}"
device_0,0.0,1701,2.5,87.5,0.05,drop,48,16,3,0.19936,-0.002661444942765865,0,5000,1000,P2,0.03884759731163066,3884.759731163066,0.05,5000,4,243,4699,1.0,0,5000,0.0,0,0.0,"{""budget"": 5000}"
device_0,0.0,1702,2.5,87.5,0.05,drop,48,16,3,0.20106,0.005830007599770396,0,5000,1000,P2,0.03903255649077085,3903.255649077085,0.05,5000,4,248,4683,1.0,0,5000,0.0,0,0.0,"{""budget"": 5000}"
device_0,0.0,1703,2.5,87.5,0.05,drop,48,16,3,0.19952,0.005656351965683195,0,5000,1000,P2,0.03901913173517709,3901.9131735177093,0.05,5000,3,257,4689,1.0,0,5000,0.0,0,0.0,"{""budget"": 5000}"
device_0,0.0,1704,2.5,87.5,0.05,drop,48,16,3,0.20257,0.002457782015709934,0,5000,1000,P2,0.039152817609352936,3915.2817609352933,0.05,5000,4,236,4699,1.0,0,5000,0.0,0,0.0,"{""budget"": 5000}"
device_0,0.0,1705,2.5,87.5,0.05,drop,48,16,3,0.20104,-0.004155617772998724,0,5000,1000,P2,0.03903234177347051,3903.2341773470507,0.05,5000,3,219,4725,1.0,0,5000,0.0,0,0.0,"{""budget"": 5000}"
device_0,0.0,1706,2.5,87.5,0.05,drop,48,16,3,0.20062,-0.0045443747273977144,0,5000,1000,P2,0.03903074594188574,3903.074594188574,0.05,5000,3,228,4715,1.0,0,5000,0.0,0,0.0,"{""budget"": 5000}"
device_0,0.0,1707,2.5,87.5,0.05,drop,48,16,3,0.19896,0.001346027845602329,0,5000,1000,P2,0.03884019038013774,3884.0190380137738,0.05,5000,3,236,4693,1.0,0,5000,0.0,0,0.0,"{""budget"": 5000}"
device_0,0.0,1708,2.5,87.5,0.05,drop,48,16,3,0.19922,-0.001372807149175493,0,5000,1000,P2,0.038968063867644745,3896.8063867644746,0.05,5000,4,231,4701,1.0,0,5000,0.0,0,0.0,"{""budget"": 5000}"
device_0,0.0,1709,2.5,87.5,0.05,drop,48,16,3,0.20001,0.005034822885721277,0,5000,1000,P2,0.038932521007779976,3893.252100777998,0.05,5000,4,258,4673,1.0,0,5000,0.0,0,0.0,"{""budget"": 5000}"
device_0,0.0,1710,2.5,87.5,0.05,drop,48,16,3,0.19848,0.0007247411049733544,0,5000,1000,P2,0.03882158359967775,3882.158359967775,0.05,5000,3,240,4707,1.0,0,5000,0.0,0,0.0,"{""budget"": 5000}"
device_0,0.375,1701,2.5,87.5,0.05,drop,48,16,3,0.19773,0.37585282092426525,0,5000,1000,P2,0.03876619588534651,3876.6195885346506,0.05,5000,5,569,4318,1.0,0,5000,0.0,0,0.0,"{""budget"": 5000}"
device_0,0.375,1702,2.5,87.5,0.05,drop,48,16,3,0.20083,0.3763938072575695,0,5000,1000,P2,0.03896833914057726,3896.8339140577264,0.05,5000,4,533,4335,1.0,0,5000,0.0,0,0.0,"{""budget"": 5000}"
device_0,0.375,1703,2.5,87.5,0.05,drop,48,16,3,0.19949,0.3708761472322628,0,5000,1000,P2,0.039035381575827324,3903.5381575827323,0.05,5000,5,471,4410,1.0,0,5000,0.0,0,0.0,"{""budget"": 5000}"
device_0,0.375,1704,2.5,87.5,0.05,drop,48,16,3,0.19956,0.37083454970073176,0,5000,1000,P2,0.0389440386993648,3894.4038699364805,0.05,5000,4,562,4312,1.0,0,5000,0.0,0,0.0,"{""budget"": 5000}"
device_0,0.375,1705,2.5,87.5,0.05,drop,48,16,3,0.1976,0.38054564128452917,0,5000,1000,P2,0.03889074297377931,3889.074297377931,0.05,5000,6,579,4293,1.0,0,5000,0.0,0,0.0,"{""budget"": 5000}"
device_0,0.375,1706,2.5,87.5,0.05,drop,48,16,3,0.19975,0.37847803043317246,0,5000,1000,P2,0.03891647471631109,3891.647471631109,0.05,5000,5,516,4353,1.0,0,5000,0.0,0,0.0,"{""budget"": 5000}"
device_0,0.375,1707,2.5,87.5,0.05,drop,48,16,3,0.19756,0.3714936166119789,0,5000,1000,P2,0.03875990860987572,3875.9908609875724,0.05,5000,4,556,4320,1.0,0,5000,0.0,0,0.0,"{""budget"": 5000}"
device_0,0.375,1708,2.5,87.5,0.05,drop,48,16,3,0.19968,0.3728274067949136,0,5000,1000,P2,0.038943544619996245,3894.3544619996246,0.05,5000,5,544,4319,1.0,0,5000,0.0,0,0.0,"{""budget"": 5000}"
device_0,0.375,1709,2.5,87.5,0.05,drop,48,16,3,0.20214,0.3789219763360735,0,5000,1000,P2,0.03926133267424979,3926.1332674249793,0.05,5000,4,536,4321,1.0,0,5000,0.0,0,0.0,"{""budget"": 5000}"
device_0,0.375,1710,2.5,87.5,0.05,drop,48,16,3,0.19842,0.37511826036297974,0,5000,1000,P2,0.038900711708958535,3890.071170895854,0.05,5000,5,540,4338,1.0,0,5000,0.0,0,0.0,"{""budget"": 5000}"
device_0,0.75,1701,2.5,87.5,0.05,drop,48,16,3,0.20817,0.7556341521150168,0,5000,1000,P2,0.039554475335505525,3955.447533550552,0.05,5000,5,768,4028,1.0,0,5000,0.0,0,0.0,"{""budget"": 5000}"
device_0,0.75,1702,2.5,87.5,0.05,drop,48,16,3,0.20244,0.7487885933421545,0,5000,1000,P2,0.03920146663217141,3920.146663217141,0.05,5000,7,782,3960,1.0,0,5000,0.0,0,0.0,"{""budget"": 5000}"
device_0,0.75,1703,2.5,87.5,0.05,drop,48,16,3,0.20102,0.7470900970852136,0,5000,1000,P2,0.0390633715709517,3906.3371570951704,0.05,5000,7,802,3955,1.0,0,5000,0.0,0,0.0,"{""budget"": 5000}"
device_0,0.75,1704,2.5,87.5,0.05,drop,48,16,3,0.19715,0.7479806369104111,0,5000,1000,P2,0.03872180362468857,3872.1803624688573,0.05,5000,6,783,3967,1.0,0,5000,0.0,0,0.0,"{""budget"": 5000}"
device_0,0.75,1705,2.5,87.5,0.05,drop,48,16,3,0.20494,0.7506431485678381,0,5000,1000,P2,0.03945512676113716,3945.512676113716,0.05,5000,5,797,3989,1.0,0,5000,0.0,0,0.0,"{""budget"": 5000}"
device_0,0.75,1706,2.5,87.5,0.05,drop,48,16,3,0.20282,0.7537784223147826,0,5000,1000,P2,0.03904040927945455,3904.0409279454548,0.05,5000,9,766,3989,1.0,0,5000,0.0,0,0.0,"{""budget"": 5000}"
device_0,0.75,1707,2.5,87.5,0.05,drop,48,16,3,0.20138,0.7431906944181493,0,5000,1000,P2,0.03922519007698284,3922.5190076982835,0.05,5000,6,792,3970,1.0,0,5000,0.0,0,0.0,"{""budget"": 5000}"
device_0,0.75,1708,2.5,87.5,0.05,drop,48,16,3,0.20034,0.7475350990705809,0,5000,1000,P2,0.03883413158333247,3883.4131583332464,0.05,5000,7,790,3936,1.0,0,5000,0.0,0,0.0,"{""budget"": 5000}"
device_0,0.75,1709,2.5,87.5,0.05,drop,48,16,3,0.20613,0.7542776800152501,0,5000,1000,P2,0.03944200726413046,3944.200726413046,0.05,5000,7,773,3969,1.0,0,5000,0.0,0,0.0,"{""budget"": 5000}"
device_0,0.75,1710,2.5,87.5,0.05,drop,48,16,3,0.20286,0.74728584709585,0,5000,1000,P2,0.03919174231612185,3919.1742316121854,0.05,5000,8,770,4009,1.0,0,5000,0.0,0,0.0,"{""budget"": 5000}"
device_0,0.875,1701,2.5,87.5,0.05,drop,48,16,3,0.20249,0.8763990178082249,0,5000,1000,P2,0.039118119479529534,3911.8119479529532,0.05,5000,8,839,3907,1.0,0,5000,0.0,0,0.0,"{""budget"": 5000}"
device_0,0.875,1702,2.5,87.5,0.05,drop,48,16,3,0.19703,0.8759866636367837,0,5000,1000,P2,0.03870383883108021,3870.383883108021,0.05,5000,7,844,3857,1.0,0,5000,0.0,0,0.0,"{""budget"": 5000}"
device_0,0.875,1703,2.5,87.5,0.05,drop,48,16,3,0.20238,0.8773687974569232,0,5000,1000,P2,0.03918739899838425,3918.739899838425,0.05,5000,6,880,3822,1.0,0,5000,0.0,0,0.0,"{""budget"": 5000}"
device_0,0.875,1704,2.5,87.5,0.05,drop,48,16,3,0.19663,0.8771256568671042,0,5000,1000,P2,0.03873225029454061,3873.2250294540613,0.05,5000,10,899,3798,1.0,0,5000,0.0,0,0.0,"{""budget"": 5000}"
device_0,0.875,1705,2.5,87.5,0.05,drop,48,16,3,0.20133,0.8756186617053834,0,5000,1000,P2,0.0390867807336483,3908.67807336483,0.05,5000,6,866,3869,1.0,0,5000,0.0,0,0.0,"{""budget"": 5000}"
device_0,0.875,1706,2.5,87.5,0.05,drop,48,16,3,0.19605,0.8731077294363513,0,5000,1000,P2,0.03871537261418476,3871.5372614184766,0.05,5000,7,863,3810,1.0,0,5000,0.0,0,0.0,"{""budget"": 5000}"
device_0,0.875,1707,2.5,87.5,0.05,drop,48,16,3,0.2,0.8774036452681541,0,5000,1000,P2,0.038942280690274535,3894.228069027454,0.05,5000,6,885,3805,1.0,0,5000,0.0,0,0.0,"{""budget"": 5000}"
device_0,0.875,1708,2.5,87.5,0.05,drop,48,16,3,0.20258,0.87442580026271,0,5000,1000,P2,0.039264608558963784,3926.4608558963787,0.05,5000,7,881,3835,1.0,0,5000,0.0,0,0.0,"{""budget"": 5000}"
device_0,0.875,1709,2.5,87.5,0.05,drop,48,16,3,0.19831,0.8770598020870867,0,5000,1000,P2,0.03874168329540049,3874.1683295400485,0.05,5000,6,838,3831,1.0,0,5000,0.0,0,0.0,"{""budget"": 5000}"
device_0,0.875,1710,2.5,87.5,0.05,drop,48,16,3,0.19668,0.8724656025657239,0,5000,1000,P2,0.038733994848388686,3873.3994848388684,0.05,5000,5,874,3827,1.0,0,5000,0.0,0,0.0,"{""budget"": 5000}"
device_0,0.9375,1701,2.5,87.5,0.05,drop,48,16,3,0.20509,0.9402237906216514,0,5000,1000,P2,0.03943636235188461,3943.6362351884604,0.05,5000,6,880,3800,1.0,0,5000,0.0,0,0.0,"{""budget"": 5000}"
device_0,0.9375,1702,2.5,87.5,0.05,drop,48,16,3,0.19366,0.9366016280001491,0,5000,1000,P2,0.03862673081352089,3862.673081352089,0.05,5000,6,902,3754,1.0,0,5000,0.0,0,0.0,"{""budget"": 5000}"
device_0,0.9375,1703,2.5,87.5,0.05,drop,48,16,3,0.19489,0.9369055048961522,0,5000,1000,P2,0.03860215350589345,3860.2153505893452,0.05,5000,6,918,3781,1.0,0,5000,0.0,0,0.0,"{""budget"": 5000}"
device_0,0.9375,1704,2.5,87.5,0.05,drop,48,16,3,0.19999,0.9358099323716185,0,5000,1000,P2,0.03890150800108244,3890.150800108244,0.05,5000,7,923,3757,1.0,0,5000,0.0,0,0.0,"{""budget"": 5000}"
device_0,0.9375,1705,2.5,87.5,0.05,drop,48,16,3,0.19063,0.9374553760710133,0,5000,1000,P2,0.03832046242881001,3832.046242881001,0.05,5000,6,899,3711,1.0,0,5000,0.0,0,0.0,"{""budget"": 5000}"
device_0,0.9375,1706,2.5,87.5,0.05,drop,48,16,3,0.20144,0.9386428776611538,0,5000,1000,P2,0.03902809121176854,3902.809121176854,0.05,5000,7,887,3791,1.0,0,5000,0.0,0,0.0,"{""budget"": 5000}"
device_0,0.9375,1707,2.5,87.5,0.05,drop,48,16,3,0.20073,0.9386652506542138,0,5000,1000,P2,0.03896807869096192,3896.8078690961925,0.05,5000,6,923,3744,1.0,0,5000,0.0,0,0.0,"{""budget"": 5000}"
device_0,0.9375,1708,2.5,87.5,0.05,drop,48,16,3,0.19042,0.9350336658268497,0,5000,1000,P2,0.03822171312068065,3822.171312068065,0.05,5000,6,903,3718,1.0,0,5000,0.0,0,0.0,"{""budget"": 5000}"
device_0,0.9375,1709,2.5,87.5,0.05,drop,48,16,3,0.20214,0.9387695757970393,0,5000,1000,P2,0.03907941020659859,3907.941020659859,0.05,5000,6,886,3795,1.0,0,5000,0.0,0,0.0,"{""budget"": 5000}"
device_0,0.9375,1710,2.5,87.5,0.05,drop,48,16,3,0.20082,0.9338903427364145,0,5000,1000,P2,0.038988196710529756,3898.8196710529755,0.05,5000,8,885,3760,1.0,0,5000,0.0,0,0.0,"{""budget"": 5000}"
device_0,0.975,1701,2.5,87.5,0.05,drop,48,16,3,0.20012,0.9750727182312047,0,5000,1000,P2,0.03898526548685021,3898.526548685021,0.05,5000,7,915,3741,1.0,0,5000,0.0,0,0.0,"{""budget"": 5000}"
device_0,0.975,1702,2.5,87.5,0.05,drop,48,16,3,0.19762,0.9739220248349032,0,5000,1000,P2,0.03884052137309979,3884.052137309979,0.05,5000,6,932,3670,1.0,0,5000,0.0,0,0.0,"{""budget"": 5000}"
device_0,0.975,1703,2.5,87.5,0.05,drop,48,16,3,0.1984,0.975854682367182,0,5000,1000,P2,0.038818191450717784,3881.8191450717786,0.05,5000,6,943,3722,1.0,0,5000,0.0,0,0.0,"{""budget"": 5000}"
device_0,0.975,1704,2.5,87.5,0.05,drop,48,16,3,0.19634,0.9733501805342133,0,5000,1000,P2,0.03870809950128596,3870.809950128596,0.05,5000,8,906,3731,1.0,0,5000,0.0,0,0.0,"{""budget"": 5000}"
device_0,0.975,1705,2.5,87.5,0.05,drop,48,16,3,0.19493,0.9747974986214312,0,5000,1000,P2,0.03852716967969911,3852.716967969911,0.05,5000,6,965,3682,1.0,0,5000,0.0,0,0.0,"{""budget"": 5000}"
device_0,0.975,1706,2.5,87.5,0.05,drop,48,16,3,0.203,0.9742259419786155,0,5000,1000,P2,0.03923177700765097,3923.1777007650976,0.05,5000,8,898,3756,1.0,0,5000,0.0,0,0.0,"{""budget"": 5000}"
device_0,0.975,1707,2.5,87.5,0.05,drop,48,16,3,0.20266,0.9738223967562294,0,5000,1000,P2,0.03921084257510317,3921.084257510317,0.05,5000,6,916,3724,1.0,0,5000,0.0,0,0.0,"{""budget"": 5000}"
device_0,0.975,1708,2.5,87.5,0.05,drop,48,16,3,0.19043,0.9746047948044175,0,5000,1000,P2,0.038214369234279566,3821.4369234279566,0.05,5000,6,928,3704,1.0,0,5000,0.0,0,0.0,"{""budget"": 5000}"
device_0,0.975,1709,2.5,87.5,0.05,drop,48,16,3,0.19294,0.9749540477640206,0,5000,1000,P2,0.03837400872086818,3837.400872086818,0.05,5000,8,919,3704,1.0,0,5000,0.0,0,0.0,"{""budget"": 5000}"
device_0,0.975,1710,2.5,87.5,0.05,drop,48,16,3,0.19779,0.9774683509778551,0,5000,1000,P2,0.038759582071181485,3875.9582071181485,0.05,5000,7,907,3699,1.0,0,5000,0.0,0,0.0,"{""budget"": 5000}"
device_0,0.0,1701,2.5,87.5,0.05,late,48,16,3,0.19936,-0.002661444942765865,0,5000,1000,P2,0.04449828374625275,4449.828374625275,0.05,5000,4,228,4715,1.0,0,5000,0.0,0,0.0,"{""budget"": 5000}"
device_0,0.0,1702,2.5,87.5,0.05,late,48,16,3,0.20106,0.005830007599770396,0,5000,1000,P2,0.044674492972777265,4467.449297277726,0.05,5000,3,258,4679,1.0,0,5000,0.0,0,0.0,"{""budget"": 5000}"
device_0,0.0,1703,2.5,87.5,0.05,late,48,16,3,0.19952,0.005656351965683195,0,5000,1000,P2,0.04466419673491408,4466.419673491408,0.05,5000,3,244,4695,1.0,0,5000,0.0,0,0.0,"{""budget"": 5000}"
device_0,0.0,1704,2.5,87.5,0.05,late,48,16,3,0.20257,0.002457782015709934,0,5000,1000,P2,0.04478396924730483,4478.396924730483,0.05,5000,3,238,4711,1.0,0,5000,0.0,0,0.0,"{""budget"": 5000}"
device_0,0.0,1705,2.5,87.5,0.05,late,48,16,3,0.20104,-0.004155617772998724,0,5000,1000,P2,0.04467254241785403,4467.254241785403,0.05,5000,3,239,4698,1.0,0,5000,0.0,0,0.0,"{""budget"": 5000}"
device_0,0.0,1706,2.5,87.5,0.05,late,48,16,3,0.20062,-0.0045443747273977144,0,5000,1000,P2,0.044673149624895186,4467.314962489519,0.05,5000,3,216,4722,1.0,0,5000,0.0,0,0.0,"{""budget"": 5000}"
device_0,0.0,1707,2.5,87.5,0.05,late,48,16,3,0.19896,0.001346027845602329,0,5000,1000,P2,0.0444835424653178,4448.35424653178,0.05,5000,3,211,4721,1.0,0,5000,0.0,0,0.0,"{""budget"": 5000}"
device_0,0.0,1708,2.5,87.5,0.05,late,48,16,3,0.19922,-0.001372807149175493,0,5000,1000,P2,0.04461230813684303,4461.230813684303,0.05,5000,4,243,4697,1.0,0,5000,0.0,0,0.0,"{""budget"": 5000}"
device_0,0.0,1709,2.5,87.5,0.05,late,48,16,3,0.20001,0.005034822885721277,0,5000,1000,P2,0.04458322466288865,4458.322466288865,0.05,5000,4,239,4709,1.0,0,5000,0.0,0,0.0,"{""budget"": 5000}"
device_0,0.0,1710,2.5,87.5,0.05,late,48,16,3,0.19848,0.0007247411049733544,0,5000,1000,P2,0.04445672511329739,4445.672511329739,0.05,5000,3,258,4691,1.0,0,5000,0.0,0,0.0,"{""budget"": 5000}"
device_0,0.375,1701,2.5,87.5,0.05,late,48,16,3,0.19773,0.37585282092426525,0,5000,1000,P2,0.04439519188383264,4439.519188383264,0.05,5000,5,555,4307,1.0,0,5000,0.0,0,0.0,"{""budget"": 5000}"
device_0,0.375,1702,2.5,87.5,0.05,late,48,16,3,0.20083,0.3763938072575695,0,5000,1000,P2,0.04462422329772524,4462.422329772524,0.05,5000,7,523,4336,1.0,0,5000,0.0,0,0.0,"{""budget"": 5000}"
device_0,0.375,1703,2.5,87.5,0.05,late,48,16,3,0.19949,0.3708761472322628,0,5000,1000,P2,0.044682954383066915,4468.295438306692,0.05,5000,4,548,4314,1.0,0,5000,0.0,0,0.0,"{""budget"": 5000}"
device_0,0.375,1704,2.5,87.5,0.05,late,48,16,3,0.19956,0.37083454970073176,0,5000,1000,P2,0.044590064095716024,4459.0064095716025,0.05,5000,5,556,4295,1.0,0,5000,0.0,0,0.0,"{""budget"": 5000}"
device_0,0.375,1705,2.5,87.5,0.05,late,48,16,3,0.1976,0.38054564128452917,0,5000,1000,P2,0.04452828341401486,4452.828341401486,0.05,5000,4,544,4334,1.0,0,5000,0.0,0,0.0,"{""budget"": 5000}"
device_0,0.375,1706,2.5,87.5,0.05,late,48,16,3,0.19975,0.37847803043317246,0,5000,1000,P2,0.044575457597299174,4457.545759729917,0.05,5000,5,540,4333,1.0,0,5000,0.0,0,0.0,"{""budget"": 5000}"
device_0,0.375,1707,2.5,87.5,0.05,late,48,16,3,0.19756,0.3714936166119789,0,5000,1000,P2,0.04440332347181315,4440.3323471813155,0.05,5000,5,565,4319,1.0,0,5000,0.0,0,0.0,"{""budget"": 5000}"
device_0,0.375,1708,2.5,87.5,0.05,late,48,16,3,0.19968,0.3728274067949136,0,5000,1000,P2,0.044559754478384644,4455.975447838465,0.05,5000,4,544,4369,1.0,0,5000,0.0,0,0.0,"{""budget"": 5000}"
device_0,0.375,1709,2.5,87.5,0.05,late,48,16,3,0.20214,0.3789219763360735,0,5000,1000,P2,0.04491152966357461,4491.152966357461,0.05,5000,4,552,4331,1.0,0,5000,0.0,0,0.0,"{""budget"": 5000}"
device_0,0.375,1710,2.5,87.5,0.05,late,48,16,3,0.19842,0.37511826036297974,0,5000,1000,P2,0.04455035351682237,4455.035351682237,0.05,5000,4,547,4337,1.0,0,5000,0.0,0,0.0,"{""budget"": 5000}"
device_0,0.75,1701,2.5,87.5,0.05,late,48,16,3,0.20817,0.7556341521150168,0,5000,1000,P2,0.045210011696953205,4521.001169695321,0.05,5000,5,795,3984,1.0,0,5000,0.0,0,0.0,"{""budget"": 5000}"
device_0,0.75,1702,2.5,87.5,0.05,late,48,16,3,0.20244,0.7487885933421545,0,5000,1000,P2,0.04485529909714858,4485.529909714858,0.05,5000,6,793,3926,1.0,0,5000,0.0,0,0.0,"{""budget"": 5000}"
device_0,0.75,1703,2.5,87.5,0.05,late,48,16,3,0.20102,0.7470900970852136,0,5000,1000,P2,0.04471725872443039,4471.725872443039,0.05,5000,6,759,3978,1.0,0,5000,0.0,0,0.0,"{""budget"": 5000}"
device_0,0.75,1704,2.5,87.5,0.05,late,48,16,3,0.19715,0.7479806369104111,0,5000,1000,P2,0.044365867038051954,4436.586703805196,0.05,5000,5,778,3976,1.0,0,5000,0.0,0,0.0,"{""budget"": 5000}"
device_0,0.75,1705,2.5,87.5,0.05,late,48,16,3,0.20494,0.7506431485678381,0,5000,1000,P2,0.04510863780078249,4510.863780078249,0.05,5000,5,773,4011,1.0,0,5000,0.0,0,0.0,"{""budget"": 5000}"
device_0,0.75,1706,2.5,87.5,0.05,late,48,16,3,0.20282,0.7537784223147826,0,5000,1000,P2,0.04467464708774145,4467.464708774145,0.05,5000,6,769,3970,1.0,0,5000,0.0,0,0.0,"{""budget"": 5000}"
device_0,0.75,1707,2.5,87.5,0.05,late,48,16,3,0.20138,0.7431906944181493,0,5000,1000,P2,0.04487402366957034,4487.402366957034,0.05,5000,6,775,3966,1.0,0,5000,0.0,0,0.0,"{""budget"": 5000}"
device_0,0.75,1708,2.5,87.5,0.05,late,48,16,3,0.20034,0.7475350990705809,0,5000,1000,P2,0.04447290860445744,4447.290860445744,0.05,5000,5,814,3945,1.0,0,5000,0.0,0,0.0,"{""budget"": 5000}"
device_0,0.75,1709,2.5,87.5,0.05,late,48,16,3,0.20613,0.7542776800152501,0,5000,1000,P2,0.045088153763853715,4508.815376385372,0.05,5000,6,777,4000,1.0,0,5000,0.0,0,0.0,"{""budget"": 5000}"
device_0,0.75,1710,2.5,87.5,0.05,late,48,16,3,0.20286,0.74728584709585,0,5000,1000,P2,0.04483727400237816,4483.727400237815,0.05,5000,6,763,4008,1.0,0,5000,0.0,0,0.0,"{""budget"": 5000}"
device_0,0.875,1701,2.5,87.5,0.05,late,48,16,3,0.20249,0.8763990178082249,0,5000,1000,P2,0.04476686166855304,4476.686166855304,0.05,5000,6,880,3841,1.0,0,5000,0.0,0,0.0,"{""budget"": 5000}"
device_0,0.875,1702,2.5,87.5,0.05,late,48,16,3,0.19703,0.8759866636367837,0,5000,1000,P2,0.04433223751635638,4433.223751635638,0.05,5000,7,890,3794,1.0,0,5000,0.0,0,0.0,"{""budget"": 5000}"
device_0,0.875,1703,2.5,87.5,0.05,late,48,16,3,0.20238,0.8773687974569232,0,5000,1000,P2,0.04483498500767779,4483.498500767779,0.05,5000,7,856,3838,1.0,0,5000,0.0,0,0.0,"{""budget"": 5000}"
device_0,0.875,1704,2.5,87.5,0.05,late,48,16,3,0.19663,0.8771256568671042,0,5000,1000,P2,0.04436904641864741,4436.904641864741,0.05,5000,7,898,3796,1.0,0,5000,0.0,0,0.0,"{""budget"": 5000}"
device_0,0.875,1705,2.5,87.5,0.05,late,48,16,3,0.20133,0.8756186617053834,0,5000,1000,P2,0.0447227017330892,4472.27017330892,0.05,5000,6,865,3821,1.0,0,5000,0.0,0,0.0,"{""budget"": 5000}"
device_0,0.875,1706,2.5,87.5,0.05,late,48,16,3,0.19605,0.8731077294363513,0,5000,1000,P2,0.04436546391975795,4436.546391975795,0.05,5000,6,878,3788,1.0,0,5000,0.0,0,0.0,"{""budget"": 5000}"
device_0,0.875,1707,2.5,87.5,0.05,late,48,16,3,0.2,0.8774036452681541,0,5000,1000,P2,0.044589946094018715,4458.9946094018715,0.05,5000,7,856,3796,1.0,0,5000,0.0,0,0.0,"{""budget"": 5000}"
device_0,0.875,1708,2.5,87.5,0.05,late,48,16,3,0.20258,0.87442580026271,0,5000,1000,P2,0.0449230387214714,4492.30387214714,0.05,5000,7,862,3859,1.0,0,5000,0.0,0,0.0,"{""budget"": 5000}"
device_0,0.875,1709,2.5,87.5,0.05,late,48,16,3,0.19831,0.8770598020870867,0,5000,1000,P2,0.04436933700612748,4436.933700612748,0.05,5000,6,891,3791,1.0,0,5000,0.0,0,0.0,"{""budget"": 5000}"
device_0,0.875,1710,2.5,87.5,0.05,late,48,16,3,0.19668,0.8724656025657239,0,5000,1000,P2,0.044381463327212586,4438.146332721259,0.05,5000,7,869,3853,1.0,0,5000,0.0,0,0.0,"{""budget"": 5000}"
device_0,0.9375,1701,2.5,87.5,0.05,late,48,16,3,0.20509,0.9402237906216514,0,5000,1000,P2,0.04507051989750587,4507.051989750587,0.05,5000,7,878,3776,1.0,0,5000,0.0,0,0.0,"{""budget"": 5000}"
device_0,0.9375,1702,2.5,87.5,0.05,late,48,16,3,0.19366,0.9366016280001491,0,5000,1000,P2,0.04426452023841275,4426.452023841275,0.05,5000,6,938,3722,1.0,0,5000,0.0,0,0.0,"{""budget"": 5000}"
device_0,0.9375,1703,2.5,87.5,0.05,late,48,16,3,0.19489,0.9369055048961522,0,5000,1000,P2,0.044239594615473735,4423.959461547373,0.05,5000,9,903,3805,1.0,0,5000,0.0,0,0.0,"{""budget"": 5000}"
device_0,0.9375,1704,2.5,87.5,0.05,late,48,16,3,0.19999,0.9358099323716185,0,5000,1000,P2,0.04455102505271522,4455.102505271522,0.05,5000,8,882,3806,1.0,0,5000,0.0,0,0.0,"{""budget"": 5000}"
device_0,0.9375,1705,2.5,87.5,0.05,late,48,16,3,0.19063,0.9374553760710133,0,5000,1000,P2,0.04395682112983275,4395.682112983275,0.05,5000,8,946,3663,1.0,0,5000,0.0,0,0.0,"{""budget"": 5000}"
device_0,0.9375,1706,2.5,87.5,0.05,late,48,16,3,0.20144,0.9386428776611538,0,5000,1000,P2,0.04466641912524869,4466.641912524869,0.05,5000,6,912,3780,1.0,0,5000,0.0,0,0.0,"{""budget"": 5000}"
device_0,0.9375,1707,2.5,87.5,0.05,late,48,16,3,0.20073,0.9386652506542138,0,5000,1000,P2,0.04461803560723352,4461.803560723352,0.05,5000,5,891,3779,1.0,0,5000,0.0,0,0.0,"{""budget"": 5000}"
device_0,0.9375,1708,2.5,87.5,0.05,late,48,16,3,0.19042,0.9350336658268497,0,5000,1000,P2,0.043861208784778866,4386.120878477886,0.05,5000,6,883,3758,1.0,0,5000,0.0,0,0.0,"{""budget"": 5000}"
device_0,0.9375,1709,2.5,87.5,0.05,late,48,16,3,0.20214,0.9387695757970393,0,5000,1000,P2,0.04473238450306171,4473.238450306171,0.05,5000,7,910,3775,1.0,0,5000,0.0,0,0.0,"{""budget"": 5000}"
device_0,0.9375,1710,2.5,87.5,0.05,late,48,16,3,0.20082,0.9338903427364145,0,5000,1000,P2,0.044619263535292976,4461.926353529298,0.05,5000,6,914,3816,1.0,0,5000,0.0,0,0.0,"{""budget"": 5000}"
device_0,0.975,1701,2.5,87.5,0.05,late,48,16,3,0.20012,0.9750727182312047,0,5000,1000,P2,0.04461929424727576,4461.929424727576,0.05,5000,8,896,3787,1.0,0,5000,0.0,0,0.0,"{""budget"": 5000}"
device_0,0.975,1702,2.5,87.5,0.05,late,48,16,3,0.19762,0.9739220248349032,0,5000,1000,P2,0.04448617883329554,4448.6178833295535,0.05,5000,7,923,3720,1.0,0,5000,0.0,0,0.0,"{""budget"": 5000}"
device_0,0.975,1703,2.5,87.5,0.05,late,48,16,3,0.1984,0.975854682367182,0,5000,1000,P2,0.044453353591788126,4445.335359178813,0.05,5000,6,897,3772,1.0,0,5000,0.0,0,0.0,"{""budget"": 5000}"
device_0,0.975,1704,2.5,87.5,0.05,late,48,16,3,0.19634,0.9733501805342133,0,5000,1000,P2,0.04434615079293986,4434.615079293986,0.05,5000,7,891,3758,1.0,0,5000,0.0,0,0.0,"{""budget"": 5000}"
device_0,0.975,1705,2.5,87.5,0.05,late,48,16,3,0.19493,0.9747974986214312,0,5000,1000,P2,0.044166815016093444,4416.681501609344,0.05,5000,6,923,3723,1.0,0,5000,0.0,0,0.0,"{""budget"": 5000}"
device_0,0.975,1706,2.5,87.5,0.05,late,48,16,3,0.203,0.9742259419786155,0,5000,1000,P2,0.04486003697692218,4486.003697692218,0.05,5000,6,900,3759,1.0,0,5000,0.0,0,0.0,"{""budget"": 5000}"
device_0,0.975,1707,2.5,87.5,0.05,late,48,16,3,0.20266,0.9738223967562294,0,5000,1000,P2,0.04483960378611275,4483.960378611275,0.05,5000,7,894,3745,1.0,0,5000,0.0,0,0.0,"{""budget"": 5000}"
device_0,0.975,1708,2.5,87.5,0.05,late,48,16,3,0.19043,0.9746047948044175,0,5000,1000,P2,0.04384686462660853,4384.686462660853,0.05,5000,7,919,3748,1.0,0,5000,0.0,0,0.0,"{""budget"": 5000}"
device_0,0.975,1709,2.5,87.5,0.05,late,48,16,3,0.19294,0.9749540477640206,0,5000,1000,P2,0.04399645557285059,4399.645557285059,0.05,5000,6,965,3696,1.0,0,5000,0.0,0,0.0,"{""budget"": 5000}"
device_0,0.975,1710,2.5,87.5,0.05,late,48,16,3,0.19779,0.9774683509778551,0,5000,1000,P2,0.04440210250513521,4440.210250513521,0.05,5000,6,952,3653,1.0,0,5000,0.0,0,0.0,"{""budget"": 5000}"
device_0,0.0,1701,2.5,87.5,0.1,drop,48,16,3,0.19936,-0.002661444942765865,0,10000,1000,P2,0.032155114063558414,3215.5114063558412,0.1,10000,5,858,8951,1.0,0,10000,0.0,0,0.0,"{""budget"": 10000}"
device_0,0.0,1702,2.5,87.5,0.1,drop,48,16,3,0.20106,0.005830007599770396,0,10000,1000,P2,0.032260250494905655,3226.025049490566,0.1,10000,4,956,8835,1.0,0,10000,0.0,0,0.0,"{""budget"": 10000}"
device_0,0.0,1703,2.5,87.5,0.1,drop,48,16,3,0.19952,0.005656351965683195,0,10000,1000,P2,0.032217486584560466,3221.7486584560465,0.1,10000,5,955,8841,1.0,0,10000,0.0,0,0.0,"{""budget"": 10000}"
device_0,0.0,1704,2.5,87.5,0.1,drop,48,16,3,0.20257,0.002457782015709934,0,10000,1000,P2,0.03235404038067657,3235.404038067657,0.1,10000,4,933,8884,1.0,0,10000,0.0,0,0.0,"{""budget"": 10000}"
device_0,0.0,1705,2.5,87.5,0.1,drop,48,16,3,0.20104,-0.004155617772998724,0,10000,1000,P2,0.03223762126965679,3223.7621269656793,0.1,10000,4,909,8909,1.0,0,10000,0.0,0,0.0,"{""budget"": 10000}"
device_0,0.0,1706,2.5,87.5,0.1,drop,48,16,3,0.20062,-0.0045443747273977144,0,10000,1000,P2,0.032230760777968256,3223.0760777968253,0.1,10000,4,867,8943,1.0,0,10000,0.0,0,0.0,"{""budget"": 10000}"
device_0,0.0,1707,2.5,87.5,0.1,drop,48,16,3,0.19896,0.001346027845602329,0,10000,1000,P2,0.032157199348488166,3215.7199348488166,0.1,10000,5,859,8938,1.0,0,10000,0.0,0,0.0,"{""budget"": 10000}"
device_0,0.0,1708,2.5,87.5,0.1,drop,48,16,3,0.19922,-0.001372807149175493,0,10000,1000,P2,0.0321798589961953,3217.98589961953,0.1,10000,5,882,8910,1.0,0,10000,0.0,0,0.0,"{""budget"": 10000}"
device_0,0.0,1709,2.5,87.5,0.1,drop,48,16,3,0.20001,0.005034822885721277,0,10000,1000,P2,0.03219677209709484,3219.6772097094836,0.1,10000,5,893,8894,1.0,0,10000,0.0,0,0.0,"{""budget"": 10000}"
device_0,0.0,1710,2.5,87.5,0.1,drop,48,16,3,0.19848,0.0007247411049733544,0,10000,1000,P2,0.03211269641142285,3211.269641142285,0.1,10000,4,914,8909,1.0,0,10000,0.0,0,0.0,"{""budget"": 10000}"
device_0,0.375,1701,2.5,87.5,0.1,drop,48,16,3,0.19773,0.37585282092426525,0,10000,1000,P2,0.03209930822941363,3209.9308229413627,0.1,10000,7,1909,7351,1.0,0,10000,0.0,0,0.0,"{""budget"": 10000}"
device_0,0.375,1702,2.5,87.5,0.1,drop,48,16,3,0.20083,0.3763938072575695,0,10000,1000,P2,0.032248808603528675,3224.880860352868,0.1,10000,8,1845,7432,1.0,0,10000,0.0,0,0.0,"{""budget"": 10000}"
device_0,0.375,1703,2.5,87.5,0.1,drop,48,16,3,0.19949,0.3708761472322628,0,10000,1000,P2,0.032232398348528056,3223.239834852806,0.1,10000,7,1796,7453,1.0,0,10000,0.0,0,0.0,"{""budget"": 10000}"
device_0,0.375,1704,2.5,87.5,0.1,drop,48,16,3,0.19956,0.37083454970073176,0,10000,1000,P2,0.03219914856386928,3219.9148563869285,0.1,10000,6,1878,7372,1.0,0,10000,0.0,0,0.0,"{""budget"": 10000}"
device_0,0.375,1705,2.5,87.5,0.1,drop,48,16,3,0.1976,0.38054564128452917,0,10000,1000,P2,0.03210185003291254,3210.1850032912544,0.1,10000,7,1928,7378,1.0,0,10000,0.0,0,0.0,"{""budget"": 10000}"
device_0,0.375,1706,2.5,87.5,0.1,drop,48,16,3,0.19975,0.37847803043317246,0,10000,1000,P2,0.0322097973614817,3220.9797361481696,0.1,10000,7,1830,7501,1.0,0,10000,0.0,0,0.0,"{""budget"": 10000}"
device_0,0.375,1707,2.5,87.5,0.1,drop,48,16,3,0.19756,0.3714936166119789,0,10000,1000,P2,0.03209236560057649,3209.236560057649,0.1,10000,7,1854,7474,1.0,0,10000,0.0,0,0.0,"{""budget"": 10000}"
device_0,0.375,1708,2.5,87.5,0.1,drop,48,16,3,0.19968,0.3728274067949136,0,10000,1000,P2,0.03220845139542208,3220.8451395422085,0.1,10000,7,1855,7462,1.0,0,10000,0.0,0,0.0,"{""budget"": 10000}"
device_0,0.375,1709,2.5,87.5,0.1,drop,48,16,3,0.20214,0.3789219763360735,0,10000,1000,P2,0.03233396845023134,3233.3968450231346,0.1,10000,8,1852,7378,1.0,0,10000,0.0,0,0.0,"{""budget"": 10000}"
device_0,0.375,1710,2.5,87.5,0.1,drop,48,16,3,0.19842,0.37511826036297974,0,10000,1000,P2,0.03211696388468712,3211.696388468712,0.1,10000,7,1851,7418,1.0,0,10000,0.0,0,0.0,"{""budget"": 10000}"
device_0,0.75,1701,2.5,87.5,0.1,drop,48,16,3,0.20817,0.7556341521150168,0,10000,1000,P2,0.03264942861100426,3264.942861100426,0.1,10000,9,2353,6121,1.0,0,10000,0.0,0,0.0,"{""budget"": 10000}"
device_0,0.75,1702,2.5,87.5,0.1,drop,48,16,3,0.20244,0.7487885933421545,0,10000,1000,P2,0.032306696005495426,3230.6696005495423,0.1,10000,10,2361,6003,1.0,0,10000,0.0,0,0.0,"{""budget"": 10000}"
device_0,0.75,1703,2.5,87.5,0.1,drop,48,16,3,0.20102,0.7470900970852136,0,10000,1000,P2,0.03225301653883639,3225.3016538836387,0.1,10000,10,2354,5966,1.0,0,10000,0.0,0,0.0,"{""budget"": 10000}"
device_0,0.75,1704,2.5,87.5,0.1,drop,48,16,3,0.19715,0.7479806369104111,0,10000,1000,P2,0.032054234662440416,3205.4234662440413,0.1,10000,12,2347,5956,1.0,0,10000,0.0,0,0.0,"{""budget"": 10000}"
device_0,0.75,1705,2.5,87.5,0.1,drop,48,16,3,0.20494,0.7506431485678381,0,10000,1000,P2,0.032485268113721606,3248.526811372161,0.1,10000,11,2399,6034,1.0,0,10000,0.0,0,0.0,"{""budget"": 10000}"
device_0,0.75,1706,2.5,87.5,0.1,drop,48,16,3,0.20282,0.7537784223147826,0,10000,1000,P2,0.03230889740013114,3230.889740013114,0.1,10000,13,2344,5960,1.0,0,10000,0.0,0,0.0,"{""budget"": 10000}"
device_0,0.75,1707,2.5,87.5,0.1,drop,48,16,3,0.20138,0.7431906944181493,0,10000,1000,P2,0.032354005932708284,3235.4005932708283,0.1,10000,10,2356,5997,1.0,0,10000,0.0,0,0.0,"{""budget"": 10000}"
device_0,0.75,1708,2.5,87.5,0.1,drop,48,16,3,0.20034,0.7475350990705809,0,10000,1000,P2,0.0321428051106535,3214.28051106535,0.1,10000,9,2376,5969,1.0,0,10000,0.0,0,0.0,"{""budget"": 10000}"
device_0,0.75,1709,2.5,87.5,0.1,drop,48,16,3,0.20613,0.7542776800152501,0,10000,1000,P2,0.03254272820990343,3254.2728209903426,0.1,10000,10,2365,6055,1.0,0,10000,0.0,0,0.0,"{""budget"": 10000}"
device_0,0.75,1710,2.5,87.5,0.1,drop,48,16,3,0.20286,0.74728584709585,0,10000,1000,P2,0.03234328970240048,3234.3289702400484,0.1,10000,10,2312,6088,1.0,0,10000,0.0,0,0.0,"{""budget"": 10000}"
device_0,0.875,1701,2.5,87.5,0.1,drop,48,16,3,0.20249,0.8763990178082249,0,10000,1000,P2,0.0323030747163041,3230.30747163041,0.1,10000,11,2436,5568,1.0,0,10000,0.0,0,0.0,"{""budget"": 10000}"
device_0,0.875,1702,2.5,87.5,0.1,drop,48,16,3,0.19703,0.8759866636367837,0,10000,1000,P2,0.03204075001265192,3204.0750012651924,0.1,10000,14,2407,5387,1.0,0,10000,0.0,0,0.0,"{""budget"": 10000}"
device_0,0.875,1703,2.5,87.5,0.1,drop,48,16,3,0.20238,0.8773687974569232,0,10000,1000,P2,0.03231507798610651,3231.5077986106508,0.1,10000,13,2447,5472,1.0,0,10000,0.0,0,0.0,"{""budget"": 10000}"
device_0,0.875,1704,2.5,87.5,0.1,drop,48,16,3,0.19663,0.8771256568671042,0,10000,1000,P2,0.03205894906705825,3205.894906705825,0.1,10000,14,2507,5351,1.0,0,10000,0.0,0,0.0,"{""budget"": 10000}"
device_0,0.875,1705,2.5,87.5,0.1,drop,48,16,3,0.20133,0.8756186617053834,0,10000,1000,P2,0.03228758196172923,3228.758196172923,0.1,10000,11,2475,5518,1.0,0,10000,0.0,0,0.0,"{""budget"": 10000}"
device_0,0.875,1706,2.5,87.5,0.1,drop,48,16,3,0.19605,0.8731077294363513,0,10000,1000,P2,0.03197932108050538,3197.932108050538,0.1,10000,15,2493,5303,1.0,0,10000,0.0,0,0.0,"{""budget"": 10000}"
device_0,0.875,1707,2.5,87.5,0.1,drop,48,16,3,0.2,0.8774036452681541,0,10000,1000,P2,0.03220442471436217,3220.442471436217,0.1,10000,11,2457,5374,1.0,0,10000,0.0,0,0.0,"{""budget"": 10000}"
device_0,0.875,1708,2.5,87.5,0.1,drop,48,16,3,0.20258,0.87442580026271,0,10000,1000,P2,0.03236101418344439,3236.1014183444395,0.1,10000,11,2490,5473,1.0,0,10000,0.0,0,0.0,"{""budget"": 10000}"
device_0,0.875,1709,2.5,87.5,0.1,drop,48,16,3,0.19831,0.8770598020870867,0,10000,1000,P2,0.0320884936959435,3208.84936959435,0.1,10000,11,2471,5376,1.0,0,10000,0.0,0,0.0,"{""budget"": 10000}"
device_0,0.875,1710,2.5,87.5,0.1,drop,48,16,3,0.19668,0.8724656025657239,0,10000,1000,P2,0.03205201493270632,3205.2014932706315,0.1,10000,12,2466,5400,1.0,0,10000,0.0,0,0.0,"{""budget"": 10000}"
device_0,0.9375,1701,2.5,87.5,0.1,drop,48,16,3,0.20509,0.9402237906216514,0,10000,1000,P2,0.03251227230075845,3251.227230075845,0.1,10000,13,2455,5300,1.0,0,10000,0.0,0,0.0,"{""budget"": 10000}"
device_0,0.9375,1702,2.5,87.5,0.1,drop,48,16,3,0.19366,0.9366016280001491,0,10000,1000,P2,0.03192939111747143,3192.939111747143,0.1,10000,14,2492,5058,1.0,0,10000,0.0,0,0.0,"{""budget"": 10000}"
device_0,0.9375,1703,2.5,87.5,0.1,drop,48,16,3,0.19489,0.9369055048961522,0,10000,1000,P2,0.031967416805710316,3196.741680571032,0.1,10000,15,2501,5052,1.0,0,10000,0.0,0,0.0,"{""budget"": 10000}"
device_0,0.9375,1704,2.5,87.5,0.1,drop,48,16,3,0.19999,0.9358099323716185,0,10000,1000,P2,0.0321690962344641,3216.9096234464105,0.1,10000,11,2482,5208,1.0,0,10000,0.0,0,0.0,"{""budget"": 10000}"
device_0,0.9375,1705,2.5,87.5,0.1,drop,48,16,3,0.19063,0.9374553760710133,0,10000,1000,P2,0.03173410864339099,3173.410864339099,0.1,10000,14,2434,4945,1.0,0,10000,0.0,0,0.0,"{""budget"": 10000}"
device_0,0.9375,1706,2.5,87.5,0.1,drop,48,16,3,0.20144,0.9386428776611538,0,10000,1000,P2,0.03226998993180976,3226.998993180976,0.1,10000,10,2465,5226,1.0,0,10000,0.0,0,0.0,"{""budget"": 10000}"
device_0,0.9375,1707,2.5,87.5,0.1,drop,48,16,3,0.20073,0.9386652506542138,0,10000,1000,P2,0.032222309459918705,3222.2309459918706,0.1,10000,17,2475,5120,1.0,0,10000,0.0,0,0.0,"{""budget"": 10000}"
device_0,0.9375,1708,2.5,87.5,0.1,drop,48,16,3,0.19042,0.9350336658268497,0,10000,1000,P2,0.03172635437062822,3172.6354370628223,0.1,10000,15,2426,4947,1.0,0,10000,0.0,0,0.0,"{""budget"": 10000}"
device_0,0.9375,1709,2.5,87.5,0.1,drop,48,16,3,0.20214,0.9387695757970393,0,10000,1000,P2,0.032307816514383296,3230.78165143833,0.1,10000,12,2443,5241,1.0,0,10000,0.0,0,0.0,"{""budget"": 10000}"
device_0,0.9375,1710,2.5,87.5,0.1,drop,48,16,3,0.20082,0.9338903427364145,0,10000,1000,P2,0.03223173692081733,3223.173692081733,0.1,10000,13,2452,5247,1.0,0,10000,0.0,0,0.0,"{""budget"": 10000}"
device_0,0.975,1701,2.5,87.5,0.1,drop,48,16,3,0.20012,0.9750727182312047,0,10000,1000,P2,0.03224516593240752,3224.5165932407517,0.1,10000,12,2458,5097,1.0,0,10000,0.0,0,0.0,"{""budget"": 10000}"
device_0,0.975,1702,2.5,87.5,0.1,drop,48,16,3,0.19762,0.9739220248349032,0,10000,1000,P2,0.03210790379167581,3210.790379167581,0.1,10000,13,2477,4967,1.0,0,10000,0.0,0,0.0,"{""budget"": 10000}"
device_0,0.975,1703,2.5,87.5,0.1,drop,48,16,3,0.1984,0.975854682367182,0,10000,1000,P2,0.0321348892326661,3213.48892326661,0.1,10000,13,2464,4988,1.0,0,10000,0.0,0,0.0,"{""budget"": 10000}"
device_0,0.975,1704,2.5,87.5,0.1,drop,48,16,3,0.19634,0.9733501805342133,0,10000,1000,P2,0.03202002267117358,3202.0022671173574,0.1,10000,15,2450,4972,1.0,0,10000,0.0,0,0.0,"{""budget"": 10000}"
device_0,0.975,1705,2.5,87.5,0.1,drop,48,16,3,0.19493,0.9747974986214312,0,10000,1000,P2,0.031923890023670555,3192.3890023670556,0.1,10000,12,2539,4953,1.0,0,10000,0.0,0,0.0,"{""budget"": 10000}"
device_0,0.975,1706,2.5,87.5,0.1,drop,48,16,3,0.203,0.9742259419786155,0,10000,1000,P2,0.032321247963115245,3232.1247963115247,0.1,10000,12,2457,5158,1.0,0,10000,0.0,0,0.0,"{""budget"": 10000}"
device_0,0.975,1707,2.5,87.5,0.1,drop,48,16,3,0.20266,0.9738223967562294,0,10000,1000,P2,0.032362502211875296,3236.2502211875294,0.1,10000,12,2450,5072,1.0,0,10000,0.0,0,0.0,"{""budget"": 10000}"
device_0,0.975,1708,2.5,87.5,0.1,drop,48,16,3,0.19043,0.9746047948044175,0,10000,1000,P2,0.031706550666267104,3170.6550666267103,0.1,10000,18,2504,4803,1.0,0,10000,0.0,0,0.0,"{""budget"": 10000}"
device_0,0.975,1709,2.5,87.5,0.1,drop,48,16,3,0.19294,0.9749540477640206,0,10000,1000,P2,0.03184742248025274,3184.742248025274,0.1,10000,13,2520,4847,1.0,0,10000,0.0,0,0.0,"{""budget"": 10000}"
device_0,0.975,1710,2.5,87.5,0.1,drop,48,16,3,0.19779,0.9774683509778551,0,10000,1000,P2,0.03207721769682866,3207.721769682866,0.1,10000,13,2466,4890,1.0,0,10000,0.0,0,0.0,"{""budget"": 10000}"
device_0,0.0,1701,2.5,87.5,0.1,late,48,16,3,0.19936,-0.002661444942765865,0,10000,1000,P2,0.043257345006834765,4325.734500683477,0.1,10000,362,672,7897,0.8902,1098,8902,0.0,0,0.0,"{""budget"": 10000}"
device_0,0.0,1702,2.5,87.5,0.1,late,48,16,3,0.20106,0.005830007599770396,0,10000,1000,P2,0.04336980693556592,4336.980693556592,0.1,10000,231,777,7922,0.9027,973,9027,0.0,0,0.0,"{""budget"": 10000}"
device_0,0.0,1703,2.5,87.5,0.1,late,48,16,3,0.19952,0.005656351965683195,0,10000,1000,P2,0.04334046551501911,4334.046551501911,0.1,10000,154,775,7995,0.9076,924,9076,0.0,0,0.0,"{""budget"": 10000}"
device_0,0.0,1704,2.5,87.5,0.1,late,48,16,3,0.20257,0.002457782015709934,0,10000,1000,P2,0.04345842569888844,4345.842569888844,0.1,10000,156,743,8046,0.9091,909,9091,0.0,0,0.0,"{""budget"": 10000}"
device_0,0.0,1705,2.5,87.5,0.1,late,48,16,3,0.20104,-0.004155617772998724,0,10000,1000,P2,0.0433507617003824,4335.07617003824,0.1,10000,181,726,8029,0.9046,954,9046,0.0,0,0.0,"{""budget"": 10000}"
device_0,0.0,1706,2.5,87.5,0.1,late,48,16,3,0.20062,-0.0045443747273977144,0,10000,1000,P2,0.04335332813841918,4335.332813841918,0.1,10000,191,680,8071,0.9059,941,9059,0.0,0,0.0,"{""budget"": 10000}"
device_0,0.0,1707,2.5,87.5,0.1,late,48,16,3,0.19896,0.001346027845602329,0,10000,1000,P2,0.043236949352463215,4323.694935246322,0.1,10000,401,675,7864,0.8879,1121,8879,0.0,0,0.0,"{""budget"": 10000}"
device_0,0.0,1708,2.5,87.5,0.1,late,48,16,3,0.19922,-0.001372807149175493,0,10000,1000,P2,0.04329391084520841,4329.391084520841,0.1,10000,187,711,8026,0.9069,931,9069,0.0,0,0.0,"{""budget"": 10000}"
device_0,0.0,1709,2.5,87.5,0.1,late,48,16,3,0.20001,0.005034822885721277,0,10000,1000,P2,0.04330786309866971,4330.786309866971,0.1,10000,284,697,7938,0.8974,1026,8974,0.0,0,0.0,"{""budget"": 10000}"
device_0,0.0,1710,2.5,87.5,0.1,late,48,16,3,0.19848,0.0007247411049733544,0,10000,1000,P2,0.043185217560506944,4318.521756050694,0.1,10000,335,711,7894,0.8908,1092,8908,0.0,0,0.0,"{""budget"": 10000}"
device_0,0.375,1701,2.5,87.5,0.1,late,48,16,3,0.19773,0.37585282092426525,0,10000,1000,P2,0.04315515734910884,4315.515734910884,0.1,10000,412,1507,6656,0.8873,1127,8873,0.0,0,0.0,"{""budget"": 10000}"
device_0,0.375,1702,2.5,87.5,0.1,late,48,16,3,0.20083,0.3763938072575695,0,10000,1000,P2,0.04336351081269032,4336.351081269032,0.1,10000,326,1452,6778,0.8942,1058,8942,0.0,0,0.0,"{""budget"": 10000}"
device_0,0.375,1703,2.5,87.5,0.1,late,48,16,3,0.19949,0.3708761472322628,0,10000,1000,P2,0.043360666548334995,4336.066654833499,0.1,10000,193,1480,6895,0.9063,937,9063,0.0,0,0.0,"{""budget"": 10000}"
device_0,0.375,1704,2.5,87.5,0.1,late,48,16,3,0.19956,0.37083454970073176,0,10000,1000,P2,0.04330393201967259,4330.393201967259,0.1,10000,316,1508,6771,0.8989,1011,8989,0.0,0,0.0,"{""budget"": 10000}"
device_0,0.375,1705,2.5,87.5,0.1,late,48,16,3,0.1976,0.38054564128452917,0,10000,1000,P2,0.043205527677901354,4320.5527677901355,0.1,10000,171,1567,6840,0.904,960,9040,0.0,0,0.0,"{""budget"": 10000}"
device_0,0.375,1706,2.5,87.5,0.1,late,48,16,3,0.19975,0.37847803043317246,0,10000,1000,P2,0.043329105165119265,4332.910516511926,0.1,10000,373,1439,6806,0.89,1100,8900,0.0,0,0.0,"{""budget"": 10000}"
device_0,0.375,1707,2.5,87.5,0.1,late,48,16,3,0.19756,0.3714936166119789,0,10000,1000,P2,0.04316441965129381,4316.441965129381,0.1,10000,411,1465,6732,0.8861,1139,8861,0.0,0,0.0,"{""budget"": 10000}"
device_0,0.375,1708,2.5,87.5,0.1,late,48,16,3,0.19968,0.3728274067949136,0,10000,1000,P2,0.04326045181764868,4326.045181764868,0.1,10000,239,1530,6820,0.8972,1028,8972,0.0,0,0.0,"{""budget"": 10000}"
device_0,0.375,1709,2.5,87.5,0.1,late,48,16,3,0.20214,0.3789219763360735,0,10000,1000,P2,0.04350919646867822,4350.919646867822,0.1,10000,7,1625,6928,0.9228,772,9228,0.0,0,0.0,"{""budget"": 10000}"
device_0,0.375,1710,2.5,87.5,0.1,late,48,16,3,0.19842,0.37511826036297974,0,10000,1000,P2,0.04324209747068437,4324.209747068437,0.1,10000,215,1509,6830,0.9013,987,9013,0.0,0,0.0,"{""budget"": 10000}"
device_0,0.75,1701,2.5,87.5,0.1,late,48,16,3,0.20817,0.7556341521150168,0,10000,1000,P2,0.04382760359362783,4382.760359362783,0.1,10000,9,2034,5870,0.9166,834,9166,0.0,0,0.0,"{""budget"": 10000}"
device_0,0.75,1702,2.5,87.5,0.1,late,48,16,3,0.20244,0.7487885933421545,0,10000,1000,P2,0.04347750750253541,4347.750750253541,0.1,10000,9,2056,5792,0.9212,788,9212,0.0,0,0.0,"{""budget"": 10000}"
device_0,0.75,1703,2.5,87.5,0.1,late,48,16,3,0.20102,0.7470900970852136,0,10000,1000,P2,0.04339816156642488,4339.816156642488,0.1,10000,152,2007,5677,0.9078,922,9078,0.0,0,0.0,"{""budget"": 10000}"
device_0,0.75,1704,2.5,87.5,0.1,late,48,16,3,0.19715,0.7479806369104111,0,10000,1000,P2,0.0431328384015425,4313.28384015425,0.1,10000,426,1950,5598,0.8849,1151,8849,0.0,0,0.0,"{""budget"": 10000}"
device_0,0.75,1705,2.5,87.5,0.1,late,48,16,3,0.20494,0.7506431485678381,0,10000,1000,P2,0.043679381033107485,4367.938103310748,0.1,10000,11,2137,5816,0.9309,691,9309,0.0,0,0.0,"{""budget"": 10000}"
device_0,0.75,1706,2.5,87.5,0.1,late,48,16,3,0.20282,0.7537784223147826,0,10000,1000,P2,0.043385037169375446,4338.503716937545,0.1,10000,307,1960,5654,0.8991,1009,8991,0.0,0,0.0,"{""budget"": 10000}"
device_0,0.75,1707,2.5,87.5,0.1,late,48,16,3,0.20138,0.7431906944181493,0,10000,1000,P2,0.04350636501237157,4350.636501237157,0.1,10000,57,2055,5762,0.9177,823,9177,0.0,0,0.0,"{""budget"": 10000}"
device_0,0.75,1708,2.5,87.5,0.1,late,48,16,3,0.20034,0.7475350990705809,0,10000,1000,P2,0.04321704202878881,4321.704202878881,0.1,10000,382,1947,5629,0.8928,1072,8928,0.0,0,0.0,"{""budget"": 10000}"
device_0,0.75,1709,2.5,87.5,0.1,late,48,16,3,0.20613,0.7542776800152501,0,10000,1000,P2,0.0436964989886708,4369.64989886708,0.1,10000,8,2072,5832,0.9214,786,9214,0.0,0,0.0,"{""budget"": 10000}"
device_0,0.75,1710,2.5,87.5,0.1,late,48,16,3,0.20286,0.74728584709585,0,10000,1000,P2,0.04348579207179164,4348.579207179164,0.1,10000,61,2020,5835,0.9119,881,9119,0.0,0,0.0,"{""budget"": 10000}"
device_0,0.875,1701,2.5,87.5,0.1,late,48,16,3,0.20249,0.8763990178082249,0,10000,1000,P2,0.043440059884792936,4344.005988479294,0.1,10000,148,2113,5386,0.9069,931,9069,0.0,0,0.0,"{""budget"": 10000}"
device_0,0.875,1702,2.5,87.5,0.1,late,48,16,3,0.19703,0.8759866636367837,0,10000,1000,P2,0.043090505354260934,4309.050535426093,0.1,10000,403,2035,5177,0.885,1150,8850,0.0,0,0.0,"{""budget"": 10000}"
device_0,0.875,1703,2.5,87.5,0.1,late,48,16,3,0.20238,0.8773687974569232,0,10000,1000,P2,0.04346640706282427,4346.640706282427,0.1,10000,16,2163,5323,0.9146,854,9146,0.0,0,0.0,"{""budget"": 10000}"
device_0,0.875,1704,2.5,87.5,0.1,late,48,16,3,0.19663,0.8771256568671042,0,10000,1000,P2,0.043122598560619445,4312.259856061944,0.1,10000,367,2114,5157,0.8841,1159,8841,0.0,0,0.0,"{""budget"": 10000}"
device_0,0.875,1705,2.5,87.5,0.1,late,48,16,3,0.20133,0.8756186617053834,0,10000,1000,P2,0.04339414123724258,4339.4141237242575,0.1,10000,119,2150,5296,0.8984,1016,8984,0.0,0,0.0,"{""budget"": 10000}"
device_0,0.875,1706,2.5,87.5,0.1,late,48,16,3,0.19605,0.8731077294363513,0,10000,1000,P2,0.043092522184176384,4309.252218417639,0.1,10000,290,2118,5135,0.8951,1049,8951,0.0,0,0.0,"{""budget"": 10000}"
device_0,0.875,1707,2.5,87.5,0.1,late,48,16,3,0.2,0.8774036452681541,0,10000,1000,P2,0.04331441753420459,4331.4417534204595,0.1,10000,310,2088,5172,0.8966,1034,8966,0.0,0,0.0,"{""budget"": 10000}"
device_0,0.875,1708,2.5,87.5,0.1,late,48,16,3,0.20258,0.87442580026271,0,10000,1000,P2,0.04354259160643016,4354.259160643016,0.1,10000,11,2217,5379,0.9145,855,9145,0.0,0,0.0,"{""budget"": 10000}"
device_0,0.875,1709,2.5,87.5,0.1,late,48,16,3,0.19831,0.8770598020870867,0,10000,1000,P2,0.043136194075942894,4313.619407594289,0.1,10000,417,2054,5138,0.8782,1218,8782,0.0,0,0.0,"{""budget"": 10000}"
device_0,0.875,1710,2.5,87.5,0.1,late,48,16,3,0.19668,0.8724656025657239,0,10000,1000,P2,0.04314129426354245,4314.129426354245,0.1,10000,365,2071,5178,0.8855,1145,8855,0.0,0,0.0,"{""budget"": 10000}"
device_0,0.9375,1701,2.5,87.5,0.1,late,48,16,3,0.20509,0.9402237906216514,0,10000,1000,P2,0.04365298691012031,4365.298691012031,0.1,10000,13,2202,5214,0.9334,666,9334,0.0,0,0.0,"{""budget"": 10000}"
device_0,0.9375,1702,2.5,87.5,0.1,late,48,16,3,0.19366,0.9366016280001491,0,10000,1000,P2,0.04300678272404075,4300.678272404075,0.1,10000,355,2137,4909,0.8892,1108,8892,0.0,0,0.0,"{""budget"": 10000}"
device_0,0.9375,1703,2.5,87.5,0.1,late,48,16,3,0.19489,0.9369055048961522,0,10000,1000,P2,0.04302380112992813,4302.380112992813,0.1,10000,496,2096,4898,0.8807,1193,8807,0.0,0,0.0,"{""budget"": 10000}"
device_0,0.9375,1704,2.5,87.5,0.1,late,48,16,3,0.19999,0.9358099323716185,0,10000,1000,P2,0.043275209712982925,4327.520971298292,0.1,10000,276,2126,5083,0.8944,1056,8944,0.0,0,0.0,"{""budget"": 10000}"
device_0,0.9375,1705,2.5,87.5,0.1,late,48,16,3,0.19063,0.9374553760710133,0,10000,1000,P2,0.042770289818975224,4277.0289818975225,0.1,10000,582,2005,4799,0.8755,1245,8755,0.0,0,0.0,"{""budget"": 10000}"
device_0,0.9375,1706,2.5,87.5,0.1,late,48,16,3,0.20144,0.9386428776611538,0,10000,1000,P2,0.04337226795429423,4337.226795429423,0.1,10000,215,2105,5089,0.8976,1024,8976,0.0,0,0.0,"{""budget"": 10000}"
device_0,0.9375,1707,2.5,87.5,0.1,late,48,16,3,0.20073,0.9386652506542138,0,10000,1000,P2,0.043343174760039765,4334.3174760039765,0.1,10000,294,2148,5020,0.8971,1029,8971,0.0,0,0.0,"{""budget"": 10000}"
device_0,0.9375,1708,2.5,87.5,0.1,late,48,16,3,0.19042,0.9350336658268497,0,10000,1000,P2,0.042733840389982916,4273.3840389982915,0.1,10000,705,1995,4839,0.8595,1405,8595,0.0,0,0.0,"{""budget"": 10000}"
device_0,0.9375,1709,2.5,87.5,0.1,late,48,16,3,0.20214,0.9387695757970393,0,10000,1000,P2,0.04343400342327107,4343.400342327107,0.1,10000,212,2133,5135,0.8996,1004,8996,0.0,0,0.0,"{""budget"": 10000}"
device_0,0.9375,1710,2.5,87.5,0.1,late,48,16,3,0.20082,0.9338903427364145,0,10000,1000,P2,0.04331730878812735,4331.730878812735,0.1,10000,237,2141,5100,0.8986,1014,8986,0.0,0,0.0,"{""budget"": 10000}"
device_0,0.975,1701,2.5,87.5,0.1,late,48,16,3,0.20012,0.9750727182312047,0,10000,1000,P2,0.04332682415306614,4332.6824153066145,0.1,10000,186,2131,4999,0.8857,1143,8857,0.0,0,0.0,"{""budget"": 10000}"
device_0,0.975,1702,2.5,87.5,0.1,late,48,16,3,0.19762,0.9739220248349032,0,10000,1000,P2,0.043204439753471116,4320.4439753471115,0.1,10000,390,2135,4867,0.9004,996,9004,0.0,0,0.0,"{""budget"": 10000}"
device_0,0.975,1703,2.5,87.5,0.1,late,48,16,3,0.1984,0.975854682367182,0,10000,1000,P2,0.043205081018670335,4320.5081018670335,0.1,10000,374,2101,4895,0.8852,1148,8852,0.0,0,0.0,"{""budget"": 10000}"
device_0,0.975,1704,2.5,87.5,0.1,late,48,16,3,0.19634,0.9733501805342133,0,10000,1000,P2,0.04309565745484444,4309.565745484444,0.1,10000,355,2095,4897,0.8893,1107,8893,0.0,0,0.0,"{""budget"": 10000}"
device_0,0.975,1705,2.5,87.5,0.1,late,48,16,3,0.19493,0.9747974986214312,0,10000,1000,P2,0.04297358462154125,4297.358462154125,0.1,10000,534,2109,4873,0.8749,1251,8749,0.0,0,0.0,"{""budget"": 10000}"
device_0,0.975,1706,2.5,87.5,0.1,late,48,16,3,0.203,0.9742259419786155,0,10000,1000,P2,0.043445730880684756,4344.573088068476,0.1,10000,12,2216,5072,0.921,790,9210,0.0,0,0.0,"{""budget"": 10000}"
device_0,0.975,1707,2.5,87.5,0.1,late,48,16,3,0.20266,0.9738223967562294,0,10000,1000,P2,0.04347146650428598,4347.146650428598,0.1,10000,211,2144,4983,0.922,780,9220,0.0,0,0.0,"{""budget"": 10000}"
device_0,0.975,1708,2.5,87.5,0.1,late,48,16,3,0.19043,0.9746047948044175,0,10000,1000,P2,0.042709829164811065,4270.982916481106,0.1,10000,780,2035,4685,0.8677,1323,8677,0.0,0,0.0,"{""budget"": 10000}"
device_0,0.975,1709,2.5,87.5,0.1,late,48,16,3,0.19294,0.9749540477640206,0,10000,1000,P2,0.042841778797708285,4284.177879770828,0.1,10000,549,2111,4779,0.8543,1457,8543,0.0,0,0.0,"{""budget"": 10000}"
device_0,0.975,1710,2.5,87.5,0.1,late,48,16,3,0.19779,0.9774683509778551,0,10000,1000,P2,0.04316096097156833,4316.096097156833,0.1,10000,455,2093,4814,0.8936,1064,8936,0.0,0,0.0,"{""budget"": 10000}"
device_0,0.0,1701,2.5,87.5,0.15,drop,48,16,3,0.19936,-0.002661444942765865,0,15000,1000,P2,0.028029970689349995,2802.9970689349993,0.15,15000,5,1839,12700,1.0,0,15000,0.0,0,0.0,"{""budget"": 15000}"
device_0,0.0,1702,2.5,87.5,0.15,drop,48,16,3,0.20106,0.005830007599770396,0,15000,1000,P2,0.02808847576086229,2808.8475760862293,0.15,15000,6,1981,12523,1.0,0,15000,0.0,0,0.0,"{""budget"": 15000}"
device_0,0.0,1703,2.5,87.5,0.15,drop,48,16,3,0.19952,0.005656351965683195,0,15000,1000,P2,0.028058755057348436,2805.8755057348435,0.15,15000,5,1946,12546,1.0,0,15000,0.0,0,0.0,"{""budget"": 15000}"
device_0,0.0,1704,2.5,87.5,0.15,drop,48,16,3,0.20257,0.002457782015709934,0,15000,1000,P2,0.028175301701298963,2817.5301701298963,0.15,15000,5,1938,12573,1.0,0,15000,0.0,0,0.0,"{""budget"": 15000}"
device_0,0.0,1705,2.5,87.5,0.15,drop,48,16,3,0.20104,-0.004155617772998724,0,15000,1000,P2,0.02807421275152602,2807.421275152602,0.15,15000,6,1897,12629,1.0,0,15000,0.0,0,0.0,"{""budget"": 15000}"
device_0,0.0,1706,2.5,87.5,0.15,drop,48,16,3,0.20062,-0.0045443747273977144,0,15000,1000,P2,0.028068075734703428,2806.807573470343,0.15,15000,6,1866,12674,1.0,0,15000,0.0,0,0.0,"{""budget"": 15000}"
device_0,0.0,1707,2.5,87.5,0.15,drop,48,16,3,0.19896,0.001346027845602329,0,15000,1000,P2,0.02802264973679642,2802.264973679642,0.15,15000,6,1854,12630,1.0,0,15000,0.0,0,0.0,"{""budget"": 15000}"
device_0,0.0,1708,2.5,87.5,0.15,drop,48,16,3,0.19922,-0.001372807149175493,0,15000,1000,P2,0.028020874204172944,2802.087420417294,0.15,15000,6,1864,12642,1.0,0,15000,0.0,0,0.0,"{""budget"": 15000}"
device_0,0.0,1709,2.5,87.5,0.15,drop,48,16,3,0.20001,0.005034822885721277,0,15000,1000,P2,0.02806059054460737,2806.059054460737,0.15,15000,6,1921,12605,1.0,0,15000,0.0,0,0.0,"{""budget"": 15000}"
device_0,0.0,1710,2.5,87.5,0.15,drop,48,16,3,0.19848,0.0007247411049733544,0,15000,1000,P2,0.02797848212743159,2797.848212743159,0.15,15000,5,1892,12667,1.0,0,15000,0.0,0,0.0,"{""budget"": 15000}"
device_0,0.375,1701,2.5,87.5,0.15,drop,48,16,3,0.19773,0.37585282092426525,0,15000,1000,P2,0.02797149662290931,2797.149662290931,0.15,15000,11,3524,9237,1.0,0,15000,0.0,0,0.0,"{""budget"": 15000}"
device_0,0.375,1702,2.5,87.5,0.15,drop,48,16,3,0.20083,0.3763938072575695,0,15000,1000,P2,0.028099487891309297,2809.9487891309295,0.15,15000,11,3466,9280,1.0,0,15000,0.0,0,0.0,"{""budget"": 15000}"
device_0,0.375,1703,2.5,87.5,0.15,drop,48,16,3,0.19949,0.3708761472322628,0,15000,1000,P2,0.02806785920110273,2806.785920110273,0.15,15000,12,3437,9321,1.0,0,15000,0.0,0,0.0,"{""budget"": 15000}"
device_0,0.375,1704,2.5,87.5,0.15,drop,48,16,3,0.19956,0.37083454970073176,0,15000,1000,P2,0.028047726949058847,2804.7726949058847,0.15,15000,10,3478,9274,1.0,0,15000,0.0,0,0.0,"{""budget"": 15000}"
device_0,0.375,1705,2.5,87.5,0.15,drop,48,16,3,0.1976,0.38054564128452917,0,15000,1000,P2,0.027955437398348108,2795.543739834811,0.15,15000,12,3520,9213,1.0,0,15000,0.0,0,0.0,"{""budget"": 15000}"
device_0,0.375,1706,2.5,87.5,0.15,drop,48,16,3,0.19975,0.37847803043317246,0,15000,1000,P2,0.02806757036909711,2806.757036909711,0.15,15000,9,3522,9260,1.0,0,15000,0.0,0,0.0,"{""budget"": 15000}"
device_0,0.375,1707,2.5,87.5,0.15,drop,48,16,3,0.19756,0.3714936166119789,0,15000,1000,P2,0.027963046817133713,2796.3046817133713,0.15,15000,9,3476,9349,1.0,0,15000,0.0,0,0.0,"{""budget"": 15000}"
device_0,0.375,1708,2.5,87.5,0.15,drop,48,16,3,0.19968,0.3728274067949136,0,15000,1000,P2,0.02805799552158799,2805.799552158799,0.15,15000,10,3424,9330,1.0,0,15000,0.0,0,0.0,"{""budget"": 15000}"
device_0,0.375,1709,2.5,87.5,0.15,drop,48,16,3,0.20214,0.3789219763360735,0,15000,1000,P2,0.028139399430190264,2813.9399430190265,0.15,15000,10,3461,9266,1.0,0,15000,0.0,0,0.0,"{""budget"": 15000}"
device_0,0.375,1710,2.5,87.5,0.15,drop,48,16,3,0.19842,0.37511826036297974,0,15000,1000,P2,0.027967630813344448,2796.763081334445,0.15,15000,8,3463,9274,1.0,0,15000,0.0,0,0.0,"{""budget"": 15000}"
device_0,0.75,1701,2.5,87.5,0.15,drop,48,16,3,0.20817,0.7556341521150168,0,15000,1000,P2,0.028434893707316406,2843.4893707316405,0.15,15000,18,3660,6199,1.0,0,15000,0.0,0,0.0,"{""budget"": 15000}"
device_0,0.75,1702,2.5,87.5,0.15,drop,48,16,3,0.20244,0.7487885933421545,0,15000,1000,P2,0.02812430391300619,2812.4303913006192,0.15,15000,15,3592,6076,1.0,0,15000,0.0,0,0.0,"{""budget"": 15000}"
device_0,0.75,1703,2.5,87.5,0.15,drop,48,16,3,0.20102,0.7470900970852136,0,15000,1000,P2,0.028095522443111837,2809.5522443111836,0.15,15000,17,3637,6035,1.0,0,15000,0.0,0,0.0,"{""budget"": 15000}"
device_0,0.75,1704,2.5,87.5,0.15,drop,48,16,3,0.19715,0.7479806369104111,0,15000,1000,P2,0.02793539518592699,2793.539518592699,0.15,15000,19,3504,5844,1.0,0,15000,0.0,0,0.0,"{""budget"": 15000}"
device_0,0.75,1705,2.5,87.5,0.15,drop,48,16,3,0.20494,0.7506431485678381,0,15000,1000,P2,0.028271486472672316,2827.148647267232,0.15,15000,23,3584,6118,1.0,0,15000,0.0,0,0.0,"{""budget"": 15000}"
device_0,0.75,1706,2.5,87.5,0.15,drop,48,16,3,0.20282,0.7537784223147826,0,15000,1000,P2,0.028150959924224,2815.0959924224,0.15,15000,17,3571,5993,1.0,0,15000,0.0,0,0.0,"{""budget"": 15000}"
device_0,0.75,1707,2.5,87.5,0.15,drop,48,16,3,0.20138,0.7431906944181493,0,15000,1000,P2,0.028172377953244558,2817.237795324456,0.15,15000,19,3574,6064,1.0,0,15000,0.0,0,0.0,"{""budget"": 15000}"
device_0,0.75,1708,2.5,87.5,0.15,drop,48,16,3,0.20034,0.7475350990705809,0,15000,1000,P2,0.028004227755435537,2800.4227755435536,0.15,15000,20,3570,6030,1.0,0,15000,0.0,0,0.0,"{""budget"": 15000}"
device_0,0.75,1709,2.5,87.5,0.15,drop,48,16,3,0.20613,0.7542776800152501,0,15000,1000,P2,0.028341628035070458,2834.1628035070457,0.15,15000,19,3603,6149,1.0,0,15000,0.0,0,0.0,"{""budget"": 15000}"
device_0,0.75,1710,2.5,87.5,0.15,drop,48,16,3,0.20286,0.74728584709585,0,15000,1000,P2,0.028166950478634843,2816.6950478634844,0.15,15000,17,3609,6108,1.0,0,15000,0.0,0,0.0,"{""budget"": 15000}"
device_0,0.875,1701,2.5,87.5,0.15,drop,48,16,3,0.20249,0.8763990178082249,0,15000,1000,P2,0.02813109356248651,2813.1093562486512,0.15,15000,19,3270,4941,1.0,0,15000,0.0,0,0.0,"{""budget"": 15000}"
device_0,0.875,1702,2.5,87.5,0.15,drop,48,16,3,0.19703,0.8759866636367837,0,15000,1000,P2,0.027921103597199282,2792.110359719928,0.15,15000,23,3209,4670,1.0,0,15000,0.0,0,0.0,"{""budget"": 15000}"
device_0,0.875,1703,2.5,87.5,0.15,drop,48,16,3,0.20238,0.8773687974569232,0,15000,1000,P2,0.028142873804876362,2814.2873804876363,0.15,15000,29,3248,4945,1.0,0,15000,0.0,0,0.0,"{""budget"": 15000}"
device_0,0.875,1704,2.5,87.5,0.15,drop,48,16,3,0.19663,0.8771256568671042,0,15000,1000,P2,0.02793398704671946,2793.398704671946,0.15,15000,24,3183,4608,1.0,0,15000,0.0,0,0.0,"{""budget"": 15000}"
device_0,0.875,1705,2.5,87.5,0.15,drop,48,16,3,0.20133,0.8756186617053834,0,15000,1000,P2,0.02812978964703374,2812.978964703374,0.15,15000,20,3330,4924,1.0,0,15000,0.0,0,0.0,"{""budget"": 15000}"
device_0,0.875,1706,2.5,87.5,0.15,drop,48,16,3,0.19605,0.8731077294363513,0,15000,1000,P2,0.027862232994126126,2786.2232994126125,0.15,15000,24,3159,4660,1.0,0,15000,0.0,0,0.0,"{""budget"": 15000}"
device_0,0.875,1707,2.5,87.5,0.15,drop,48,16,3,0.2,0.8774036452681541,0,15000,1000,P2,0.028049689403056445,2804.9689403056445,0.15,15000,23,3256,4784,1.0,0,15000,0.0,0,0.0,"{""budget"": 15000}"
device_0,0.875,1708,2.5,87.5,0.15,drop,48,16,3,0.20258,0.87442580026271,0,15000,1000,P2,0.02817500325938334,2817.500325938334,0.15,15000,21,3312,4981,1.0,0,15000,0.0,0,0.0,"{""budget"": 15000}"
device_0,0.875,1709,2.5,87.5,0.15,drop,48,16,3,0.19831,0.8770598020870867,0,15000,1000,P2,0.02796396321198905,2796.396321198905,0.15,15000,29,3198,4695,1.0,0,15000,0.0,0,0.0,"{""budget"": 15000}"
device_0,0.875,1710,2.5,87.5,0.15,drop,48,16,3,0.19668,0.8724656025657239,0,15000,1000,P2,0.027929059360333713,2792.9059360333713,0.15,15000,20,3233,4715,1.0,0,15000,0.0,0,0.0,"{""budget"": 15000}"
device_0,0.9375,1701,2.5,87.5,0.15,drop,48,16,3,0.20509,0.9402237906216514,0,15000,1000,P2,0.028301190453394083,2830.1190453394083,0.15,15000,21,3172,4503,1.0,0,15000,0.0,0,0.0,"{""budget"": 15000}"
device_0,0.9375,1702,2.5,87.5,0.15,drop,48,16,3,0.19366,0.9366016280001491,0,15000,1000,P2,0.02781647898643866,2781.647898643866,0.15,15000,24,2880,3947,1.0,0,15000,0.0,0,0.0,"{""budget"": 15000}"
device_0,0.9375,1703,2.5,87.5,0.15,drop,48,16,3,0.19489,0.9369055048961522,0,15000,1000,P2,0.02786295587828094,2786.295587828094,0.15,15000,24,2926,4011,1.0,0,15000,0.0,0,0.0,"{""budget"": 15000}"
device_0,0.9375,1704,2.5,87.5,0.15,drop,48,16,3,0.19999,0.9358099323716185,0,15000,1000,P2,0.028012619020810033,2801.2619020810034,0.15,15000,29,3043,4293,1.0,0,15000,0.0,0,0.0,"{""budget"": 15000}"
device_0,0.9375,1705,2.5,87.5,0.15,drop,48,16,3,0.19063,0.9374553760710133,0,15000,1000,P2,0.027651965141534104,2765.1965141534106,0.15,15000,38,2774,3787,1.0,0,15000,0.0,0,0.0,"{""budget"": 15000}"
device_0,0.9375,1706,2.5,87.5,0.15,drop,48,16,3,0.20144,0.9386428776611538,0,15000,1000,P2,0.028113391989049004,2811.3391989049005,0.15,15000,27,3075,4359,1.0,0,15000,0.0,0,0.0,"{""budget"": 15000}"
device_0,0.9375,1707,2.5,87.5,0.15,drop,48,16,3,0.20073,0.9386652506542138,0,15000,1000,P2,0.028071010724594263,2807.101072459426,0.15,15000,29,3042,4282,1.0,0,15000,0.0,0,0.0,"{""budget"": 15000}"
device_0,0.9375,1708,2.5,87.5,0.15,drop,48,16,3,0.19042,0.9350336658268497,0,15000,1000,P2,0.027653349754058327,2765.3349754058327,0.15,15000,49,2809,3756,1.0,0,15000,0.0,0,0.0,"{""budget"": 15000}"
device_0,0.9375,1709,2.5,87.5,0.15,drop,48,16,3,0.20214,0.9387695757970393,0,15000,1000,P2,0.028137189871868754,2813.7189871868754,0.15,15000,23,3091,4364,1.0,0,15000,0.0,0,0.0,"{""budget"": 15000}"
device_0,0.9375,1710,2.5,87.5,0.15,drop,48,16,3,0.20082,0.9338903427364145,0,15000,1000,P2,0.028073237522691197,2807.3237522691197,0.15,15000,22,3093,4389,1.0,0,15000,0.0,0,0.0,"{""budget"": 15000}"
device_0,0.975,1701,2.5,87.5,0.15,drop,48,16,3,0.20012,0.9750727182312047,0,15000,1000,P2,0.028087501416515514,2808.7501416515515,0.15,15000,36,2894,3974,1.0,0,15000,0.0,0,0.0,"{""budget"": 15000}"
device_0,0.975,1702,2.5,87.5,0.15,drop,48,16,3,0.19762,0.9739220248349032,0,15000,1000,P2,0.027964454777458125,2796.4454777458127,0.15,15000,30,2852,3825,1.0,0,15000,0.0,0,0.0,"{""budget"": 15000}"
device_0,0.975,1703,2.5,87.5,0.15,drop,48,16,3,0.1984,0.975854682367182,0,15000,1000,P2,0.02799201030420094,2799.201030420094,0.15,15000,25,2868,3884,1.0,0,15000,0.0,0,0.0,"{""budget"": 15000}"
device_0,0.975,1704,2.5,87.5,0.15,drop,48,16,3,0.19634,0.9733501805342133,0,15000,1000,P2,0.02789343059846776,2789.3430598467758,0.15,15000,40,2811,3746,1.0,0,15000,0.0,0,0.0,"{""budget"": 15000}"
device_0,0.975,1705,2.5,87.5,0.15,drop,48,16,3,0.19493,0.9747974986214312,0,15000,1000,P2,0.027816832380917075,2781.6832380917076,0.15,15000,30,2732,3635,1.0,0,15000,0.0,0,0.0,"{""budget"": 15000}"
device_0,0.975,1706,2.5,87.5,0.15,drop,48,16,3,0.203,0.9742259419786155,0,15000,1000,P2,0.02813050270893567,2813.050270893567,0.15,15000,28,2950,4134,1.0,0,15000,0.0,0,0.0,"{""budget"": 15000}"
device_0,0.975,1707,2.5,87.5,0.15,drop,48,16,3,0.20266,0.9738223967562294,0,15000,1000,P2,0.02817936457592756,2817.936457592756,0.15,15000,29,2893,4080,1.0,0,15000,0.0,0,0.0,"{""budget"": 15000}"
device_0,0.975,1708,2.5,87.5,0.15,drop,48,16,3,0.19043,0.9746047948044175,0,15000,1000,P2,0.027649037895092342,2764.9037895092342,0.15,15000,34,2608,3363,1.0,0,15000,0.0,0,0.0,"{""budget"": 15000}"
device_0,0.975,1709,2.5,87.5,0.15,drop,48,16,3,0.19294,0.9749540477640206,0,15000,1000,P2,0.027771862500986132,2777.186250098613,0.15,15000,27,2684,3518,1.0,0,15000,0.0,0,0.0,"{""budget"": 15000}"
device_0,0.975,1710,2.5,87.5,0.15,drop,48,16,3,0.19779,0.9774683509778551,0,15000,1000,P2,0.027957680508550953,2795.768050855095,0.15,15000,33,2806,3761,1.0,0,15000,0.0,0,0.0,"{""budget"": 15000}"
device_0,0.0,1701,2.5,87.5,0.15,late,48,16,3,0.19936,-0.002661444942765865,0,15000,1000,P2,0.043257345006834765,4325.734500683477,0.15,15000,5847,629,7460,0.6361333333333333,5458,9542,0.0,0,0.0,"{""budget"": 15000}"
device_0,0.0,1702,2.5,87.5,0.15,late,48,16,3,0.20106,0.005830007599770396,0,15000,1000,P2,0.04336980693556592,4336.980693556592,0.15,15000,5697,738,7498,0.6432,5352,9648,0.0,0,0.0,"{""budget"": 15000}"
device_0,0.0,1703,2.5,87.5,0.15,late,48,16,3,0.19952,0.005656351965683195,0,15000,1000,P2,0.04334046551501911,4334.046551501911,0.15,15000,5656,724,7548,0.6439333333333334,5341,9659,0.0,0,0.0,"{""budget"": 15000}"
device_0,0.0,1704,2.5,87.5,0.15,late,48,16,3,0.20257,0.002457782015709934,0,15000,1000,P2,0.04345842569888844,4345.842569888844,0.15,15000,5632,702,7614,0.6474,5289,9711,0.0,0,0.0,"{""budget"": 15000}"
device_0,0.0,1705,2.5,87.5,0.15,late,48,16,3,0.20104,-0.004155617772998724,0,15000,1000,P2,0.0433507617003824,4335.07617003824,0.15,15000,5685,682,7574,0.6445333333333333,5332,9668,0.0,0,0.0,"{""budget"": 15000}"
device_0,0.0,1706,2.5,87.5,0.15,late,48,16,3,0.20062,-0.0045443747273977144,0,15000,1000,P2,0.04335332813841918,4335.332813841918,0.15,15000,5676,652,7617,0.6449333333333334,5326,9674,0.0,0,0.0,"{""budget"": 15000}"
device_0,0.0,1707,2.5,87.5,0.15,late,48,16,3,0.19896,0.001346027845602329,0,15000,1000,P2,0.043236949352463215,4323.694935246322,0.15,15000,5909,636,7399,0.6318666666666667,5522,9478,0.0,0,0.0,"{""budget"": 15000}"
device_0,0.0,1708,2.5,87.5,0.15,late,48,16,3,0.19922,-0.001372807149175493,0,15000,1000,P2,0.04329391084520841,4329.391084520841,0.15,15000,5682,671,7575,0.6435333333333333,5347,9653,0.0,0,0.0,"{""budget"": 15000}"
device_0,0.0,1709,2.5,87.5,0.15,late,48,16,3,0.20001,0.005034822885721277,0,15000,1000,P2,0.04330786309866971,4330.786309866971,0.15,15000,5784,653,7488,0.6398,5403,9597,0.0,0,0.0,"{""budget"": 15000}"
device_0,0.0,1710,2.5,87.5,0.15,late,48,16,3,0.19848,0.0007247411049733544,0,15000,1000,P2,0.043185217560506944,4318.521756050694,0.15,15000,5811,669,7464,0.6344666666666666,5483,9517,0.0,0,0.0,"{""budget"": 15000}"
device_0,0.375,1701,2.5,87.5,0.15,late,48,16,3,0.19773,0.37585282092426525,0,15000,1000,P2,0.04315515734910884,4315.515734910884,0.15,15000,5844,1439,6310,0.6312,5532,9468,0.0,0,0.0,"{""budget"": 15000}"
device_0,0.375,1702,2.5,87.5,0.15,late,48,16,3,0.20083,0.3763938072575695,0,15000,1000,P2,0.04336351081269032,4336.351081269032,0.15,15000,5775,1390,6420,0.6338,5493,9507,0.0,0,0.0,"{""budget"": 15000}"
device_0,0.375,1703,2.5,87.5,0.15,late,48,16,3,0.19949,0.3708761472322628,0,15000,1000,P2,0.043360666548334995,4336.066654833499,0.15,15000,5716,1392,6488,0.6448666666666667,5327,9673,0.0,0,0.0,"{""budget"": 15000}"
device_0,0.375,1704,2.5,87.5,0.15,late,48,16,3,0.19956,0.37083454970073176,0,15000,1000,P2,0.04330393201967259,4330.393201967259,0.15,15000,5746,1436,6428,0.6400666666666667,5399,9601,0.0,0,0.0,"{""budget"": 15000}"
device_0,0.375,1705,2.5,87.5,0.15,late,48,16,3,0.1976,0.38054564128452917,0,15000,1000,P2,0.043205527677901354,4320.5527677901355,0.15,15000,5703,1470,6442,0.6391333333333333,5413,9587,0.0,0,0.0,"{""budget"": 15000}"
device_0,0.375,1706,2.5,87.5,0.15,late,48,16,3,0.19975,0.37847803043317246,0,15000,1000,P2,0.043329105165119265,4332.910516511926,0.15,15000,5811,1368,6454,0.6336666666666667,5495,9505,0.0,0,0.0,"{""budget"": 15000}"
device_0,0.375,1707,2.5,87.5,0.15,late,48,16,3,0.19756,0.3714936166119789,0,15000,1000,P2,0.04316441965129381,4316.441965129381,0.15,15000,5882,1388,6357,0.627,5595,9405,0.0,0,0.0,"{""budget"": 15000}"
device_0,0.375,1708,2.5,87.5,0.15,late,48,16,3,0.19968,0.3728274067949136,0,15000,1000,P2,0.04326045181764868,4326.045181764868,0.15,15000,5735,1447,6434,0.6364666666666666,5453,9547,0.0,0,0.0,"{""budget"": 15000}"
device_0,0.375,1709,2.5,87.5,0.15,late,48,16,3,0.20214,0.3789219763360735,0,15000,1000,P2,0.04350919646867822,4350.919646867822,0.15,15000,5463,1527,6560,0.654,5190,9810,0.0,0,0.0,"{""budget"": 15000}"
device_0,0.375,1710,2.5,87.5,0.15,late,48,16,3,0.19842,0.37511826036297974,0,15000,1000,P2,0.04324209747068437,4324.209747068437,0.15,15000,5644,1445,6479,0.6409333333333334,5386,9614,0.0,0,0.0,"{""budget"": 15000}"
device_0,0.75,1701,2.5,87.5,0.15,late,48,16,3,0.20817,0.7556341521150168,0,15000,1000,P2,0.04382760359362783,4382.760359362783,0.15,15000,5462,1938,5556,0.6516666666666666,5225,9775,0.0,0,0.0,"{""budget"": 15000}"
device_0,0.75,1702,2.5,87.5,0.15,late,48,16,3,0.20244,0.7487885933421545,0,15000,1000,P2,0.04347750750253541,4347.750750253541,0.15,15000,5540,1937,5464,0.6558,5163,9837,0.0,0,0.0,"{""budget"": 15000}"
device_0,0.75,1703,2.5,87.5,0.15,late,48,16,3,0.20102,0.7470900970852136,0,15000,1000,P2,0.04339816156642488,4339.816156642488,0.15,15000,5646,1888,5363,0.6454,5319,9681,0.0,0,0.0,"{""budget"": 15000}"
device_0,0.75,1704,2.5,87.5,0.15,late,48,16,3,0.19715,0.7479806369104111,0,15000,1000,P2,0.0431328384015425,4313.28384015425,0.15,15000,5945,1835,5255,0.6356,5466,9534,0.0,0,0.0,"{""budget"": 15000}"
device_0,0.75,1705,2.5,87.5,0.15,late,48,16,3,0.20494,0.7506431485678381,0,15000,1000,P2,0.043679381033107485,4367.938103310748,0.15,15000,5375,2023,5491,0.6650666666666667,5024,9976,0.0,0,0.0,"{""budget"": 15000}"
device_0,0.75,1706,2.5,87.5,0.15,late,48,16,3,0.20282,0.7537784223147826,0,15000,1000,P2,0.043385037169375446,4338.503716937545,0.15,15000,5892,1830,5298,0.6458,5313,9687,0.0,0,0.0,"{""budget"": 15000}"
device_0,0.75,1707,2.5,87.5,0.15,late,48,16,3,0.20138,0.7431906944181493,0,15000,1000,P2,0.04350636501237157,4350.636501237157,0.15,15000,5481,1964,5484,0.6498666666666667,5252,9748,0.0,0,0.0,"{""budget"": 15000}"
device_0,0.75,1708,2.5,87.5,0.15,late,48,16,3,0.20034,0.7475350990705809,0,15000,1000,P2,0.04321704202878881,4321.704202878881,0.15,15000,5838,1850,5320,0.6358666666666667,5462,9538,0.0,0,0.0,"{""budget"": 15000}"
device_0,0.75,1709,2.5,87.5,0.15,late,48,16,3,0.20613,0.7542776800152501,0,15000,1000,P2,0.0436964989886708,4369.64989886708,0.15,15000,5474,1957,5530,0.6554666666666666,5168,9832,0.0,0,0.0,"{""budget"": 15000}"
device_0,0.75,1710,2.5,87.5,0.15,late,48,16,3,0.20286,0.74728584709585,0,15000,1000,P2,0.04348579207179164,4348.579207179164,0.15,15000,5571,1914,5473,0.6513333333333333,5230,9770,0.0,0,0.0,"{""budget"": 15000}"
device_0,0.875,1701,2.5,87.5,0.15,late,48,16,3,0.20249,0.8763990178082249,0,15000,1000,P2,0.043440059884792936,4344.005988479294,0.15,15000,5658,1985,5078,0.6455333333333333,5317,9683,0.0,0,0.0,"{""budget"": 15000}"
device_0,0.875,1702,2.5,87.5,0.15,late,48,16,3,0.19703,0.8759866636367837,0,15000,1000,P2,0.043090505354260934,4309.050535426093,0.15,15000,5867,1923,4902,0.6285333333333334,5572,9428,0.0,0,0.0,"{""budget"": 15000}"
device_0,0.875,1703,2.5,87.5,0.15,late,48,16,3,0.20238,0.8773687974569232,0,15000,1000,P2,0.04346640706282427,4346.640706282427,0.15,15000,5634,2007,4976,0.6582666666666667,5126,9874,0.0,0,0.0,"{""budget"": 15000}"
device_0,0.875,1704,2.5,87.5,0.15,late,48,16,3,0.19663,0.8771256568671042,0,15000,1000,P2,0.043122598560619445,4312.259856061944,0.15,15000,5890,2000,4833,0.6362,5457,9543,0.0,0,0.0,"{""budget"": 15000}"
device_0,0.875,1705,2.5,87.5,0.15,late,48,16,3,0.20133,0.8756186617053834,0,15000,1000,P2,0.04339414123724258,4339.4141237242575,0.15,15000,5703,1998,4976,0.644,5340,9660,0.0,0,0.0,"{""budget"": 15000}"
device_0,0.875,1706,2.5,87.5,0.15,late,48,16,3,0.19605,0.8731077294363513,0,15000,1000,P2,0.043092522184176384,4309.252218417639,0.15,15000,5765,2007,4861,0.6376666666666667,5435,9565,0.0,0,0.0,"{""budget"": 15000}"
device_0,0.875,1707,2.5,87.5,0.15,late,48,16,3,0.2,0.8774036452681541,0,15000,1000,P2,0.04331441753420459,4331.4417534204595,0.15,15000,5800,1970,4871,0.6435333333333333,5347,9653,0.0,0,0.0,"{""budget"": 15000}"
device_0,0.875,1708,2.5,87.5,0.15,late,48,16,3,0.20258,0.87442580026271,0,15000,1000,P2,0.04354259160643016,4354.259160643016,0.15,15000,5387,2112,5121,0.6443333333333333,5335,9665,0.0,0,0.0,"{""budget"": 15000}"
device_0,0.875,1709,2.5,87.5,0.15,late,48,16,3,0.19831,0.8770598020870867,0,15000,1000,P2,0.043136194075942894,4313.619407594289,0.15,15000,5934,1926,4847,0.6256666666666667,5615,9385,0.0,0,0.0,"{""budget"": 15000}"
device_0,0.875,1710,2.5,87.5,0.15,late,48,16,3,0.19668,0.8724656025657239,0,15000,1000,P2,0.04314129426354245,4314.129426354245,0.15,15000,5845,1949,4888,0.6321333333333333,5518,9482,0.0,0,0.0,"{""budget"": 15000}"
device_0,0.9375,1701,2.5,87.5,0.15,late,48,16,3,0.20509,0.9402237906216514,0,15000,1000,P2,0.04365298691012031,4365.298691012031,0.15,15000,5576,2065,4854,0.6724666666666667,4913,10087,0.0,0,0.0,"{""budget"": 15000}"
device_0,0.9375,1702,2.5,87.5,0.15,late,48,16,3,0.19366,0.9366016280001491,0,15000,1000,P2,0.04300678272404075,4300.678272404075,0.15,15000,5776,2033,4668,0.6274,5589,9411,0.0,0,0.0,"{""budget"": 15000}"
device_0,0.9375,1703,2.5,87.5,0.15,late,48,16,3,0.19489,0.9369055048961522,0,15000,1000,P2,0.04302380112992813,4302.380112992813,0.15,15000,5992,1967,4603,0.6322,5517,9483,0.0,0,0.0,"{""budget"": 15000}"
device_0,0.9375,1704,2.5,87.5,0.15,late,48,16,3,0.19999,0.9358099323716185,0,15000,1000,P2,0.043275209712982925,4327.520971298292,0.15,15000,5728,2017,4806,0.6346666666666667,5480,9520,0.0,0,0.0,"{""budget"": 15000}"
device_0,0.9375,1705,2.5,87.5,0.15,late,48,16,3,0.19063,0.9374553760710133,0,15000,1000,P2,0.042770289818975224,4277.0289818975225,0.15,15000,6102,1884,4499,0.6268,5598,9402,0.0,0,0.0,"{""budget"": 15000}"
device_0,0.9375,1706,2.5,87.5,0.15,late,48,16,3,0.20144,0.9386428776611538,0,15000,1000,P2,0.04337226795429423,4337.226795429423,0.15,15000,5780,1964,4759,0.6504666666666666,5243,9757,0.0,0,0.0,"{""budget"": 15000}"
device_0,0.9375,1707,2.5,87.5,0.15,late,48,16,3,0.20073,0.9386652506542138,0,15000,1000,P2,0.043343174760039765,4334.3174760039765,0.15,15000,5776,2034,4775,0.6334,5499,9501,0.0,0,0.0,"{""budget"": 15000}"
device_0,0.9375,1708,2.5,87.5,0.15,late,48,16,3,0.19042,0.9350336658268497,0,15000,1000,P2,0.042733840389982916,4273.3840389982915,0.15,15000,6232,1866,4533,0.6159333333333333,5761,9239,0.0,0,0.0,"{""budget"": 15000}"
device_0,0.9375,1709,2.5,87.5,0.15,late,48,16,3,0.20214,0.9387695757970393,0,15000,1000,P2,0.04343400342327107,4343.400342327107,0.15,15000,5743,1996,4838,0.6422,5367,9633,0.0,0,0.0,"{""budget"": 15000}"
device_0,0.9375,1710,2.5,87.5,0.15,late,48,16,3,0.20082,0.9338903427364145,0,15000,1000,P2,0.04331730878812735,4331.730878812735,0.15,15000,5600,2053,4898,0.6284,5574,9426,0.0,0,0.0,"{""budget"": 15000}"
device_0,0.975,1701,2.5,87.5,0.15,late,48,16,3,0.20012,0.9750727182312047,0,15000,1000,P2,0.04332682415306614,4332.6824153066145,0.15,15000,5669,2016,4719,0.6314,5529,9471,0.0,0,0.0,"{""budget"": 15000}"
device_0,0.975,1702,2.5,87.5,0.15,late,48,16,3,0.19762,0.9739220248349032,0,15000,1000,P2,0.043204439753471116,4320.4439753471115,0.15,15000,5873,2014,4596,0.6421333333333333,5368,9632,0.0,0,0.0,"{""budget"": 15000}"
device_0,0.975,1703,2.5,87.5,0.15,late,48,16,3,0.1984,0.975854682367182,0,15000,1000,P2,0.043205081018670335,4320.5081018670335,0.15,15000,5832,1989,4629,0.6301333333333333,5548,9452,0.0,0,0.0,"{""budget"": 15000}"
device_0,0.975,1704,2.5,87.5,0.15,late,48,16,3,0.19634,0.9733501805342133,0,15000,1000,P2,0.04309565745484444,4309.565745484444,0.15,15000,5979,1936,4552,0.6483333333333333,5275,9725,0.0,0,0.0,"{""budget"": 15000}"
device_0,0.975,1705,2.5,87.5,0.15,late,48,16,3,0.19493,0.9747974986214312,0,15000,1000,P2,0.04297358462154125,4297.358462154125,0.15,15000,5993,1994,4618,0.6226,5661,9339,0.0,0,0.0,"{""budget"": 15000}"
device_0,0.975,1706,2.5,87.5,0.15,late,48,16,3,0.203,0.9742259419786155,0,15000,1000,P2,0.043445730880684756,4344.573088068476,0.15,15000,5424,2099,4827,0.6534666666666666,5198,9802,0.0,0,0.0,"{""budget"": 15000}"
device_0,0.975,1707,2.5,87.5,0.15,late,48,16,3,0.20266,0.9738223967562294,0,15000,1000,P2,0.04347146650428598,4347.146650428598,0.15,15000,5753,2017,4649,0.6641333333333334,5038,9962,0.0,0,0.0,"{""budget"": 15000}"
device_0,0.975,1708,2.5,87.5,0.15,late,48,16,3,0.19043,0.9746047948044175,0,15000,1000,P2,0.042709829164811065,4270.982916481106,0.15,15000,6034,1971,4538,0.5985333333333334,6022,8978,0.0,0,0.0,"{""budget"": 15000}"
device_0,0.975,1709,2.5,87.5,0.15,late,48,16,3,0.19294,0.9749540477640206,0,15000,1000,P2,0.042841778797708285,4284.177879770828,0.15,15000,6078,1973,4480,0.6168666666666667,5747,9253,0.0,0,0.0,"{""budget"": 15000}"
device_0,0.975,1710,2.5,87.5,0.15,late,48,16,3,0.19779,0.9774683509778551,0,15000,1000,P2,0.04316096097156833,4316.096097156833,0.15,15000,5941,1976,4556,0.6346,5481,9519,0.0,0,0.0,"{""budget"": 15000}"
device_0,0.0,1701,3.0,105.0,0.01,drop,48,16,3,0.19936,-0.002661444942765865,0,1000,1000,P2,0.042628130391307875,4262.813039130788,0.01,1000,2,12,982,1.0,0,1000,0.0,0,0.0,"{""budget"": 1000}"
device_0,0.0,1702,3.0,105.0,0.01,drop,48,16,3,0.20106,0.005830007599770396,0,1000,1000,P2,0.042770092288682365,4277.009228868236,0.01,1000,2,7,985,1.0,0,1000,0.0,0,0.0,"{""budget"": 1000}"
device_0,0.0,1703,3.0,105.0,0.01,drop,48,16,3,0.19952,0.005656351965683195,0,1000,1000,P2,0.04274736488565998,4274.736488565998,0.01,1000,2,8,983,1.0,0,1000,0.0,0,0.0,"{""budget"": 1000}"
device_0,0.0,1704,3.0,105.0,0.01,drop,48,16,3,0.20257,0.002457782015709934,0,1000,1000,P2,0.042813154576628785,4281.3154576628785,0.01,1000,2,10,980,1.0,0,1000,0.0,0,0.0,"{""budget"": 1000}"
device_0,0.0,1705,3.0,105.0,0.01,drop,48,16,3,0.20104,-0.004155617772998724,0,1000,1000,P2,0.042737576428607045,4273.757642860704,0.01,1000,2,15,980,1.0,0,1000,0.0,0,0.0,"{""budget"": 1000}"
device_0,0.0,1706,3.0,105.0,0.01,drop,48,16,3,0.20062,-0.0045443747273977144,0,1000,1000,P2,0.0427268011748538,4272.68011748538,0.01,1000,2,4,989,1.0,0,1000,0.0,0,0.0,"{""budget"": 1000}"
device_0,0.0,1707,3.0,105.0,0.01,drop,48,16,3,0.19896,0.001346027845602329,0,1000,1000,P2,0.04261963365263431,4261.963365263431,0.01,1000,2,14,981,1.0,0,1000,0.0,0,0.0,"{""budget"": 1000}"
device_0,0.0,1708,3.0,105.0,0.01,drop,48,16,3,0.19922,-0.001372807149175493,0,1000,1000,P2,0.04270606920711157,4270.606920711157,0.01,1000,2,5,985,1.0,0,1000,0.0,0,0.0,"{""budget"": 1000}"
device_0,0.0,1709,3.0,105.0,0.01,drop,48,16,3,0.20001,0.005034822885721277,0,1000,1000,P2,0.042706788501287764,4270.6788501287765,0.01,1000,2,10,976,1.0,0,1000,0.0,0,0.0,"{""budget"": 1000}"
device_0,0.0,1710,3.0,105.0,0.01,drop,48,16,3,0.19848,0.0007247411049733544,0,1000,1000,P2,0.042546903591215886,4254.690359121589,0.01,1000,2,7,988,1.0,0,1000,0.0,0,0.0,"{""budget"": 1000}"
device_0,0.375,1701,3.0,105.0,0.01,drop,48,16,3,0.19773,0.37585282092426525,0,1000,1000,P2,0.04252112772014013,4252.112772014013,0.01,1000,2,28,960,1.0,0,1000,0.0,0,0.0,"{""budget"": 1000}"
device_0,0.375,1702,3.0,105.0,0.01,drop,48,16,3,0.20083,0.3763938072575695,0,1000,1000,P2,0.04275763988807325,4275.7639888073245,0.01,1000,2,23,968,1.0,0,1000,0.0,0,0.0,"{""budget"": 1000}"
device_0,0.375,1703,3.0,105.0,0.01,drop,48,16,3,0.19949,0.3708761472322628,0,1000,1000,P2,0.04276207446205592,4276.207446205592,0.01,1000,2,29,959,1.0,0,1000,0.0,0,0.0,"{""budget"": 1000}"
device_0,0.375,1704,3.0,105.0,0.01,drop,48,16,3,0.19956,0.37083454970073176,0,1000,1000,P2,0.042705151695844115,4270.5151695844115,0.01,1000,3,26,960,1.0,0,1000,0.0,0,0.0,"{""budget"": 1000}"
device_0,0.375,1705,3.0,105.0,0.01,drop,48,16,3,0.1976,0.38054564128452917,0,1000,1000,P2,0.042594121432866866,4259.412143286687,0.01,1000,2,26,962,1.0,0,1000,0.0,0,0.0,"{""budget"": 1000}"
device_0,0.375,1706,3.0,105.0,0.01,drop,48,16,3,0.19975,0.37847803043317246,0,1000,1000,P2,0.04272597018939119,4272.597018939119,0.01,1000,2,20,968,1.0,0,1000,0.0,0,0.0,"{""budget"": 1000}"
device_0,0.375,1707,3.0,105.0,0.01,drop,48,16,3,0.19756,0.3714936166119789,0,1000,1000,P2,0.04256219412766533,4256.2194127665325,0.01,1000,2,24,966,1.0,0,1000,0.0,0,0.0,"{""budget"": 1000}"
device_0,0.375,1708,3.0,105.0,0.01,drop,48,16,3,0.19968,0.3728274067949136,0,1000,1000,P2,0.04260659224385101,4260.659224385101,0.01,1000,3,24,965,1.0,0,1000,0.0,0,0.0,"{""budget"": 1000}"
device_0,0.375,1709,3.0,105.0,0.01,drop,48,16,3,0.20214,0.3789219763360735,0,1000,1000,P2,0.0429229928814544,4292.29928814544,0.01,1000,3,28,959,1.0,0,1000,0.0,0,0.0,"{""budget"": 1000}"
device_0,0.375,1710,3.0,105.0,0.01,drop,48,16,3,0.19842,0.37511826036297974,0,1000,1000,P2,0.04266381611953453,4266.381611953453,0.01,1000,3,21,971,1.0,0,1000,0.0,0,0.0,"{""budget"": 1000}"
device_0,0.75,1701,3.0,105.0,0.01,drop,48,16,3,0.20817,0.7556341521150168,0,1000,1000,P2,0.04325503363711231,4325.503363711231,0.01,1000,3,42,948,1.0,0,1000,0.0,0,0.0,"{""budget"": 1000}"
device_0,0.75,1702,3.0,105.0,0.01,drop,48,16,3,0.20244,0.7487885933421545,0,1000,1000,P2,0.04291438061588109,4291.438061588109,0.01,1000,3,39,952,1.0,0,1000,0.0,0,0.0,"{""budget"": 1000}"
device_0,0.75,1703,3.0,105.0,0.01,drop,48,16,3,0.20102,0.7470900970852136,0,1000,1000,P2,0.042816223887828894,4281.622388782889,0.01,1000,2,47,947,1.0,0,1000,0.0,0,0.0,"{""budget"": 1000}"
device_0,0.75,1704,3.0,105.0,0.01,drop,48,16,3,0.19715,0.7479806369104111,0,1000,1000,P2,0.0425177820774226,4251.77820774226,0.01,1000,3,34,953,1.0,0,1000,0.0,0,0.0,"{""budget"": 1000}"
device_0,0.75,1705,3.0,105.0,0.01,drop,48,16,3,0.20494,0.7506431485678381,0,1000,1000,P2,0.0431188933779734,4311.88933779734,0.01,1000,2,28,963,1.0,0,1000,0.0,0,0.0,"{""budget"": 1000}"
device_0,0.75,1706,3.0,105.0,0.01,drop,48,16,3,0.20282,0.7537784223147826,0,1000,1000,P2,0.042776981224495775,4277.698122449578,0.01,1000,3,31,958,1.0,0,1000,0.0,0,0.0,"{""budget"": 1000}"
device_0,0.75,1707,3.0,105.0,0.01,drop,48,16,3,0.20138,0.7431906944181493,0,1000,1000,P2,0.042903004574104626,4290.3004574104625,0.01,1000,3,47,942,1.0,0,1000,0.0,0,0.0,"{""budget"": 1000}"
device_0,0.75,1708,3.0,105.0,0.01,drop,48,16,3,0.20034,0.7475350990705809,0,1000,1000,P2,0.04261189026249842,4261.189026249842,0.01,1000,3,43,941,1.0,0,1000,0.0,0,0.0,"{""budget"": 1000}"
device_0,0.75,1709,3.0,105.0,0.01,drop,48,16,3,0.20613,0.7542776800152501,0,1000,1000,P2,0.04313031904128828,4313.031904128828,0.01,1000,3,36,949,1.0,0,1000,0.0,0,0.0,"{""budget"": 1000}"
device_0,0.75,1710,3.0,105.0,0.01,drop,48,16,3,0.20286,0.74728584709585,0,1000,1000,P2,0.04287542337356892,4287.542337356892,0.01,1000,3,26,962,1.0,0,1000,0.0,0,0.0,"{""budget"": 1000}"
device_0,0.875,1701,3.0,105.0,0.01,drop,48,16,3,0.20249,0.8763990178082249,0,1000,1000,P2,0.04283531002488074,4283.531002488074,0.01,1000,3,40,949,1.0,0,1000,0.0,0,0.0,"{""budget"": 1000}"
device_0,0.875,1702,3.0,105.0,0.01,drop,48,16,3,0.19703,0.8759866636367837,0,1000,1000,P2,0.042435238178347115,4243.523817834712,0.01,1000,2,39,954,1.0,0,1000,0.0,0,0.0,"{""budget"": 1000}"
device_0,0.875,1703,3.0,105.0,0.01,drop,48,16,3,0.20238,0.8773687974569232,0,1000,1000,P2,0.042886758335646716,4288.675833564672,0.01,1000,3,38,954,1.0,0,1000,0.0,0,0.0,"{""budget"": 1000}"
device_0,0.875,1704,3.0,105.0,0.01,drop,48,16,3,0.19663,0.8771256568671042,0,1000,1000,P2,0.04250775844124237,4250.775844124237,0.01,1000,2,41,954,1.0,0,1000,0.0,0,0.0,"{""budget"": 1000}"
device_0,0.875,1705,3.0,105.0,0.01,drop,48,16,3,0.20133,0.8756186617053834,0,1000,1000,P2,0.04278307495629484,4278.307495629484,0.01,1000,3,42,951,1.0,0,1000,0.0,0,0.0,"{""budget"": 1000}"
device_0,0.875,1706,3.0,105.0,0.01,drop,48,16,3,0.19605,0.8731077294363513,0,1000,1000,P2,0.04248299177422076,4248.299177422076,0.01,1000,3,37,947,1.0,0,1000,0.0,0,0.0,"{""budget"": 1000}"
device_0,0.875,1707,3.0,105.0,0.01,drop,48,16,3,0.2,0.8774036452681541,0,1000,1000,P2,0.042700234570725436,4270.023457072543,0.01,1000,4,43,942,1.0,0,1000,0.0,0,0.0,"{""budget"": 1000}"
device_0,0.875,1708,3.0,105.0,0.01,drop,48,16,3,0.20258,0.87442580026271,0,1000,1000,P2,0.04297627726314428,4297.6277263144275,0.01,1000,3,45,947,1.0,0,1000,0.0,0,0.0,"{""budget"": 1000}"
device_0,0.875,1709,3.0,105.0,0.01,drop,48,16,3,0.19831,0.8770598020870867,0,1000,1000,P2,0.04249219962259809,4249.219962259809,0.01,1000,4,34,955,1.0,0,1000,0.0,0,0.0,"{""budget"": 1000}"
device_0,0.875,1710,3.0,105.0,0.01,drop,48,16,3,0.19668,0.8724656025657239,0,1000,1000,P2,0.04251855868675633,4251.855868675633,0.01,1000,3,51,941,1.0,0,1000,0.0,0,0.0,"{""budget"": 1000}"
device_0,0.9375,1701,3.0,105.0,0.01,drop,48,16,3,0.20509,0.9402237906216514,0,1000,1000,P2,0.043050324312992334,4305.032431299233,0.01,1000,3,46,931,1.0,0,1000,0.0,0,0.0,"{""budget"": 1000}"
device_0,0.9375,1702,3.0,105.0,0.01,drop,48,16,3,0.19366,0.9366016280001491,0,1000,1000,P2,0.04236117065478709,4236.117065478709,0.01,1000,3,42,947,1.0,0,1000,0.0,0,0.0,"{""budget"": 1000}"
device_0,0.9375,1703,3.0,105.0,0.01,drop,48,16,3,0.19489,0.9369055048961522,0,1000,1000,P2,0.04237415850594944,4237.415850594944,0.01,1000,3,44,946,1.0,0,1000,0.0,0,0.0,"{""budget"": 1000}"
device_0,0.9375,1704,3.0,105.0,0.01,drop,48,16,3,0.19999,0.9358099323716185,0,1000,1000,P2,0.04268316967391675,4268.316967391675,0.01,1000,3,39,951,1.0,0,1000,0.0,0,0.0,"{""budget"": 1000}"
device_0,0.9375,1705,3.0,105.0,0.01,drop,48,16,3,0.19063,0.9374553760710133,0,1000,1000,P2,0.042129823260103096,4212.982326010309,0.01,1000,3,50,936,1.0,0,1000,0.0,0,0.0,"{""budget"": 1000}"
device_0,0.9375,1706,3.0,105.0,0.01,drop,48,16,3,0.20144,0.9386428776611538,0,1000,1000,P2,0.042752223874514564,4275.222387451457,0.01,1000,4,46,942,1.0,0,1000,0.0,0,0.0,"{""budget"": 1000}"
device_0,0.9375,1707,3.0,105.0,0.01,drop,48,16,3,0.20073,0.9386652506542138,0,1000,1000,P2,0.04273337185928169,4273.337185928169,0.01,1000,3,45,943,1.0,0,1000,0.0,0,0.0,"{""budget"": 1000}"
device_0,0.9375,1708,3.0,105.0,0.01,drop,48,16,3,0.19042,0.9350336658268497,0,1000,1000,P2,0.042075509074961354,4207.550907496136,0.01,1000,3,43,947,1.0,0,1000,0.0,0,0.0,"{""budget"": 1000}"
device_0,0.9375,1709,3.0,105.0,0.01,drop,48,16,3,0.20214,0.9387695757970393,0,1000,1000,P2,0.04284545530488762,4284.545530488762,0.01,1000,3,51,939,1.0,0,1000,0.0,0,0.0,"{""budget"": 1000}"
device_0,0.9375,1710,3.0,105.0,0.01,drop,48,16,3,0.20082,0.9338903427364145,0,1000,1000,P2,0.04269449457215586,4269.449457215585,0.01,1000,3,36,947,1.0,0,1000,0.0,0,0.0,"{""budget"": 1000}"
device_0,0.975,1701,3.0,105.0,0.01,drop,48,16,3,0.20012,0.9750727182312047,0,1000,1000,P2,0.04270672509930886,4270.672509930886,0.01,1000,3,47,945,1.0,0,1000,0.0,0,0.0,"{""budget"": 1000}"
device_0,0.975,1702,3.0,105.0,0.01,drop,48,16,3,0.19762,0.9739220248349032,0,1000,1000,P2,0.04260659095164554,4260.659095164554,0.01,1000,3,54,931,1.0,0,1000,0.0,0,0.0,"{""budget"": 1000}"
device_0,0.975,1703,3.0,105.0,0.01,drop,48,16,3,0.1984,0.975854682367182,0,1000,1000,P2,0.04257390931924571,4257.390931924571,0.01,1000,4,39,949,1.0,0,1000,0.0,0,0.0,"{""budget"": 1000}"
device_0,0.975,1704,3.0,105.0,0.01,drop,48,16,3,0.19634,0.9733501805342133,0,1000,1000,P2,0.04247598123472398,4247.598123472398,0.01,1000,3,53,928,1.0,0,1000,0.0,0,0.0,"{""budget"": 1000}"
device_0,0.975,1705,3.0,105.0,0.01,drop,48,16,3,0.19493,0.9747974986214312,0,1000,1000,P2,0.04233539467285675,4233.539467285675,0.01,1000,3,49,942,1.0,0,1000,0.0,0,0.0,"{""budget"": 1000}"
device_0,0.975,1706,3.0,105.0,0.01,drop,48,16,3,0.203,0.9742259419786155,0,1000,1000,P2,0.04284607177699831,4284.6071776998315,0.01,1000,3,43,940,1.0,0,1000,0.0,0,0.0,"{""budget"": 1000}"
device_0,0.975,1707,3.0,105.0,0.01,drop,48,16,3,0.20266,0.9738223967562294,0,1000,1000,P2,0.04286152964135608,4286.152964135608,0.01,1000,3,41,939,1.0,0,1000,0.0,0,0.0,"{""budget"": 1000}"
device_0,0.975,1708,3.0,105.0,0.01,drop,48,16,3,0.19043,0.9746047948044175,0,1000,1000,P2,0.04204481953338255,4204.481953338255,0.01,1000,3,49,941,1.0,0,1000,0.0,0,0.0,"{""budget"": 1000}"
device_0,0.975,1709,3.0,105.0,0.01,drop,48,16,3,0.19294,0.9749540477640206,0,1000,1000,P2,0.04216330940769503,4216.330940769502,0.01,1000,3,50,946,1.0,0,1000,0.0,0,0.0,"{""budget"": 1000}"
device_0,0.975,1710,3.0,105.0,0.01,drop,48,16,3,0.19779,0.9774683509778551,0,1000,1000,P2,0.042527145997601566,4252.7145997601565,0.01,1000,3,46,935,1.0,0,1000,0.0,0,0.0,"{""budget"": 1000}"
device_0,0.0,1701,3.0,105.0,0.01,late,48,16,3,0.19936,-0.002661444942765865,0,1000,1000,P2,0.04393758394475728,4393.758394475728,0.01,1000,2,12,977,1.0,0,1000,0.0,0,0.0,"{""budget"": 1000}"
device_0,0.0,1702,3.0,105.0,0.01,late,48,16,3,0.20106,0.005830007599770396,0,1000,1000,P2,0.044076880893213086,4407.688089321308,0.01,1000,2,16,972,1.0,0,1000,0.0,0,0.0,"{""budget"": 1000}"
device_0,0.0,1703,3.0,105.0,0.01,late,48,16,3,0.19952,0.005656351965683195,0,1000,1000,P2,0.04405416335783854,4405.416335783853,0.01,1000,2,9,979,1.0,0,1000,0.0,0,0.0,"{""budget"": 1000}"
device_0,0.0,1704,3.0,105.0,0.01,late,48,16,3,0.20257,0.002457782015709934,0,1000,1000,P2,0.04412224545158942,4412.224545158942,0.01,1000,2,10,980,1.0,0,1000,0.0,0,0.0,"{""budget"": 1000}"
device_0,0.0,1705,3.0,105.0,0.01,late,48,16,3,0.20104,-0.004155617772998724,0,1000,1000,P2,0.04404490459016244,4404.490459016244,0.01,1000,2,10,982,1.0,0,1000,0.0,0,0.0,"{""budget"": 1000}"
device_0,0.0,1706,3.0,105.0,0.01,late,48,16,3,0.20062,-0.0045443747273977144,0,1000,1000,P2,0.044035486390689146,4403.548639068915,0.01,1000,2,8,976,1.0,0,1000,0.0,0,0.0,"{""budget"": 1000}"
device_0,0.0,1707,3.0,105.0,0.01,late,48,16,3,0.19896,0.001346027845602329,0,1000,1000,P2,0.043925587154575986,4392.558715457599,0.01,1000,2,8,982,1.0,0,1000,0.0,0,0.0,"{""budget"": 1000}"
device_0,0.0,1708,3.0,105.0,0.01,late,48,16,3,0.19922,-0.001372807149175493,0,1000,1000,P2,0.044011191547329964,4401.119154732996,0.01,1000,2,8,985,1.0,0,1000,0.0,0,0.0,"{""budget"": 1000}"
device_0,0.0,1709,3.0,105.0,0.01,late,48,16,3,0.20001,0.005034822885721277,0,1000,1000,P2,0.044013682246766384,4401.368224676638,0.01,1000,2,11,982,1.0,0,1000,0.0,0,0.0,"{""budget"": 1000}"
device_0,0.0,1710,3.0,105.0,0.01,late,48,16,3,0.19848,0.0007247411049733544,0,1000,1000,P2,0.04385297846316327,4385.297846316327,0.01,1000,3,14,973,1.0,0,1000,0.0,0,0.0,"{""budget"": 1000}"
device_0,0.375,1701,3.0,105.0,0.01,late,48,16,3,0.19773,0.37585282092426525,0,1000,1000,P2,0.04382802410484715,4382.802410484715,0.01,1000,3,32,962,1.0,0,1000,0.0,0,0.0,"{""budget"": 1000}"
device_0,0.375,1702,3.0,105.0,0.01,late,48,16,3,0.20083,0.3763938072575695,0,1000,1000,P2,0.044065405185181004,4406.540518518101,0.01,1000,2,22,968,1.0,0,1000,0.0,0,0.0,"{""budget"": 1000}"
device_0,0.375,1703,3.0,105.0,0.01,late,48,16,3,0.19949,0.3708761472322628,0,1000,1000,P2,0.04406942807414022,4406.942807414022,0.01,1000,2,18,976,1.0,0,1000,0.0,0,0.0,"{""budget"": 1000}"
device_0,0.375,1704,3.0,105.0,0.01,late,48,16,3,0.19956,0.37083454970073176,0,1000,1000,P2,0.044011000711542965,4401.1000711542965,0.01,1000,2,23,964,1.0,0,1000,0.0,0,0.0,"{""budget"": 1000}"
device_0,0.375,1705,3.0,105.0,0.01,late,48,16,3,0.1976,0.38054564128452917,0,1000,1000,P2,0.04390029718416246,4390.029718416246,0.01,1000,3,21,971,1.0,0,1000,0.0,0,0.0,"{""budget"": 1000}"
device_0,0.375,1706,3.0,105.0,0.01,late,48,16,3,0.19975,0.37847803043317246,0,1000,1000,P2,0.04403464154898016,4403.464154898016,0.01,1000,3,31,961,1.0,0,1000,0.0,0,0.0,"{""budget"": 1000}"
device_0,0.375,1707,3.0,105.0,0.01,late,48,16,3,0.19756,0.3714936166119789,0,1000,1000,P2,0.043867078462765774,4386.707846276578,0.01,1000,2,23,969,1.0,0,1000,0.0,0,0.0,"{""budget"": 1000}"
device_0,0.375,1708,3.0,105.0,0.01,late,48,16,3,0.19968,0.3728274067949136,0,1000,1000,P2,0.04391189645121619,4391.189645121619,0.01,1000,3,26,964,1.0,0,1000,0.0,0,0.0,"{""budget"": 1000}"
device_0,0.375,1709,3.0,105.0,0.01,late,48,16,3,0.20214,0.3789219763360735,0,1000,1000,P2,0.044231567850542546,4423.156785054254,0.01,1000,2,18,971,1.0,0,1000,0.0,0,0.0,"{""budget"": 1000}"
device_0,0.375,1710,3.0,105.0,0.01,late,48,16,3,0.19842,0.37511826036297974,0,1000,1000,P2,0.04396999907460878,4396.999907460878,0.01,1000,3,21,964,1.0,0,1000,0.0,0,0.0,"{""budget"": 1000}"
device_0,0.75,1701,3.0,105.0,0.01,late,48,16,3,0.20817,0.7556341521150168,0,1000,1000,P2,0.04456351628697508,4456.351628697508,0.01,1000,3,36,946,1.0,0,1000,0.0,0,0.0,"{""budget"": 1000}"
device_0,0.75,1702,3.0,105.0,0.01,late,48,16,3,0.20244,0.7487885933421545,0,1000,1000,P2,0.04422228594480315,4422.228594480315,0.01,1000,3,38,952,1.0,0,1000,0.0,0,0.0,"{""budget"": 1000}"
device_0,0.75,1703,3.0,105.0,0.01,late,48,16,3,0.20102,0.7470900970852136,0,1000,1000,P2,0.04412453920245827,4412.453920245827,0.01,1000,3,27,966,1.0,0,1000,0.0,0,0.0,"{""budget"": 1000}"
device_0,0.75,1704,3.0,105.0,0.01,late,48,16,3,0.19715,0.7479806369104111,0,1000,1000,P2,0.04382443682940591,4382.443682940591,0.01,1000,2,37,955,1.0,0,1000,0.0,0,0.0,"{""budget"": 1000}"
device_0,0.75,1705,3.0,105.0,0.01,late,48,16,3,0.20494,0.7506431485678381,0,1000,1000,P2,0.04442712705510798,4442.712705510798,0.01,1000,2,43,952,1.0,0,1000,0.0,0,0.0,"{""budget"": 1000}"
device_0,0.75,1706,3.0,105.0,0.01,late,48,16,3,0.20282,0.7537784223147826,0,1000,1000,P2,0.04408165284904098,4408.165284904098,0.01,1000,3,40,944,1.0,0,1000,0.0,0,0.0,"{""budget"": 1000}"
device_0,0.75,1707,3.0,105.0,0.01,late,48,16,3,0.20138,0.7431906944181493,0,1000,1000,P2,0.04421119728689562,4421.119728689562,0.01,1000,3,54,937,1.0,0,1000,0.0,0,0.0,"{""budget"": 1000}"
device_0,0.75,1708,3.0,105.0,0.01,late,48,16,3,0.20034,0.7475350990705809,0,1000,1000,P2,0.04391726437777903,4391.726437777903,0.01,1000,3,41,943,1.0,0,1000,0.0,0,0.0,"{""budget"": 1000}"
device_0,0.75,1709,3.0,105.0,0.01,late,48,16,3,0.20613,0.7542776800152501,0,1000,1000,P2,0.0444360487565161,4443.60487565161,0.01,1000,3,36,953,1.0,0,1000,0.0,0,0.0,"{""budget"": 1000}"
device_0,0.75,1710,3.0,105.0,0.01,late,48,16,3,0.20286,0.74728584709585,0,1000,1000,P2,0.04418423136146712,4418.423136146712,0.01,1000,3,37,957,1.0,0,1000,0.0,0,0.0,"{""budget"": 1000}"
device_0,0.875,1701,3.0,105.0,0.01,late,48,16,3,0.20249,0.8763990178082249,0,1000,1000,P2,0.0441443620035592,4414.43620035592,0.01,1000,3,40,944,1.0,0,1000,0.0,0,0.0,"{""budget"": 1000}"
device_0,0.875,1702,3.0,105.0,0.01,late,48,16,3,0.19703,0.8759866636367837,0,1000,1000,P2,0.043742448420010516,4374.244842001051,0.01,1000,3,46,940,1.0,0,1000,0.0,0,0.0,"{""budget"": 1000}"
device_0,0.875,1703,3.0,105.0,0.01,late,48,16,3,0.20238,0.8773687974569232,0,1000,1000,P2,0.04419393789835316,4419.393789835316,0.01,1000,3,37,952,1.0,0,1000,0.0,0,0.0,"{""budget"": 1000}"
device_0,0.875,1704,3.0,105.0,0.01,late,48,16,3,0.19663,0.8771256568671042,0,1000,1000,P2,0.04381336971183784,4381.336971183784,0.01,1000,3,45,945,1.0,0,1000,0.0,0,0.0,"{""budget"": 1000}"
device_0,0.875,1705,3.0,105.0,0.01,late,48,16,3,0.20133,0.8756186617053834,0,1000,1000,P2,0.04409051288525818,4409.051288525818,0.01,1000,3,40,956,1.0,0,1000,0.0,0,0.0,"{""budget"": 1000}"
device_0,0.875,1706,3.0,105.0,0.01,late,48,16,3,0.19605,0.8731077294363513,0,1000,1000,P2,0.04379121879350902,4379.121879350902,0.01,1000,4,37,951,1.0,0,1000,0.0,0,0.0,"{""budget"": 1000}"
device_0,0.875,1707,3.0,105.0,0.01,late,48,16,3,0.2,0.8774036452681541,0,1000,1000,P2,0.04400831968600571,4400.831968600571,0.01,1000,3,50,937,1.0,0,1000,0.0,0,0.0,"{""budget"": 1000}"
device_0,0.875,1708,3.0,105.0,0.01,late,48,16,3,0.20258,0.87442580026271,0,1000,1000,P2,0.04428427368223531,4428.427368223531,0.01,1000,3,47,947,1.0,0,1000,0.0,0,0.0,"{""budget"": 1000}"
device_0,0.875,1709,3.0,105.0,0.01,late,48,16,3,0.19831,0.8770598020870867,0,1000,1000,P2,0.04379879359505426,4379.879359505426,0.01,1000,3,39,949,1.0,0,1000,0.0,0,0.0,"{""budget"": 1000}"
device_0,0.875,1710,3.0,105.0,0.01,late,48,16,3,0.19668,0.8724656025657239,0,1000,1000,P2,0.04382635846440141,4382.635846440141,0.01,1000,3,49,941,1.0,0,1000,0.0,0,0.0,"{""budget"": 1000}"
device_0,0.9375,1701,3.0,105.0,0.01,late,48,16,3,0.20509,0.9402237906216514,0,1000,1000,P2,0.04435686384826353,4435.686384826353,0.01,1000,3,38,945,1.0,0,1000,0.0,0,0.0,"{""budget"": 1000}"
device_0,0.9375,1702,3.0,105.0,0.01,late,48,16,3,0.19366,0.9366016280001491,0,1000,1000,P2,0.04366888045580164,4366.888045580164,0.01,1000,4,48,948,1.0,0,1000,0.0,0,0.0,"{""budget"": 1000}"
device_0,0.9375,1703,3.0,105.0,0.01,late,48,16,3,0.19489,0.9369055048961522,0,1000,1000,P2,0.04368126577365998,4368.126577365998,0.01,1000,3,41,947,1.0,0,1000,0.0,0,0.0,"{""budget"": 1000}"
device_0,0.9375,1704,3.0,105.0,0.01,late,48,16,3,0.19999,0.9358099323716185,0,1000,1000,P2,0.04398978452617199,4398.978452617199,0.01,1000,3,48,934,1.0,0,1000,0.0,0,0.0,"{""budget"": 1000}"
device_0,0.9375,1705,3.0,105.0,0.01,late,48,16,3,0.19063,0.9374553760710133,0,1000,1000,P2,0.043436042257472066,4343.604225747206,0.01,1000,3,51,932,1.0,0,1000,0.0,0,0.0,"{""budget"": 1000}"
device_0,0.9375,1706,3.0,105.0,0.01,late,48,16,3,0.20144,0.9386428776611538,0,1000,1000,P2,0.04405970595949079,4405.970595949079,0.01,1000,3,47,949,1.0,0,1000,0.0,0,0.0,"{""budget"": 1000}"
device_0,0.9375,1707,3.0,105.0,0.01,late,48,16,3,0.20073,0.9386652506542138,0,1000,1000,P2,0.044042472119094525,4404.247211909453,0.01,1000,3,63,923,1.0,0,1000,0.0,0,0.0,"{""budget"": 1000}"
device_0,0.9375,1708,3.0,105.0,0.01,late,48,16,3,0.19042,0.9350336658268497,0,1000,1000,P2,0.04338111554899049,4338.111554899049,0.01,1000,3,51,934,1.0,0,1000,0.0,0,0.0,"{""budget"": 1000}"
device_0,0.9375,1709,3.0,105.0,0.01,late,48,16,3,0.20214,0.9387695757970393,0,1000,1000,P2,0.04415187173368819,4415.187173368819,0.01,1000,4,46,934,1.0,0,1000,0.0,0,0.0,"{""budget"": 1000}"
device_0,0.9375,1710,3.0,105.0,0.01,late,48,16,3,0.20082,0.9338903427364145,0,1000,1000,P2,0.044001061029951855,4400.106102995185,0.01,1000,3,54,937,1.0,0,1000,0.0,0,0.0,"{""budget"": 1000}"
device_0,0.975,1701,3.0,105.0,0.01,late,48,16,3,0.20012,0.9750727182312047,0,1000,1000,P2,0.04401241770265921,4401.24177026592,0.01,1000,3,51,943,1.0,0,1000,0.0,0,0.0,"{""budget"": 1000}"
device_0,0.975,1702,3.0,105.0,0.01,late,48,16,3,0.19762,0.9739220248349032,0,1000,1000,P2,0.04391199640859862,4391.1996408598625,0.01,1000,3,44,932,1.0,0,1000,0.0,0,0.0,"{""budget"": 1000}"
device_0,0.975,1703,3.0,105.0,0.01,late,48,16,3,0.1984,0.975854682367182,0,1000,1000,P2,0.04388121512181273,4388.121512181273,0.01,1000,3,55,933,1.0,0,1000,0.0,0,0.0,"{""budget"": 1000}"
device_0,0.975,1704,3.0,105.0,0.01,late,48,16,3,0.19634,0.9733501805342133,0,1000,1000,P2,0.04378276930229005,4378.276930229005,0.01,1000,3,52,933,1.0,0,1000,0.0,0,0.0,"{""budget"": 1000}"
device_0,0.975,1705,3.0,105.0,0.01,late,48,16,3,0.19493,0.9747974986214312,0,1000,1000,P2,0.043642466580286185,4364.246658028618,0.01,1000,2,45,942,1.0,0,1000,0.0,0,0.0,"{""budget"": 1000}"
device_0,0.975,1706,3.0,105.0,0.01,late,48,16,3,0.203,0.9742259419786155,0,1000,1000,P2,0.04415097673907588,4415.097673907588,0.01,1000,3,53,928,1.0,0,1000,0.0,0,0.0,"{""budget"": 1000}"
device_0,0.975,1707,3.0,105.0,0.01,late,48,16,3,0.20266,0.9738223967562294,0,1000,1000,P2,0.04416707101257497,4416.707101257497,0.01,1000,3,48,941,1.0,0,1000,0.0,0,0.0,"{""budget"": 1000}"
device_0,0.975,1708,3.0,105.0,0.01,late,48,16,3,0.19043,0.9746047948044175,0,1000,1000,P2,0.04335092611665452,4335.092611665452,0.01,1000,3,43,948,1.0,0,1000,0.0,0,0.0,"{""budget"": 1000}"
device_0,0.975,1709,3.0,105.0,0.01,late,48,16,3,0.19294,0.9749540477640206,0,1000,1000,P2,0.043469665238125656,4346.966523812565,0.01,1000,3,46,943,1.0,0,1000,0.0,0,0.0,"{""budget"": 1000}"
device_0,0.975,1710,3.0,105.0,0.01,late,48,16,3,0.19779,0.9774683509778551,0,1000,1000,P2,0.04383525534250162,4383.525534250162,0.01,1000,3,52,922,1.0,0,1000,0.0,0,0.0,"{""budget"": 1000}"
device_0,0.0,1701,3.0,105.0,0.05,drop,48,16,3,0.19936,-0.002661444942765865,0,5000,1000,P2,0.03701930284183617,3701.9302841836165,0.05,5000,4,243,4699,1.0,0,5000,0.0,0,0.0,"{""budget"": 5000}"
device_0,0.0,1702,3.0,105.0,0.05,drop,48,16,3,0.20106,0.005830007599770396,0,5000,1000,P2,0.03714673435730436,3714.673435730436,0.05,5000,4,248,4683,1.0,0,5000,0.0,0,0.0,"{""budget"": 5000}"
device_0,0.0,1703,3.0,105.0,0.05,drop,48,16,3,0.19952,0.005656351965683195,0,5000,1000,P2,0.03711065000546999,3711.065000546999,0.05,5000,3,257,4689,1.0,0,5000,0.0,0,0.0,"{""budget"": 5000}"
device_0,0.0,1704,3.0,105.0,0.05,drop,48,16,3,0.20257,0.002457782015709934,0,5000,1000,P2,0.03724027066217759,3724.027066217759,0.05,5000,4,236,4699,1.0,0,5000,0.0,0,0.0,"{""budget"": 5000}"
device_0,0.0,1705,3.0,105.0,0.05,drop,48,16,3,0.20104,-0.004155617772998724,0,5000,1000,P2,0.03712651845585052,3712.6518455850523,0.05,5000,3,219,4725,1.0,0,5000,0.0,0,0.0,"{""budget"": 5000}"
device_0,0.0,1706,3.0,105.0,0.05,drop,48,16,3,0.20062,-0.0045443747273977144,0,5000,1000,P2,0.03712095612059416,3712.0956120594165,0.05,5000,3,228,4715,1.0,0,5000,0.0,0,0.0,"{""budget"": 5000}"
device_0,0.0,1707,3.0,105.0,0.05,drop,48,16,3,0.19896,0.001346027845602329,0,5000,1000,P2,0.037024827130861644,3702.4827130861645,0.05,5000,3,236,4693,1.0,0,5000,0.0,0,0.0,"{""budget"": 5000}"
device_0,0.0,1708,3.0,105.0,0.05,drop,48,16,3,0.19922,-0.001372807149175493,0,5000,1000,P2,0.03706811874284364,3706.8118742843635,0.05,5000,4,231,4701,1.0,0,5000,0.0,0,0.0,"{""budget"": 5000}"
device_0,0.0,1709,3.0,105.0,0.05,drop,48,16,3,0.20001,0.005034822885721277,0,5000,1000,P2,0.03707716985230817,3707.716985230817,0.05,5000,4,258,4673,1.0,0,5000,0.0,0,0.0,"{""budget"": 5000}"
device_0,0.0,1710,3.0,105.0,0.05,drop,48,16,3,0.19848,0.0007247411049733544,0,5000,1000,P2,0.03698663552678401,3698.6635526784007,0.05,5000,3,240,4707,1.0,0,5000,0.0,0,0.0,"{""budget"": 5000}"
device_0,0.375,1701,3.0,105.0,0.05,drop,48,16,3,0.19773,0.37585282092426525,0,5000,1000,P2,0.036955531783618045,3695.5531783618044,0.05,5000,5,569,4318,1.0,0,5000,0.0,0,0.0,"{""budget"": 5000}"
device_0,0.375,1702,3.0,105.0,0.05,drop,48,16,3,0.20083,0.3763938072575695,0,5000,1000,P2,0.03712816779354156,3712.816779354156,0.05,5000,4,533,4335,1.0,0,5000,0.0,0,0.0,"{""budget"": 5000}"
device_0,0.375,1703,3.0,105.0,0.05,drop,48,16,3,0.19949,0.3708761472322628,0,5000,1000,P2,0.0371309233217113,3713.09233217113,0.05,5000,5,471,4410,1.0,0,5000,0.0,0,0.0,"{""budget"": 5000}"
device_0,0.375,1704,3.0,105.0,0.05,drop,48,16,3,0.19956,0.37083454970073176,0,5000,1000,P2,0.03708391389205627,3708.391389205627,0.05,5000,4,562,4312,1.0,0,5000,0.0,0,0.0,"{""budget"": 5000}"
device_0,0.375,1705,3.0,105.0,0.05,drop,48,16,3,0.1976,0.38054564128452917,0,5000,1000,P2,0.03699314933728432,3699.314933728432,0.05,5000,6,579,4293,1.0,0,5000,0.0,0,0.0,"{""budget"": 5000}"
device_0,0.375,1706,3.0,105.0,0.05,drop,48,16,3,0.19975,0.37847803043317246,0,5000,1000,P2,0.037091651494740766,3709.1651494740763,0.05,5000,5,516,4353,1.0,0,5000,0.0,0,0.0,"{""budget"": 5000}"
device_0,0.375,1707,3.0,105.0,0.05,drop,48,16,3,0.19756,0.3714936166119789,0,5000,1000,P2,0.03695830070415872,3695.830070415872,0.05,5000,4,556,4320,1.0,0,5000,0.0,0,0.0,"{""budget"": 5000}"
device_0,0.375,1708,3.0,105.0,0.05,drop,48,16,3,0.19968,0.3728274067949136,0,5000,1000,P2,0.03707834668265771,3707.834668265771,0.05,5000,5,544,4319,1.0,0,5000,0.0,0,0.0,"{""budget"": 5000}"
device_0,0.375,1709,3.0,105.0,0.05,drop,48,16,3,0.20214,0.3789219763360735,0,5000,1000,P2,0.03725835618149468,3725.8356181494682,0.05,5000,4,536,4321,1.0,0,5000,0.0,0,0.0,"{""budget"": 5000}"
device_0,0.375,1710,3.0,105.0,0.05,drop,48,16,3,0.19842,0.37511826036297974,0,5000,1000,P2,0.03700887014355188,3700.8870143551876,0.05,5000,5,540,4338,1.0,0,5000,0.0,0,0.0,"{""budget"": 5000}"
device_0,0.75,1701,3.0,105.0,0.05,drop,48,16,3,0.20817,0.7556341521150168,0,5000,1000,P2,0.037566388655321054,3756.6388655321052,0.05,5000,5,768,4028,1.0,0,5000,0.0,0,0.0,"{""budget"": 5000}"
device_0,0.75,1702,3.0,105.0,0.05,drop,48,16,3,0.20244,0.7487885933421545,0,5000,1000,P2,0.03721829094680556,3721.829094680556,0.05,5000,7,782,3960,1.0,0,5000,0.0,0,0.0,"{""budget"": 5000}"
device_0,0.75,1703,3.0,105.0,0.05,drop,48,16,3,0.20102,0.7470900970852136,0,5000,1000,P2,0.037149182860917014,3714.9182860917017,0.05,5000,7,802,3955,1.0,0,5000,0.0,0,0.0,"{""budget"": 5000}"
device_0,0.75,1704,3.0,105.0,0.05,drop,48,16,3,0.19715,0.7479806369104111,0,5000,1000,P2,0.036920890294031415,3692.0890294031415,0.05,5000,6,783,3967,1.0,0,5000,0.0,0,0.0,"{""budget"": 5000}"
device_0,0.75,1705,3.0,105.0,0.05,drop,48,16,3,0.20494,0.7506431485678381,0,5000,1000,P2,0.03741541554906153,3741.541554906153,0.05,5000,5,797,3989,1.0,0,5000,0.0,0,0.0,"{""budget"": 5000}"
device_0,0.75,1706,3.0,105.0,0.05,drop,48,16,3,0.20282,0.7537784223147826,0,5000,1000,P2,0.037183708366607005,3718.3708366607,0.05,5000,9,766,3989,1.0,0,5000,0.0,0,0.0,"{""budget"": 5000}"
device_0,0.75,1707,3.0,105.0,0.05,drop,48,16,3,0.20138,0.7431906944181493,0,5000,1000,P2,0.03726550894315445,3726.550894315445,0.05,5000,6,792,3970,1.0,0,5000,0.0,0,0.0,"{""budget"": 5000}"
device_0,0.75,1708,3.0,105.0,0.05,drop,48,16,3,0.20034,0.7475350990705809,0,5000,1000,P2,0.03700930050229336,3700.930050229336,0.05,5000,7,790,3936,1.0,0,5000,0.0,0,0.0,"{""budget"": 5000}"
device_0,0.75,1709,3.0,105.0,0.05,drop,48,16,3,0.20613,0.7542776800152501,0,5000,1000,P2,0.03745532513274171,3745.5325132741714,0.05,5000,7,773,3969,1.0,0,5000,0.0,0,0.0,"{""budget"": 5000}"
device_0,0.75,1710,3.0,105.0,0.05,drop,48,16,3,0.20286,0.74728584709585,0,5000,1000,P2,0.03724729033343364,3724.729033343364,0.05,5000,8,770,4009,1.0,0,5000,0.0,0,0.0,"{""budget"": 5000}"
device_0,0.875,1701,3.0,105.0,0.05,drop,48,16,3,0.20249,0.8763990178082249,0,5000,1000,P2,0.03719716492034476,3719.7164920344753,0.05,5000,8,839,3907,1.0,0,5000,0.0,0,0.0,"{""budget"": 5000}"
device_0,0.875,1702,3.0,105.0,0.05,drop,48,16,3,0.19703,0.8759866636367837,0,5000,1000,P2,0.03689591909811567,3689.5919098115664,0.05,5000,7,844,3857,1.0,0,5000,0.0,0,0.0,"{""budget"": 5000}"
device_0,0.875,1703,3.0,105.0,0.05,drop,48,16,3,0.20238,0.8773687974569232,0,5000,1000,P2,0.03722397571922004,3722.397571922004,0.05,5000,6,880,3822,1.0,0,5000,0.0,0,0.0,"{""budget"": 5000}"
device_0,0.875,1704,3.0,105.0,0.05,drop,48,16,3,0.19663,0.8771256568671042,0,5000,1000,P2,0.036920659181372065,3692.065918137206,0.05,5000,10,899,3798,1.0,0,5000,0.0,0,0.0,"{""budget"": 5000}"
device_0,0.875,1705,3.0,105.0,0.05,drop,48,16,3,0.20133,0.8756186617053834,0,5000,1000,P2,0.037175135518758416,3717.5135518758416,0.05,5000,6,866,3869,1.0,0,5000,0.0,0,0.0,"{""budget"": 5000}"
device_0,0.875,1706,3.0,105.0,0.05,drop,48,16,3,0.19605,0.8731077294363513,0,5000,1000,P2,0.036860518925997204,3686.0518925997203,0.05,5000,7,863,3810,1.0,0,5000,0.0,0,0.0,"{""budget"": 5000}"
device_0,0.875,1707,3.0,105.0,0.05,drop,48,16,3,0.2,0.8774036452681541,0,5000,1000,P2,0.037086013131544894,3708.601313154489,0.05,5000,6,885,3805,1.0,0,5000,0.0,0,0.0,"{""budget"": 5000}"
device_0,0.875,1708,3.0,105.0,0.05,drop,48,16,3,0.20258,0.87442580026271,0,5000,1000,P2,0.03728081531749177,3728.081531749177,0.05,5000,7,881,3835,1.0,0,5000,0.0,0,0.0,"{""budget"": 5000}"
device_0,0.875,1709,3.0,105.0,0.05,drop,48,16,3,0.19831,0.8770598020870867,0,5000,1000,P2,0.03694106797630585,3694.106797630585,0.05,5000,6,838,3831,1.0,0,5000,0.0,0,0.0,"{""budget"": 5000}"
device_0,0.875,1710,3.0,105.0,0.05,drop,48,16,3,0.19668,0.8724656025657239,0,5000,1000,P2,0.03692201546190674,3692.2015461906735,0.05,5000,5,874,3827,1.0,0,5000,0.0,0,0.0,"{""budget"": 5000}"
device_0,0.9375,1701,3.0,105.0,0.05,drop,48,16,3,0.20509,0.9402237906216514,0,5000,1000,P2,0.037425113801137916,3742.5113801137913,0.05,5000,6,880,3800,1.0,0,5000,0.0,0,0.0,"{""budget"": 5000}"
device_0,0.9375,1702,3.0,105.0,0.05,drop,48,16,3,0.19366,0.9366016280001491,0,5000,1000,P2,0.0367999616850479,3679.9961685047897,0.05,5000,6,902,3754,1.0,0,5000,0.0,0,0.0,"{""budget"": 5000}"
device_0,0.9375,1703,3.0,105.0,0.05,drop,48,16,3,0.19489,0.9369055048961522,0,5000,1000,P2,0.03682481075780608,3682.481075780608,0.05,5000,6,918,3781,1.0,0,5000,0.0,0,0.0,"{""budget"": 5000}"
device_0,0.9375,1704,3.0,105.0,0.05,drop,48,16,3,0.19999,0.9358099323716185,0,5000,1000,P2,0.03705087409143277,3705.087409143277,0.05,5000,7,923,3757,1.0,0,5000,0.0,0,0.0,"{""budget"": 5000}"
device_0,0.9375,1705,3.0,105.0,0.05,drop,48,16,3,0.19063,0.9374553760710133,0,5000,1000,P2,0.03657806384777632,3657.806384777632,0.05,5000,6,899,3711,1.0,0,5000,0.0,0,0.0,"{""budget"": 5000}"
device_0,0.9375,1706,3.0,105.0,0.05,drop,48,16,3,0.20144,0.9386428776611538,0,5000,1000,P2,0.03715214910143841,3715.214910143841,0.05,5000,7,887,3791,1.0,0,5000,0.0,0,0.0,"{""budget"": 5000}"
device_0,0.9375,1707,3.0,105.0,0.05,drop,48,16,3,0.20073,0.9386652506542138,0,5000,1000,P2,0.0371022098710724,3710.22098710724,0.05,5000,6,923,3744,1.0,0,5000,0.0,0,0.0,"{""budget"": 5000}"
device_0,0.9375,1708,3.0,105.0,0.05,drop,48,16,3,0.19042,0.9350336658268497,0,5000,1000,P2,0.03655308764087827,3655.308764087827,0.05,5000,6,903,3718,1.0,0,5000,0.0,0,0.0,"{""budget"": 5000}"
device_0,0.9375,1709,3.0,105.0,0.05,drop,48,16,3,0.20214,0.9387695757970393,0,5000,1000,P2,0.037200635702273985,3720.0635702273985,0.05,5000,6,886,3795,1.0,0,5000,0.0,0,0.0,"{""budget"": 5000}"
device_0,0.9375,1710,3.0,105.0,0.05,drop,48,16,3,0.20082,0.9338903427364145,0,5000,1000,P2,0.037106767991947294,3710.6767991947295,0.05,5000,8,885,3760,1.0,0,5000,0.0,0,0.0,"{""budget"": 5000}"
device_0,0.975,1701,3.0,105.0,0.05,drop,48,16,3,0.20012,0.9750727182312047,0,5000,1000,P2,0.0371207966148709,3712.07966148709,0.05,5000,7,915,3741,1.0,0,5000,0.0,0,0.0,"{""budget"": 5000}"
device_0,0.975,1702,3.0,105.0,0.05,drop,48,16,3,0.19762,0.9739220248349032,0,5000,1000,P2,0.036990869088723816,3699.0869088723816,0.05,5000,6,932,3670,1.0,0,5000,0.0,0,0.0,"{""budget"": 5000}"
device_0,0.975,1703,3.0,105.0,0.05,drop,48,16,3,0.1984,0.975854682367182,0,5000,1000,P2,0.03699763668590442,3699.7636685904417,0.05,5000,6,943,3722,1.0,0,5000,0.0,0,0.0,"{""budget"": 5000}"
device_0,0.975,1704,3.0,105.0,0.05,drop,48,16,3,0.19634,0.9733501805342133,0,5000,1000,P2,0.036883718615392316,3688.3718615392313,0.05,5000,8,906,3731,1.0,0,5000,0.0,0,0.0,"{""budget"": 5000}"
device_0,0.975,1705,3.0,105.0,0.05,drop,48,16,3,0.19493,0.9747974986214312,0,5000,1000,P2,0.036774221184999845,3677.422118499984,0.05,5000,6,965,3682,1.0,0,5000,0.0,0,0.0,"{""budget"": 5000}"
device_0,0.975,1706,3.0,105.0,0.05,drop,48,16,3,0.203,0.9742259419786155,0,5000,1000,P2,0.037235789054748406,3723.5789054748407,0.05,5000,8,898,3756,1.0,0,5000,0.0,0,0.0,"{""budget"": 5000}"
device_0,0.975,1707,3.0,105.0,0.05,drop,48,16,3,0.20266,0.9738223967562294,0,5000,1000,P2,0.03725944288244695,3725.9442882446956,0.05,5000,6,916,3724,1.0,0,5000,0.0,0,0.0,"{""budget"": 5000}"
device_0,0.975,1708,3.0,105.0,0.05,drop,48,16,3,0.19043,0.9746047948044175,0,5000,1000,P2,0.036534513756574495,3653.4513756574497,0.05,5000,6,928,3704,1.0,0,5000,0.0,0,0.0,"{""budget"": 5000}"
device_0,0.975,1709,3.0,105.0,0.05,drop,48,16,3,0.19294,0.9749540477640206,0,5000,1000,P2,0.03667081029610781,3667.0810296107807,0.05,5000,8,919,3704,1.0,0,5000,0.0,0,0.0,"{""budget"": 5000}"
device_0,0.975,1710,3.0,105.0,0.05,drop,48,16,3,0.19779,0.9774683509778551,0,5000,1000,P2,0.036945615515971635,3694.5615515971635,0.05,5000,7,907,3699,1.0,0,5000,0.0,0,0.0,"{""budget"": 5000}"
device_0,0.0,1701,3.0,105.0,0.05,late,48,16,3,0.19936,-0.002661444942765865,0,5000,1000,P2,0.043257345006834765,4325.734500683477,0.05,5000,708,121,3164,0.7268,1366,3634,0.0,0,0.0,"{""budget"": 5000}"
device_0,0.0,1702,3.0,105.0,0.05,late,48,16,3,0.20106,0.005830007599770396,0,5000,1000,P2,0.04336980693556592,4336.980693556592,0.05,5000,666,114,3216,0.7352,1324,3676,0.0,0,0.0,"{""budget"": 5000}"
device_0,0.0,1703,3.0,105.0,0.05,late,48,16,3,0.19952,0.005656351965683195,0,5000,1000,P2,0.04334046551501911,4334.046551501911,0.05,5000,633,112,3254,0.7372,1314,3686,0.0,0,0.0,"{""budget"": 5000}"
device_0,0.0,1704,3.0,105.0,0.05,late,48,16,3,0.20257,0.002457782015709934,0,5000,1000,P2,0.04345842569888844,4345.842569888844,0.05,5000,769,112,3118,0.72,1400,3600,0.0,0,0.0,"{""budget"": 5000}"
device_0,0.0,1705,3.0,105.0,0.05,late,48,16,3,0.20104,-0.004155617772998724,0,5000,1000,P2,0.0433507617003824,4335.07617003824,0.05,5000,688,108,3201,0.7264,1368,3632,0.0,0,0.0,"{""budget"": 5000}"
device_0,0.0,1706,3.0,105.0,0.05,late,48,16,3,0.20062,-0.0045443747273977144,0,5000,1000,P2,0.04335332813841918,4335.332813841918,0.05,5000,725,110,3166,0.7254,1373,3627,0.0,0,0.0,"{""budget"": 5000}"
device_0,0.0,1707,3.0,105.0,0.05,late,48,16,3,0.19896,0.001346027845602329,0,5000,1000,P2,0.043236949352463215,4323.694935246322,0.05,5000,732,110,3155,0.723,1385,3615,0.0,0,0.0,"{""budget"": 5000}"
device_0,0.0,1708,3.0,105.0,0.05,late,48,16,3,0.19922,-0.001372807149175493,0,5000,1000,P2,0.04329391084520841,4329.391084520841,0.05,5000,634,102,3263,0.74,1300,3700,0.0,0,0.0,"{""budget"": 5000}"
device_0,0.0,1709,3.0,105.0,0.05,late,48,16,3,0.20001,0.005034822885721277,0,5000,1000,P2,0.04330786309866971,4330.786309866971,0.05,5000,660,123,3216,0.7356,1322,3678,0.0,0,0.0,"{""budget"": 5000}"
device_0,0.0,1710,3.0,105.0,0.05,late,48,16,3,0.19848,0.0007247411049733544,0,5000,1000,P2,0.043185217560506944,4318.521756050694,0.05,5000,793,104,3099,0.7096,1452,3548,0.0,0,0.0,"{""budget"": 5000}"
device_0,0.375,1701,3.0,105.0,0.05,late,48,16,3,0.19773,0.37585282092426525,0,5000,1000,P2,0.04315515734910884,4315.515734910884,0.05,5000,763,266,2949,0.718,1410,3590,0.0,0,0.0,"{""budget"": 5000}"
device_0,0.375,1702,3.0,105.0,0.05,late,48,16,3,0.20083,0.3763938072575695,0,5000,1000,P2,0.04336351081269032,4336.351081269032,0.05,5000,658,256,3073,0.7352,1324,3676,0.0,0,0.0,"{""budget"": 5000}"
device_0,0.375,1703,3.0,105.0,0.05,late,48,16,3,0.19949,0.3708761472322628,0,5000,1000,P2,0.043360666548334995,4336.066654833499,0.05,5000,659,246,3073,0.7404,1298,3702,0.0,0,0.0,"{""budget"": 5000}"
device_0,0.375,1704,3.0,105.0,0.05,late,48,16,3,0.19956,0.37083454970073176,0,5000,1000,P2,0.04330393201967259,4330.393201967259,0.05,5000,686,250,3048,0.7382,1309,3691,0.0,0,0.0,"{""budget"": 5000}"
device_0,0.375,1705,3.0,105.0,0.05,late,48,16,3,0.1976,0.38054564128452917,0,5000,1000,P2,0.043205527677901354,4320.5527677901355,0.05,5000,682,270,3027,0.7226,1387,3613,0.0,0,0.0,"{""budget"": 5000}"
device_0,0.375,1706,3.0,105.0,0.05,late,48,16,3,0.19975,0.37847803043317246,0,5000,1000,P2,0.043329105165119265,4332.910516511926,0.05,5000,656,258,3063,0.7376,1312,3688,0.0,0,0.0,"{""budget"": 5000}"
device_0,0.375,1707,3.0,105.0,0.05,late,48,16,3,0.19756,0.3714936166119789,0,5000,1000,P2,0.04316441965129381,4316.441965129381,0.05,5000,698,278,2999,0.7264,1368,3632,0.0,0,0.0,"{""budget"": 5000}"
device_0,0.375,1708,3.0,105.0,0.05,late,48,16,3,0.19968,0.3728274067949136,0,5000,1000,P2,0.04326045181764868,4326.045181764868,0.05,5000,826,231,2916,0.6978,1511,3489,0.0,0,0.0,"{""budget"": 5000}"
device_0,0.375,1709,3.0,105.0,0.05,late,48,16,3,0.20214,0.3789219763360735,0,5000,1000,P2,0.04350919646867822,4350.919646867822,0.05,5000,618,256,3102,0.741,1295,3705,0.0,0,0.0,"{""budget"": 5000}"
device_0,0.375,1710,3.0,105.0,0.05,late,48,16,3,0.19842,0.37511826036297974,0,5000,1000,P2,0.04324209747068437,4324.209747068437,0.05,5000,605,261,3110,0.7396,1302,3698,0.0,0,0.0,"{""budget"": 5000}"
device_0,0.75,1701,3.0,105.0,0.05,late,48,16,3,0.20817,0.7556341521150168,0,5000,1000,P2,0.04382760359362783,4382.760359362783,0.05,5000,560,366,3014,0.7348,1326,3674,0.0,0,0.0,"{""budget"": 5000}"
device_0,0.75,1702,3.0,105.0,0.05,late,48,16,3,0.20244,0.7487885933421545,0,5000,1000,P2,0.04347750750253541,4347.750750253541,0.05,5000,548,433,2943,0.7634,1183,3817,0.0,0,0.0,"{""budget"": 5000}"
device_0,0.75,1703,3.0,105.0,0.05,late,48,16,3,0.20102,0.7470900970852136,0,5000,1000,P2,0.04339816156642488,4339.816156642488,0.05,5000,586,417,2947,0.7462,1269,3731,0.0,0,0.0,"{""budget"": 5000}"
device_0,0.75,1704,3.0,105.0,0.05,late,48,16,3,0.19715,0.7479806369104111,0,5000,1000,P2,0.0431328384015425,4313.28384015425,0.05,5000,720,355,2868,0.726,1370,3630,0.0,0,0.0,"{""budget"": 5000}"
device_0,0.75,1705,3.0,105.0,0.05,late,48,16,3,0.20494,0.7506431485678381,0,5000,1000,P2,0.043679381033107485,4367.938103310748,0.05,5000,521,436,2992,0.753,1235,3765,0.0,0,0.0,"{""budget"": 5000}"
device_0,0.75,1706,3.0,105.0,0.05,late,48,16,3,0.20282,0.7537784223147826,0,5000,1000,P2,0.043385037169375446,4338.503716937545,0.05,5000,726,373,2850,0.7306,1347,3653,0.0,0,0.0,"{""budget"": 5000}"
device_0,0.75,1707,3.0,105.0,0.05,late,48,16,3,0.20138,0.7431906944181493,0,5000,1000,P2,0.04350636501237157,4350.636501237157,0.05,5000,652,399,2897,0.7376,1312,3688,0.0,0,0.0,"{""budget"": 5000}"
device_0,0.75,1708,3.0,105.0,0.05,late,48,16,3,0.20034,0.7475350990705809,0,5000,1000,P2,0.04321704202878881,4321.704202878881,0.05,5000,718,383,2832,0.734,1330,3670,0.0,0,0.0,"{""budget"": 5000}"
device_0,0.75,1709,3.0,105.0,0.05,late,48,16,3,0.20613,0.7542776800152501,0,5000,1000,P2,0.0436964989886708,4369.64989886708,0.05,5000,581,405,2937,0.747,1265,3735,0.0,0,0.0,"{""budget"": 5000}"
device_0,0.75,1710,3.0,105.0,0.05,late,48,16,3,0.20286,0.74728584709585,0,5000,1000,P2,0.04348579207179164,4348.579207179164,0.05,5000,655,372,2914,0.7296,1352,3648,0.0,0,0.0,"{""budget"": 5000}"
device_0,0.875,1701,3.0,105.0,0.05,late,48,16,3,0.20249,0.8763990178082249,0,5000,1000,P2,0.043440059884792936,4344.005988479294,0.05,5000,671,424,2830,0.7368,1316,3684,0.0,0,0.0,"{""budget"": 5000}"
device_0,0.875,1702,3.0,105.0,0.05,late,48,16,3,0.19703,0.8759866636367837,0,5000,1000,P2,0.043090505354260934,4309.050535426093,0.05,5000,816,404,2720,0.699,1505,3495,0.0,0,0.0,"{""budget"": 5000}"
device_0,0.875,1703,3.0,105.0,0.05,late,48,16,3,0.20238,0.8773687974569232,0,5000,1000,P2,0.04346640706282427,4346.640706282427,0.05,5000,580,461,2886,0.738,1310,3690,0.0,0,0.0,"{""budget"": 5000}"
device_0,0.875,1704,3.0,105.0,0.05,late,48,16,3,0.19663,0.8771256568671042,0,5000,1000,P2,0.043122598560619445,4312.259856061944,0.05,5000,719,434,2779,0.715,1425,3575,0.0,0,0.0,"{""budget"": 5000}"
device_0,0.875,1705,3.0,105.0,0.05,late,48,16,3,0.20133,0.8756186617053834,0,5000,1000,P2,0.04339414123724258,4339.4141237242575,0.05,5000,669,405,2852,0.7046,1477,3523,0.0,0,0.0,"{""budget"": 5000}"
device_0,0.875,1706,3.0,105.0,0.05,late,48,16,3,0.19605,0.8731077294363513,0,5000,1000,P2,0.043092522184176384,4309.252218417639,0.05,5000,677,421,2831,0.7252,1374,3626,0.0,0,0.0,"{""budget"": 5000}"
device_0,0.875,1707,3.0,105.0,0.05,late,48,16,3,0.2,0.8774036452681541,0,5000,1000,P2,0.04331441753420459,4331.4417534204595,0.05,5000,692,451,2774,0.7272,1364,3636,0.0,0,0.0,"{""budget"": 5000}"
device_0,0.875,1708,3.0,105.0,0.05,late,48,16,3,0.20258,0.87442580026271,0,5000,1000,P2,0.04354259160643016,4354.259160643016,0.05,5000,540,479,2916,0.733,1335,3665,0.0,0,0.0,"{""budget"": 5000}"
device_0,0.875,1709,3.0,105.0,0.05,late,48,16,3,0.19831,0.8770598020870867,0,5000,1000,P2,0.043136194075942894,4313.619407594289,0.05,5000,800,378,2759,0.6926,1537,3463,0.0,0,0.0,"{""budget"": 5000}"
device_0,0.875,1710,3.0,105.0,0.05,late,48,16,3,0.19668,0.8724656025657239,0,5000,1000,P2,0.04314129426354245,4314.129426354245,0.05,5000,712,426,2781,0.7142,1429,3571,0.0,0,0.0,"{""budget"": 5000}"
device_0,0.9375,1701,3.0,105.0,0.05,late,48,16,3,0.20509,0.9402237906216514,0,5000,1000,P2,0.04365298691012031,4365.298691012031,0.05,5000,700,404,2827,0.767,1165,3835,0.0,0,0.0,"{""budget"": 5000}"
device_0,0.9375,1702,3.0,105.0,0.05,late,48,16,3,0.19366,0.9366016280001491,0,5000,1000,P2,0.04300678272404075,4300.678272404075,0.05,5000,796,440,2670,0.7054,1473,3527,0.0,0,0.0,"{""budget"": 5000}"
device_0,0.9375,1703,3.0,105.0,0.05,late,48,16,3,0.19489,0.9369055048961522,0,5000,1000,P2,0.04302380112992813,4302.380112992813,0.05,5000,823,423,2684,0.709,1455,3545,0.0,0,0.0,"{""budget"": 5000}"
device_0,0.9375,1704,3.0,105.0,0.05,late,48,16,3,0.19999,0.9358099323716185,0,5000,1000,P2,0.043275209712982925,4327.520971298292,0.05,5000,636,492,2786,0.7334,1333,3667,0.0,0,0.0,"{""budget"": 5000}"
device_0,0.9375,1705,3.0,105.0,0.05,late,48,16,3,0.19063,0.9374553760710133,0,5000,1000,P2,0.042770289818975224,4277.0289818975225,0.05,5000,795,424,2702,0.7136,1432,3568,0.0,0,0.0,"{""budget"": 5000}"
device_0,0.9375,1706,3.0,105.0,0.05,late,48,16,3,0.20144,0.9386428776611538,0,5000,1000,P2,0.04337226795429423,4337.226795429423,0.05,5000,705,434,2770,0.7266,1367,3633,0.0,0,0.0,"{""budget"": 5000}"
device_0,0.9375,1707,3.0,105.0,0.05,late,48,16,3,0.20073,0.9386652506542138,0,5000,1000,P2,0.043343174760039765,4334.3174760039765,0.05,5000,654,481,2784,0.7274,1363,3637,0.0,0,0.0,"{""budget"": 5000}"
device_0,0.9375,1708,3.0,105.0,0.05,late,48,16,3,0.19042,0.9350336658268497,0,5000,1000,P2,0.042733840389982916,4273.3840389982915,0.05,5000,865,411,2650,0.7144,1428,3572,0.0,0,0.0,"{""budget"": 5000}"
device_0,0.9375,1709,3.0,105.0,0.05,late,48,16,3,0.20214,0.9387695757970393,0,5000,1000,P2,0.04343400342327107,4343.400342327107,0.05,5000,619,456,2819,0.7354,1323,3677,0.0,0,0.0,"{""budget"": 5000}"
device_0,0.9375,1710,3.0,105.0,0.05,late,48,16,3,0.20082,0.9338903427364145,0,5000,1000,P2,0.04331730878812735,4331.730878812735,0.05,5000,737,439,2725,0.7122,1439,3561,0.0,0,0.0,"{""budget"": 5000}"
device_0,0.975,1701,3.0,105.0,0.05,late,48,16,3,0.20012,0.9750727182312047,0,5000,1000,P2,0.04332682415306614,4332.6824153066145,0.05,5000,703,441,2766,0.6816,1592,3408,0.0,0,0.0,"{""budget"": 5000}"
device_0,0.975,1702,3.0,105.0,0.05,late,48,16,3,0.19762,0.9739220248349032,0,5000,1000,P2,0.043204439753471116,4320.4439753471115,0.05,5000,706,470,2750,0.7678,1161,3839,0.0,0,0.0,"{""budget"": 5000}"
device_0,0.975,1703,3.0,105.0,0.05,late,48,16,3,0.1984,0.975854682367182,0,5000,1000,P2,0.043205081018670335,4320.5081018670335,0.05,5000,754,456,2709,0.7098,1451,3549,0.0,0,0.0,"{""budget"": 5000}"
device_0,0.975,1704,3.0,105.0,0.05,late,48,16,3,0.19634,0.9733501805342133,0,5000,1000,P2,0.04309565745484444,4309.565745484444,0.05,5000,724,460,2723,0.73,1350,3650,0.0,0,0.0,"{""budget"": 5000}"
device_0,0.975,1705,3.0,105.0,0.05,late,48,16,3,0.19493,0.9747974986214312,0,5000,1000,P2,0.04297358462154125,4297.358462154125,0.05,5000,785,464,2674,0.7226,1387,3613,0.0,0,0.0,"{""budget"": 5000}"
device_0,0.975,1706,3.0,105.0,0.05,late,48,16,3,0.203,0.9742259419786155,0,5000,1000,P2,0.043445730880684756,4344.573088068476,0.05,5000,692,450,2771,0.7374,1313,3687,0.0,0,0.0,"{""budget"": 5000}"
device_0,0.975,1707,3.0,105.0,0.05,late,48,16,3,0.20266,0.9738223967562294,0,5000,1000,P2,0.04347146650428598,4347.146650428598,0.05,5000,753,453,2726,0.7526,1237,3763,0.0,0,0.0,"{""budget"": 5000}"
device_0,0.975,1708,3.0,105.0,0.05,late,48,16,3,0.19043,0.9746047948044175,0,5000,1000,P2,0.042709829164811065,4270.982916481106,0.05,5000,898,394,2616,0.7118,1441,3559,0.0,0,0.0,"{""budget"": 5000}"
device_0,0.975,1709,3.0,105.0,0.05,late,48,16,3,0.19294,0.9749540477640206,0,5000,1000,P2,0.042841778797708285,4284.177879770828,0.05,5000,861,422,2628,0.6546,1727,3273,0.0,0,0.0,"{""budget"": 5000}"
device_0,0.975,1710,3.0,105.0,0.05,late,48,16,3,0.19779,0.9774683509778551,0,5000,1000,P2,0.04316096097156833,4316.096097156833,0.05,5000,795,447,2682,0.765,1175,3825,0.0,0,0.0,"{""budget"": 5000}"
device_0,0.0,1701,3.0,105.0,0.1,drop,48,16,3,0.19936,-0.002661444942765865,0,10000,1000,P2,0.032155114063558414,3215.5114063558412,0.1,10000,5,858,8951,1.0,0,10000,0.0,0,0.0,"{""budget"": 10000}"
device_0,0.0,1702,3.0,105.0,0.1,drop,48,16,3,0.20106,0.005830007599770396,0,10000,1000,P2,0.032260250494905655,3226.025049490566,0.1,10000,4,956,8835,1.0,0,10000,0.0,0,0.0,"{""budget"": 10000}"
device_0,0.0,1703,3.0,105.0,0.1,drop,48,16,3,0.19952,0.005656351965683195,0,10000,1000,P2,0.032217486584560466,3221.7486584560465,0.1,10000,5,955,8841,1.0,0,10000,0.0,0,0.0,"{""budget"": 10000}"
device_0,0.0,1704,3.0,105.0,0.1,drop,48,16,3,0.20257,0.002457782015709934,0,10000,1000,P2,0.03235404038067657,3235.404038067657,0.1,10000,4,933,8884,1.0,0,10000,0.0,0,0.0,"{""budget"": 10000}"
device_0,0.0,1705,3.0,105.0,0.1,drop,48,16,3,0.20104,-0.004155617772998724,0,10000,1000,P2,0.03223762126965679,3223.7621269656793,0.1,10000,4,909,8909,1.0,0,10000,0.0,0,0.0,"{""budget"": 10000}"
device_0,0.0,1706,3.0,105.0,0.1,drop,48,16,3,0.20062,-0.0045443747273977144,0,10000,1000,P2,0.032230760777968256,3223.0760777968253,0.1,10000,4,867,8943,1.0,0,10000,0.0,0,0.0,"{""budget"": 10000}"
device_0,0.0,1707,3.0,105.0,0.1,drop,48,16,3,0.19896,0.001346027845602329,0,10000,1000,P2,0.032157199348488166,3215.7199348488166,0.1,10000,5,859,8938,1.0,0,10000,0.0,0,0.0,"{""budget"": 10000}"
device_0,0.0,1708,3.0,105.0,0.1,drop,48,16,3,0.19922,-0.001372807149175493,0,10000,1000,P2,0.0321798589961953,3217.98589961953,0.1,10000,5,882,8910,1.0,0,10000,0.0,0,0.0,"{""budget"": 10000}"
device_0,0.0,1709,3.0,105.0,0.1,drop,48,16,3,0.20001,0.005034822885721277,0,10000,1000,P2,0.03219677209709484,3219.6772097094836,0.1,10000,5,893,8894,1.0,0,10000,0.0,0,0.0,"{""budget"": 10000}"
device_0,0.0,1710,3.0,105.0,0.1,drop,48,16,3,0.19848,0.0007247411049733544,0,10000,1000,P2,0.03211269641142285,3211.269641142285,0.1,10000,4,914,8909,1.0,0,10000,0.0,0,0.0,"{""budget"": 10000}"
device_0,0.375,1701,3.0,105.0,0.1,drop,48,16,3,0.19773,0.37585282092426525,0,10000,1000,P2,0.03209930822941363,3209.9308229413627,0.1,10000,7,1909,7351,1.0,0,10000,0.0,0,0.0,"{""budget"": 10000}"
device_0,0.375,1702,3.0,105.0,0.1,drop,48,16,3,0.20083,0.3763938072575695,0,10000,1000,P2,0.032248808603528675,3224.880860352868,0.1,10000,8,1845,7432,1.0,0,10000,0.0,0,0.0,"{""budget"": 10000}"
device_0,0.375,1703,3.0,105.0,0.1,drop,48,16,3,0.19949,0.3708761472322628,0,10000,1000,P2,0.032232398348528056,3223.239834852806,0.1,10000,7,1796,7453,1.0,0,10000,0.0,0,0.0,"{""budget"": 10000}"
device_0,0.375,1704,3.0,105.0,0.1,drop,48,16,3,0.19956,0.37083454970073176,0,10000,1000,P2,0.03219914856386928,3219.9148563869285,0.1,10000,6,1878,7372,1.0,0,10000,0.0,0,0.0,"{""budget"": 10000}"
device_0,0.375,1705,3.0,105.0,0.1,drop,48,16,3,0.1976,0.38054564128452917,0,10000,1000,P2,0.03210185003291254,3210.1850032912544,0.1,10000,7,1928,7378,1.0,0,10000,0.0,0,0.0,"{""budget"": 10000}"
device_0,0.375,1706,3.0,105.0,0.1,drop,48,16,3,0.19975,0.37847803043317246,0,10000,1000,P2,0.0322097973614817,3220.9797361481696,0.1,10000,7,1830,7501,1.0,0,10000,0.0,0,0.0,"{""budget"": 10000}"
device_0,0.375,1707,3.0,105.0,0.1,drop,48,16,3,0.19756,0.3714936166119789,0,10000,1000,P2,0.03209236560057649,3209.236560057649,0.1,10000,7,1854,7474,1.0,0,10000,0.0,0,0.0,"{""budget"": 10000}"
device_0,0.375,1708,3.0,105.0,0.1,drop,48,16,3,0.19968,0.3728274067949136,0,10000,1000,P2,0.03220845139542208,3220.8451395422085,0.1,10000,7,1855,7462,1.0,0,10000,0.0,0,0.0,"{""budget"": 10000}"
device_0,0.375,1709,3.0,105.0,0.1,drop,48,16,3,0.20214,0.3789219763360735,0,10000,1000,P2,0.03233396845023134,3233.3968450231346,0.1,10000,8,1852,7378,1.0,0,10000,0.0,0,0.0,"{""budget"": 10000}"
device_0,0.375,1710,3.0,105.0,0.1,drop,48,16,3,0.19842,0.37511826036297974,0,10000,1000,P2,0.03211696388468712,3211.696388468712,0.1,10000,7,1851,7418,1.0,0,10000,0.0,0,0.0,"{""budget"": 10000}"
device_0,0.75,1701,3.0,105.0,0.1,drop,48,16,3,0.20817,0.7556341521150168,0,10000,1000,P2,0.03264942861100426,3264.942861100426,0.1,10000,9,2353,6121,1.0,0,10000,0.0,0,0.0,"{""budget"": 10000}"
device_0,0.75,1702,3.0,105.0,0.1,drop,48,16,3,0.20244,0.7487885933421545,0,10000,1000,P2,0.032306696005495426,3230.6696005495423,0.1,10000,10,2361,6003,1.0,0,10000,0.0,0,0.0,"{""budget"": 10000}"
device_0,0.75,1703,3.0,105.0,0.1,drop,48,16,3,0.20102,0.7470900970852136,0,10000,1000,P2,0.03225301653883639,3225.3016538836387,0.1,10000,10,2354,5966,1.0,0,10000,0.0,0,0.0,"{""budget"": 10000}"
device_0,0.75,1704,3.0,105.0,0.1,drop,48,16,3,0.19715,0.7479806369104111,0,10000,1000,P2,0.032054234662440416,3205.4234662440413,0.1,10000,12,2347,5956,1.0,0,10000,0.0,0,0.0,"{""budget"": 10000}"
device_0,0.75,1705,3.0,105.0,0.1,drop,48,16,3,0.20494,0.7506431485678381,0,10000,1000,P2,0.032485268113721606,3248.526811372161,0.1,10000,11,2399,6034,1.0,0,10000,0.0,0,0.0,"{""budget"": 10000}"
device_0,0.75,1706,3.0,105.0,0.1,drop,48,16,3,0.20282,0.7537784223147826,0,10000,1000,P2,0.03230889740013114,3230.889740013114,0.1,10000,13,2344,5960,1.0,0,10000,0.0,0,0.0,"{""budget"": 10000}"
device_0,0.75,1707,3.0,105.0,0.1,drop,48,16,3,0.20138,0.7431906944181493,0,10000,1000,P2,0.032354005932708284,3235.4005932708283,0.1,10000,10,2356,5997,1.0,0,10000,0.0,0,0.0,"{""budget"": 10000}"
device_0,0.75,1708,3.0,105.0,0.1,drop,48,16,3,0.20034,0.7475350990705809,0,10000,1000,P2,0.0321428051106535,3214.28051106535,0.1,10000,9,2376,5969,1.0,0,10000,0.0,0,0.0,"{""budget"": 10000}"
device_0,0.75,1709,3.0,105.0,0.1,drop,48,16,3,0.20613,0.7542776800152501,0,10000,1000,P2,0.03254272820990343,3254.2728209903426,0.1,10000,10,2365,6055,1.0,0,10000,0.0,0,0.0,"{""budget"": 10000}"
device_0,0.75,1710,3.0,105.0,0.1,drop,48,16,3,0.20286,0.74728584709585,0,10000,1000,P2,0.03234328970240048,3234.3289702400484,0.1,10000,10,2312,6088,1.0,0,10000,0.0,0,0.0,"{""budget"": 10000}"
device_0,0.875,1701,3.0,105.0,0.1,drop,48,16,3,0.20249,0.8763990178082249,0,10000,1000,P2,0.0323030747163041,3230.30747163041,0.1,10000,11,2436,5568,1.0,0,10000,0.0,0,0.0,"{""budget"": 10000}"
device_0,0.875,1702,3.0,105.0,0.1,drop,48,16,3,0.19703,0.8759866636367837,0,10000,1000,P2,0.03204075001265192,3204.0750012651924,0.1,10000,14,2407,5387,1.0,0,10000,0.0,0,0.0,"{""budget"": 10000}"
device_0,0.875,1703,3.0,105.0,0.1,drop,48,16,3,0.20238,0.8773687974569232,0,10000,1000,P2,0.03231507798610651,3231.5077986106508,0.1,10000,13,2447,5472,1.0,0,10000,0.0,0,0.0,"{""budget"": 10000}"
device_0,0.875,1704,3.0,105.0,0.1,drop,48,16,3,0.19663,0.8771256568671042,0,10000,1000,P2,0.03205894906705825,3205.894906705825,0.1,10000,14,2507,5351,1.0,0,10000,0.0,0,0.0,"{""budget"": 10000}"
device_0,0.875,1705,3.0,105.0,0.1,drop,48,16,3,0.20133,0.8756186617053834,0,10000,1000,P2,0.03228758196172923,3228.758196172923,0.1,10000,11,2475,5518,1.0,0,10000,0.0,0,0.0,"{""budget"": 10000}"
device_0,0.875,1706,3.0,105.0,0.1,drop,48,16,3,0.19605,0.8731077294363513,0,10000,1000,P2,0.03197932108050538,3197.932108050538,0.1,10000,15,2493,5303,1.0,0,10000,0.0,0,0.0,"{""budget"": 10000}"
device_0,0.875,1707,3.0,105.0,0.1,drop,48,16,3,0.2,0.8774036452681541,0,10000,1000,P2,0.03220442471436217,3220.442471436217,0.1,10000,11,2457,5374,1.0,0,10000,0.0,0,0.0,"{""budget"": 10000}"
device_0,0.875,1708,3.0,105.0,0.1,drop,48,16,3,0.20258,0.87442580026271,0,10000,1000,P2,0.03236101418344439,3236.1014183444395,0.1,10000,11,2490,5473,1.0,0,10000,0.0,0,0.0,"{""budget"": 10000}"
device_0,0.875,1709,3.0,105.0,0.1,drop,48,16,3,0.19831,0.8770598020870867,0,10000,1000,P2,0.0320884936959435,3208.84936959435,0.1,10000,11,2471,5376,1.0,0,10000,0.0,0,0.0,"{""budget"": 10000}"
device_0,0.875,1710,3.0,105.0,0.1,drop,48,16,3,0.19668,0.8724656025657239,0,10000,1000,P2,0.03205201493270632,3205.2014932706315,0.1,10000,12,2466,5400,1.0,0,10000,0.0,0,0.0,"{""budget"": 10000}"
device_0,0.9375,1701,3.0,105.0,0.1,drop,48,16,3,0.20509,0.9402237906216514,0,10000,1000,P2,0.03251227230075845,3251.227230075845,0.1,10000,13,2455,5300,1.0,0,10000,0.0,0,0.0,"{""budget"": 10000}"
device_0,0.9375,1702,3.0,105.0,0.1,drop,48,16,3,0.19366,0.9366016280001491,0,10000,1000,P2,0.03192939111747143,3192.939111747143,0.1,10000,14,2492,5058,1.0,0,10000,0.0,0,0.0,"{""budget"": 10000}"
device_0,0.9375,1703,3.0,105.0,0.1,drop,48,16,3,0.19489,0.9369055048961522,0,10000,1000,P2,0.031967416805710316,3196.741680571032,0.1,10000,15,2501,5052,1.0,0,10000,0.0,0,0.0,"{""budget"": 10000}"
device_0,0.9375,1704,3.0,105.0,0.1,drop,48,16,3,0.19999,0.9358099323716185,0,10000,1000,P2,0.0321690962344641,3216.9096234464105,0.1,10000,11,2482,5208,1.0,0,10000,0.0,0,0.0,"{""budget"": 10000}"
device_0,0.9375,1705,3.0,105.0,0.1,drop,48,16,3,0.19063,0.9374553760710133,0,10000,1000,P2,0.03173410864339099,3173.410864339099,0.1,10000,14,2434,4945,1.0,0,10000,0.0,0,0.0,"{""budget"": 10000}"
device_0,0.9375,1706,3.0,105.0,0.1,drop,48,16,3,0.20144,0.9386428776611538,0,10000,1000,P2,0.03226998993180976,3226.998993180976,0.1,10000,10,2465,5226,1.0,0,10000,0.0,0,0.0,"{""budget"": 10000}"
device_0,0.9375,1707,3.0,105.0,0.1,drop,48,16,3,0.20073,0.9386652506542138,0,10000,1000,P2,0.032222309459918705,3222.2309459918706,0.1,10000,17,2475,5120,1.0,0,10000,0.0,0,0.0,"{""budget"": 10000}"
device_0,0.9375,1708,3.0,105.0,0.1,drop,48,16,3,0.19042,0.9350336658268497,0,10000,1000,P2,0.03172635437062822,3172.6354370628223,0.1,10000,15,2426,4947,1.0,0,10000,0.0,0,0.0,"{""budget"": 10000}"
device_0,0.9375,1709,3.0,105.0,0.1,drop,48,16,3,0.20214,0.9387695757970393,0,10000,1000,P2,0.032307816514383296,3230.78165143833,0.1,10000,12,2443,5241,1.0,0,10000,0.0,0,0.0,"{""budget"": 10000}"
device_0,0.9375,1710,3.0,105.0,0.1,drop,48,16,3,0.20082,0.9338903427364145,0,10000,1000,P2,0.03223173692081733,3223.173692081733,0.1,10000,13,2452,5247,1.0,0,10000,0.0,0,0.0,"{""budget"": 10000}"
device_0,0.975,1701,3.0,105.0,0.1,drop,48,16,3,0.20012,0.9750727182312047,0,10000,1000,P2,0.03224516593240752,3224.5165932407517,0.1,10000,12,2458,5097,1.0,0,10000,0.0,0,0.0,"{""budget"": 10000}"
device_0,0.975,1702,3.0,105.0,0.1,drop,48,16,3,0.19762,0.9739220248349032,0,10000,1000,P2,0.03210790379167581,3210.790379167581,0.1,10000,13,2477,4967,1.0,0,10000,0.0,0,0.0,"{""budget"": 10000}"
device_0,0.975,1703,3.0,105.0,0.1,drop,48,16,3,0.1984,0.975854682367182,0,10000,1000,P2,0.0321348892326661,3213.48892326661,0.1,10000,13,2464,4988,1.0,0,10000,0.0,0,0.0,"{""budget"": 10000}"
device_0,0.975,1704,3.0,105.0,0.1,drop,48,16,3,0.19634,0.9733501805342133,0,10000,1000,P2,0.03202002267117358,3202.0022671173574,0.1,10000,15,2450,4972,1.0,0,10000,0.0,0,0.0,"{""budget"": 10000}"
device_0,0.975,1705,3.0,105.0,0.1,drop,48,16,3,0.19493,0.9747974986214312,0,10000,1000,P2,0.031923890023670555,3192.3890023670556,0.1,10000,12,2539,4953,1.0,0,10000,0.0,0,0.0,"{""budget"": 10000}"
device_0,0.975,1706,3.0,105.0,0.1,drop,48,16,3,0.203,0.9742259419786155,0,10000,1000,P2,0.032321247963115245,3232.1247963115247,0.1,10000,12,2457,5158,1.0,0,10000,0.0,0,0.0,"{""budget"": 10000}"
device_0,0.975,1707,3.0,105.0,0.1,drop,48,16,3,0.20266,0.9738223967562294,0,10000,1000,P2,0.032362502211875296,3236.2502211875294,0.1,10000,12,2450,5072,1.0,0,10000,0.0,0,0.0,"{""budget"": 10000}"
device_0,0.975,1708,3.0,105.0,0.1,drop,48,16,3,0.19043,0.9746047948044175,0,10000,1000,P2,0.031706550666267104,3170.6550666267103,0.1,10000,18,2504,4803,1.0,0,10000,0.0,0,0.0,"{""budget"": 10000}"
device_0,0.975,1709,3.0,105.0,0.1,drop,48,16,3,0.19294,0.9749540477640206,0,10000,1000,P2,0.03184742248025274,3184.742248025274,0.1,10000,13,2520,4847,1.0,0,10000,0.0,0,0.0,"{""budget"": 10000}"
device_0,0.975,1710,3.0,105.0,0.1,drop,48,16,3,0.19779,0.9774683509778551,0,10000,1000,P2,0.03207721769682866,3207.721769682866,0.1,10000,13,2466,4890,1.0,0,10000,0.0,0,0.0,"{""budget"": 10000}"
device_0,0.0,1701,3.0,105.0,0.1,late,48,16,3,0.19936,-0.002661444942765865,0,10000,1000,P2,0.043257345006834765,4325.734500683477,0.1,10000,5882,116,2995,0.4516,5484,4516,0.0,0,0.0,"{""budget"": 10000}"
device_0,0.0,1702,3.0,105.0,0.1,late,48,16,3,0.20106,0.005830007599770396,0,10000,1000,P2,0.04336980693556592,4336.980693556592,0.1,10000,5822,110,3064,0.4554,5446,4554,0.0,0,0.0,"{""budget"": 10000}"
device_0,0.0,1703,3.0,105.0,0.1,late,48,16,3,0.19952,0.005656351965683195,0,10000,1000,P2,0.04334046551501911,4334.046551501911,0.1,10000,5810,105,3084,0.4531,5469,4531,0.0,0,0.0,"{""budget"": 10000}"
device_0,0.0,1704,3.0,105.0,0.1,late,48,16,3,0.20257,0.002457782015709934,0,10000,1000,P2,0.04345842569888844,4345.842569888844,0.1,10000,5930,106,2963,0.4477,5523,4477,0.0,0,0.0,"{""budget"": 10000}"
device_0,0.0,1705,3.0,105.0,0.1,late,48,16,3,0.20104,-0.004155617772998724,0,10000,1000,P2,0.0433507617003824,4335.07617003824,0.1,10000,5883,100,3015,0.451,5490,4510,0.0,0,0.0,"{""budget"": 10000}"
device_0,0.0,1706,3.0,105.0,0.1,late,48,16,3,0.20062,-0.0045443747273977144,0,10000,1000,P2,0.04335332813841918,4335.332813841918,0.1,10000,5885,108,3008,0.4508,5492,4508,0.0,0,0.0,"{""budget"": 10000}"
device_0,0.0,1707,3.0,105.0,0.1,late,48,16,3,0.19896,0.001346027845602329,0,10000,1000,P2,0.043236949352463215,4323.694935246322,0.1,10000,5924,106,2967,0.4465,5535,4465,0.0,0,0.0,"{""budget"": 10000}"
device_0,0.0,1708,3.0,105.0,0.1,late,48,16,3,0.19922,-0.001372807149175493,0,10000,1000,P2,0.04329391084520841,4329.391084520841,0.1,10000,5805,100,3094,0.4551,5449,4551,0.0,0,0.0,"{""budget"": 10000}"
device_0,0.0,1709,3.0,105.0,0.1,late,48,16,3,0.20001,0.005034822885721277,0,10000,1000,P2,0.04330786309866971,4330.786309866971,0.1,10000,5832,115,3053,0.4562,5438,4562,0.0,0,0.0,"{""budget"": 10000}"
device_0,0.0,1710,3.0,105.0,0.1,late,48,16,3,0.19848,0.0007247411049733544,0,10000,1000,P2,0.043185217560506944,4318.521756050694,0.1,10000,5977,98,2921,0.4383,5617,4383,0.0,0,0.0,"{""budget"": 10000}"
device_0,0.375,1701,3.0,105.0,0.1,late,48,16,3,0.19773,0.37585282092426525,0,10000,1000,P2,0.04315515734910884,4315.515734910884,0.1,10000,5919,254,2808,0.4406,5594,4406,0.0,0,0.0,"{""budget"": 10000}"
device_0,0.375,1702,3.0,105.0,0.1,late,48,16,3,0.20083,0.3763938072575695,0,10000,1000,P2,0.04336351081269032,4336.351081269032,0.1,10000,5817,245,2925,0.4475,5525,4475,0.0,0,0.0,"{""budget"": 10000}"
device_0,0.375,1703,3.0,105.0,0.1,late,48,16,3,0.19949,0.3708761472322628,0,10000,1000,P2,0.043360666548334995,4336.066654833499,0.1,10000,5841,229,2913,0.4574,5426,4574,0.0,0,0.0,"{""budget"": 10000}"
device_0,0.375,1704,3.0,105.0,0.1,late,48,16,3,0.19956,0.37083454970073176,0,10000,1000,P2,0.04330393201967259,4330.393201967259,0.1,10000,5835,240,2910,0.4523,5477,4523,0.0,0,0.0,"{""budget"": 10000}"
device_0,0.375,1705,3.0,105.0,0.1,late,48,16,3,0.1976,0.38054564128452917,0,10000,1000,P2,0.043205527677901354,4320.5527677901355,0.1,10000,5873,259,2847,0.4461,5539,4461,0.0,0,0.0,"{""budget"": 10000}"
device_0,0.375,1706,3.0,105.0,0.1,late,48,16,3,0.19975,0.37847803043317246,0,10000,1000,P2,0.043329105165119265,4332.910516511926,0.1,10000,5830,244,2904,0.4488,5512,4488,0.0,0,0.0,"{""budget"": 10000}"
device_0,0.375,1707,3.0,105.0,0.1,late,48,16,3,0.19756,0.3714936166119789,0,10000,1000,P2,0.04316441965129381,4316.441965129381,0.1,10000,5865,262,2848,0.4415,5585,4415,0.0,0,0.0,"{""budget"": 10000}"
device_0,0.375,1708,3.0,105.0,0.1,late,48,16,3,0.19968,0.3728274067949136,0,10000,1000,P2,0.04326045181764868,4326.045181764868,0.1,10000,6002,218,2754,0.4338,5662,4338,0.0,0,0.0,"{""budget"": 10000}"
device_0,0.375,1709,3.0,105.0,0.1,late,48,16,3,0.20214,0.3789219763360735,0,10000,1000,P2,0.04350919646867822,4350.919646867822,0.1,10000,5811,242,2924,0.4523,5477,4523,0.0,0,0.0,"{""budget"": 10000}"
device_0,0.375,1710,3.0,105.0,0.1,late,48,16,3,0.19842,0.37511826036297974,0,10000,1000,P2,0.04324209747068437,4324.209747068437,0.1,10000,5760,253,2964,0.4529,5471,4529,0.0,0,0.0,"{""budget"": 10000}"
device_0,0.75,1701,3.0,105.0,0.1,late,48,16,3,0.20817,0.7556341521150168,0,10000,1000,P2,0.04382760359362783,4382.760359362783,0.1,10000,5762,346,2836,0.4553,5447,4553,0.0,0,0.0,"{""budget"": 10000}"
device_0,0.75,1702,3.0,105.0,0.1,late,48,16,3,0.20244,0.7487885933421545,0,10000,1000,P2,0.04347750750253541,4347.750750253541,0.1,10000,5732,410,2786,0.4685,5315,4685,0.0,0,0.0,"{""budget"": 10000}"
device_0,0.75,1703,3.0,105.0,0.1,late,48,16,3,0.20102,0.7470900970852136,0,10000,1000,P2,0.04339816156642488,4339.816156642488,0.1,10000,5749,399,2803,0.4594,5406,4594,0.0,0,0.0,"{""budget"": 10000}"
device_0,0.75,1704,3.0,105.0,0.1,late,48,16,3,0.19715,0.7479806369104111,0,10000,1000,P2,0.0431328384015425,4313.28384015425,0.1,10000,5918,328,2702,0.4548,5452,4548,0.0,0,0.0,"{""budget"": 10000}"
device_0,0.75,1705,3.0,105.0,0.1,late,48,16,3,0.20494,0.7506431485678381,0,10000,1000,P2,0.043679381033107485,4367.938103310748,0.1,10000,5707,412,2836,0.4729,5271,4729,0.0,0,0.0,"{""budget"": 10000}"
device_0,0.75,1706,3.0,105.0,0.1,late,48,16,3,0.20282,0.7537784223147826,0,10000,1000,P2,0.043385037169375446,4338.503716937545,0.1,10000,5933,343,2678,0.4651,5349,4651,0.0,0,0.0,"{""budget"": 10000}"
device_0,0.75,1707,3.0,105.0,0.1,late,48,16,3,0.20138,0.7431906944181493,0,10000,1000,P2,0.04350636501237157,4350.636501237157,0.1,10000,5795,388,2769,0.4479,5521,4479,0.0,0,0.0,"{""budget"": 10000}"
device_0,0.75,1708,3.0,105.0,0.1,late,48,16,3,0.20034,0.7475350990705809,0,10000,1000,P2,0.04321704202878881,4321.704202878881,0.1,10000,5881,364,2690,0.4506,5494,4506,0.0,0,0.0,"{""budget"": 10000}"
device_0,0.75,1709,3.0,105.0,0.1,late,48,16,3,0.20613,0.7542776800152501,0,10000,1000,P2,0.0436964989886708,4369.64989886708,0.1,10000,5739,389,2797,0.4603,5397,4603,0.0,0,0.0,"{""budget"": 10000}"
device_0,0.75,1710,3.0,105.0,0.1,late,48,16,3,0.20286,0.74728584709585,0,10000,1000,P2,0.04348579207179164,4348.579207179164,0.1,10000,5828,359,2756,0.4566,5434,4566,0.0,0,0.0,"{""budget"": 10000}"
device_0,0.875,1701,3.0,105.0,0.1,late,48,16,3,0.20249,0.8763990178082249,0,10000,1000,P2,0.043440059884792936,4344.005988479294,0.1,10000,5862,391,2676,0.4525,5475,4525,0.0,0,0.0,"{""budget"": 10000}"
device_0,0.875,1702,3.0,105.0,0.1,late,48,16,3,0.19703,0.8759866636367837,0,10000,1000,P2,0.043090505354260934,4309.050535426093,0.1,10000,5984,383,2577,0.4345,5655,4345,0.0,0,0.0,"{""budget"": 10000}"
device_0,0.875,1703,3.0,105.0,0.1,late,48,16,3,0.20238,0.8773687974569232,0,10000,1000,P2,0.04346640706282427,4346.640706282427,0.1,10000,5824,426,2684,0.4734,5266,4734,0.0,0,0.0,"{""budget"": 10000}"
device_0,0.875,1704,3.0,105.0,0.1,late,48,16,3,0.19663,0.8771256568671042,0,10000,1000,P2,0.043122598560619445,4312.259856061944,0.1,10000,5918,407,2610,0.4517,5483,4517,0.0,0,0.0,"{""budget"": 10000}"
device_0,0.875,1705,3.0,105.0,0.1,late,48,16,3,0.20133,0.8756186617053834,0,10000,1000,P2,0.04339414123724258,4339.4141237242575,0.1,10000,5871,376,2683,0.451,5490,4510,0.0,0,0.0,"{""budget"": 10000}"
device_0,0.875,1706,3.0,105.0,0.1,late,48,16,3,0.19605,0.8731077294363513,0,10000,1000,P2,0.043092522184176384,4309.252218417639,0.1,10000,5830,406,2697,0.4535,5465,4535,0.0,0,0.0,"{""budget"": 10000}"
device_0,0.875,1707,3.0,105.0,0.1,late,48,16,3,0.2,0.8774036452681541,0,10000,1000,P2,0.04331441753420459,4331.4417534204595,0.1,10000,5883,428,2612,0.4634,5366,4634,0.0,0,0.0,"{""budget"": 10000}"
device_0,0.875,1708,3.0,105.0,0.1,late,48,16,3,0.20258,0.87442580026271,0,10000,1000,P2,0.04354259160643016,4354.259160643016,0.1,10000,5695,463,2779,0.4456,5544,4456,0.0,0,0.0,"{""budget"": 10000}"
device_0,0.875,1709,3.0,105.0,0.1,late,48,16,3,0.19831,0.8770598020870867,0,10000,1000,P2,0.043136194075942894,4313.619407594289,0.1,10000,5986,356,2597,0.4346,5654,4346,0.0,0,0.0,"{""budget"": 10000}"
device_0,0.875,1710,3.0,105.0,0.1,late,48,16,3,0.19668,0.8724656025657239,0,10000,1000,P2,0.04314129426354245,4314.129426354245,0.1,10000,5892,399,2631,0.4446,5554,4446,0.0,0,0.0,"{""budget"": 10000}"
device_0,0.9375,1701,3.0,105.0,0.1,late,48,16,3,0.20509,0.9402237906216514,0,10000,1000,P2,0.04365298691012031,4365.298691012031,0.1,10000,5886,384,2665,0.4873,5127,4873,0.0,0,0.0,"{""budget"": 10000}"
device_0,0.9375,1702,3.0,105.0,0.1,late,48,16,3,0.19366,0.9366016280001491,0,10000,1000,P2,0.04300678272404075,4300.678272404075,0.1,10000,5967,418,2526,0.4338,5662,4338,0.0,0,0.0,"{""budget"": 10000}"
device_0,0.9375,1703,3.0,105.0,0.1,late,48,16,3,0.19489,0.9369055048961522,0,10000,1000,P2,0.04302380112992813,4302.380112992813,0.1,10000,5987,400,2547,0.4488,5512,4488,0.0,0,0.0,"{""budget"": 10000}"
device_0,0.9375,1704,3.0,105.0,0.1,late,48,16,3,0.19999,0.9358099323716185,0,10000,1000,P2,0.043275209712982925,4327.520971298292,0.1,10000,5811,463,2644,0.4482,5518,4482,0.0,0,0.0,"{""budget"": 10000}"
device_0,0.9375,1705,3.0,105.0,0.1,late,48,16,3,0.19063,0.9374553760710133,0,10000,1000,P2,0.042770289818975224,4277.0289818975225,0.1,10000,5974,405,2549,0.4529,5471,4529,0.0,0,0.0,"{""budget"": 10000}"
device_0,0.9375,1706,3.0,105.0,0.1,late,48,16,3,0.20144,0.9386428776611538,0,10000,1000,P2,0.04337226795429423,4337.226795429423,0.1,10000,5892,416,2607,0.4659,5341,4659,0.0,0,0.0,"{""budget"": 10000}"
device_0,0.9375,1707,3.0,105.0,0.1,late,48,16,3,0.20073,0.9386652506542138,0,10000,1000,P2,0.043343174760039765,4334.3174760039765,0.1,10000,5846,452,2628,0.4485,5515,4485,0.0,0,0.0,"{""budget"": 10000}"
device_0,0.9375,1708,3.0,105.0,0.1,late,48,16,3,0.19042,0.9350336658268497,0,10000,1000,P2,0.042733840389982916,4273.3840389982915,0.1,10000,6016,391,2520,0.4399,5601,4399,0.0,0,0.0,"{""budget"": 10000}"
device_0,0.9375,1709,3.0,105.0,0.1,late,48,16,3,0.20214,0.9387695757970393,0,10000,1000,P2,0.04343400342327107,4343.400342327107,0.1,10000,5817,428,2657,0.4559,5441,4559,0.0,0,0.0,"{""budget"": 10000}"
device_0,0.9375,1710,3.0,105.0,0.1,late,48,16,3,0.20082,0.9338903427364145,0,10000,1000,P2,0.04331730878812735,4331.730878812735,0.1,10000,5875,416,2616,0.419,5810,4190,0.0,0,0.0,"{""budget"": 10000}"
device_0,0.975,1701,3.0,105.0,0.1,late,48,16,3,0.20012,0.9750727182312047,0,10000,1000,P2,0.04332682415306614,4332.6824153066145,0.1,10000,5876,425,2616,0.4289,5711,4289,0.0,0,0.0,"{""budget"": 10000}"
device_0,0.975,1702,3.0,105.0,0.1,late,48,16,3,0.19762,0.9739220248349032,0,10000,1000,P2,0.043204439753471116,4320.4439753471115,0.1,10000,5862,444,2625,0.4643,5357,4643,0.0,0,0.0,"{""budget"": 10000}"
device_0,0.975,1703,3.0,105.0,0.1,late,48,16,3,0.1984,0.975854682367182,0,10000,1000,P2,0.043205081018670335,4320.5081018670335,0.1,10000,5915,435,2575,0.4369,5631,4369,0.0,0,0.0,"{""budget"": 10000}"
device_0,0.975,1704,3.0,105.0,0.1,late,48,16,3,0.19634,0.9733501805342133,0,10000,1000,P2,0.04309565745484444,4309.565745484444,0.1,10000,5950,422,2542,0.4754,5246,4754,0.0,0,0.0,"{""budget"": 10000}"
device_0,0.975,1705,3.0,105.0,0.1,late,48,16,3,0.19493,0.9747974986214312,0,10000,1000,P2,0.04297358462154125,4297.358462154125,0.1,10000,5936,440,2550,0.4396,5604,4396,0.0,0,0.0,"{""budget"": 10000}"
device_0,0.975,1706,3.0,105.0,0.1,late,48,16,3,0.203,0.9742259419786155,0,10000,1000,P2,0.043445730880684756,4344.573088068476,0.1,10000,5829,429,2656,0.4397,5603,4397,0.0,0,0.0,"{""budget"": 10000}"
device_0,0.975,1707,3.0,105.0,0.1,late,48,16,3,0.20266,0.9738223967562294,0,10000,1000,P2,0.04347146650428598,4347.146650428598,0.1,10000,5956,422,2556,0.4786,5214,4786,0.0,0,0.0,"{""budget"": 10000}"
device_0,0.975,1708,3.0,105.0,0.1,late,48,16,3,0.19043,0.9746047948044175,0,10000,1000,P2,0.042709829164811065,4270.982916481106,0.1,10000,5991,377,2546,0.3991,6009,3991,0.0,0,0.0,"{""budget"": 10000}"
device_0,0.975,1709,3.0,105.0,0.1,late,48,16,3,0.19294,0.9749540477640206,0,10000,1000,P2,0.042841778797708285,4284.177879770828,0.1,10000,6068,389,2468,0.4263,5737,4263,0.0,0,0.0,"{""budget"": 10000}"
device_0,0.975,1710,3.0,105.0,0.1,late,48,16,3,0.19779,0.9774683509778551,0,10000,1000,P2,0.04316096097156833,4316.096097156833,0.1,10000,5917,427,2580,0.4543,5457,4543,0.0,0,0.0,"{""budget"": 10000}"
device_0,0.0,1701,3.0,105.0,0.15,drop,48,16,3,0.19936,-0.002661444942765865,0,15000,1000,P2,0.028029970689349995,2802.9970689349993,0.15,15000,5,1839,12700,1.0,0,15000,0.0,0,0.0,"{""budget"": 15000}"
device_0,0.0,1702,3.0,105.0,0.15,drop,48,16,3,0.20106,0.005830007599770396,0,15000,1000,P2,0.02808847576086229,2808.8475760862293,0.15,15000,6,1981,12523,1.0,0,15000,0.0,0,0.0,"{""budget"": 15000}"
device_0,0.0,1703,3.0,105.0,0.15,drop,48,16,3,0.19952,0.005656351965683195,0,15000,1000,P2,0.028058755057348436,2805.8755057348435,0.15,15000,5,1946,12546,1.0,0,15000,0.0,0,0.0,"{""budget"": 15000}"
device_0,0.0,1704,3.0,105.0,0.15,drop,48,16,3,0.20257,0.002457782015709934,0,15000,1000,P2,0.028175301701298963,2817.5301701298963,0.15,15000,5,1938,12573,1.0,0,15000,0.0,0,0.0,"{""budget"": 15000}"
device_0,0.0,1705,3.0,105.0,0.15,drop,48,16,3,0.20104,-0.004155617772998724,0,15000,1000,P2,0.02807421275152602,2807.421275152602,0.15,15000,6,1897,12629,1.0,0,15000,0.0,0,0.0,"{""budget"": 15000}"
device_0,0.0,1706,3.0,105.0,0.15,drop,48,16,3,0.20062,-0.0045443747273977144,0,15000,1000,P2,0.028068075734703428,2806.807573470343,0.15,15000,6,1866,12674,1.0,0,15000,0.0,0,0.0,"{""budget"": 15000}"
device_0,0.0,1707,3.0,105.0,0.15,drop,48,16,3,0.19896,0.001346027845602329,0,15000,1000,P2,0.02802264973679642,2802.264973679642,0.15,15000,6,1854,12630,1.0,0,15000,0.0,0,0.0,"{""budget"": 15000}"
device_0,0.0,1708,3.0,105.0,0.15,drop,48,16,3,0.19922,-0.001372807149175493,0,15000,1000,P2,0.028020874204172944,2802.087420417294,0.15,15000,6,1864,12642,1.0,0,15000,0.0,0,0.0,"{""budget"": 15000}"
device_0,0.0,1709,3.0,105.0,0.15,drop,48,16,3,0.20001,0.005034822885721277,0,15000,1000,P2,0.02806059054460737,2806.059054460737,0.15,15000,6,1921,12605,1.0,0,15000,0.0,0,0.0,"{""budget"": 15000}"
device_0,0.0,1710,3.0,105.0,0.15,drop,48,16,3,0.19848,0.0007247411049733544,0,15000,1000,P2,0.02797848212743159,2797.848212743159,0.15,15000,5,1892,12667,1.0,0,15000,0.0,0,0.0,"{""budget"": 15000}"
device_0,0.375,1701,3.0,105.0,0.15,drop,48,16,3,0.19773,0.37585282092426525,0,15000,1000,P2,0.02797149662290931,2797.149662290931,0.15,15000,11,3524,9237,1.0,0,15000,0.0,0,0.0,"{""budget"": 15000}"
device_0,0.375,1702,3.0,105.0,0.15,drop,48,16,3,0.20083,0.3763938072575695,0,15000,1000,P2,0.028099487891309297,2809.9487891309295,0.15,15000,11,3466,9280,1.0,0,15000,0.0,0,0.0,"{""budget"": 15000}"
device_0,0.375,1703,3.0,105.0,0.15,drop,48,16,3,0.19949,0.3708761472322628,0,15000,1000,P2,0.02806785920110273,2806.785920110273,0.15,15000,12,3437,9321,1.0,0,15000,0.0,0,0.0,"{""budget"": 15000}"
device_0,0.375,1704,3.0,105.0,0.15,drop,48,16,3,0.19956,0.37083454970073176,0,15000,1000,P2,0.028047726949058847,2804.7726949058847,0.15,15000,10,3478,9274,1.0,0,15000,0.0,0,0.0,"{""budget"": 15000}"
device_0,0.375,1705,3.0,105.0,0.15,drop,48,16,3,0.1976,0.38054564128452917,0,15000,1000,P2,0.027955437398348108,2795.543739834811,0.15,15000,12,3520,9213,1.0,0,15000,0.0,0,0.0,"{""budget"": 15000}"
device_0,0.375,1706,3.0,105.0,0.15,drop,48,16,3,0.19975,0.37847803043317246,0,15000,1000,P2,0.02806757036909711,2806.757036909711,0.15,15000,9,3522,9260,1.0,0,15000,0.0,0,0.0,"{""budget"": 15000}"
device_0,0.375,1707,3.0,105.0,0.15,drop,48,16,3,0.19756,0.3714936166119789,0,15000,1000,P2,0.027963046817133713,2796.3046817133713,0.15,15000,9,3476,9349,1.0,0,15000,0.0,0,0.0,"{""budget"": 15000}"
device_0,0.375,1708,3.0,105.0,0.15,drop,48,16,3,0.19968,0.3728274067949136,0,15000,1000,P2,0.02805799552158799,2805.799552158799,0.15,15000,10,3424,9330,1.0,0,15000,0.0,0,0.0,"{""budget"": 15000}"
device_0,0.375,1709,3.0,105.0,0.15,drop,48,16,3,0.20214,0.3789219763360735,0,15000,1000,P2,0.028139399430190264,2813.9399430190265,0.15,15000,10,3461,9266,1.0,0,15000,0.0,0,0.0,"{""budget"": 15000}"
device_0,0.375,1710,3.0,105.0,0.15,drop,48,16,3,0.19842,0.37511826036297974,0,15000,1000,P2,0.027967630813344448,2796.763081334445,0.15,15000,8,3463,9274,1.0,0,15000,0.0,0,0.0,"{""budget"": 15000}"
device_0,0.75,1701,3.0,105.0,0.15,drop,48,16,3,0.20817,0.7556341521150168,0,15000,1000,P2,0.028434893707316406,2843.4893707316405,0.15,15000,18,3660,6199,1.0,0,15000,0.0,0,0.0,"{""budget"": 15000}"
device_0,0.75,1702,3.0,105.0,0.15,drop,48,16,3,0.20244,0.7487885933421545,0,15000,1000,P2,0.02812430391300619,2812.4303913006192,0.15,15000,15,3592,6076,1.0,0,15000,0.0,0,0.0,"{""budget"": 15000}"
device_0,0.75,1703,3.0,105.0,0.15,drop,48,16,3,0.20102,0.7470900970852136,0,15000,1000,P2,0.028095522443111837,2809.5522443111836,0.15,15000,17,3637,6035,1.0,0,15000,0.0,0,0.0,"{""budget"": 15000}"
device_0,0.75,1704,3.0,105.0,0.15,drop,48,16,3,0.19715,0.7479806369104111,0,15000,1000,P2,0.02793539518592699,2793.539518592699,0.15,15000,19,3504,5844,1.0,0,15000,0.0,0,0.0,"{""budget"": 15000}"
device_0,0.75,1705,3.0,105.0,0.15,drop,48,16,3,0.20494,0.7506431485678381,0,15000,1000,P2,0.028271486472672316,2827.148647267232,0.15,15000,23,3584,6118,1.0,0,15000,0.0,0,0.0,"{""budget"": 15000}"
device_0,0.75,1706,3.0,105.0,0.15,drop,48,16,3,0.20282,0.7537784223147826,0,15000,1000,P2,0.028150959924224,2815.0959924224,0.15,15000,17,3571,5993,1.0,0,15000,0.0,0,0.0,"{""budget"": 15000}"
device_0,0.75,1707,3.0,105.0,0.15,drop,48,16,3,0.20138,0.7431906944181493,0,15000,1000,P2,0.028172377953244558,2817.237795324456,0.15,15000,19,3574,6064,1.0,0,15000,0.0,0,0.0,"{""budget"": 15000}"
device_0,0.75,1708,3.0,105.0,0.15,drop,48,16,3,0.20034,0.7475350990705809,0,15000,1000,P2,0.028004227755435537,2800.4227755435536,0.15,15000,20,3570,6030,1.0,0,15000,0.0,0,0.0,"{""budget"": 15000}"
device_0,0.75,1709,3.0,105.0,0.15,drop,48,16,3,0.20613,0.7542776800152501,0,15000,1000,P2,0.028341628035070458,2834.1628035070457,0.15,15000,19,3603,6149,1.0,0,15000,0.0,0,0.0,"{""budget"": 15000}"
device_0,0.75,1710,3.0,105.0,0.15,drop,48,16,3,0.20286,0.74728584709585,0,15000,1000,P2,0.028166950478634843,2816.6950478634844,0.15,15000,17,3609,6108,1.0,0,15000,0.0,0,0.0,"{""budget"": 15000}"
device_0,0.875,1701,3.0,105.0,0.15,drop,48,16,3,0.20249,0.8763990178082249,0,15000,1000,P2,0.02813109356248651,2813.1093562486512,0.15,15000,19,3270,4941,1.0,0,15000,0.0,0,0.0,"{""budget"": 15000}"
device_0,0.875,1702,3.0,105.0,0.15,drop,48,16,3,0.19703,0.8759866636367837,0,15000,1000,P2,0.027921103597199282,2792.110359719928,0.15,15000,23,3209,4670,1.0,0,15000,0.0,0,0.0,"{""budget"": 15000}"
device_0,0.875,1703,3.0,105.0,0.15,drop,48,16,3,0.20238,0.8773687974569232,0,15000,1000,P2,0.028142873804876362,2814.2873804876363,0.15,15000,29,3248,4945,1.0,0,15000,0.0,0,0.0,"{""budget"": 15000}"
device_0,0.875,1704,3.0,105.0,0.15,drop,48,16,3,0.19663,0.8771256568671042,0,15000,1000,P2,0.02793398704671946,2793.398704671946,0.15,15000,24,3183,4608,1.0,0,15000,0.0,0,0.0,"{""budget"": 15000}"
device_0,0.875,1705,3.0,105.0,0.15,drop,48,16,3,0.20133,0.8756186617053834,0,15000,1000,P2,0.02812978964703374,2812.978964703374,0.15,15000,20,3330,4924,1.0,0,15000,0.0,0,0.0,"{""budget"": 15000}"
device_0,0.875,1706,3.0,105.0,0.15,drop,48,16,3,0.19605,0.8731077294363513,0,15000,1000,P2,0.027862232994126126,2786.2232994126125,0.15,15000,24,3159,4660,1.0,0,15000,0.0,0,0.0,"{""budget"": 15000}"
device_0,0.875,1707,3.0,105.0,0.15,drop,48,16,3,0.2,0.8774036452681541,0,15000,1000,P2,0.028049689403056445,2804.9689403056445,0.15,15000,23,3256,4784,1.0,0,15000,0.0,0,0.0,"{""budget"": 15000}"
device_0,0.875,1708,3.0,105.0,0.15,drop,48,16,3,0.20258,0.87442580026271,0,15000,1000,P2,0.02817500325938334,2817.500325938334,0.15,15000,21,3312,4981,1.0,0,15000,0.0,0,0.0,"{""budget"": 15000}"
device_0,0.875,1709,3.0,105.0,0.15,drop,48,16,3,0.19831,0.8770598020870867,0,15000,1000,P2,0.02796396321198905,2796.396321198905,0.15,15000,29,3198,4695,1.0,0,15000,0.0,0,0.0,"{""budget"": 15000}"
device_0,0.875,1710,3.0,105.0,0.15,drop,48,16,3,0.19668,0.8724656025657239,0,15000,1000,P2,0.027929059360333713,2792.9059360333713,0.15,15000,20,3233,4715,1.0,0,15000,0.0,0,0.0,"{""budget"": 15000}"
device_0,0.9375,1701,3.0,105.0,0.15,drop,48,16,3,0.20509,0.9402237906216514,0,15000,1000,P2,0.028301190453394083,2830.1190453394083,0.15,15000,21,3172,4503,1.0,0,15000,0.0,0,0.0,"{""budget"": 15000}"
device_0,0.9375,1702,3.0,105.0,0.15,drop,48,16,3,0.19366,0.9366016280001491,0,15000,1000,P2,0.02781647898643866,2781.647898643866,0.15,15000,24,2880,3947,1.0,0,15000,0.0,0,0.0,"{""budget"": 15000}"
device_0,0.9375,1703,3.0,105.0,0.15,drop,48,16,3,0.19489,0.9369055048961522,0,15000,1000,P2,0.02786295587828094,2786.295587828094,0.15,15000,24,2926,4011,1.0,0,15000,0.0,0,0.0,"{""budget"": 15000}"
device_0,0.9375,1704,3.0,105.0,0.15,drop,48,16,3,0.19999,0.9358099323716185,0,15000,1000,P2,0.028012619020810033,2801.2619020810034,0.15,15000,29,3043,4293,1.0,0,15000,0.0,0,0.0,"{""budget"": 15000}"
device_0,0.9375,1705,3.0,105.0,0.15,drop,48,16,3,0.19063,0.9374553760710133,0,15000,1000,P2,0.027651965141534104,2765.1965141534106,0.15,15000,38,2774,3787,1.0,0,15000,0.0,0,0.0,"{""budget"": 15000}"
device_0,0.9375,1706,3.0,105.0,0.15,drop,48,16,3,0.20144,0.9386428776611538,0,15000,1000,P2,0.028113391989049004,2811.3391989049005,0.15,15000,27,3075,4359,1.0,0,15000,0.0,0,0.0,"{""budget"": 15000}"
device_0,0.9375,1707,3.0,105.0,0.15,drop,48,16,3,0.20073,0.9386652506542138,0,15000,1000,P2,0.028071010724594263,2807.101072459426,0.15,15000,29,3042,4282,1.0,0,15000,0.0,0,0.0,"{""budget"": 15000}"
device_0,0.9375,1708,3.0,105.0,0.15,drop,48,16,3,0.19042,0.9350336658268497,0,15000,1000,P2,0.027653349754058327,2765.3349754058327,0.15,15000,49,2809,3756,1.0,0,15000,0.0,0,0.0,"{""budget"": 15000}"
device_0,0.9375,1709,3.0,105.0,0.15,drop,48,16,3,0.20214,0.9387695757970393,0,15000,1000,P2,0.028137189871868754,2813.7189871868754,0.15,15000,23,3091,4364,1.0,0,15000,0.0,0,0.0,"{""budget"": 15000}"
device_0,0.9375,1710,3.0,105.0,0.15,drop,48,16,3,0.20082,0.9338903427364145,0,15000,1000,P2,0.028073237522691197,2807.3237522691197,0.15,15000,22,3093,4389,1.0,0,15000,0.0,0,0.0,"{""budget"": 15000}"
device_0,0.975,1701,3.0,105.0,0.15,drop,48,16,3,0.20012,0.9750727182312047,0,15000,1000,P2,0.028087501416515514,2808.7501416515515,0.15,15000,36,2894,3974,1.0,0,15000,0.0,0,0.0,"{""budget"": 15000}"
device_0,0.975,1702,3.0,105.0,0.15,drop,48,16,3,0.19762,0.9739220248349032,0,15000,1000,P2,0.027964454777458125,2796.4454777458127,0.15,15000,30,2852,3825,1.0,0,15000,0.0,0,0.0,"{""budget"": 15000}"
device_0,0.975,1703,3.0,105.0,0.15,drop,48,16,3,0.1984,0.975854682367182,0,15000,1000,P2,0.02799201030420094,2799.201030420094,0.15,15000,25,2868,3884,1.0,0,15000,0.0,0,0.0,"{""budget"": 15000}"
device_0,0.975,1704,3.0,105.0,0.15,drop,48,16,3,0.19634,0.9733501805342133,0,15000,1000,P2,0.02789343059846776,2789.3430598467758,0.15,15000,40,2811,3746,1.0,0,15000,0.0,0,0.0,"{""budget"": 15000}"
device_0,0.975,1705,3.0,105.0,0.15,drop,48,16,3,0.19493,0.9747974986214312,0,15000,1000,P2,0.027816832380917075,2781.6832380917076,0.15,15000,30,2732,3635,1.0,0,15000,0.0,0,0.0,"{""budget"": 15000}"
device_0,0.975,1706,3.0,105.0,0.15,drop,48,16,3,0.203,0.9742259419786155,0,15000,1000,P2,0.02813050270893567,2813.050270893567,0.15,15000,28,2950,4134,1.0,0,15000,0.0,0,0.0,"{""budget"": 15000}"
device_0,0.975,1707,3.0,105.0,0.15,drop,48,16,3,0.20266,0.9738223967562294,0,15000,1000,P2,0.02817936457592756,2817.936457592756,0.15,15000,29,2893,4080,1.0,0,15000,0.0,0,0.0,"{""budget"": 15000}"
device_0,0.975,1708,3.0,105.0,0.15,drop,48,16,3,0.19043,0.9746047948044175,0,15000,1000,P2,0.027649037895092342,2764.9037895092342,0.15,15000,34,2608,3363,1.0,0,15000,0.0,0,0.0,"{""budget"": 15000}"
device_0,0.975,1709,3.0,105.0,0.15,drop,48,16,3,0.19294,0.9749540477640206,0,15000,1000,P2,0.027771862500986132,2777.186250098613,0.15,15000,27,2684,3518,1.0,0,15000,0.0,0,0.0,"{""budget"": 15000}"
device_0,0.975,1710,3.0,105.0,0.15,drop,48,16,3,0.19779,0.9774683509778551,0,15000,1000,P2,0.027957680508550953,2795.768050855095,0.15,15000,33,2806,3761,1.0,0,15000,0.0,0,0.0,"{""budget"": 15000}"
device_0,0.0,1701,3.0,105.0,0.15,late,48,16,3,0.19936,-0.002661444942765865,0,15000,1000,P2,0.043257345006834765,4325.734500683477,0.15,15000,11049,108,2837,0.3586666666666667,9620,5380,0.0,0,0.0,"{""budget"": 15000}"
device_0,0.0,1702,3.0,105.0,0.15,late,48,16,3,0.20106,0.005830007599770396,0,15000,1000,P2,0.04336980693556592,4336.980693556592,0.15,15000,11004,106,2886,0.36293333333333333,9556,5444,0.0,0,0.0,"{""budget"": 15000}"
device_0,0.0,1703,3.0,105.0,0.15,late,48,16,3,0.19952,0.005656351965683195,0,15000,1000,P2,0.04334046551501911,4334.046551501911,0.15,15000,11002,97,2900,0.3586666666666667,9620,5380,0.0,0,0.0,"{""budget"": 15000}"
device_0,0.0,1704,3.0,105.0,0.15,late,48,16,3,0.20257,0.002457782015709934,0,15000,1000,P2,0.04345842569888844,4345.842569888844,0.15,15000,11079,103,2817,0.35873333333333335,9619,5381,0.0,0,0.0,"{""budget"": 15000}"
device_0,0.0,1705,3.0,105.0,0.15,late,48,16,3,0.20104,-0.004155617772998724,0,15000,1000,P2,0.0433507617003824,4335.07617003824,0.15,15000,11054,95,2849,0.3559333333333333,9661,5339,0.0,0,0.0,"{""budget"": 15000}"
device_0,0.0,1706,3.0,105.0,0.15,late,48,16,3,0.20062,-0.0045443747273977144,0,15000,1000,P2,0.04335332813841918,4335.332813841918,0.15,15000,11083,99,2819,0.35786666666666667,9632,5368,0.0,0,0.0,"{""budget"": 15000}"
device_0,0.0,1707,3.0,105.0,0.15,late,48,16,3,0.19896,0.001346027845602329,0,15000,1000,P2,0.043236949352463215,4323.694935246322,0.15,15000,11095,102,2800,0.3569333333333333,9646,5354,0.0,0,0.0,"{""budget"": 15000}"
device_0,0.0,1708,3.0,105.0,0.15,late,48,16,3,0.19922,-0.001372807149175493,0,15000,1000,P2,0.04329391084520841,4329.391084520841,0.15,15000,10979,97,2923,0.3582,9627,5373,0.0,0,0.0,"{""budget"": 15000}"
device_0,0.0,1709,3.0,105.0,0.15,late,48,16,3,0.20001,0.005034822885721277,0,15000,1000,P2,0.04330786309866971,4330.786309866971,0.15,15000,11018,109,2873,0.359,9615,5385,0.0,0,0.0,"{""budget"": 15000}"
device_0,0.0,1710,3.0,105.0,0.15,late,48,16,3,0.19848,0.0007247411049733544,0,15000,1000,P2,0.043185217560506944,4318.521756050694,0.15,15000,11167,91,2739,0.3482,9777,5223,0.0,0,0.0,"{""budget"": 15000}"
device_0,0.375,1701,3.0,105.0,0.15,late,48,16,3,0.19773,0.37585282092426525,0,15000,1000,P2,0.04315515734910884,4315.515734910884,0.15,15000,11085,239,2659,0.34913333333333335,9763,5237,0.0,0,0.0,"{""budget"": 15000}"
device_0,0.375,1702,3.0,105.0,0.15,late,48,16,3,0.20083,0.3763938072575695,0,15000,1000,P2,0.04336351081269032,4336.351081269032,0.15,15000,10992,232,2765,0.3536,9696,5304,0.0,0,0.0,"{""budget"": 15000}"
device_0,0.375,1703,3.0,105.0,0.15,late,48,16,3,0.19949,0.3708761472322628,0,15000,1000,P2,0.043360666548334995,4336.066654833499,0.15,15000,11011,220,2752,0.36373333333333335,9544,5456,0.0,0,0.0,"{""budget"": 15000}"
device_0,0.375,1704,3.0,105.0,0.15,late,48,16,3,0.19956,0.37083454970073176,0,15000,1000,P2,0.04330393201967259,4330.393201967259,0.15,15000,11004,227,2756,0.3555333333333333,9667,5333,0.0,0,0.0,"{""budget"": 15000}"
device_0,0.375,1705,3.0,105.0,0.15,late,48,16,3,0.1976,0.38054564128452917,0,15000,1000,P2,0.043205527677901354,4320.5527677901355,0.15,15000,11072,243,2665,0.35733333333333334,9640,5360,0.0,0,0.0,"{""budget"": 15000}"
device_0,0.375,1706,3.0,105.0,0.15,late,48,16,3,0.19975,0.37847803043317246,0,15000,1000,P2,0.043329105165119265,4332.910516511926,0.15,15000,10995,232,2752,0.3539333333333333,9691,5309,0.0,0,0.0,"{""budget"": 15000}"
device_0,0.375,1707,3.0,105.0,0.15,late,48,16,3,0.19756,0.3714936166119789,0,15000,1000,P2,0.04316441965129381,4316.441965129381,0.15,15000,11037,247,2696,0.3508,9738,5262,0.0,0,0.0,"{""budget"": 15000}"
device_0,0.375,1708,3.0,105.0,0.15,late,48,16,3,0.19968,0.3728274067949136,0,15000,1000,P2,0.04326045181764868,4326.045181764868,0.15,15000,11167,208,2599,0.3476666666666667,9785,5215,0.0,0,0.0,"{""budget"": 15000}"
device_0,0.375,1709,3.0,105.0,0.15,late,48,16,3,0.20214,0.3789219763360735,0,15000,1000,P2,0.04350919646867822,4350.919646867822,0.15,15000,10999,228,2753,0.3611333333333333,9583,5417,0.0,0,0.0,"{""budget"": 15000}"
device_0,0.375,1710,3.0,105.0,0.15,late,48,16,3,0.19842,0.37511826036297974,0,15000,1000,P2,0.04324209747068437,4324.209747068437,0.15,15000,10908,251,2818,0.3572,9642,5358,0.0,0,0.0,"{""budget"": 15000}"
device_0,0.75,1701,3.0,105.0,0.15,late,48,16,3,0.20817,0.7556341521150168,0,15000,1000,P2,0.04382760359362783,4382.760359362783,0.15,15000,10926,329,2693,0.3631333333333333,9553,5447,0.0,0,0.0,"{""budget"": 15000}"
device_0,0.75,1702,3.0,105.0,0.15,late,48,16,3,0.20244,0.7487885933421545,0,15000,1000,P2,0.04347750750253541,4347.750750253541,0.15,15000,10904,390,2637,0.37193333333333334,9421,5579,0.0,0,0.0,"{""budget"": 15000}"
device_0,0.75,1703,3.0,105.0,0.15,late,48,16,3,0.20102,0.7470900970852136,0,15000,1000,P2,0.04339816156642488,4339.816156642488,0.15,15000,10973,371,2612,0.3692666666666667,9461,5539,0.0,0,0.0,"{""budget"": 15000}"
device_0,0.75,1704,3.0,105.0,0.15,late,48,16,3,0.19715,0.7479806369104111,0,15000,1000,P2,0.0431328384015425,4313.28384015425,0.15,15000,11132,304,2515,0.3708666666666667,9437,5563,0.0,0,0.0,"{""budget"": 15000}"
device_0,0.75,1705,3.0,105.0,0.15,late,48,16,3,0.20494,0.7506431485678381,0,15000,1000,P2,0.043679381033107485,4367.938103310748,0.15,15000,10903,392,2664,0.37593333333333334,9361,5639,0.0,0,0.0,"{""budget"": 15000}"
device_0,0.75,1706,3.0,105.0,0.15,late,48,16,3,0.20282,0.7537784223147826,0,15000,1000,P2,0.043385037169375446,4338.503716937545,0.15,15000,11108,324,2523,0.3685333333333333,9472,5528,0.0,0,0.0,"{""budget"": 15000}"
device_0,0.75,1707,3.0,105.0,0.15,late,48,16,3,0.20138,0.7431906944181493,0,15000,1000,P2,0.04350636501237157,4350.636501237157,0.15,15000,11004,360,2591,0.36493333333333333,9526,5474,0.0,0,0.0,"{""budget"": 15000}"
device_0,0.75,1708,3.0,105.0,0.15,late,48,16,3,0.20034,0.7475350990705809,0,15000,1000,P2,0.04321704202878881,4321.704202878881,0.15,15000,11012,353,2572,0.35073333333333334,9739,5261,0.0,0,0.0,"{""budget"": 15000}"
device_0,0.75,1709,3.0,105.0,0.15,late,48,16,3,0.20613,0.7542776800152501,0,15000,1000,P2,0.0436964989886708,4369.64989886708,0.15,15000,10910,367,2654,0.36286666666666667,9557,5443,0.0,0,0.0,"{""budget"": 15000}"
device_0,0.75,1710,3.0,105.0,0.15,late,48,16,3,0.20286,0.74728584709585,0,15000,1000,P2,0.04348579207179164,4348.579207179164,0.15,15000,11040,328,2580,0.3688666666666667,9467,5533,0.0,0,0.0,"{""budget"": 15000}"
device_0,0.875,1701,3.0,105.0,0.15,late,48,16,3,0.20249,0.8763990178082249,0,15000,1000,P2,0.043440059884792936,4344.005988479294,0.15,15000,11057,365,2511,0.3646,9531,5469,0.0,0,0.0,"{""budget"": 15000}"
device_0,0.875,1702,3.0,105.0,0.15,late,48,16,3,0.19703,0.8759866636367837,0,15000,1000,P2,0.043090505354260934,4309.050535426093,0.15,15000,11149,364,2435,0.35286666666666666,9707,5293,0.0,0,0.0,"{""budget"": 15000}"
device_0,0.875,1703,3.0,105.0,0.15,late,48,16,3,0.20238,0.8773687974569232,0,15000,1000,P2,0.04346640706282427,4346.640706282427,0.15,15000,11033,395,2511,0.3828666666666667,9257,5743,0.0,0,0.0,"{""budget"": 15000}"
device_0,0.875,1704,3.0,105.0,0.15,late,48,16,3,0.19663,0.8771256568671042,0,15000,1000,P2,0.043122598560619445,4312.259856061944,0.15,15000,11109,377,2453,0.3592,9612,5388,0.0,0,0.0,"{""budget"": 15000}"
device_0,0.875,1705,3.0,105.0,0.15,late,48,16,3,0.20133,0.8756186617053834,0,15000,1000,P2,0.04339414123724258,4339.4141237242575,0.15,15000,11051,356,2532,0.36186666666666667,9572,5428,0.0,0,0.0,"{""budget"": 15000}"
device_0,0.875,1706,3.0,105.0,0.15,late,48,16,3,0.19605,0.8731077294363513,0,15000,1000,P2,0.043092522184176384,4309.252218417639,0.15,15000,10977,393,2565,0.35846666666666666,9623,5377,0.0,0,0.0,"{""budget"": 15000}"
device_0,0.875,1707,3.0,105.0,0.15,late,48,16,3,0.2,0.8774036452681541,0,15000,1000,P2,0.04331441753420459,4331.4417534204595,0.15,15000,11067,403,2458,0.36946666666666667,9458,5542,0.0,0,0.0,"{""budget"": 15000}"
device_0,0.875,1708,3.0,105.0,0.15,late,48,16,3,0.20258,0.87442580026271,0,15000,1000,P2,0.04354259160643016,4354.259160643016,0.15,15000,10884,437,2621,0.35386666666666666,9692,5308,0.0,0,0.0,"{""budget"": 15000}"
device_0,0.875,1709,3.0,105.0,0.15,late,48,16,3,0.19831,0.8770598020870867,0,15000,1000,P2,0.043136194075942894,4313.619407594289,0.15,15000,11168,338,2434,0.35833333333333334,9625,5375,0.0,0,0.0,"{""budget"": 15000}"
device_0,0.875,1710,3.0,105.0,0.15,late,48,16,3,0.19668,0.8724656025657239,0,15000,1000,P2,0.04314129426354245,4314.129426354245,0.15,15000,11067,380,2481,0.3438,9843,5157,0.0,0,0.0,"{""budget"": 15000}"
device_0,0.9375,1701,3.0,105.0,0.15,late,48,16,3,0.20509,0.9402237906216514,0,15000,1000,P2,0.04365298691012031,4365.298691012031,0.15,15000,11097,345,2499,0.3887333333333333,9169,5831,0.0,0,0.0,"{""budget"": 15000}"
device_0,0.9375,1702,3.0,105.0,0.15,late,48,16,3,0.19366,0.9366016280001491,0,15000,1000,P2,0.04300678272404075,4300.678272404075,0.15,15000,11139,396,2379,0.3506666666666667,9740,5260,0.0,0,0.0,"{""budget"": 15000}"
device_0,0.9375,1703,3.0,105.0,0.15,late,48,16,3,0.19489,0.9369055048961522,0,15000,1000,P2,0.04302380112992813,4302.380112992813,0.15,15000,11135,380,2420,0.3436,9846,5154,0.0,0,0.0,"{""budget"": 15000}"
device_0,0.9375,1704,3.0,105.0,0.15,late,48,16,3,0.19999,0.9358099323716185,0,15000,1000,P2,0.043275209712982925,4327.520971298292,0.15,15000,10938,448,2533,0.34273333333333333,9859,5141,0.0,0,0.0,"{""budget"": 15000}"
device_0,0.9375,1705,3.0,105.0,0.15,late,48,16,3,0.19063,0.9374553760710133,0,15000,1000,P2,0.042770289818975224,4277.0289818975225,0.15,15000,11120,383,2430,0.3480666666666667,9779,5221,0.0,0,0.0,"{""budget"": 15000}"
device_0,0.9375,1706,3.0,105.0,0.15,late,48,16,3,0.20144,0.9386428776611538,0,15000,1000,P2,0.04337226795429423,4337.226795429423,0.15,15000,11088,384,2446,0.3722,9417,5583,0.0,0,0.0,"{""budget"": 15000}"
device_0,0.9375,1707,3.0,105.0,0.15,late,48,16,3,0.20073,0.9386652506542138,0,15000,1000,P2,0.043343174760039765,4334.3174760039765,0.15,15000,11057,413,2465,0.36246666666666666,9563,5437,0.0,0,0.0,"{""budget"": 15000}"
device_0,0.9375,1708,3.0,105.0,0.15,late,48,16,3,0.19042,0.9350336658268497,0,15000,1000,P2,0.042733840389982916,4273.3840389982915,0.15,15000,11193,370,2366,0.3440666666666667,9839,5161,0.0,0,0.0,"{""budget"": 15000}"
device_0,0.9375,1709,3.0,105.0,0.15,late,48,16,3,0.20214,0.9387695757970393,0,15000,1000,P2,0.04343400342327107,4343.400342327107,0.15,15000,11029,405,2474,0.3684,9474,5526,0.0,0,0.0,"{""budget"": 15000}"
device_0,0.9375,1710,3.0,105.0,0.15,late,48,16,3,0.20082,0.9338903427364145,0,15000,1000,P2,0.04331730878812735,4331.730878812735,0.15,15000,11033,395,2489,0.3254,10119,4881,0.0,0,0.0,"{""budget"": 15000}"
device_0,0.975,1701,3.0,105.0,0.15,late,48,16,3,0.20012,0.9750727182312047,0,15000,1000,P2,0.04332682415306614,4332.6824153066145,0.15,15000,11103,391,2429,0.3636666666666667,9545,5455,0.0,0,0.0,"{""budget"": 15000}"
device_0,0.975,1702,3.0,105.0,0.15,late,48,16,3,0.19762,0.9739220248349032,0,15000,1000,P2,0.043204439753471116,4320.4439753471115,0.15,15000,11047,413,2475,0.3641333333333333,9538,5462,0.0,0,0.0,"{""budget"": 15000}"
device_0,0.975,1703,3.0,105.0,0.15,late,48,16,3,0.1984,0.975854682367182,0,15000,1000,P2,0.043205081018670335,4320.5081018670335,0.15,15000,11052,418,2458,0.3386,9921,5079,0.0,0,0.0,"{""budget"": 15000}"
device_0,0.975,1704,3.0,105.0,0.15,late,48,16,3,0.19634,0.9733501805342133,0,15000,1000,P2,0.04309565745484444,4309.565745484444,0.15,15000,11139,402,2377,0.3796,9306,5694,0.0,0,0.0,"{""budget"": 15000}"
device_0,0.975,1705,3.0,105.0,0.15,late,48,16,3,0.19493,0.9747974986214312,0,15000,1000,P2,0.04297358462154125,4297.358462154125,0.15,15000,11043,424,2462,0.33066666666666666,10040,4960,0.0,0,0.0,"{""budget"": 15000}"
device_0,0.975,1706,3.0,105.0,0.15,late,48,16,3,0.203,0.9742259419786155,0,15000,1000,P2,0.043445730880684756,4344.573088068476,0.15,15000,10981,415,2524,0.3506666666666667,9740,5260,0.0,0,0.0,"{""budget"": 15000}"
device_0,0.975,1707,3.0,105.0,0.15,late,48,16,3,0.20266,0.9738223967562294,0,15000,1000,P2,0.04347146650428598,4347.146650428598,0.15,15000,11173,392,2371,0.3894666666666667,9158,5842,0.0,0,0.0,"{""budget"": 15000}"
device_0,0.975,1708,3.0,105.0,0.15,late,48,16,3,0.19043,0.9746047948044175,0,15000,1000,P2,0.042709829164811065,4270.982916481106,0.15,15000,11212,343,2361,0.33413333333333334,9988,5012,0.0,0,0.0,"{""budget"": 15000}"
device_0,0.975,1709,3.0,105.0,0.15,late,48,16,3,0.19294,0.9749540477640206,0,15000,1000,P2,0.042841778797708285,4284.177879770828,0.15,15000,11232,368,2328,0.33873333333333333,9919,5081,0.0,0,0.0,"{""budget"": 15000}"
device_0,0.975,1710,3.0,105.0,0.15,late,48,16,3,0.19779,0.9774683509778551,0,15000,1000,P2,0.04316096097156833,4316.096097156833,0.15,15000,11090,399,2443,0.3622,9567,5433,0.0,0,0.0,"{""budget"": 15000}"
device_0,0.0,1701,4.0,140.0,0.01,drop,48,16,3,0.19936,-0.002661444942765865,0,1000,1000,P2,0.04174723426259219,4174.723426259219,0.01,1000,2,12,982,1.0,0,1000,0.0,0,0.0,"{""budget"": 1000}"
device_0,0.0,1702,4.0,140.0,0.01,drop,48,16,3,0.20106,0.005830007599770396,0,1000,1000,P2,0.041865663901039324,4186.5663901039325,0.01,1000,2,7,985,1.0,0,1000,0.0,0,0.0,"{""budget"": 1000}"
device_0,0.0,1703,4.0,140.0,0.01,drop,48,16,3,0.19952,0.005656351965683195,0,1000,1000,P2,0.041836231535685255,4183.623153568526,0.01,1000,2,8,983,1.0,0,1000,0.0,0,0.0,"{""budget"": 1000}"
device_0,0.0,1704,4.0,140.0,0.01,drop,48,16,3,0.20257,0.002457782015709934,0,1000,1000,P2,0.04195094582816375,4195.094582816375,0.01,1000,2,10,980,1.0,0,1000,0.0,0,0.0,"{""budget"": 1000}"
device_0,0.0,1705,4.0,140.0,0.01,drop,48,16,3,0.20104,-0.004155617772998724,0,1000,1000,P2,0.041847804478294746,4184.780447829475,0.01,1000,2,15,980,1.0,0,1000,0.0,0,0.0,"{""budget"": 1000}"
device_0,0.0,1706,4.0,140.0,0.01,drop,48,16,3,0.20062,-0.0045443747273977144,0,1000,1000,P2,0.04184363571710994,4184.363571710994,0.01,1000,2,4,989,1.0,0,1000,0.0,0,0.0,"{""budget"": 1000}"
device_0,0.0,1707,4.0,140.0,0.01,drop,48,16,3,0.19896,0.001346027845602329,0,1000,1000,P2,0.04173859003014713,4173.8590030147125,0.01,1000,2,14,981,1.0,0,1000,0.0,0,0.0,"{""budget"": 1000}"
device_0,0.0,1708,4.0,140.0,0.01,drop,48,16,3,0.19922,-0.001372807149175493,0,1000,1000,P2,0.04179337711818232,4179.337711818232,0.01,1000,2,5,985,1.0,0,1000,0.0,0,0.0,"{""budget"": 1000}"
device_0,0.0,1709,4.0,140.0,0.01,drop,48,16,3,0.20001,0.005034822885721277,0,1000,1000,P2,0.041803718094858715,4180.371809485871,0.01,1000,2,10,976,1.0,0,1000,0.0,0,0.0,"{""budget"": 1000}"
device_0,0.0,1710,4.0,140.0,0.01,drop,48,16,3,0.19848,0.0007247411049733544,0,1000,1000,P2,0.04168847454638197,4168.847454638197,0.01,1000,2,7,988,1.0,0,1000,0.0,0,0.0,"{""budget"": 1000}"
device_0,0.375,1701,4.0,140.0,0.01,drop,48,16,3,0.19773,0.37585282092426525,0,1000,1000,P2,0.0416506965470444,4165.06965470444,0.01,1000,2,28,960,1.0,0,1000,0.0,0,0.0,"{""budget"": 1000}"
device_0,0.375,1702,4.0,140.0,0.01,drop,48,16,3,0.20083,0.3763938072575695,0,1000,1000,P2,0.041858339086842264,4185.833908684226,0.01,1000,2,23,968,1.0,0,1000,0.0,0,0.0,"{""budget"": 1000}"
device_0,0.375,1703,4.0,140.0,0.01,drop,48,16,3,0.19949,0.3708761472322628,0,1000,1000,P2,0.041852242032901776,4185.224203290178,0.01,1000,2,29,959,1.0,0,1000,0.0,0,0.0,"{""budget"": 1000}"
device_0,0.375,1704,4.0,140.0,0.01,drop,48,16,3,0.19956,0.37083454970073176,0,1000,1000,P2,0.04180382828925277,4180.382828925277,0.01,1000,3,26,960,1.0,0,1000,0.0,0,0.0,"{""budget"": 1000}"
device_0,0.375,1705,4.0,140.0,0.01,drop,48,16,3,0.1976,0.38054564128452917,0,1000,1000,P2,0.04170615795385501,4170.615795385501,0.01,1000,2,26,962,1.0,0,1000,0.0,0,0.0,"{""budget"": 1000}"
device_0,0.375,1706,4.0,140.0,0.01,drop,48,16,3,0.19975,0.37847803043317246,0,1000,1000,P2,0.04181674971505483,4181.674971505483,0.01,1000,2,20,968,1.0,0,1000,0.0,0,0.0,"{""budget"": 1000}"
device_0,0.375,1707,4.0,140.0,0.01,drop,48,16,3,0.19756,0.3714936166119789,0,1000,1000,P2,0.04166889920284824,4166.889920284824,0.01,1000,2,24,966,1.0,0,1000,0.0,0,0.0,"{""budget"": 1000}"
device_0,0.375,1708,4.0,140.0,0.01,drop,48,16,3,0.19968,0.3728274067949136,0,1000,1000,P2,0.04176444686718856,4176.444686718856,0.01,1000,3,24,965,1.0,0,1000,0.0,0,0.0,"{""budget"": 1000}"
device_0,0.375,1709,4.0,140.0,0.01,drop,48,16,3,0.20214,0.3789219763360735,0,1000,1000,P2,0.041998569170443735,4199.856917044373,0.01,1000,3,28,959,1.0,0,1000,0.0,0,0.0,"{""budget"": 1000}"
device_0,0.375,1710,4.0,140.0,0.01,drop,48,16,3,0.19842,0.37511826036297974,0,1000,1000,P2,0.04173738241554725,4173.738241554725,0.01,1000,3,21,971,1.0,0,1000,0.0,0,0.0,"{""budget"": 1000}"
device_0,0.75,1701,4.0,140.0,0.01,drop,48,16,3,0.20817,0.7556341521150168,0,1000,1000,P2,0.04231622776936309,4231.6227769363095,0.01,1000,3,42,948,1.0,0,1000,0.0,0,0.0,"{""budget"": 1000}"
device_0,0.75,1702,4.0,140.0,0.01,drop,48,16,3,0.20244,0.7487885933421545,0,1000,1000,P2,0.04196775037851642,4196.775037851642,0.01,1000,3,39,952,1.0,0,1000,0.0,0,0.0,"{""budget"": 1000}"
device_0,0.75,1703,4.0,140.0,0.01,drop,48,16,3,0.20102,0.7470900970852136,0,1000,1000,P2,0.04188686986359388,4188.686986359387,0.01,1000,2,47,947,1.0,0,1000,0.0,0,0.0,"{""budget"": 1000}"
device_0,0.75,1704,4.0,140.0,0.01,drop,48,16,3,0.19715,0.7479806369104111,0,1000,1000,P2,0.041630291511988715,4163.029151198872,0.01,1000,3,34,953,1.0,0,1000,0.0,0,0.0,"{""budget"": 1000}"
device_0,0.75,1705,4.0,140.0,0.01,drop,48,16,3,0.20494,0.7506431485678381,0,1000,1000,P2,0.042166884089848644,4216.6884089848645,0.01,1000,2,28,963,1.0,0,1000,0.0,0,0.0,"{""budget"": 1000}"
device_0,0.75,1706,4.0,140.0,0.01,drop,48,16,3,0.20282,0.7537784223147826,0,1000,1000,P2,0.04189254621112243,4189.254621112243,0.01,1000,3,31,958,1.0,0,1000,0.0,0,0.0,"{""budget"": 1000}"
device_0,0.75,1707,4.0,140.0,0.01,drop,48,16,3,0.20138,0.7431906944181493,0,1000,1000,P2,0.0420021463725276,4200.21463725276,0.01,1000,3,47,942,1.0,0,1000,0.0,0,0.0,"{""budget"": 1000}"
device_0,0.75,1708,4.0,140.0,0.01,drop,48,16,3,0.20034,0.7475350990705809,0,1000,1000,P2,0.041717795040228337,4171.779504022834,0.01,1000,3,43,941,1.0,0,1000,0.0,0,0.0,"{""budget"": 1000}"
device_0,0.75,1709,4.0,140.0,0.01,drop,48,16,3,0.20613,0.7542776800152501,0,1000,1000,P2,0.04219660571438366,4219.660571438366,0.01,1000,3,36,949,1.0,0,1000,0.0,0,0.0,"{""budget"": 1000}"
device_0,0.75,1710,4.0,140.0,0.01,drop,48,16,3,0.20286,0.74728584709585,0,1000,1000,P2,0.04197626297273435,4197.626297273435,0.01,1000,3,26,962,1.0,0,1000,0.0,0,0.0,"{""budget"": 1000}"
device_0,0.875,1701,4.0,140.0,0.01,drop,48,16,3,0.20249,0.8763990178082249,0,1000,1000,P2,0.04193099619551316,4193.099619551316,0.01,1000,3,40,949,1.0,0,1000,0.0,0,0.0,"{""budget"": 1000}"
device_0,0.875,1702,4.0,140.0,0.01,drop,48,16,3,0.19703,0.8759866636367837,0,1000,1000,P2,0.04159198675225425,4159.198675225425,0.01,1000,2,39,954,1.0,0,1000,0.0,0,0.0,"{""budget"": 1000}"
device_0,0.875,1703,4.0,140.0,0.01,drop,48,16,3,0.20238,0.8773687974569232,0,1000,1000,P2,0.0419592109399374,4195.92109399374,0.01,1000,3,38,954,1.0,0,1000,0.0,0,0.0,"{""budget"": 1000}"
device_0,0.875,1704,4.0,140.0,0.01,drop,48,16,3,0.19663,0.8771256568671042,0,1000,1000,P2,0.041625686975678956,4162.5686975678955,0.01,1000,2,41,954,1.0,0,1000,0.0,0,0.0,"{""budget"": 1000}"
device_0,0.875,1705,4.0,140.0,0.01,drop,48,16,3,0.20133,0.8756186617053834,0,1000,1000,P2,0.04189390746341738,4189.390746341738,0.01,1000,3,42,951,1.0,0,1000,0.0,0,0.0,"{""budget"": 1000}"
device_0,0.875,1706,4.0,140.0,0.01,drop,48,16,3,0.19605,0.8731077294363513,0,1000,1000,P2,0.04158164451641372,4158.164451641372,0.01,1000,3,37,947,1.0,0,1000,0.0,0,0.0,"{""budget"": 1000}"
device_0,0.875,1707,4.0,140.0,0.01,drop,48,16,3,0.2,0.8774036452681541,0,1000,1000,P2,0.041805935683926,4180.5935683926,0.01,1000,4,43,942,1.0,0,1000,0.0,0,0.0,"{""budget"": 1000}"
device_0,0.875,1708,4.0,140.0,0.01,drop,48,16,3,0.20258,0.87442580026271,0,1000,1000,P2,0.04203299402061844,4203.299402061844,0.01,1000,3,45,947,1.0,0,1000,0.0,0,0.0,"{""budget"": 1000}"
device_0,0.875,1709,4.0,140.0,0.01,drop,48,16,3,0.19831,0.8770598020870867,0,1000,1000,P2,0.041633442621899955,4163.344262189996,0.01,1000,4,34,955,1.0,0,1000,0.0,0,0.0,"{""budget"": 1000}"
device_0,0.875,1710,4.0,140.0,0.01,drop,48,16,3,0.19668,0.8724656025657239,0,1000,1000,P2,0.04163613515773434,4163.613515773433,0.01,1000,3,51,941,1.0,0,1000,0.0,0,0.0,"{""budget"": 1000}"
device_0,0.9375,1701,4.0,140.0,0.01,drop,48,16,3,0.20509,0.9402237906216514,0,1000,1000,P2,0.042151570129150856,4215.157012915086,0.01,1000,3,46,931,1.0,0,1000,0.0,0,0.0,"{""budget"": 1000}"
device_0,0.9375,1702,4.0,140.0,0.01,drop,48,16,3,0.19366,0.9366016280001491,0,1000,1000,P2,0.04150285131145025,4150.285131145025,0.01,1000,3,42,947,1.0,0,1000,0.0,0,0.0,"{""budget"": 1000}"
device_0,0.9375,1703,4.0,140.0,0.01,drop,48,16,3,0.19489,0.9369055048961522,0,1000,1000,P2,0.04152230693737881,4152.230693737881,0.01,1000,3,44,946,1.0,0,1000,0.0,0,0.0,"{""budget"": 1000}"
device_0,0.9375,1704,4.0,140.0,0.01,drop,48,16,3,0.19999,0.9358099323716185,0,1000,1000,P2,0.0417751130406823,4177.51130406823,0.01,1000,3,39,951,1.0,0,1000,0.0,0,0.0,"{""budget"": 1000}"
device_0,0.9375,1705,4.0,140.0,0.01,drop,48,16,3,0.19063,0.9374553760710133,0,1000,1000,P2,0.041272463631045815,4127.246363104581,0.01,1000,3,50,936,1.0,0,1000,0.0,0,0.0,"{""budget"": 1000}"
device_0,0.9375,1706,4.0,140.0,0.01,drop,48,16,3,0.20144,0.9386428776611538,0,1000,1000,P2,0.04186334337122663,4186.334337122663,0.01,1000,4,46,942,1.0,0,1000,0.0,0,0.0,"{""budget"": 1000}"
device_0,0.9375,1707,4.0,140.0,0.01,drop,48,16,3,0.20073,0.9386652506542138,0,1000,1000,P2,0.04182884132819999,4182.884132819999,0.01,1000,3,45,943,1.0,0,1000,0.0,0,0.0,"{""budget"": 1000}"
device_0,0.9375,1708,4.0,140.0,0.01,drop,48,16,3,0.19042,0.9350336658268497,0,1000,1000,P2,0.041241083371119,4124.1083371119,0.01,1000,3,43,947,1.0,0,1000,0.0,0,0.0,"{""budget"": 1000}"
device_0,0.9375,1709,4.0,140.0,0.01,drop,48,16,3,0.20214,0.9387695757970393,0,1000,1000,P2,0.04193311537378914,4193.311537378914,0.01,1000,3,51,939,1.0,0,1000,0.0,0,0.0,"{""budget"": 1000}"
device_0,0.9375,1710,4.0,140.0,0.01,drop,48,16,3,0.20082,0.9338903427364145,0,1000,1000,P2,0.04181516719567677,4181.516719567677,0.01,1000,3,36,947,1.0,0,1000,0.0,0,0.0,"{""budget"": 1000}"
device_0,0.975,1701,4.0,140.0,0.01,drop,48,16,3,0.20012,0.9750727182312047,0,1000,1000,P2,0.041831784877981844,4183.1784877981845,0.01,1000,3,47,945,1.0,0,1000,0.0,0,0.0,"{""budget"": 1000}"
device_0,0.975,1702,4.0,140.0,0.01,drop,48,16,3,0.19762,0.9739220248349032,0,1000,1000,P2,0.041707332651517354,4170.733265151735,0.01,1000,3,54,931,1.0,0,1000,0.0,0,0.0,"{""budget"": 1000}"
device_0,0.975,1703,4.0,140.0,0.01,drop,48,16,3,0.1984,0.975854682367182,0,1000,1000,P2,0.04170282644443993,4170.2826444439925,0.01,1000,4,39,949,1.0,0,1000,0.0,0,0.0,"{""budget"": 1000}"
device_0,0.975,1704,4.0,140.0,0.01,drop,48,16,3,0.19634,0.9733501805342133,0,1000,1000,P2,0.04159446088770696,4159.446088770696,0.01,1000,3,53,928,1.0,0,1000,0.0,0,0.0,"{""budget"": 1000}"
device_0,0.975,1705,4.0,140.0,0.01,drop,48,16,3,0.19493,0.9747974986214312,0,1000,1000,P2,0.04147339016659058,4147.339016659058,0.01,1000,3,49,942,1.0,0,1000,0.0,0,0.0,"{""budget"": 1000}"
device_0,0.975,1706,4.0,140.0,0.01,drop,48,16,3,0.203,0.9742259419786155,0,1000,1000,P2,0.0419497342438012,4194.9734243801195,0.01,1000,3,43,940,1.0,0,1000,0.0,0,0.0,"{""budget"": 1000}"
device_0,0.975,1707,4.0,140.0,0.01,drop,48,16,3,0.20266,0.9738223967562294,0,1000,1000,P2,0.041970985988358425,4197.0985988358425,0.01,1000,3,41,939,1.0,0,1000,0.0,0,0.0,"{""budget"": 1000}"
device_0,0.975,1708,4.0,140.0,0.01,drop,48,16,3,0.19043,0.9746047948044175,0,1000,1000,P2,0.041210594692992875,4121.059469299287,0.01,1000,3,49,941,1.0,0,1000,0.0,0,0.0,"{""budget"": 1000}"
device_0,0.975,1709,4.0,140.0,0.01,drop,48,16,3,0.19294,0.9749540477640206,0,1000,1000,P2,0.04134232612093517,4134.232612093517,0.01,1000,3,50,946,1.0,0,1000,0.0,0,0.0,"{""budget"": 1000}"
device_0,0.975,1710,4.0,140.0,0.01,drop,48,16,3,0.19779,0.9774683509778551,0,1000,1000,P2,0.041654379475225115,4165.437947522511,0.01,1000,3,46,935,1.0,0,1000,0.0,0,0.0,"{""budget"": 1000}"
device_0,0.0,1701,4.0,140.0,0.01,late,48,16,3,0.19936,-0.002661444942765865,0,1000,1000,P2,0.043257345006834765,4325.734500683477,0.01,1000,1,0,212,0.354,646,354,0.0,0,0.0,"{""budget"": 1000}"
device_0,0.0,1702,4.0,140.0,0.01,late,48,16,3,0.20106,0.005830007599770396,0,1000,1000,P2,0.04336980693556592,4336.980693556592,0.01,1000,2,1,200,0.372,628,372,0.0,0,0.0,"{""budget"": 1000}"
device_0,0.0,1703,4.0,140.0,0.01,late,48,16,3,0.19952,0.005656351965683195,0,1000,1000,P2,0.04334046551501911,4334.046551501911,0.01,1000,1,0,220,0.371,629,371,0.0,0,0.0,"{""budget"": 1000}"
device_0,0.0,1704,4.0,140.0,0.01,late,48,16,3,0.20257,0.002457782015709934,0,1000,1000,P2,0.04345842569888844,4345.842569888844,0.01,1000,2,1,211,0.374,626,374,0.0,0,0.0,"{""budget"": 1000}"
device_0,0.0,1705,4.0,140.0,0.01,late,48,16,3,0.20104,-0.004155617772998724,0,1000,1000,P2,0.0433507617003824,4335.07617003824,0.01,1000,2,2,200,0.355,645,355,0.0,0,0.0,"{""budget"": 1000}"
device_0,0.0,1706,4.0,140.0,0.01,late,48,16,3,0.20062,-0.0045443747273977144,0,1000,1000,P2,0.04335332813841918,4335.332813841918,0.01,1000,1,0,209,0.375,625,375,0.0,0,0.0,"{""budget"": 1000}"
device_0,0.0,1707,4.0,140.0,0.01,late,48,16,3,0.19896,0.001346027845602329,0,1000,1000,P2,0.043236949352463215,4323.694935246322,0.01,1000,1,0,184,0.37,630,370,0.0,0,0.0,"{""budget"": 1000}"
device_0,0.0,1708,4.0,140.0,0.01,late,48,16,3,0.19922,-0.001372807149175493,0,1000,1000,P2,0.04329391084520841,4329.391084520841,0.01,1000,1,0,201,0.371,629,371,0.0,0,0.0,"{""budget"": 1000}"
device_0,0.0,1709,4.0,140.0,0.01,late,48,16,3,0.20001,0.005034822885721277,0,1000,1000,P2,0.04330786309866971,4330.786309866971,0.01,1000,1,0,180,0.355,645,355,0.0,0,0.0,"{""budget"": 1000}"
device_0,0.0,1710,4.0,140.0,0.01,late,48,16,3,0.19848,0.0007247411049733544,0,1000,1000,P2,0.043185217560506944,4318.521756050694,0.01,1000,2,1,182,0.333,667,333,0.0,0,0.0,"{""budget"": 1000}"
device_0,0.375,1701,4.0,140.0,0.01,late,48,16,3,0.19773,0.37585282092426525,0,1000,1000,P2,0.04315515734910884,4315.515734910884,0.01,1000,2,1,202,0.36,640,360,0.0,0,0.0,"{""budget"": 1000}"
device_0,0.375,1702,4.0,140.0,0.01,late,48,16,3,0.20083,0.3763938072575695,0,1000,1000,P2,0.04336351081269032,4336.351081269032,0.01,1000,2,2,196,0.358,642,358,0.0,0,0.0,"{""budget"": 1000}"
device_0,0.375,1703,4.0,140.0,0.01,late,48,16,3,0.19949,0.3708761472322628,0,1000,1000,P2,0.043360666548334995,4336.066654833499,0.01,1000,2,4,212,0.397,603,397,0.0,0,0.0,"{""budget"": 1000}"
device_0,0.375,1704,4.0,140.0,0.01,late,48,16,3,0.19956,0.37083454970073176,0,1000,1000,P2,0.04330393201967259,4330.393201967259,0.01,1000,2,2,180,0.373,627,373,0.0,0,0.0,"{""budget"": 1000}"
device_0,0.375,1705,4.0,140.0,0.01,late,48,16,3,0.1976,0.38054564128452917,0,1000,1000,P2,0.043205527677901354,4320.5527677901355,0.01,1000,2,1,205,0.346,654,346,0.0,0,0.0,"{""budget"": 1000}"
device_0,0.375,1706,4.0,140.0,0.01,late,48,16,3,0.19975,0.37847803043317246,0,1000,1000,P2,0.043329105165119265,4332.910516511926,0.01,1000,2,1,214,0.372,628,372,0.0,0,0.0,"{""budget"": 1000}"
device_0,0.375,1707,4.0,140.0,0.01,late,48,16,3,0.19756,0.3714936166119789,0,1000,1000,P2,0.04316441965129381,4316.441965129381,0.01,1000,2,1,192,0.352,648,352,0.0,0,0.0,"{""budget"": 1000}"
device_0,0.375,1708,4.0,140.0,0.01,late,48,16,3,0.19968,0.3728274067949136,0,1000,1000,P2,0.04326045181764868,4326.045181764868,0.01,1000,1,0,198,0.352,648,352,0.0,0,0.0,"{""budget"": 1000}"
device_0,0.375,1709,4.0,140.0,0.01,late,48,16,3,0.20214,0.3789219763360735,0,1000,1000,P2,0.04350919646867822,4350.919646867822,0.01,1000,1,0,197,0.363,637,363,0.0,0,0.0,"{""budget"": 1000}"
device_0,0.375,1710,4.0,140.0,0.01,late,48,16,3,0.19842,0.37511826036297974,0,1000,1000,P2,0.04324209747068437,4324.209747068437,0.01,1000,2,2,198,0.352,648,352,0.0,0,0.0,"{""budget"": 1000}"
device_0,0.75,1701,4.0,140.0,0.01,late,48,16,3,0.20817,0.7556341521150168,0,1000,1000,P2,0.04382760359362783,4382.760359362783,0.01,1000,2,2,190,0.322,678,322,0.0,0,0.0,"{""budget"": 1000}"
device_0,0.75,1702,4.0,140.0,0.01,late,48,16,3,0.20244,0.7487885933421545,0,1000,1000,P2,0.04347750750253541,4347.750750253541,0.01,1000,1,0,201,0.342,658,342,0.0,0,0.0,"{""budget"": 1000}"
device_0,0.75,1703,4.0,140.0,0.01,late,48,16,3,0.20102,0.7470900970852136,0,1000,1000,P2,0.04339816156642488,4339.816156642488,0.01,1000,2,6,201,0.351,649,351,0.0,0,0.0,"{""budget"": 1000}"
device_0,0.75,1704,4.0,140.0,0.01,late,48,16,3,0.19715,0.7479806369104111,0,1000,1000,P2,0.0431328384015425,4313.28384015425,0.01,1000,2,1,183,0.355,645,355,0.0,0,0.0,"{""budget"": 1000}"
device_0,0.75,1705,4.0,140.0,0.01,late,48,16,3,0.20494,0.7506431485678381,0,1000,1000,P2,0.043679381033107485,4367.938103310748,0.01,1000,2,1,219,0.366,634,366,0.0,0,0.0,"{""budget"": 1000}"
device_0,0.75,1706,4.0,140.0,0.01,late,48,16,3,0.20282,0.7537784223147826,0,1000,1000,P2,0.043385037169375446,4338.503716937545,0.01,1000,2,1,190,0.37,630,370,0.0,0,0.0,"{""budget"": 1000}"
device_0,0.75,1707,4.0,140.0,0.01,late,48,16,3,0.20138,0.7431906944181493,0,1000,1000,P2,0.04350636501237157,4350.636501237157,0.01,1000,2,2,192,0.378,622,378,0.0,0,0.0,"{""budget"": 1000}"
device_0,0.75,1708,4.0,140.0,0.01,late,48,16,3,0.20034,0.7475350990705809,0,1000,1000,P2,0.04321704202878881,4321.704202878881,0.01,1000,2,2,202,0.382,618,382,0.0,0,0.0,"{""budget"": 1000}"
device_0,0.75,1709,4.0,140.0,0.01,late,48,16,3,0.20613,0.7542776800152501,0,1000,1000,P2,0.0436964989886708,4369.64989886708,0.01,1000,2,2,188,0.352,648,352,0.0,0,0.0,"{""budget"": 1000}"
device_0,0.75,1710,4.0,140.0,0.01,late,48,16,3,0.20286,0.74728584709585,0,1000,1000,P2,0.04348579207179164,4348.579207179164,0.01,1000,2,5,221,0.341,659,341,0.0,0,0.0,"{""budget"": 1000}"
device_0,0.875,1701,4.0,140.0,0.01,late,48,16,3,0.20249,0.8763990178082249,0,1000,1000,P2,0.043440059884792936,4344.005988479294,0.01,1000,2,3,189,0.351,649,351,0.0,0,0.0,"{""budget"": 1000}"
device_0,0.875,1702,4.0,140.0,0.01,late,48,16,3,0.19703,0.8759866636367837,0,1000,1000,P2,0.043090505354260934,4309.050535426093,0.01,1000,1,0,196,0.364,636,364,0.0,0,0.0,"{""budget"": 1000}"
device_0,0.875,1703,4.0,140.0,0.01,late,48,16,3,0.20238,0.8773687974569232,0,1000,1000,P2,0.04346640706282427,4346.640706282427,0.01,1000,2,1,218,0.358,642,358,0.0,0,0.0,"{""budget"": 1000}"
device_0,0.875,1704,4.0,140.0,0.01,late,48,16,3,0.19663,0.8771256568671042,0,1000,1000,P2,0.043122598560619445,4312.259856061944,0.01,1000,2,2,188,0.308,692,308,0.0,0,0.0,"{""budget"": 1000}"
device_0,0.875,1705,4.0,140.0,0.01,late,48,16,3,0.20133,0.8756186617053834,0,1000,1000,P2,0.04339414123724258,4339.4141237242575,0.01,1000,2,2,184,0.278,722,278,0.0,0,0.0,"{""budget"": 1000}"
device_0,0.875,1706,4.0,140.0,0.01,late,48,16,3,0.19605,0.8731077294363513,0,1000,1000,P2,0.043092522184176384,4309.252218417639,0.01,1000,2,4,200,0.349,651,349,0.0,0,0.0,"{""budget"": 1000}"
device_0,0.875,1707,4.0,140.0,0.01,late,48,16,3,0.2,0.8774036452681541,0,1000,1000,P2,0.04331441753420459,4331.4417534204595,0.01,1000,2,1,209,0.399,601,399,0.0,0,0.0,"{""budget"": 1000}"
device_0,0.875,1708,4.0,140.0,0.01,late,48,16,3,0.20258,0.87442580026271,0,1000,1000,P2,0.04354259160643016,4354.259160643016,0.01,1000,2,2,201,0.294,706,294,0.0,0,0.0,"{""budget"": 1000}"
device_0,0.875,1709,4.0,140.0,0.01,late,48,16,3,0.19831,0.8770598020870867,0,1000,1000,P2,0.043136194075942894,4313.619407594289,0.01,1000,1,0,192,0.313,687,313,0.0,0,0.0,"{""budget"": 1000}"
device_0,0.875,1710,4.0,140.0,0.01,late,48,16,3,0.19668,0.8724656025657239,0,1000,1000,P2,0.04314129426354245,4314.129426354245,0.01,1000,2,3,198,0.318,682,318,0.0,0,0.0,"{""budget"": 1000}"
device_0,0.9375,1701,4.0,140.0,0.01,late,48,16,3,0.20509,0.9402237906216514,0,1000,1000,P2,0.04365298691012031,4365.298691012031,0.01,1000,2,1,218,0.472,528,472,0.0,0,0.0,"{""budget"": 1000}"
device_0,0.9375,1702,4.0,140.0,0.01,late,48,16,3,0.19366,0.9366016280001491,0,1000,1000,P2,0.04300678272404075,4300.678272404075,0.01,1000,2,1,181,0.304,696,304,0.0,0,0.0,"{""budget"": 1000}"
device_0,0.9375,1703,4.0,140.0,0.01,late,48,16,3,0.19489,0.9369055048961522,0,1000,1000,P2,0.04302380112992813,4302.380112992813,0.01,1000,1,0,219,0.291,709,291,0.0,0,0.0,"{""budget"": 1000}"
device_0,0.9375,1704,4.0,140.0,0.01,late,48,16,3,0.19999,0.9358099323716185,0,1000,1000,P2,0.043275209712982925,4327.520971298292,0.01,1000,2,3,190,0.267,733,267,0.0,0,0.0,"{""budget"": 1000}"
device_0,0.9375,1705,4.0,140.0,0.01,late,48,16,3,0.19063,0.9374553760710133,0,1000,1000,P2,0.042770289818975224,4277.0289818975225,0.01,1000,2,1,188,0.421,579,421,0.0,0,0.0,"{""budget"": 1000}"
device_0,0.9375,1706,4.0,140.0,0.01,late,48,16,3,0.20144,0.9386428776611538,0,1000,1000,P2,0.04337226795429423,4337.226795429423,0.01,1000,1,0,217,0.354,646,354,0.0,0,0.0,"{""budget"": 1000}"
device_0,0.9375,1707,4.0,140.0,0.01,late,48,16,3,0.20073,0.9386652506542138,0,1000,1000,P2,0.043343174760039765,4334.3174760039765,0.01,1000,2,5,230,0.461,539,461,0.0,0,0.0,"{""budget"": 1000}"
device_0,0.9375,1708,4.0,140.0,0.01,late,48,16,3,0.19042,0.9350336658268497,0,1000,1000,P2,0.042733840389982916,4273.3840389982915,0.01,1000,1,0,166,0.373,627,373,0.0,0,0.0,"{""budget"": 1000}"
device_0,0.9375,1709,4.0,140.0,0.01,late,48,16,3,0.20214,0.9387695757970393,0,1000,1000,P2,0.04343400342327107,4343.400342327107,0.01,1000,2,2,187,0.362,638,362,0.0,0,0.0,"{""budget"": 1000}"
device_0,0.9375,1710,4.0,140.0,0.01,late,48,16,3,0.20082,0.9338903427364145,0,1000,1000,P2,0.04331730878812735,4331.730878812735,0.01,1000,2,1,190,0.378,622,378,0.0,0,0.0,"{""budget"": 1000}"
device_0,0.975,1701,4.0,140.0,0.01,late,48,16,3,0.20012,0.9750727182312047,0,1000,1000,P2,0.04332682415306614,4332.6824153066145,0.01,1000,1,0,177,0.22,780,220,0.0,0,0.0,"{""budget"": 1000}"
device_0,0.975,1702,4.0,140.0,0.01,late,48,16,3,0.19762,0.9739220248349032,0,1000,1000,P2,0.043204439753471116,4320.4439753471115,0.01,1000,2,2,183,0.425,575,425,0.0,0,0.0,"{""budget"": 1000}"
device_0,0.975,1703,4.0,140.0,0.01,late,48,16,3,0.1984,0.975854682367182,0,1000,1000,P2,0.043205081018670335,4320.5081018670335,0.01,1000,2,1,191,0.29,710,290,0.0,0,0.0,"{""budget"": 1000}"
device_0,0.975,1704,4.0,140.0,0.01,late,48,16,3,0.19634,0.9733501805342133,0,1000,1000,P2,0.04309565745484444,4309.565745484444,0.01,1000,2,4,196,0.359,641,359,0.0,0,0.0,"{""budget"": 1000}"
device_0,0.975,1705,4.0,140.0,0.01,late,48,16,3,0.19493,0.9747974986214312,0,1000,1000,P2,0.04297358462154125,4297.358462154125,0.01,1000,2,2,194,0.402,598,402,0.0,0,0.0,"{""budget"": 1000}"
device_0,0.975,1706,4.0,140.0,0.01,late,48,16,3,0.203,0.9742259419786155,0,1000,1000,P2,0.043445730880684756,4344.573088068476,0.01,1000,1,0,204,0.355,645,355,0.0,0,0.0,"{""budget"": 1000}"
device_0,0.975,1707,4.0,140.0,0.01,late,48,16,3,0.20266,0.9738223967562294,0,1000,1000,P2,0.04347146650428598,4347.146650428598,0.01,1000,2,3,167,0.442,558,442,0.0,0,0.0,"{""budget"": 1000}"
device_0,0.975,1708,4.0,140.0,0.01,late,48,16,3,0.19043,0.9746047948044175,0,1000,1000,P2,0.042709829164811065,4270.982916481106,0.01,1000,2,3,176,0.276,724,276,0.0,0,0.0,"{""budget"": 1000}"
device_0,0.975,1709,4.0,140.0,0.01,late,48,16,3,0.19294,0.9749540477640206,0,1000,1000,P2,0.042841778797708285,4284.177879770828,0.01,1000,2,1,218,0.311,689,311,0.0,0,0.0,"{""budget"": 1000}"
device_0,0.975,1710,4.0,140.0,0.01,late,48,16,3,0.19779,0.9774683509778551,0,1000,1000,P2,0.04316096097156833,4316.096097156833,0.01,1000,2,2,199,0.447,553,447,0.0,0,0.0,"{""budget"": 1000}"
device_0,0.0,1701,4.0,140.0,0.05,drop,48,16,3,0.19936,-0.002661444942765865,0,5000,1000,P2,0.03701930284183617,3701.9302841836165,0.05,5000,4,243,4699,1.0,0,5000,0.0,0,0.0,"{""budget"": 5000}"
device_0,0.0,1702,4.0,140.0,0.05,drop,48,16,3,0.20106,0.005830007599770396,0,5000,1000,P2,0.03714673435730436,3714.673435730436,0.05,5000,4,248,4683,1.0,0,5000,0.0,0,0.0,"{""budget"": 5000}"
device_0,0.0,1703,4.0,140.0,0.05,drop,48,16,3,0.19952,0.005656351965683195,0,5000,1000,P2,0.03711065000546999,3711.065000546999,0.05,5000,3,257,4689,1.0,0,5000,0.0,0,0.0,"{""budget"": 5000}"
device_0,0.0,1704,4.0,140.0,0.05,drop,48,16,3,0.20257,0.002457782015709934,0,5000,1000,P2,0.03724027066217759,3724.027066217759,0.05,5000,4,236,4699,1.0,0,5000,0.0,0,0.0,"{""budget"": 5000}"
device_0,0.0,1705,4.0,140.0,0.05,drop,48,16,3,0.20104,-0.004155617772998724,0,5000,1000,P2,0.03712651845585052,3712.6518455850523,0.05,5000,3,219,4725,1.0,0,5000,0.0,0,0.0,"{""budget"": 5000}"
device_0,0.0,1706,4.0,140.0,0.05,drop,48,16,3,0.20062,-0.0045443747273977144,0,5000,1000,P2,0.03712095612059416,3712.0956120594165,0.05,5000,3,228,4715,1.0,0,5000,0.0,0,0.0,"{""budget"": 5000}"
device_0,0.0,1707,4.0,140.0,0.05,drop,48,16,3,0.19896,0.001346027845602329,0,5000,1000,P2,0.037024827130861644,3702.4827130861645,0.05,5000,3,236,4693,1.0,0,5000,0.0,0,0.0,"{""budget"": 5000}"
device_0,0.0,1708,4.0,140.0,0.05,drop,48,16,3,0.19922,-0.001372807149175493,0,5000,1000,P2,0.03706811874284364,3706.8118742843635,0.05,5000,4,231,4701,1.0,0,5000,0.0,0,0.0,"{""budget"": 5000}"
device_0,0.0,1709,4.0,140.0,0.05,drop,48,16,3,0.20001,0.005034822885721277,0,5000,1000,P2,0.03707716985230817,3707.716985230817,0.05,5000,4,258,4673,1.0,0,5000,0.0,0,0.0,"{""budget"": 5000}"
device_0,0.0,1710,4.0,140.0,0.05,drop,48,16,3,0.19848,0.0007247411049733544,0,5000,1000,P2,0.03698663552678401,3698.6635526784007,0.05,5000,3,240,4707,1.0,0,5000,0.0,0,0.0,"{""budget"": 5000}"
device_0,0.375,1701,4.0,140.0,0.05,drop,48,16,3,0.19773,0.37585282092426525,0,5000,1000,P2,0.036955531783618045,3695.5531783618044,0.05,5000,5,569,4318,1.0,0,5000,0.0,0,0.0,"{""budget"": 5000}"
device_0,0.375,1702,4.0,140.0,0.05,drop,48,16,3,0.20083,0.3763938072575695,0,5000,1000,P2,0.03712816779354156,3712.816779354156,0.05,5000,4,533,4335,1.0,0,5000,0.0,0,0.0,"{""budget"": 5000}"
device_0,0.375,1703,4.0,140.0,0.05,drop,48,16,3,0.19949,0.3708761472322628,0,5000,1000,P2,0.0371309233217113,3713.09233217113,0.05,5000,5,471,4410,1.0,0,5000,0.0,0,0.0,"{""budget"": 5000}"
device_0,0.375,1704,4.0,140.0,0.05,drop,48,16,3,0.19956,0.37083454970073176,0,5000,1000,P2,0.03708391389205627,3708.391389205627,0.05,5000,4,562,4312,1.0,0,5000,0.0,0,0.0,"{""budget"": 5000}"
device_0,0.375,1705,4.0,140.0,0.05,drop,48,16,3,0.1976,0.38054564128452917,0,5000,1000,P2,0.03699314933728432,3699.314933728432,0.05,5000,6,579,4293,1.0,0,5000,0.0,0,0.0,"{""budget"": 5000}"
device_0,0.375,1706,4.0,140.0,0.05,drop,48,16,3,0.19975,0.37847803043317246,0,5000,1000,P2,0.037091651494740766,3709.1651494740763,0.05,5000,5,516,4353,1.0,0,5000,0.0,0,0.0,"{""budget"": 5000}"
device_0,0.375,1707,4.0,140.0,0.05,drop,48,16,3,0.19756,0.3714936166119789,0,5000,1000,P2,0.03695830070415872,3695.830070415872,0.05,5000,4,556,4320,1.0,0,5000,0.0,0,0.0,"{""budget"": 5000}"
device_0,0.375,1708,4.0,140.0,0.05,drop,48,16,3,0.19968,0.3728274067949136,0,5000,1000,P2,0.03707834668265771,3707.834668265771,0.05,5000,5,544,4319,1.0,0,5000,0.0,0,0.0,"{""budget"": 5000}"
device_0,0.375,1709,4.0,140.0,0.05,drop,48,16,3,0.20214,0.3789219763360735,0,5000,1000,P2,0.03725835618149468,3725.8356181494682,0.05,5000,4,536,4321,1.0,0,5000,0.0,0,0.0,"{""budget"": 5000}"
device_0,0.375,1710,4.0,140.0,0.05,drop,48,16,3,0.19842,0.37511826036297974,0,5000,1000,P2,0.03700887014355188,3700.8870143551876,0.05,5000,5,540,4338,1.0,0,5000,0.0,0,0.0,"{""budget"": 5000}"
device_0,0.75,1701,4.0,140.0,0.05,drop,48,16,3,0.20817,0.7556341521150168,0,5000,1000,P2,0.037566388655321054,3756.6388655321052,0.05,5000,5,768,4028,1.0,0,5000,0.0,0,0.0,"{""budget"": 5000}"
device_0,0.75,1702,4.0,140.0,0.05,drop,48,16,3,0.20244,0.7487885933421545,0,5000,1000,P2,0.03721829094680556,3721.829094680556,0.05,5000,7,782,3960,1.0,0,5000,0.0,0,0.0,"{""budget"": 5000}"
device_0,0.75,1703,4.0,140.0,0.05,drop,48,16,3,0.20102,0.7470900970852136,0,5000,1000,P2,0.037149182860917014,3714.9182860917017,0.05,5000,7,802,3955,1.0,0,5000,0.0,0,0.0,"{""budget"": 5000}"
device_0,0.75,1704,4.0,140.0,0.05,drop,48,16,3,0.19715,0.7479806369104111,0,5000,1000,P2,0.036920890294031415,3692.0890294031415,0.05,5000,6,783,3967,1.0,0,5000,0.0,0,0.0,"{""budget"": 5000}"
device_0,0.75,1705,4.0,140.0,0.05,drop,48,16,3,0.20494,0.7506431485678381,0,5000,1000,P2,0.03741541554906153,3741.541554906153,0.05,5000,5,797,3989,1.0,0,5000,0.0,0,0.0,"{""budget"": 5000}"
device_0,0.75,1706,4.0,140.0,0.05,drop,48,16,3,0.20282,0.7537784223147826,0,5000,1000,P2,0.037183708366607005,3718.3708366607,0.05,5000,9,766,3989,1.0,0,5000,0.0,0,0.0,"{""budget"": 5000}"
device_0,0.75,1707,4.0,140.0,0.05,drop,48,16,3,0.20138,0.7431906944181493,0,5000,1000,P2,0.03726550894315445,3726.550894315445,0.05,5000,6,792,3970,1.0,0,5000,0.0,0,0.0,"{""budget"": 5000}"
device_0,0.75,1708,4.0,140.0,0.05,drop,48,16,3,0.20034,0.7475350990705809,0,5000,1000,P2,0.03700930050229336,3700.930050229336,0.05,5000,7,790,3936,1.0,0,5000,0.0,0,0.0,"{""budget"": 5000}"
device_0,0.75,1709,4.0,140.0,0.05,drop,48,16,3,0.20613,0.7542776800152501,0,5000,1000,P2,0.03745532513274171,3745.5325132741714,0.05,5000,7,773,3969,1.0,0,5000,0.0,0,0.0,"{""budget"": 5000}"
device_0,0.75,1710,4.0,140.0,0.05,drop,48,16,3,0.20286,0.74728584709585,0,5000,1000,P2,0.03724729033343364,3724.729033343364,0.05,5000,8,770,4009,1.0,0,5000,0.0,0,0.0,"{""budget"": 5000}"
device_0,0.875,1701,4.0,140.0,0.05,drop,48,16,3,0.20249,0.8763990178082249,0,5000,1000,P2,0.03719716492034476,3719.7164920344753,0.05,5000,8,839,3907,1.0,0,5000,0.0,0,0.0,"{""budget"": 5000}"
device_0,0.875,1702,4.0,140.0,0.05,drop,48,16,3,0.19703,0.8759866636367837,0,5000,1000,P2,0.03689591909811567,3689.5919098115664,0.05,5000,7,844,3857,1.0,0,5000,0.0,0,0.0,"{""budget"": 5000}"
device_0,0.875,1703,4.0,140.0,0.05,drop,48,16,3,0.20238,0.8773687974569232,0,5000,1000,P2,0.03722397571922004,3722.397571922004,0.05,5000,6,880,3822,1.0,0,5000,0.0,0,0.0,"{""budget"": 5000}"
device_0,0.875,1704,4.0,140.0,0.05,drop,48,16,3,0.19663,0.8771256568671042,0,5000,1000,P2,0.036920659181372065,3692.065918137206,0.05,5000,10,899,3798,1.0,0,5000,0.0,0,0.0,"{""budget"": 5000}"
device_0,0.875,1705,4.0,140.0,0.05,drop,48,16,3,0.20133,0.8756186617053834,0,5000,1000,P2,0.037175135518758416,3717.5135518758416,0.05,5000,6,866,3869,1.0,0,5000,0.0,0,0.0,"{""budget"": 5000}"
device_0,0.875,1706,4.0,140.0,0.05,drop,48,16,3,0.19605,0.8731077294363513,0,5000,1000,P2,0.036860518925997204,3686.0518925997203,0.05,5000,7,863,3810,1.0,0,5000,0.0,0,0.0,"{""budget"": 5000}"
device_0,0.875,1707,4.0,140.0,0.05,drop,48,16,3,0.2,0.8774036452681541,0,5000,1000,P2,0.037086013131544894,3708.601313154489,0.05,5000,6,885,3805,1.0,0,5000,0.0,0,0.0,"{""budget"": 5000}"
device_0,0.875,1708,4.0,140.0,0.05,drop,48,16,3,0.20258,0.87442580026271,0,5000,1000,P2,0.03728081531749177,3728.081531749177,0.05,5000,7,881,3835,1.0,0,5000,0.0,0,0.0,"{""budget"": 5000}"
device_0,0.875,1709,4.0,140.0,0.05,drop,48,16,3,0.19831,0.8770598020870867,0,5000,1000,P2,0.03694106797630585,3694.106797630585,0.05,5000,6,838,3831,1.0,0,5000,0.0,0,0.0,"{""budget"": 5000}"
device_0,0.875,1710,4.0,140.0,0.05,drop,48,16,3,0.19668,0.8724656025657239,0,5000,1000,P2,0.03692201546190674,3692.2015461906735,0.05,5000,5,874,3827,1.0,0,5000,0.0,0,0.0,"{""budget"": 5000}"
device_0,0.9375,1701,4.0,140.0,0.05,drop,48,16,3,0.20509,0.9402237906216514,0,5000,1000,P2,0.037425113801137916,3742.5113801137913,0.05,5000,6,880,3800,1.0,0,5000,0.0,0,0.0,"{""budget"": 5000}"
device_0,0.9375,1702,4.0,140.0,0.05,drop,48,16,3,0.19366,0.9366016280001491,0,5000,1000,P2,0.0367999616850479,3679.9961685047897,0.05,5000,6,902,3754,1.0,0,5000,0.0,0,0.0,"{""budget"": 5000}"
device_0,0.9375,1703,4.0,140.0,0.05,drop,48,16,3,0.19489,0.9369055048961522,0,5000,1000,P2,0.03682481075780608,3682.481075780608,0.05,5000,6,918,3781,1.0,0,5000,0.0,0,0.0,"{""budget"": 5000}"
device_0,0.9375,1704,4.0,140.0,0.05,drop,48,16,3,0.19999,0.9358099323716185,0,5000,1000,P2,0.03705087409143277,3705.087409143277,0.05,5000,7,923,3757,1.0,0,5000,0.0,0,0.0,"{""budget"": 5000}"
device_0,0.9375,1705,4.0,140.0,0.05,drop,48,16,3,0.19063,0.9374553760710133,0,5000,1000,P2,0.03657806384777632,3657.806384777632,0.05,5000,6,899,3711,1.0,0,5000,0.0,0,0.0,"{""budget"": 5000}"
device_0,0.9375,1706,4.0,140.0,0.05,drop,48,16,3,0.20144,0.9386428776611538,0,5000,1000,P2,0.03715214910143841,3715.214910143841,0.05,5000,7,887,3791,1.0,0,5000,0.0,0,0.0,"{""budget"": 5000}"
device_0,0.9375,1707,4.0,140.0,0.05,drop,48,16,3,0.20073,0.9386652506542138,0,5000,1000,P2,0.0371022098710724,3710.22098710724,0.05,5000,6,923,3744,1.0,0,5000,0.0,0,0.0,"{""budget"": 5000}"
device_0,0.9375,1708,4.0,140.0,0.05,drop,48,16,3,0.19042,0.9350336658268497,0,5000,1000,P2,0.03655308764087827,3655.308764087827,0.05,5000,6,903,3718,1.0,0,5000,0.0,0,0.0,"{""budget"": 5000}"
device_0,0.9375,1709,4.0,140.0,0.05,drop,48,16,3,0.20214,0.9387695757970393,0,5000,1000,P2,0.037200635702273985,3720.0635702273985,0.05,5000,6,886,3795,1.0,0,5000,0.0,0,0.0,"{""budget"": 5000}"
device_0,0.9375,1710,4.0,140.0,0.05,drop,48,16,3,0.20082,0.9338903427364145,0,5000,1000,P2,0.037106767991947294,3710.6767991947295,0.05,5000,8,885,3760,1.0,0,5000,0.0,0,0.0,"{""budget"": 5000}"
device_0,0.975,1701,4.0,140.0,0.05,drop,48,16,3,0.20012,0.9750727182312047,0,5000,1000,P2,0.0371207966148709,3712.07966148709,0.05,5000,7,915,3741,1.0,0,5000,0.0,0,0.0,"{""budget"": 5000}"
device_0,0.975,1702,4.0,140.0,0.05,drop,48,16,3,0.19762,0.9739220248349032,0,5000,1000,P2,0.036990869088723816,3699.0869088723816,0.05,5000,6,932,3670,1.0,0,5000,0.0,0,0.0,"{""budget"": 5000}"
device_0,0.975,1703,4.0,140.0,0.05,drop,48,16,3,0.1984,0.975854682367182,0,5000,1000,P2,0.03699763668590442,3699.7636685904417,0.05,5000,6,943,3722,1.0,0,5000,0.0,0,0.0,"{""budget"": 5000}"
device_0,0.975,1704,4.0,140.0,0.05,drop,48,16,3,0.19634,0.9733501805342133,0,5000,1000,P2,0.036883718615392316,3688.3718615392313,0.05,5000,8,906,3731,1.0,0,5000,0.0,0,0.0,"{""budget"": 5000}"
device_0,0.975,1705,4.0,140.0,0.05,drop,48,16,3,0.19493,0.9747974986214312,0,5000,1000,P2,0.036774221184999845,3677.422118499984,0.05,5000,6,965,3682,1.0,0,5000,0.0,0,0.0,"{""budget"": 5000}"
device_0,0.975,1706,4.0,140.0,0.05,drop,48,16,3,0.203,0.9742259419786155,0,5000,1000,P2,0.037235789054748406,3723.5789054748407,0.05,5000,8,898,3756,1.0,0,5000,0.0,0,0.0,"{""budget"": 5000}"
device_0,0.975,1707,4.0,140.0,0.05,drop,48,16,3,0.20266,0.9738223967562294,0,5000,1000,P2,0.03725944288244695,3725.9442882446956,0.05,5000,6,916,3724,1.0,0,5000,0.0,0,0.0,"{""budget"": 5000}"
device_0,0.975,1708,4.0,140.0,0.05,drop,48,16,3,0.19043,0.9746047948044175,0,5000,1000,P2,0.036534513756574495,3653.4513756574497,0.05,5000,6,928,3704,1.0,0,5000,0.0,0,0.0,"{""budget"": 5000}"
device_0,0.975,1709,4.0,140.0,0.05,drop,48,16,3,0.19294,0.9749540477640206,0,5000,1000,P2,0.03667081029610781,3667.0810296107807,0.05,5000,8,919,3704,1.0,0,5000,0.0,0,0.0,"{""budget"": 5000}"
device_0,0.975,1710,4.0,140.0,0.05,drop,48,16,3,0.19779,0.9774683509778551,0,5000,1000,P2,0.036945615515971635,3694.5615515971635,0.05,5000,7,907,3699,1.0,0,5000,0.0,0,0.0,"{""budget"": 5000}"
device_0,0.0,1701,4.0,140.0,0.05,late,48,16,3,0.19936,-0.002661444942765865,0,5000,1000,P2,0.043257345006834765,4325.734500683477,0.05,5000,3797,1,204,0.2356,3822,1178,0.0,0,0.0,"{""budget"": 5000}"
device_0,0.0,1702,4.0,140.0,0.05,late,48,16,3,0.20106,0.005830007599770396,0,5000,1000,P2,0.04336980693556592,4336.980693556592,0.05,5000,3806,2,194,0.2304,3848,1152,0.0,0,0.0,"{""budget"": 5000}"
device_0,0.0,1703,4.0,140.0,0.05,late,48,16,3,0.19952,0.005656351965683195,0,5000,1000,P2,0.04334046551501911,4334.046551501911,0.05,5000,3786,1,215,0.2264,3868,1132,0.0,0,0.0,"{""budget"": 5000}"
device_0,0.0,1704,4.0,140.0,0.05,late,48,16,3,0.20257,0.002457782015709934,0,5000,1000,P2,0.04345842569888844,4345.842569888844,0.05,5000,3799,2,201,0.2312,3844,1156,0.0,0,0.0,"{""budget"": 5000}"
device_0,0.0,1705,4.0,140.0,0.05,late,48,16,3,0.20104,-0.004155617772998724,0,5000,1000,P2,0.0433507617003824,4335.07617003824,0.05,5000,3808,3,191,0.23,3850,1150,0.0,0,0.0,"{""budget"": 5000}"
device_0,0.0,1706,4.0,140.0,0.05,late,48,16,3,0.20062,-0.0045443747273977144,0,5000,1000,P2,0.04335332813841918,4335.332813841918,0.05,5000,3800,1,201,0.2322,3839,1161,0.0,0,0.0,"{""budget"": 5000}"
device_0,0.0,1707,4.0,140.0,0.05,late,48,16,3,0.19896,0.001346027845602329,0,5000,1000,P2,0.043236949352463215,4323.694935246322,0.05,5000,3820,1,181,0.2328,3836,1164,0.0,0,0.0,"{""budget"": 5000}"
device_0,0.0,1708,4.0,140.0,0.05,late,48,16,3,0.19922,-0.001372807149175493,0,5000,1000,P2,0.04329391084520841,4329.391084520841,0.05,5000,3813,1,188,0.2278,3861,1139,0.0,0,0.0,"{""budget"": 5000}"
device_0,0.0,1709,4.0,140.0,0.05,late,48,16,3,0.20001,0.005034822885721277,0,5000,1000,P2,0.04330786309866971,4330.786309866971,0.05,5000,3827,1,174,0.2274,3863,1137,0.0,0,0.0,"{""budget"": 5000}"
device_0,0.0,1710,4.0,140.0,0.05,late,48,16,3,0.19848,0.0007247411049733544,0,5000,1000,P2,0.043185217560506944,4318.521756050694,0.05,5000,3820,2,180,0.2196,3902,1098,0.0,0,0.0,"{""budget"": 5000}"
device_0,0.375,1701,4.0,140.0,0.05,late,48,16,3,0.19773,0.37585282092426525,0,5000,1000,P2,0.04315515734910884,4315.515734910884,0.05,5000,3805,2,195,0.2238,3881,1119,0.0,0,0.0,"{""budget"": 5000}"
device_0,0.375,1702,4.0,140.0,0.05,late,48,16,3,0.20083,0.3763938072575695,0,5000,1000,P2,0.04336351081269032,4336.351081269032,0.05,5000,3813,3,186,0.2196,3902,1098,0.0,0,0.0,"{""budget"": 5000}"
device_0,0.375,1703,4.0,140.0,0.05,late,48,16,3,0.19949,0.3708761472322628,0,5000,1000,P2,0.043360666548334995,4336.066654833499,0.05,5000,3790,5,207,0.2324,3838,1162,0.0,0,0.0,"{""budget"": 5000}"
device_0,0.375,1704,4.0,140.0,0.05,late,48,16,3,0.19956,0.37083454970073176,0,5000,1000,P2,0.04330393201967259,4330.393201967259,0.05,5000,3825,2,175,0.2354,3823,1177,0.0,0,0.0,"{""budget"": 5000}"
device_0,0.375,1705,4.0,140.0,0.05,late,48,16,3,0.1976,0.38054564128452917,0,5000,1000,P2,0.043205527677901354,4320.5527677901355,0.05,5000,3801,2,199,0.2276,3862,1138,0.0,0,0.0,"{""budget"": 5000}"
device_0,0.375,1706,4.0,140.0,0.05,late,48,16,3,0.19975,0.37847803043317246,0,5000,1000,P2,0.043329105165119265,4332.910516511926,0.05,5000,3795,2,205,0.2222,3889,1111,0.0,0,0.0,"{""budget"": 5000}"
device_0,0.375,1707,4.0,140.0,0.05,late,48,16,3,0.19756,0.3714936166119789,0,5000,1000,P2,0.04316441965129381,4316.441965129381,0.05,5000,3816,2,184,0.2164,3918,1082,0.0,0,0.0,"{""budget"": 5000}"
device_0,0.375,1708,4.0,140.0,0.05,late,48,16,3,0.19968,0.3728274067949136,0,5000,1000,P2,0.04326045181764868,4326.045181764868,0.05,5000,3810,1,191,0.218,3910,1090,0.0,0,0.0,"{""budget"": 5000}"
device_0,0.375,1709,4.0,140.0,0.05,late,48,16,3,0.20214,0.3789219763360735,0,5000,1000,P2,0.04350919646867822,4350.919646867822,0.05,5000,3809,1,192,0.2252,3874,1126,0.0,0,0.0,"{""budget"": 5000}"
device_0,0.375,1710,4.0,140.0,0.05,late,48,16,3,0.19842,0.37511826036297974,0,5000,1000,P2,0.04324209747068437,4324.209747068437,0.05,5000,3809,3,190,0.2174,3913,1087,0.0,0,0.0,"{""budget"": 5000}"
device_0,0.75,1701,4.0,140.0,0.05,late,48,16,3,0.20817,0.7556341521150168,0,5000,1000,P2,0.04382760359362783,4382.760359362783,0.05,5000,3817,3,182,0.2158,3921,1079,0.0,0,0.0,"{""budget"": 5000}"
device_0,0.75,1702,4.0,140.0,0.05,late,48,16,3,0.20244,0.7487885933421545,0,5000,1000,P2,0.04347750750253541,4347.750750253541,0.05,5000,3805,1,196,0.2434,3783,1217,0.0,0,0.0,"{""budget"": 5000}"
device_0,0.75,1703,4.0,140.0,0.05,late,48,16,3,0.20102,0.7470900970852136,0,5000,1000,P2,0.04339816156642488,4339.816156642488,0.05,5000,3799,7,196,0.2336,3832,1168,0.0,0,0.0,"{""budget"": 5000}"
device_0,0.75,1704,4.0,140.0,0.05,late,48,16,3,0.19715,0.7479806369104111,0,5000,1000,P2,0.0431328384015425,4313.28384015425,0.05,5000,3822,2,178,0.2372,3814,1186,0.0,0,0.0,"{""budget"": 5000}"
device_0,0.75,1705,4.0,140.0,0.05,late,48,16,3,0.20494,0.7506431485678381,0,5000,1000,P2,0.043679381033107485,4367.938103310748,0.05,5000,3785,2,215,0.243,3785,1215,0.0,0,0.0,"{""budget"": 5000}"
device_0,0.75,1706,4.0,140.0,0.05,late,48,16,3,0.20282,0.7537784223147826,0,5000,1000,P2,0.043385037169375446,4338.503716937545,0.05,5000,3818,2,182,0.2518,3741,1259,0.0,0,0.0,"{""budget"": 5000}"
device_0,0.75,1707,4.0,140.0,0.05,late,48,16,3,0.20138,0.7431906944181493,0,5000,1000,P2,0.04350636501237157,4350.636501237157,0.05,5000,3811,3,188,0.2222,3889,1111,0.0,0,0.0,"{""budget"": 5000}"
device_0,0.75,1708,4.0,140.0,0.05,late,48,16,3,0.20034,0.7475350990705809,0,5000,1000,P2,0.04321704202878881,4321.704202878881,0.05,5000,3798,3,201,0.2426,3787,1213,0.0,0,0.0,"{""budget"": 5000}"
device_0,0.75,1709,4.0,140.0,0.05,late,48,16,3,0.20613,0.7542776800152501,0,5000,1000,P2,0.0436964989886708,4369.64989886708,0.05,5000,3815,2,185,0.2394,3803,1197,0.0,0,0.0,"{""budget"": 5000}"
device_0,0.75,1710,4.0,140.0,0.05,late,48,16,3,0.20286,0.74728584709585,0,5000,1000,P2,0.04348579207179164,4348.579207179164,0.05,5000,3780,6,216,0.234,3830,1170,0.0,0,0.0,"{""budget"": 5000}"
device_0,0.875,1701,4.0,140.0,0.05,late,48,16,3,0.20249,0.8763990178082249,0,5000,1000,P2,0.043440059884792936,4344.005988479294,0.05,5000,3813,4,185,0.228,3860,1140,0.0,0,0.0,"{""budget"": 5000}"
device_0,0.875,1702,4.0,140.0,0.05,late,48,16,3,0.19703,0.8759866636367837,0,5000,1000,P2,0.043090505354260934,4309.050535426093,0.05,5000,3813,1,188,0.2092,3954,1046,0.0,0,0.0,"{""budget"": 5000}"
device_0,0.875,1703,4.0,140.0,0.05,late,48,16,3,0.20238,0.8773687974569232,0,5000,1000,P2,0.04346640706282427,4346.640706282427,0.05,5000,3792,2,208,0.2594,3703,1297,0.0,0,0.0,"{""budget"": 5000}"
device_0,0.875,1704,4.0,140.0,0.05,late,48,16,3,0.19663,0.8771256568671042,0,5000,1000,P2,0.043122598560619445,4312.259856061944,0.05,5000,3822,3,177,0.236,3820,1180,0.0,0,0.0,"{""budget"": 5000}"
device_0,0.875,1705,4.0,140.0,0.05,late,48,16,3,0.20133,0.8756186617053834,0,5000,1000,P2,0.04339414123724258,4339.4141237242575,0.05,5000,3822,2,178,0.221,3895,1105,0.0,0,0.0,"{""budget"": 5000}"
device_0,0.875,1706,4.0,140.0,0.05,late,48,16,3,0.19605,0.8731077294363513,0,5000,1000,P2,0.043092522184176384,4309.252218417639,0.05,5000,3802,5,195,0.216,3920,1080,0.0,0,0.0,"{""budget"": 5000}"
device_0,0.875,1707,4.0,140.0,0.05,late,48,16,3,0.2,0.8774036452681541,0,5000,1000,P2,0.04331441753420459,4331.4417534204595,0.05,5000,3793,2,207,0.2398,3801,1199,0.0,0,0.0,"{""budget"": 5000}"
device_0,0.875,1708,4.0,140.0,0.05,late,48,16,3,0.20258,0.87442580026271,0,5000,1000,P2,0.04354259160643016,4354.259160643016,0.05,5000,3800,2,200,0.1976,4012,988,0.0,0,0.0,"{""budget"": 5000}"
device_0,0.875,1709,4.0,140.0,0.05,late,48,16,3,0.19831,0.8770598020870867,0,5000,1000,P2,0.043136194075942894,4313.619407594289,0.05,5000,3814,1,187,0.2088,3956,1044,0.0,0,0.0,"{""budget"": 5000}"
device_0,0.875,1710,4.0,140.0,0.05,late,48,16,3,0.19668,0.8724656025657239,0,5000,1000,P2,0.04314129426354245,4314.129426354245,0.05,5000,3805,4,193,0.2118,3941,1059,0.0,0,0.0,"{""budget"": 5000}"
device_0,0.9375,1701,4.0,140.0,0.05,late,48,16,3,0.20509,0.9402237906216514,0,5000,1000,P2,0.04365298691012031,4365.298691012031,0.05,5000,3788,2,212,0.279,3605,1395,0.0,0,0.0,"{""budget"": 5000}"
device_0,0.9375,1702,4.0,140.0,0.05,late,48,16,3,0.19366,0.9366016280001491,0,5000,1000,P2,0.04300678272404075,4300.678272404075,0.05,5000,3824,2,176,0.1912,4044,956,0.0,0,0.0,"{""budget"": 5000}"
device_0,0.9375,1703,4.0,140.0,0.05,late,48,16,3,0.19489,0.9369055048961522,0,5000,1000,P2,0.04302380112992813,4302.380112992813,0.05,5000,3794,1,207,0.2484,3758,1242,0.0,0,0.0,"{""budget"": 5000}"
device_0,0.9375,1704,4.0,140.0,0.05,late,48,16,3,0.19999,0.9358099323716185,0,5000,1000,P2,0.043275209712982925,4327.520971298292,0.05,5000,3814,4,184,0.222,3890,1110,0.0,0,0.0,"{""budget"": 5000}"
device_0,0.9375,1705,4.0,140.0,0.05,late,48,16,3,0.19063,0.9374553760710133,0,5000,1000,P2,0.042770289818975224,4277.0289818975225,0.05,5000,3818,2,182,0.2494,3753,1247,0.0,0,0.0,"{""budget"": 5000}"
device_0,0.9375,1706,4.0,140.0,0.05,late,48,16,3,0.20144,0.9386428776611538,0,5000,1000,P2,0.04337226795429423,4337.226795429423,0.05,5000,3795,1,206,0.285,3575,1425,0.0,0,0.0,"{""budget"": 5000}"
device_0,0.9375,1707,4.0,140.0,0.05,late,48,16,3,0.20073,0.9386652506542138,0,5000,1000,P2,0.043343174760039765,4334.3174760039765,0.05,5000,3777,5,220,0.23,3850,1150,0.0,0,0.0,"{""budget"": 5000}"
device_0,0.9375,1708,4.0,140.0,0.05,late,48,16,3,0.19042,0.9350336658268497,0,5000,1000,P2,0.042733840389982916,4273.3840389982915,0.05,5000,3840,1,161,0.1974,4013,987,0.0,0,0.0,"{""budget"": 5000}"
device_0,0.9375,1709,4.0,140.0,0.05,late,48,16,3,0.20214,0.9387695757970393,0,5000,1000,P2,0.04343400342327107,4343.400342327107,0.05,5000,3815,3,184,0.2262,3869,1131,0.0,0,0.0,"{""budget"": 5000}"
device_0,0.9375,1710,4.0,140.0,0.05,late,48,16,3,0.20082,0.9338903427364145,0,5000,1000,P2,0.04331730878812735,4331.730878812735,0.05,5000,3813,2,187,0.2104,3948,1052,0.0,0,0.0,"{""budget"": 5000}"
device_0,0.975,1701,4.0,140.0,0.05,late,48,16,3,0.20012,0.9750727182312047,0,5000,1000,P2,0.04332682415306614,4332.6824153066145,0.05,5000,3829,1,172,0.1944,4028,972,0.0,0,0.0,"{""budget"": 5000}"
device_0,0.975,1702,4.0,140.0,0.05,late,48,16,3,0.19762,0.9739220248349032,0,5000,1000,P2,0.043204439753471116,4320.4439753471115,0.05,5000,3825,3,174,0.2034,3983,1017,0.0,0,0.0,"{""budget"": 5000}"
device_0,0.975,1703,4.0,140.0,0.05,late,48,16,3,0.1984,0.975854682367182,0,5000,1000,P2,0.043205081018670335,4320.5081018670335,0.05,5000,3817,2,183,0.2116,3942,1058,0.0,0,0.0,"{""budget"": 5000}"
device_0,0.975,1704,4.0,140.0,0.05,late,48,16,3,0.19634,0.9733501805342133,0,5000,1000,P2,0.04309565745484444,4309.565745484444,0.05,5000,3812,4,186,0.2754,3623,1377,0.0,0,0.0,"{""budget"": 5000}"
device_0,0.975,1705,4.0,140.0,0.05,late,48,16,3,0.19493,0.9747974986214312,0,5000,1000,P2,0.04297358462154125,4297.358462154125,0.05,5000,3810,3,189,0.266,3670,1330,0.0,0,0.0,"{""budget"": 5000}"
device_0,0.975,1706,4.0,140.0,0.05,late,48,16,3,0.203,0.9742259419786155,0,5000,1000,P2,0.043445730880684756,4344.573088068476,0.05,5000,3807,1,194,0.2682,3659,1341,0.0,0,0.0,"{""budget"": 5000}"
device_0,0.975,1707,4.0,140.0,0.05,late,48,16,3,0.20266,0.9738223967562294,0,5000,1000,P2,0.04347146650428598,4347.146650428598,0.05,5000,3838,3,161,0.2856,3572,1428,0.0,0,0.0,"{""budget"": 5000}"
device_0,0.975,1708,4.0,140.0,0.05,late,48,16,3,0.19043,0.9746047948044175,0,5000,1000,P2,0.042709829164811065,4270.982916481106,0.05,5000,3826,4,172,0.2012,3994,1006,0.0,0,0.0,"{""budget"": 5000}"
device_0,0.975,1709,4.0,140.0,0.05,late,48,16,3,0.19294,0.9749540477640206,0,5000,1000,P2,0.042841778797708285,4284.177879770828,0.05,5000,3790,2,210,0.2198,3901,1099,0.0,0,0.0,"{""budget"": 5000}"
device_0,0.975,1710,4.0,140.0,0.05,late,48,16,3,0.19779,0.9774683509778551,0,5000,1000,P2,0.04316096097156833,4316.096097156833,0.05,5000,3804,3,195,0.2452,3774,1226,0.0,0,0.0,"{""budget"": 5000}"
device_0,0.0,1701,4.0,140.0,0.1,drop,48,16,3,0.19936,-0.002661444942765865,0,10000,1000,P2,0.032155114063558414,3215.5114063558412,0.1,10000,5,858,8951,1.0,0,10000,0.0,0,0.0,"{""budget"": 10000}"
device_0,0.0,1702,4.0,140.0,0.1,drop,48,16,3,0.20106,0.005830007599770396,0,10000,1000,P2,0.032260250494905655,3226.025049490566,0.1,10000,4,956,8835,1.0,0,10000,0.0,0,0.0,"{""budget"": 10000}"
device_0,0.0,1703,4.0,140.0,0.1,drop,48,16,3,0.19952,0.005656351965683195,0,10000,1000,P2,0.032217486584560466,3221.7486584560465,0.1,10000,5,955,8841,1.0,0,10000,0.0,0,0.0,"{""budget"": 10000}"
device_0,0.0,1704,4.0,140.0,0.1,drop,48,16,3,0.20257,0.002457782015709934,0,10000,1000,P2,0.03235404038067657,3235.404038067657,0.1,10000,4,933,8884,1.0,0,10000,0.0,0,0.0,"{""budget"": 10000}"
device_0,0.0,1705,4.0,140.0,0.1,drop,48,16,3,0.20104,-0.004155617772998724,0,10000,1000,P2,0.03223762126965679,3223.7621269656793,0.1,10000,4,909,8909,1.0,0,10000,0.0,0,0.0,"{""budget"": 10000}"
device_0,0.0,1706,4.0,140.0,0.1,drop,48,16,3,0.20062,-0.0045443747273977144,0,10000,1000,P2,0.032230760777968256,3223.0760777968253,0.1,10000,4,867,8943,1.0,0,10000,0.0,0,0.0,"{""budget"": 10000}"
device_0,0.0,1707,4.0,140.0,0.1,drop,48,16,3,0.19896,0.001346027845602329,0,10000,1000,P2,0.032157199348488166,3215.7199348488166,0.1,10000,5,859,8938,1.0,0,10000,0.0,0,0.0,"{""budget"": 10000}"
device_0,0.0,1708,4.0,140.0,0.1,drop,48,16,3,0.19922,-0.001372807149175493,0,10000,1000,P2,0.0321798589961953,3217.98589961953,0.1,10000,5,882,8910,1.0,0,10000,0.0,0,0.0,"{""budget"": 10000}"
device_0,0.0,1709,4.0,140.0,0.1,drop,48,16,3,0.20001,0.005034822885721277,0,10000,1000,P2,0.03219677209709484,3219.6772097094836,0.1,10000,5,893,8894,1.0,0,10000,0.0,0,0.0,"{""budget"": 10000}"
device_0,0.0,1710,4.0,140.0,0.1,drop,48,16,3,0.19848,0.0007247411049733544,0,10000,1000,P2,0.03211269641142285,3211.269641142285,0.1,10000,4,914,8909,1.0,0,10000,0.0,0,0.0,"{""budget"": 10000}"
device_0,0.375,1701,4.0,140.0,0.1,drop,48,16,3,0.19773,0.37585282092426525,0,10000,1000,P2,0.03209930822941363,3209.9308229413627,0.1,10000,7,1909,7351,1.0,0,10000,0.0,0,0.0,"{""budget"": 10000}"
device_0,0.375,1702,4.0,140.0,0.1,drop,48,16,3,0.20083,0.3763938072575695,0,10000,1000,P2,0.032248808603528675,3224.880860352868,0.1,10000,8,1845,7432,1.0,0,10000,0.0,0,0.0,"{""budget"": 10000}"
device_0,0.375,1703,4.0,140.0,0.1,drop,48,16,3,0.19949,0.3708761472322628,0,10000,1000,P2,0.032232398348528056,3223.239834852806,0.1,10000,7,1796,7453,1.0,0,10000,0.0,0,0.0,"{""budget"": 10000}"
device_0,0.375,1704,4.0,140.0,0.1,drop,48,16,3,0.19956,0.37083454970073176,0,10000,1000,P2,0.03219914856386928,3219.9148563869285,0.1,10000,6,1878,7372,1.0,0,10000,0.0,0,0.0,"{""budget"": 10000}"
device_0,0.375,1705,4.0,140.0,0.1,drop,48,16,3,0.1976,0.38054564128452917,0,10000,1000,P2,0.03210185003291254,3210.1850032912544,0.1,10000,7,1928,7378,1.0,0,10000,0.0,0,0.0,"{""budget"": 10000}"
device_0,0.375,1706,4.0,140.0,0.1,drop,48,16,3,0.19975,0.37847803043317246,0,10000,1000,P2,0.0322097973614817,3220.9797361481696,0.1,10000,7,1830,7501,1.0,0,10000,0.0,0,0.0,"{""budget"": 10000}"
device_0,0.375,1707,4.0,140.0,0.1,drop,48,16,3,0.19756,0.3714936166119789,0,10000,1000,P2,0.03209236560057649,3209.236560057649,0.1,10000,7,1854,7474,1.0,0,10000,0.0,0,0.0,"{""budget"": 10000}"
device_0,0.375,1708,4.0,140.0,0.1,drop,48,16,3,0.19968,0.3728274067949136,0,10000,1000,P2,0.03220845139542208,3220.8451395422085,0.1,10000,7,1855,7462,1.0,0,10000,0.0,0,0.0,"{""budget"": 10000}"
device_0,0.375,1709,4.0,140.0,0.1,drop,48,16,3,0.20214,0.3789219763360735,0,10000,1000,P2,0.03233396845023134,3233.3968450231346,0.1,10000,8,1852,7378,1.0,0,10000,0.0,0,0.0,"{""budget"": 10000}"
device_0,0.375,1710,4.0,140.0,0.1,drop,48,16,3,0.19842,0.37511826036297974,0,10000,1000,P2,0.03211696388468712,3211.696388468712,0.1,10000,7,1851,7418,1.0,0,10000,0.0,0,0.0,"{""budget"": 10000}"
device_0,0.75,1701,4.0,140.0,0.1,drop,48,16,3,0.20817,0.7556341521150168,0,10000,1000,P2,0.03264942861100426,3264.942861100426,0.1,10000,9,2353,6121,1.0,0,10000,0.0,0,0.0,"{""budget"": 10000}"
device_0,0.75,1702,4.0,140.0,0.1,drop,48,16,3,0.20244,0.7487885933421545,0,10000,1000,P2,0.032306696005495426,3230.6696005495423,0.1,10000,10,2361,6003,1.0,0,10000,0.0,0,0.0,"{""budget"": 10000}"
device_0,0.75,1703,4.0,140.0,0.1,drop,48,16,3,0.20102,0.7470900970852136,0,10000,1000,P2,0.03225301653883639,3225.3016538836387,0.1,10000,10,2354,5966,1.0,0,10000,0.0,0,0.0,"{""budget"": 10000}"
device_0,0.75,1704,4.0,140.0,0.1,drop,48,16,3,0.19715,0.7479806369104111,0,10000,1000,P2,0.032054234662440416,3205.4234662440413,0.1,10000,12,2347,5956,1.0,0,10000,0.0,0,0.0,"{""budget"": 10000}"
device_0,0.75,1705,4.0,140.0,0.1,drop,48,16,3,0.20494,0.7506431485678381,0,10000,1000,P2,0.032485268113721606,3248.526811372161,0.1,10000,11,2399,6034,1.0,0,10000,0.0,0,0.0,"{""budget"": 10000}"
device_0,0.75,1706,4.0,140.0,0.1,drop,48,16,3,0.20282,0.7537784223147826,0,10000,1000,P2,0.03230889740013114,3230.889740013114,0.1,10000,13,2344,5960,1.0,0,10000,0.0,0,0.0,"{""budget"": 10000}"
device_0,0.75,1707,4.0,140.0,0.1,drop,48,16,3,0.20138,0.7431906944181493,0,10000,1000,P2,0.032354005932708284,3235.4005932708283,0.1,10000,10,2356,5997,1.0,0,10000,0.0,0,0.0,"{""budget"": 10000}"
device_0,0.75,1708,4.0,140.0,0.1,drop,48,16,3,0.20034,0.7475350990705809,0,10000,1000,P2,0.0321428051106535,3214.28051106535,0.1,10000,9,2376,5969,1.0,0,10000,0.0,0,0.0,"{""budget"": 10000}"
device_0,0.75,1709,4.0,140.0,0.1,drop,48,16,3,0.20613,0.7542776800152501,0,10000,1000,P2,0.03254272820990343,3254.2728209903426,0.1,10000,10,2365,6055,1.0,0,10000,0.0,0,0.0,"{""budget"": 10000}"
device_0,0.75,1710,4.0,140.0,0.1,drop,48,16,3,0.20286,0.74728584709585,0,10000,1000,P2,0.03234328970240048,3234.3289702400484,0.1,10000,10,2312,6088,1.0,0,10000,0.0,0,0.0,"{""budget"": 10000}"
device_0,0.875,1701,4.0,140.0,0.1,drop,48,16,3,0.20249,0.8763990178082249,0,10000,1000,P2,0.0323030747163041,3230.30747163041,0.1,10000,11,2436,5568,1.0,0,10000,0.0,0,0.0,"{""budget"": 10000}"
device_0,0.875,1702,4.0,140.0,0.1,drop,48,16,3,0.19703,0.8759866636367837,0,10000,1000,P2,0.03204075001265192,3204.0750012651924,0.1,10000,14,2407,5387,1.0,0,10000,0.0,0,0.0,"{""budget"": 10000}"
device_0,0.875,1703,4.0,140.0,0.1,drop,48,16,3,0.20238,0.8773687974569232,0,10000,1000,P2,0.03231507798610651,3231.5077986106508,0.1,10000,13,2447,5472,1.0,0,10000,0.0,0,0.0,"{""budget"": 10000}"
device_0,0.875,1704,4.0,140.0,0.1,drop,48,16,3,0.19663,0.8771256568671042,0,10000,1000,P2,0.03205894906705825,3205.894906705825,0.1,10000,14,2507,5351,1.0,0,10000,0.0,0,0.0,"{""budget"": 10000}"
device_0,0.875,1705,4.0,140.0,0.1,drop,48,16,3,0.20133,0.8756186617053834,0,10000,1000,P2,0.03228758196172923,3228.758196172923,0.1,10000,11,2475,5518,1.0,0,10000,0.0,0,0.0,"{""budget"": 10000}"
device_0,0.875,1706,4.0,140.0,0.1,drop,48,16,3,0.19605,0.8731077294363513,0,10000,1000,P2,0.03197932108050538,3197.932108050538,0.1,10000,15,2493,5303,1.0,0,10000,0.0,0,0.0,"{""budget"": 10000}"
device_0,0.875,1707,4.0,140.0,0.1,drop,48,16,3,0.2,0.8774036452681541,0,10000,1000,P2,0.03220442471436217,3220.442471436217,0.1,10000,11,2457,5374,1.0,0,10000,0.0,0,0.0,"{""budget"": 10000}"
device_0,0.875,1708,4.0,140.0,0.1,drop,48,16,3,0.20258,0.87442580026271,0,10000,1000,P2,0.03236101418344439,3236.1014183444395,0.1,10000,11,2490,5473,1.0,0,10000,0.0,0,0.0,"{""budget"": 10000}"
device_0,0.875,1709,4.0,140.0,0.1,drop,48,16,3,0.19831,0.8770598020870867,0,10000,1000,P2,0.0320884936959435,3208.84936959435,0.1,10000,11,2471,5376,1.0,0,10000,0.0,0,0.0,"{""budget"": 10000}"
device_0,0.875,1710,4.0,140.0,0.1,drop,48,16,3,0.19668,0.8724656025657239,0,10000,1000,P2,0.03205201493270632,3205.2014932706315,0.1,10000,12,2466,5400,1.0,0,10000,0.0,0,0.0,"{""budget"": 10000}"
device_0,0.9375,1701,4.0,140.0,0.1,drop,48,16,3,0.20509,0.9402237906216514,0,10000,1000,P2,0.03251227230075845,3251.227230075845,0.1,10000,13,2455,5300,1.0,0,10000,0.0,0,0.0,"{""budget"": 10000}"
device_0,0.9375,1702,4.0,140.0,0.1,drop,48,16,3,0.19366,0.9366016280001491,0,10000,1000,P2,0.03192939111747143,3192.939111747143,0.1,10000,14,2492,5058,1.0,0,10000,0.0,0,0.0,"{""budget"": 10000}"
device_0,0.9375,1703,4.0,140.0,0.1,drop,48,16,3,0.19489,0.9369055048961522,0,10000,1000,P2,0.031967416805710316,3196.741680571032,0.1,10000,15,2501,5052,1.0,0,10000,0.0,0,0.0,"{""budget"": 10000}"
device_0,0.9375,1704,4.0,140.0,0.1,drop,48,16,3,0.19999,0.9358099323716185,0,10000,1000,P2,0.0321690962344641,3216.9096234464105,0.1,10000,11,2482,5208,1.0,0,10000,0.0,0,0.0,"{""budget"": 10000}"
device_0,0.9375,1705,4.0,140.0,0.1,drop,48,16,3,0.19063,0.9374553760710133,0,10000,1000,P2,0.03173410864339099,3173.410864339099,0.1,10000,14,2434,4945,1.0,0,10000,0.0,0,0.0,"{""budget"": 10000}"
device_0,0.9375,1706,4.0,140.0,0.1,drop,48,16,3,0.20144,0.9386428776611538,0,10000,1000,P2,0.03226998993180976,3226.998993180976,0.1,10000,10,2465,5226,1.0,0,10000,0.0,0,0.0,"{""budget"": 10000}"
device_0,0.9375,1707,4.0,140.0,0.1,drop,48,16,3,0.20073,0.9386652506542138,0,10000,1000,P2,0.032222309459918705,3222.2309459918706,0.1,10000,17,2475,5120,1.0,0,10000,0.0,0,0.0,"{""budget"": 10000}"
device_0,0.9375,1708,4.0,140.0,0.1,drop,48,16,3,0.19042,0.9350336658268497,0,10000,1000,P2,0.03172635437062822,3172.6354370628223,0.1,10000,15,2426,4947,1.0,0,10000,0.0,0,0.0,"{""budget"": 10000}"
device_0,0.9375,1709,4.0,140.0,0.1,drop,48,16,3,0.20214,0.9387695757970393,0,10000,1000,P2,0.032307816514383296,3230.78165143833,0.1,10000,12,2443,5241,1.0,0,10000,0.0,0,0.0,"{""budget"": 10000}"
device_0,0.9375,1710,4.0,140.0,0.1,drop,48,16,3,0.20082,0.9338903427364145,0,10000,1000,P2,0.03223173692081733,3223.173692081733,0.1,10000,13,2452,5247,1.0,0,10000,0.0,0,0.0,"{""budget"": 10000}"
device_0,0.975,1701,4.0,140.0,0.1,drop,48,16,3,0.20012,0.9750727182312047,0,10000,1000,P2,0.03224516593240752,3224.5165932407517,0.1,10000,12,2458,5097,1.0,0,10000,0.0,0,0.0,"{""budget"": 10000}"
device_0,0.975,1702,4.0,140.0,0.1,drop,48,16,3,0.19762,0.9739220248349032,0,10000,1000,P2,0.03210790379167581,3210.790379167581,0.1,10000,13,2477,4967,1.0,0,10000,0.0,0,0.0,"{""budget"": 10000}"
device_0,0.975,1703,4.0,140.0,0.1,drop,48,16,3,0.1984,0.975854682367182,0,10000,1000,P2,0.0321348892326661,3213.48892326661,0.1,10000,13,2464,4988,1.0,0,10000,0.0,0,0.0,"{""budget"": 10000}"
device_0,0.975,1704,4.0,140.0,0.1,drop,48,16,3,0.19634,0.9733501805342133,0,10000,1000,P2,0.03202002267117358,3202.0022671173574,0.1,10000,15,2450,4972,1.0,0,10000,0.0,0,0.0,"{""budget"": 10000}"
device_0,0.975,1705,4.0,140.0,0.1,drop,48,16,3,0.19493,0.9747974986214312,0,10000,1000,P2,0.031923890023670555,3192.3890023670556,0.1,10000,12,2539,4953,1.0,0,10000,0.0,0,0.0,"{""budget"": 10000}"
device_0,0.975,1706,4.0,140.0,0.1,drop,48,16,3,0.203,0.9742259419786155,0,10000,1000,P2,0.032321247963115245,3232.1247963115247,0.1,10000,12,2457,5158,1.0,0,10000,0.0,0,0.0,"{""budget"": 10000}"
device_0,0.975,1707,4.0,140.0,0.1,drop,48,16,3,0.20266,0.9738223967562294,0,10000,1000,P2,0.032362502211875296,3236.2502211875294,0.1,10000,12,2450,5072,1.0,0,10000,0.0,0,0.0,"{""budget"": 10000}"
device_0,0.975,1708,4.0,140.0,0.1,drop,48,16,3,0.19043,0.9746047948044175,0,10000,1000,P2,0.031706550666267104,3170.6550666267103,0.1,10000,18,2504,4803,1.0,0,10000,0.0,0,0.0,"{""budget"": 10000}"
device_0,0.975,1709,4.0,140.0,0.1,drop,48,16,3,0.19294,0.9749540477640206,0,10000,1000,P2,0.03184742248025274,3184.742248025274,0.1,10000,13,2520,4847,1.0,0,10000,0.0,0,0.0,"{""budget"": 10000}"
device_0,0.975,1710,4.0,140.0,0.1,drop,48,16,3,0.19779,0.9774683509778551,0,10000,1000,P2,0.03207721769682866,3207.721769682866,0.1,10000,13,2466,4890,1.0,0,10000,0.0,0,0.0,"{""budget"": 10000}"
device_0,0.0,1701,4.0,140.0,0.1,late,48,16,3,0.19936,-0.002661444942765865,0,10000,1000,P2,0.043257345006834765,4325.734500683477,0.1,10000,8808,1,193,0.2196,7804,2196,0.0,0,0.0,"{""budget"": 10000}"
device_0,0.0,1702,4.0,140.0,0.1,late,48,16,3,0.20106,0.005830007599770396,0,10000,1000,P2,0.04336980693556592,4336.980693556592,0.1,10000,8821,2,179,0.2183,7817,2183,0.0,0,0.0,"{""budget"": 10000}"
device_0,0.0,1703,4.0,140.0,0.1,late,48,16,3,0.19952,0.005656351965683195,0,10000,1000,P2,0.04334046551501911,4334.046551501911,0.1,10000,8799,1,202,0.2135,7865,2135,0.0,0,0.0,"{""budget"": 10000}"
device_0,0.0,1704,4.0,140.0,0.1,late,48,16,3,0.20257,0.002457782015709934,0,10000,1000,P2,0.04345842569888844,4345.842569888844,0.1,10000,8807,2,193,0.2175,7825,2175,0.0,0,0.0,"{""budget"": 10000}"
device_0,0.0,1705,4.0,140.0,0.1,late,48,16,3,0.20104,-0.004155617772998724,0,10000,1000,P2,0.0433507617003824,4335.07617003824,0.1,10000,8818,3,181,0.2156,7844,2156,0.0,0,0.0,"{""budget"": 10000}"
device_0,0.0,1706,4.0,140.0,0.1,late,48,16,3,0.20062,-0.0045443747273977144,0,10000,1000,P2,0.04335332813841918,4335.332813841918,0.1,10000,8812,1,189,0.2188,7812,2188,0.0,0,0.0,"{""budget"": 10000}"
device_0,0.0,1707,4.0,140.0,0.1,late,48,16,3,0.19896,0.001346027845602329,0,10000,1000,P2,0.043236949352463215,4323.694935246322,0.1,10000,8833,1,168,0.2157,7843,2157,0.0,0,0.0,"{""budget"": 10000}"
device_0,0.0,1708,4.0,140.0,0.1,late,48,16,3,0.19922,-0.001372807149175493,0,10000,1000,P2,0.04329391084520841,4329.391084520841,0.1,10000,8826,1,175,0.2102,7898,2102,0.0,0,0.0,"{""budget"": 10000}"
device_0,0.0,1709,4.0,140.0,0.1,late,48,16,3,0.20001,0.005034822885721277,0,10000,1000,P2,0.04330786309866971,4330.786309866971,0.1,10000,8834,1,167,0.2129,7871,2129,0.0,0,0.0,"{""budget"": 10000}"
device_0,0.0,1710,4.0,140.0,0.1,late,48,16,3,0.19848,0.0007247411049733544,0,10000,1000,P2,0.043185217560506944,4318.521756050694,0.1,10000,8831,1,170,0.2099,7901,2099,0.0,0,0.0,"{""budget"": 10000}"
device_0,0.375,1701,4.0,140.0,0.1,late,48,16,3,0.19773,0.37585282092426525,0,10000,1000,P2,0.04315515734910884,4315.515734910884,0.1,10000,8813,2,187,0.2067,7933,2067,0.0,0,0.0,"{""budget"": 10000}"
device_0,0.375,1702,4.0,140.0,0.1,late,48,16,3,0.20083,0.3763938072575695,0,10000,1000,P2,0.04336351081269032,4336.351081269032,0.1,10000,8820,3,179,0.2029,7971,2029,0.0,0,0.0,"{""budget"": 10000}"
device_0,0.375,1703,4.0,140.0,0.1,late,48,16,3,0.19949,0.3708761472322628,0,10000,1000,P2,0.043360666548334995,4336.066654833499,0.1,10000,8807,4,191,0.2226,7774,2226,0.0,0,0.0,"{""budget"": 10000}"
device_0,0.375,1704,4.0,140.0,0.1,late,48,16,3,0.19956,0.37083454970073176,0,10000,1000,P2,0.04330393201967259,4330.393201967259,0.1,10000,8830,2,170,0.2102,7898,2102,0.0,0,0.0,"{""budget"": 10000}"
device_0,0.375,1705,4.0,140.0,0.1,late,48,16,3,0.1976,0.38054564128452917,0,10000,1000,P2,0.043205527677901354,4320.5527677901355,0.1,10000,8810,2,190,0.2108,7892,2108,0.0,0,0.0,"{""budget"": 10000}"
device_0,0.375,1706,4.0,140.0,0.1,late,48,16,3,0.19975,0.37847803043317246,0,10000,1000,P2,0.043329105165119265,4332.910516511926,0.1,10000,8800,2,200,0.2074,7926,2074,0.0,0,0.0,"{""budget"": 10000}"
device_0,0.375,1707,4.0,140.0,0.1,late,48,16,3,0.19756,0.3714936166119789,0,10000,1000,P2,0.04316441965129381,4316.441965129381,0.1,10000,8828,2,172,0.1985,8015,1985,0.0,0,0.0,"{""budget"": 10000}"
device_0,0.375,1708,4.0,140.0,0.1,late,48,16,3,0.19968,0.3728274067949136,0,10000,1000,P2,0.04326045181764868,4326.045181764868,0.1,10000,8819,1,182,0.2073,7927,2073,0.0,0,0.0,"{""budget"": 10000}"
device_0,0.375,1709,4.0,140.0,0.1,late,48,16,3,0.20214,0.3789219763360735,0,10000,1000,P2,0.04350919646867822,4350.919646867822,0.1,10000,8822,1,179,0.2115,7885,2115,0.0,0,0.0,"{""budget"": 10000}"
device_0,0.375,1710,4.0,140.0,0.1,late,48,16,3,0.19842,0.37511826036297974,0,10000,1000,P2,0.04324209747068437,4324.209747068437,0.1,10000,8817,3,182,0.2047,7953,2047,0.0,0,0.0,"{""budget"": 10000}"
device_0,0.75,1701,4.0,140.0,0.1,late,48,16,3,0.20817,0.7556341521150168,0,10000,1000,P2,0.04382760359362783,4382.760359362783,0.1,10000,8827,3,172,0.2166,7834,2166,0.0,0,0.0,"{""budget"": 10000}"
device_0,0.75,1702,4.0,140.0,0.1,late,48,16,3,0.20244,0.7487885933421545,0,10000,1000,P2,0.04347750750253541,4347.750750253541,0.1,10000,8816,1,185,0.2217,7783,2217,0.0,0,0.0,"{""budget"": 10000}"
device_0,0.75,1703,4.0,140.0,0.1,late,48,16,3,0.20102,0.7470900970852136,0,10000,1000,P2,0.04339816156642488,4339.816156642488,0.1,10000,8805,7,190,0.2237,7763,2237,0.0,0,0.0,"{""budget"": 10000}"
device_0,0.75,1704,4.0,140.0,0.1,late,48,16,3,0.19715,0.7479806369104111,0,10000,1000,P2,0.0431328384015425,4313.28384015425,0.1,10000,8830,2,170,0.2375,7625,2375,0.0,0,0.0,"{""budget"": 10000}"
device_0,0.75,1705,4.0,140.0,0.1,late,48,16,3,0.20494,0.7506431485678381,0,10000,1000,P2,0.043679381033107485,4367.938103310748,0.1,10000,8798,2,202,0.2358,7642,2358,0.0,0,0.0,"{""budget"": 10000}"
device_0,0.75,1706,4.0,140.0,0.1,late,48,16,3,0.20282,0.7537784223147826,0,10000,1000,P2,0.043385037169375446,4338.503716937545,0.1,10000,8836,1,165,0.2298,7702,2298,0.0,0,0.0,"{""budget"": 10000}"
device_0,0.75,1707,4.0,140.0,0.1,late,48,16,3,0.20138,0.7431906944181493,0,10000,1000,P2,0.04350636501237157,4350.636501237157,0.1,10000,8826,2,174,0.2161,7839,2161,0.0,0,0.0,"{""budget"": 10000}"
device_0,0.75,1708,4.0,140.0,0.1,late,48,16,3,0.20034,0.7475350990705809,0,10000,1000,P2,0.04321704202878881,4321.704202878881,0.1,10000,8807,3,192,0.2102,7898,2102,0.0,0,0.0,"{""budget"": 10000}"
device_0,0.75,1709,4.0,140.0,0.1,late,48,16,3,0.20613,0.7542776800152501,0,10000,1000,P2,0.0436964989886708,4369.64989886708,0.1,10000,8820,2,180,0.2071,7929,2071,0.0,0,0.0,"{""budget"": 10000}"
device_0,0.75,1710,4.0,140.0,0.1,late,48,16,3,0.20286,0.74728584709585,0,10000,1000,P2,0.04348579207179164,4348.579207179164,0.1,10000,8797,6,199,0.2238,7762,2238,0.0,0,0.0,"{""budget"": 10000}"
device_0,0.875,1701,4.0,140.0,0.1,late,48,16,3,0.20249,0.8763990178082249,0,10000,1000,P2,0.043440059884792936,4344.005988479294,0.1,10000,8818,4,180,0.2261,7739,2261,0.0,0,0.0,"{""budget"": 10000}"
device_0,0.875,1702,4.0,140.0,0.1,late,48,16,3,0.19703,0.8759866636367837,0,10000,1000,P2,0.043090505354260934,4309.050535426093,0.1,10000,8821,1,180,0.2209,7791,2209,0.0,0,0.0,"{""budget"": 10000}"
device_0,0.875,1703,4.0,140.0,0.1,late,48,16,3,0.20238,0.8773687974569232,0,10000,1000,P2,0.04346640706282427,4346.640706282427,0.1,10000,8801,2,199,0.2402,7598,2402,0.0,0,0.0,"{""budget"": 10000}"
device_0,0.875,1704,4.0,140.0,0.1,late,48,16,3,0.19663,0.8771256568671042,0,10000,1000,P2,0.043122598560619445,4312.259856061944,0.1,10000,8835,3,164,0.2265,7735,2265,0.0,0,0.0,"{""budget"": 10000}"
device_0,0.875,1705,4.0,140.0,0.1,late,48,16,3,0.20133,0.8756186617053834,0,10000,1000,P2,0.04339414123724258,4339.4141237242575,0.1,10000,8829,2,171,0.2081,7919,2081,0.0,0,0.0,"{""budget"": 10000}"
device_0,0.875,1706,4.0,140.0,0.1,late,48,16,3,0.19605,0.8731077294363513,0,10000,1000,P2,0.043092522184176384,4309.252218417639,0.1,10000,8814,5,183,0.2229,7771,2229,0.0,0,0.0,"{""budget"": 10000}"
device_0,0.875,1707,4.0,140.0,0.1,late,48,16,3,0.2,0.8774036452681541,0,10000,1000,P2,0.04331441753420459,4331.4417534204595,0.1,10000,8803,2,197,0.2385,7615,2385,0.0,0,0.0,"{""budget"": 10000}"
device_0,0.875,1708,4.0,140.0,0.1,late,48,16,3,0.20258,0.87442580026271,0,10000,1000,P2,0.04354259160643016,4354.259160643016,0.1,10000,8814,2,186,0.1966,8034,1966,0.0,0,0.0,"{""budget"": 10000}"
device_0,0.875,1709,4.0,140.0,0.1,late,48,16,3,0.19831,0.8770598020870867,0,10000,1000,P2,0.043136194075942894,4313.619407594289,0.1,10000,8822,1,179,0.2161,7839,2161,0.0,0,0.0,"{""budget"": 10000}"
device_0,0.875,1710,4.0,140.0,0.1,late,48,16,3,0.19668,0.8724656025657239,0,10000,1000,P2,0.04314129426354245,4314.129426354245,0.1,10000,8815,4,183,0.2031,7969,2031,0.0,0,0.0,"{""budget"": 10000}"
device_0,0.9375,1701,4.0,140.0,0.1,late,48,16,3,0.20509,0.9402237906216514,0,10000,1000,P2,0.04365298691012031,4365.298691012031,0.1,10000,8806,2,194,0.2574,7426,2574,0.0,0,0.0,"{""budget"": 10000}"
device_0,0.9375,1702,4.0,140.0,0.1,late,48,16,3,0.19366,0.9366016280001491,0,10000,1000,P2,0.04300678272404075,4300.678272404075,0.1,10000,8838,2,162,0.2172,7828,2172,0.0,0,0.0,"{""budget"": 10000}"
device_0,0.9375,1703,4.0,140.0,0.1,late,48,16,3,0.19489,0.9369055048961522,0,10000,1000,P2,0.04302380112992813,4302.380112992813,0.1,10000,8808,1,193,0.2168,7832,2168,0.0,0,0.0,"{""budget"": 10000}"
device_0,0.9375,1704,4.0,140.0,0.1,late,48,16,3,0.19999,0.9358099323716185,0,10000,1000,P2,0.043275209712982925,4327.520971298292,0.1,10000,8819,4,179,0.2006,7994,2006,0.0,0,0.0,"{""budget"": 10000}"
device_0,0.9375,1705,4.0,140.0,0.1,late,48,16,3,0.19063,0.9374553760710133,0,10000,1000,P2,0.042770289818975224,4277.0289818975225,0.1,10000,8827,2,173,0.2134,7866,2134,0.0,0,0.0,"{""budget"": 10000}"
device_0,0.9375,1706,4.0,140.0,0.1,late,48,16,3,0.20144,0.9386428776611538,0,10000,1000,P2,0.04337226795429423,4337.226795429423,0.1,10000,8807,1,194,0.2394,7606,2394,0.0,0,0.0,"{""budget"": 10000}"
device_0,0.9375,1707,4.0,140.0,0.1,late,48,16,3,0.20073,0.9386652506542138,0,10000,1000,P2,0.043343174760039765,4334.3174760039765,0.1,10000,8789,5,208,0.2288,7712,2288,0.0,0,0.0,"{""budget"": 10000}"
device_0,0.9375,1708,4.0,140.0,0.1,late,48,16,3,0.19042,0.9350336658268497,0,10000,1000,P2,0.042733840389982916,4273.3840389982915,0.1,10000,8847,1,154,0.1973,8027,1973,0.0,0,0.0,"{""budget"": 10000}"
device_0,0.9375,1709,4.0,140.0,0.1,late,48,16,3,0.20214,0.9387695757970393,0,10000,1000,P2,0.04343400342327107,4343.400342327107,0.1,10000,8823,3,176,0.2312,7688,2312,0.0,0,0.0,"{""budget"": 10000}"
device_0,0.9375,1710,4.0,140.0,0.1,late,48,16,3,0.20082,0.9338903427364145,0,10000,1000,P2,0.04331730878812735,4331.730878812735,0.1,10000,8819,2,181,0.1734,8266,1734,0.0,0,0.0,"{""budget"": 10000}"
device_0,0.975,1701,4.0,140.0,0.1,late,48,16,3,0.20012,0.9750727182312047,0,10000,1000,P2,0.04332682415306614,4332.6824153066145,0.1,10000,8842,1,159,0.215,7850,2150,0.0,0,0.0,"{""budget"": 10000}"
device_0,0.975,1702,4.0,140.0,0.1,late,48,16,3,0.19762,0.9739220248349032,0,10000,1000,P2,0.043204439753471116,4320.4439753471115,0.1,10000,8843,3,156,0.2219,7781,2219,0.0,0,0.0,"{""budget"": 10000}"
device_0,0.975,1703,4.0,140.0,0.1,late,48,16,3,0.1984,0.975854682367182,0,10000,1000,P2,0.043205081018670335,4320.5081018670335,0.1,10000,8824,2,176,0.1772,8228,1772,0.0,0,0.0,"{""budget"": 10000}"
device_0,0.975,1704,4.0,140.0,0.1,late,48,16,3,0.19634,0.9733501805342133,0,10000,1000,P2,0.04309565745484444,4309.565745484444,0.1,10000,8829,3,170,0.2423,7577,2423,0.0,0,0.0,"{""budget"": 10000}"
device_0,0.975,1705,4.0,140.0,0.1,late,48,16,3,0.19493,0.9747974986214312,0,10000,1000,P2,0.04297358462154125,4297.358462154125,0.1,10000,8813,3,186,0.1965,8035,1965,0.0,0,0.0,"{""budget"": 10000}"
device_0,0.975,1706,4.0,140.0,0.1,late,48,16,3,0.203,0.9742259419786155,0,10000,1000,P2,0.043445730880684756,4344.573088068476,0.1,10000,8813,1,188,0.206,7940,2060,0.0,0,0.0,"{""budget"": 10000}"
device_0,0.975,1707,4.0,140.0,0.1,late,48,16,3,0.20266,0.9738223967562294,0,10000,1000,P2,0.04347146650428598,4347.146650428598,0.1,10000,8848,3,151,0.2404,7596,2404,0.0,0,0.0,"{""budget"": 10000}"
device_0,0.975,1708,4.0,140.0,0.1,late,48,16,3,0.19043,0.9746047948044175,0,10000,1000,P2,0.042709829164811065,4270.982916481106,0.1,10000,8836,4,162,0.189,8110,1890,0.0,0,0.0,"{""budget"": 10000}"
device_0,0.975,1709,4.0,140.0,0.1,late,48,16,3,0.19294,0.9749540477640206,0,10000,1000,P2,0.042841778797708285,4284.177879770828,0.1,10000,8807,2,193,0.2058,7942,2058,0.0,0,0.0,"{""budget"": 10000}"
device_0,0.975,1710,4.0,140.0,0.1,late,48,16,3,0.19779,0.9774683509778551,0,10000,1000,P2,0.04316096097156833,4316.096097156833,0.1,10000,8811,3,188,0.2205,7795,2205,0.0,0,0.0,"{""budget"": 10000}"
device_0,0.0,1701,4.0,140.0,0.15,drop,48,16,3,0.19936,-0.002661444942765865,0,15000,1000,P2,0.028029970689349995,2802.9970689349993,0.15,15000,5,1839,12700,1.0,0,15000,0.0,0,0.0,"{""budget"": 15000}"
device_0,0.0,1702,4.0,140.0,0.15,drop,48,16,3,0.20106,0.005830007599770396,0,15000,1000,P2,0.02808847576086229,2808.8475760862293,0.15,15000,6,1981,12523,1.0,0,15000,0.0,0,0.0,"{""budget"": 15000}"
device_0,0.0,1703,4.0,140.0,0.15,drop,48,16,3,0.19952,0.005656351965683195,0,15000,1000,P2,0.028058755057348436,2805.8755057348435,0.15,15000,5,1946,12546,1.0,0,15000,0.0,0,0.0,"{""budget"": 15000}"
device_0,0.0,1704,4.0,140.0,0.15,drop,48,16,3,0.20257,0.002457782015709934,0,15000,1000,P2,0.028175301701298963,2817.5301701298963,0.15,15000,5,1938,12573,1.0,0,15000,0.0,0,0.0,"{""budget"": 15000}"
device_0,0.0,1705,4.0,140.0,0.15,drop,48,16,3,0.20104,-0.004155617772998724,0,15000,1000,P2,0.02807421275152602,2807.421275152602,0.15,15000,6,1897,12629,1.0,0,15000,0.0,0,0.0,"{""budget"": 15000}"
device_0,0.0,1706,4.0,140.0,0.15,drop,48,16,3,0.20062,-0.0045443747273977144,0,15000,1000,P2,0.028068075734703428,2806.807573470343,0.15,15000,6,1866,12674,1.0,0,15000,0.0,0,0.0,"{""budget"": 15000}"
device_0,0.0,1707,4.0,140.0,0.15,drop,48,16,3,0.19896,0.001346027845602329,0,15000,1000,P2,0.02802264973679642,2802.264973679642,0.15,15000,6,1854,12630,1.0,0,15000,0.0,0,0.0,"{""budget"": 15000}"
device_0,0.0,1708,4.0,140.0,0.15,drop,48,16,3,0.19922,-0.001372807149175493,0,15000,1000,P2,0.028020874204172944,2802.087420417294,0.15,15000,6,1864,12642,1.0,0,15000,0.0,0,0.0,"{""budget"": 15000}"
device_0,0.0,1709,4.0,140.0,0.15,drop,48,16,3,0.20001,0.005034822885721277,0,15000,1000,P2,0.02806059054460737,2806.059054460737,0.15,15000,6,1921,12605,1.0,0,15000,0.0,0,0.0,"{""budget"": 15000}"
device_0,0.0,1710,4.0,140.0,0.15,drop,48,16,3,0.19848,0.0007247411049733544,0,15000,1000,P2,0.02797848212743159,2797.848212743159,0.15,15000,5,1892,12667,1.0,0,15000,0.0,0,0.0,"{""budget"": 15000}"
device_0,0.375,1701,4.0,140.0,0.15,drop,48,16,3,0.19773,0.37585282092426525,0,15000,1000,P2,0.02797149662290931,2797.149662290931,0.15,15000,11,3524,9237,1.0,0,15000,0.0,0,0.0,"{""budget"": 15000}"
device_0,0.375,1702,4.0,140.0,0.15,drop,48,16,3,0.20083,0.3763938072575695,0,15000,1000,P2,0.028099487891309297,2809.9487891309295,0.15,15000,11,3466,9280,1.0,0,15000,0.0,0,0.0,"{""budget"": 15000}"
device_0,0.375,1703,4.0,140.0,0.15,drop,48,16,3,0.19949,0.3708761472322628,0,15000,1000,P2,0.02806785920110273,2806.785920110273,0.15,15000,12,3437,9321,1.0,0,15000,0.0,0,0.0,"{""budget"": 15000}"
device_0,0.375,1704,4.0,140.0,0.15,drop,48,16,3,0.19956,0.37083454970073176,0,15000,1000,P2,0.028047726949058847,2804.7726949058847,0.15,15000,10,3478,9274,1.0,0,15000,0.0,0,0.0,"{""budget"": 15000}"
device_0,0.375,1705,4.0,140.0,0.15,drop,48,16,3,0.1976,0.38054564128452917,0,15000,1000,P2,0.027955437398348108,2795.543739834811,0.15,15000,12,3520,9213,1.0,0,15000,0.0,0,0.0,"{""budget"": 15000}"
device_0,0.375,1706,4.0,140.0,0.15,drop,48,16,3,0.19975,0.37847803043317246,0,15000,1000,P2,0.02806757036909711,2806.757036909711,0.15,15000,9,3522,9260,1.0,0,15000,0.0,0,0.0,"{""budget"": 15000}"
device_0,0.375,1707,4.0,140.0,0.15,drop,48,16,3,0.19756,0.3714936166119789,0,15000,1000,P2,0.027963046817133713,2796.3046817133713,0.15,15000,9,3476,9349,1.0,0,15000,0.0,0,0.0,"{""budget"": 15000}"
device_0,0.375,1708,4.0,140.0,0.15,drop,48,16,3,0.19968,0.3728274067949136,0,15000,1000,P2,0.02805799552158799,2805.799552158799,0.15,15000,10,3424,9330,1.0,0,15000,0.0,0,0.0,"{""budget"": 15000}"
device_0,0.375,1709,4.0,140.0,0.15,drop,48,16,3,0.20214,0.3789219763360735,0,15000,1000,P2,0.028139399430190264,2813.9399430190265,0.15,15000,10,3461,9266,1.0,0,15000,0.0,0,0.0,"{""budget"": 15000}"
device_0,0.375,1710,4.0,140.0,0.15,drop,48,16,3,0.19842,0.37511826036297974,0,15000,1000,P2,0.027967630813344448,2796.763081334445,0.15,15000,8,3463,9274,1.0,0,15000,0.0,0,0.0,"{""budget"": 15000}"
device_0,0.75,1701,4.0,140.0,0.15,drop,48,16,3,0.20817,0.7556341521150168,0,15000,1000,P2,0.028434893707316406,2843.4893707316405,0.15,15000,18,3660,6199,1.0,0,15000,0.0,0,0.0,"{""budget"": 15000}"
device_0,0.75,1702,4.0,140.0,0.15,drop,48,16,3,0.20244,0.7487885933421545,0,15000,1000,P2,0.02812430391300619,2812.4303913006192,0.15,15000,15,3592,6076,1.0,0,15000,0.0,0,0.0,"{""budget"": 15000}"
device_0,0.75,1703,4.0,140.0,0.15,drop,48,16,3,0.20102,0.7470900970852136,0,15000,1000,P2,0.028095522443111837,2809.5522443111836,0.15,15000,17,3637,6035,1.0,0,15000,0.0,0,0.0,"{""budget"": 15000}"
device_0,0.75,1704,4.0,140.0,0.15,drop,48,16,3,0.19715,0.7479806369104111,0,15000,1000,P2,0.02793539518592699,2793.539518592699,0.15,15000,19,3504,5844,1.0,0,15000,0.0,0,0.0,"{""budget"": 15000}"
device_0,0.75,1705,4.0,140.0,0.15,drop,48,16,3,0.20494,0.7506431485678381,0,15000,1000,P2,0.028271486472672316,2827.148647267232,0.15,15000,23,3584,6118,1.0,0,15000,0.0,0,0.0,"{""budget"": 15000}"
device_0,0.75,1706,4.0,140.0,0.15,drop,48,16,3,0.20282,0.7537784223147826,0,15000,1000,P2,0.028150959924224,2815.0959924224,0.15,15000,17,3571,5993,1.0,0,15000,0.0,0,0.0,"{""budget"": 15000}"
device_0,0.75,1707,4.0,140.0,0.15,drop,48,16,3,0.20138,0.7431906944181493,0,15000,1000,P2,0.028172377953244558,2817.237795324456,0.15,15000,19,3574,6064,1.0,0,15000,0.0,0,0.0,"{""budget"": 15000}"
device_0,0.75,1708,4.0,140.0,0.15,drop,48,16,3,0.20034,0.7475350990705809,0,15000,1000,P2,0.028004227755435537,2800.4227755435536,0.15,15000,20,3570,6030,1.0,0,15000,0.0,0,0.0,"{""budget"": 15000}"
device_0,0.75,1709,4.0,140.0,0.15,drop,48,16,3,0.20613,0.7542776800152501,0,15000,1000,P2,0.028341628035070458,2834.1628035070457,0.15,15000,19,3603,6149,1.0,0,15000,0.0,0,0.0,"{""budget"": 15000}"
device_0,0.75,1710,4.0,140.0,0.15,drop,48,16,3,0.20286,0.74728584709585,0,15000,1000,P2,0.028166950478634843,2816.6950478634844,0.15,15000,17,3609,6108,1.0,0,15000,0.0,0,0.0,"{""budget"": 15000}"
device_0,0.875,1701,4.0,140.0,0.15,drop,48,16,3,0.20249,0.8763990178082249,0,15000,1000,P2,0.02813109356248651,2813.1093562486512,0.15,15000,19,3270,4941,1.0,0,15000,0.0,0,0.0,"{""budget"": 15000}"
device_0,0.875,1702,4.0,140.0,0.15,drop,48,16,3,0.19703,0.8759866636367837,0,15000,1000,P2,0.027921103597199282,2792.110359719928,0.15,15000,23,3209,4670,1.0,0,15000,0.0,0,0.0,"{""budget"": 15000}"
device_0,0.875,1703,4.0,140.0,0.15,drop,48,16,3,0.20238,0.8773687974569232,0,15000,1000,P2,0.028142873804876362,2814.2873804876363,0.15,15000,29,3248,4945,1.0,0,15000,0.0,0,0.0,"{""budget"": 15000}"
device_0,0.875,1704,4.0,140.0,0.15,drop,48,16,3,0.19663,0.8771256568671042,0,15000,1000,P2,0.02793398704671946,2793.398704671946,0.15,15000,24,3183,4608,1.0,0,15000,0.0,0,0.0,"{""budget"": 15000}"
device_0,0.875,1705,4.0,140.0,0.15,drop,48,16,3,0.20133,0.8756186617053834,0,15000,1000,P2,0.02812978964703374,2812.978964703374,0.15,15000,20,3330,4924,1.0,0,15000,0.0,0,0.0,"{""budget"": 15000}"
device_0,0.875,1706,4.0,140.0,0.15,drop,48,16,3,0.19605,0.8731077294363513,0,15000,1000,P2,0.027862232994126126,2786.2232994126125,0.15,15000,24,3159,4660,1.0,0,15000,0.0,0,0.0,"{""budget"": 15000}"
device_0,0.875,1707,4.0,140.0,0.15,drop,48,16,3,0.2,0.8774036452681541,0,15000,1000,P2,0.028049689403056445,2804.9689403056445,0.15,15000,23,3256,4784,1.0,0,15000,0.0,0,0.0,"{""budget"": 15000}"
device_0,0.875,1708,4.0,140.0,0.15,drop,48,16,3,0.20258,0.87442580026271,0,15000,1000,P2,0.02817500325938334,2817.500325938334,0.15,15000,21,3312,4981,1.0,0,15000,0.0,0,0.0,"{""budget"": 15000}"
device_0,0.875,1709,4.0,140.0,0.15,drop,48,16,3,0.19831,0.8770598020870867,0,15000,1000,P2,0.02796396321198905,2796.396321198905,0.15,15000,29,3198,4695,1.0,0,15000,0.0,0,0.0,"{""budget"": 15000}"
device_0,0.875,1710,4.0,140.0,0.15,drop,48,16,3,0.19668,0.8724656025657239,0,15000,1000,P2,0.027929059360333713,2792.9059360333713,0.15,15000,20,3233,4715,1.0,0,15000,0.0,0,0.0,"{""budget"": 15000}"
device_0,0.9375,1701,4.0,140.0,0.15,drop,48,16,3,0.20509,0.9402237906216514,0,15000,1000,P2,0.028301190453394083,2830.1190453394083,0.15,15000,21,3172,4503,1.0,0,15000,0.0,0,0.0,"{""budget"": 15000}"
device_0,0.9375,1702,4.0,140.0,0.15,drop,48,16,3,0.19366,0.9366016280001491,0,15000,1000,P2,0.02781647898643866,2781.647898643866,0.15,15000,24,2880,3947,1.0,0,15000,0.0,0,0.0,"{""budget"": 15000}"
device_0,0.9375,1703,4.0,140.0,0.15,drop,48,16,3,0.19489,0.9369055048961522,0,15000,1000,P2,0.02786295587828094,2786.295587828094,0.15,15000,24,2926,4011,1.0,0,15000,0.0,0,0.0,"{""budget"": 15000}"
device_0,0.9375,1704,4.0,140.0,0.15,drop,48,16,3,0.19999,0.9358099323716185,0,15000,1000,P2,0.028012619020810033,2801.2619020810034,0.15,15000,29,3043,4293,1.0,0,15000,0.0,0,0.0,"{""budget"": 15000}"
device_0,0.9375,1705,4.0,140.0,0.15,drop,48,16,3,0.19063,0.9374553760710133,0,15000,1000,P2,0.027651965141534104,2765.1965141534106,0.15,15000,38,2774,3787,1.0,0,15000,0.0,0,0.0,"{""budget"": 15000}"
device_0,0.9375,1706,4.0,140.0,0.15,drop,48,16,3,0.20144,0.9386428776611538,0,15000,1000,P2,0.028113391989049004,2811.3391989049005,0.15,15000,27,3075,4359,1.0,0,15000,0.0,0,0.0,"{""budget"": 15000}"
device_0,0.9375,1707,4.0,140.0,0.15,drop,48,16,3,0.20073,0.9386652506542138,0,15000,1000,P2,0.028071010724594263,2807.101072459426,0.15,15000,29,3042,4282,1.0,0,15000,0.0,0,0.0,"{""budget"": 15000}"
device_0,0.9375,1708,4.0,140.0,0.15,drop,48,16,3,0.19042,0.9350336658268497,0,15000,1000,P2,0.027653349754058327,2765.3349754058327,0.15,15000,49,2809,3756,1.0,0,15000,0.0,0,0.0,"{""budget"": 15000}"
device_0,0.9375,1709,4.0,140.0,0.15,drop,48,16,3,0.20214,0.9387695757970393,0,15000,1000,P2,0.028137189871868754,2813.7189871868754,0.15,15000,23,3091,4364,1.0,0,15000,0.0,0,0.0,"{""budget"": 15000}"
device_0,0.9375,1710,4.0,140.0,0.15,drop,48,16,3,0.20082,0.9338903427364145,0,15000,1000,P2,0.028073237522691197,2807.3237522691197,0.15,15000,22,3093,4389,1.0,0,15000,0.0,0,0.0,"{""budget"": 15000}"
device_0,0.975,1701,4.0,140.0,0.15,drop,48,16,3,0.20012,0.9750727182312047,0,15000,1000,P2,0.028087501416515514,2808.7501416515515,0.15,15000,36,2894,3974,1.0,0,15000,0.0,0,0.0,"{""budget"": 15000}"
device_0,0.975,1702,4.0,140.0,0.15,drop,48,16,3,0.19762,0.9739220248349032,0,15000,1000,P2,0.027964454777458125,2796.4454777458127,0.15,15000,30,2852,3825,1.0,0,15000,0.0,0,0.0,"{""budget"": 15000}"
device_0,0.975,1703,4.0,140.0,0.15,drop,48,16,3,0.1984,0.975854682367182,0,15000,1000,P2,0.02799201030420094,2799.201030420094,0.15,15000,25,2868,3884,1.0,0,15000,0.0,0,0.0,"{""budget"": 15000}"
device_0,0.975,1704,4.0,140.0,0.15,drop,48,16,3,0.19634,0.9733501805342133,0,15000,1000,P2,0.02789343059846776,2789.3430598467758,0.15,15000,40,2811,3746,1.0,0,15000,0.0,0,0.0,"{""budget"": 15000}"
device_0,0.975,1705,4.0,140.0,0.15,drop,48,16,3,0.19493,0.9747974986214312,0,15000,1000,P2,0.027816832380917075,2781.6832380917076,0.15,15000,30,2732,3635,1.0,0,15000,0.0,0,0.0,"{""budget"": 15000}"
device_0,0.975,1706,4.0,140.0,0.15,drop,48,16,3,0.203,0.9742259419786155,0,15000,1000,P2,0.02813050270893567,2813.050270893567,0.15,15000,28,2950,4134,1.0,0,15000,0.0,0,0.0,"{""budget"": 15000}"
device_0,0.975,1707,4.0,140.0,0.15,drop,48,16,3,0.20266,0.9738223967562294,0,15000,1000,P2,0.02817936457592756,2817.936457592756,0.15,15000,29,2893,4080,1.0,0,15000,0.0,0,0.0,"{""budget"": 15000}"
device_0,0.975,1708,4.0,140.0,0.15,drop,48,16,3,0.19043,0.9746047948044175,0,15000,1000,P2,0.027649037895092342,2764.9037895092342,0.15,15000,34,2608,3363,1.0,0,15000,0.0,0,0.0,"{""budget"": 15000}"
device_0,0.975,1709,4.0,140.0,0.15,drop,48,16,3,0.19294,0.9749540477640206,0,15000,1000,P2,0.027771862500986132,2777.186250098613,0.15,15000,27,2684,3518,1.0,0,15000,0.0,0,0.0,"{""budget"": 15000}"
device_0,0.975,1710,4.0,140.0,0.15,drop,48,16,3,0.19779,0.9774683509778551,0,15000,1000,P2,0.027957680508550953,2795.768050855095,0.15,15000,33,2806,3761,1.0,0,15000,0.0,0,0.0,"{""budget"": 15000}"
device_0,0.0,1701,4.0,140.0,0.15,late,48,16,3,0.19936,-0.002661444942765865,0,15000,1000,P2,0.043257345006834765,4325.734500683477,0.15,15000,13816,1,185,0.21226666666666666,11816,3184,0.0,0,0.0,"{""budget"": 15000}"
device_0,0.0,1702,4.0,140.0,0.15,late,48,16,3,0.20106,0.005830007599770396,0,15000,1000,P2,0.04336980693556592,4336.980693556592,0.15,15000,13832,2,168,0.21453333333333333,11782,3218,0.0,0,0.0,"{""budget"": 15000}"
device_0,0.0,1703,4.0,140.0,0.15,late,48,16,3,0.19952,0.005656351965683195,0,15000,1000,P2,0.04334046551501911,4334.046551501911,0.15,15000,13807,1,194,0.20613333333333334,11908,3092,0.0,0,0.0,"{""budget"": 15000}"
device_0,0.0,1704,4.0,140.0,0.15,late,48,16,3,0.20257,0.002457782015709934,0,15000,1000,P2,0.04345842569888844,4345.842569888844,0.15,15000,13817,2,183,0.21333333333333335,11800,3200,0.0,0,0.0,"{""budget"": 15000}"
device_0,0.0,1705,4.0,140.0,0.15,late,48,16,3,0.20104,-0.004155617772998724,0,15000,1000,P2,0.0433507617003824,4335.07617003824,0.15,15000,13830,3,169,0.20786666666666667,11882,3118,0.0,0,0.0,"{""budget"": 15000}"
device_0,0.0,1706,4.0,140.0,0.15,late,48,16,3,0.20062,-0.0045443747273977144,0,15000,1000,P2,0.04335332813841918,4335.332813841918,0.15,15000,13830,1,171,0.2116,11826,3174,0.0,0,0.0,"{""budget"": 15000}"
device_0,0.0,1707,4.0,140.0,0.15,late,48,16,3,0.19896,0.001346027845602329,0,15000,1000,P2,0.043236949352463215,4323.694935246322,0.15,15000,13845,1,156,0.21,11850,3150,0.0,0,0.0,"{""budget"": 15000}"
device_0,0.0,1708,4.0,140.0,0.15,late,48,16,3,0.19922,-0.001372807149175493,0,15000,1000,P2,0.04329391084520841,4329.391084520841,0.15,15000,13835,1,166,0.20613333333333334,11908,3092,0.0,0,0.0,"{""budget"": 15000}"
device_0,0.0,1709,4.0,140.0,0.15,late,48,16,3,0.20001,0.005034822885721277,0,15000,1000,P2,0.04330786309866971,4330.786309866971,0.15,15000,13840,1,161,0.20906666666666668,11864,3136,0.0,0,0.0,"{""budget"": 15000}"
device_0,0.0,1710,4.0,140.0,0.15,late,48,16,3,0.19848,0.0007247411049733544,0,15000,1000,P2,0.043185217560506944,4318.521756050694,0.15,15000,13834,1,167,0.205,11925,3075,0.0,0,0.0,"{""budget"": 15000}"
device_0,0.375,1701,4.0,140.0,0.15,late,48,16,3,0.19773,0.37585282092426525,0,15000,1000,P2,0.04315515734910884,4315.515734910884,0.15,15000,13818,2,182,0.20526666666666665,11921,3079,0.0,0,0.0,"{""budget"": 15000}"
device_0,0.375,1702,4.0,140.0,0.15,late,48,16,3,0.20083,0.3763938072575695,0,15000,1000,P2,0.04336351081269032,4336.351081269032,0.15,15000,13832,3,167,0.202,11970,3030,0.0,0,0.0,"{""budget"": 15000}"
device_0,0.375,1703,4.0,140.0,0.15,late,48,16,3,0.19949,0.3708761472322628,0,15000,1000,P2,0.043360666548334995,4336.066654833499,0.15,15000,13820,4,178,0.219,11715,3285,0.0,0,0.0,"{""budget"": 15000}"
device_0,0.375,1704,4.0,140.0,0.15,late,48,16,3,0.19956,0.37083454970073176,0,15000,1000,P2,0.04330393201967259,4330.393201967259,0.15,15000,13838,2,162,0.20166666666666666,11975,3025,0.0,0,0.0,"{""budget"": 15000}"
device_0,0.375,1705,4.0,140.0,0.15,late,48,16,3,0.1976,0.38054564128452917,0,15000,1000,P2,0.043205527677901354,4320.5527677901355,0.15,15000,13819,2,181,0.21146666666666666,11828,3172,0.0,0,0.0,"{""budget"": 15000}"
device_0,0.375,1706,4.0,140.0,0.15,late,48,16,3,0.19975,0.37847803043317246,0,15000,1000,P2,0.043329105165119265,4332.910516511926,0.15,15000,13808,2,192,0.2042,11937,3063,0.0,0,0.0,"{""budget"": 15000}"
device_0,0.375,1707,4.0,140.0,0.15,late,48,16,3,0.19756,0.3714936166119789,0,15000,1000,P2,0.04316441965129381,4316.441965129381,0.15,15000,13836,2,164,0.20306666666666667,11954,3046,0.0,0,0.0,"{""budget"": 15000}"
device_0,0.375,1708,4.0,140.0,0.15,late,48,16,3,0.19968,0.3728274067949136,0,15000,1000,P2,0.04326045181764868,4326.045181764868,0.15,15000,13829,1,172,0.20373333333333332,11944,3056,0.0,0,0.0,"{""budget"": 15000}"
device_0,0.375,1709,4.0,140.0,0.15,late,48,16,3,0.20214,0.3789219763360735,0,15000,1000,P2,0.04350919646867822,4350.919646867822,0.15,15000,13836,1,165,0.21266666666666667,11810,3190,0.0,0,0.0,"{""budget"": 15000}"
device_0,0.375,1710,4.0,140.0,0.15,late,48,16,3,0.19842,0.37511826036297974,0,15000,1000,P2,0.04324209747068437,4324.209747068437,0.15,15000,13826,3,173,0.20206666666666667,11969,3031,0.0,0,0.0,"{""budget"": 15000}"
device_0,0.75,1701,4.0,140.0,0.15,late,48,16,3,0.20817,0.7556341521150168,0,15000,1000,P2,0.04382760359362783,4382.760359362783,0.15,15000,13837,3,162,0.2186,11721,3279,0.0,0,0.0,"{""budget"": 15000}"
device_0,0.75,1702,4.0,140.0,0.15,late,48,16,3,0.20244,0.7487885933421545,0,15000,1000,P2,0.04347750750253541,4347.750750253541,0.15,15000,13821,1,180,0.21286666666666668,11807,3193,0.0,0,0.0,"{""budget"": 15000}"
device_0,0.75,1703,4.0,140.0,0.15,late,48,16,3,0.20102,0.7470900970852136,0,15000,1000,P2,0.04339816156642488,4339.816156642488,0.15,15000,13817,7,178,0.21613333333333334,11758,3242,0.0,0,0.0,"{""budget"": 15000}"
device_0,0.75,1704,4.0,140.0,0.15,late,48,16,3,0.19715,0.7479806369104111,0,15000,1000,P2,0.0431328384015425,4313.28384015425,0.15,15000,13834,2,166,0.23386666666666667,11492,3508,0.0,0,0.0,"{""budget"": 15000}"
device_0,0.75,1705,4.0,140.0,0.15,late,48,16,3,0.20494,0.7506431485678381,0,15000,1000,P2,0.043679381033107485,4367.938103310748,0.15,15000,13807,2,193,0.22293333333333334,11656,3344,0.0,0,0.0,"{""budget"": 15000}"
device_0,0.75,1706,4.0,140.0,0.15,late,48,16,3,0.20282,0.7537784223147826,0,15000,1000,P2,0.043385037169375446,4338.503716937545,0.15,15000,13842,1,159,0.21633333333333332,11755,3245,0.0,0,0.0,"{""budget"": 15000}"
device_0,0.75,1707,4.0,140.0,0.15,late,48,16,3,0.20138,0.7431906944181493,0,15000,1000,P2,0.04350636501237157,4350.636501237157,0.15,15000,13840,2,160,0.2118,11823,3177,0.0,0,0.0,"{""budget"": 15000}"
device_0,0.75,1708,4.0,140.0,0.15,late,48,16,3,0.20034,0.7475350990705809,0,15000,1000,P2,0.04321704202878881,4321.704202878881,0.15,15000,13814,3,185,0.2054,11919,3081,0.0,0,0.0,"{""budget"": 15000}"
device_0,0.75,1709,4.0,140.0,0.15,late,48,16,3,0.20613,0.7542776800152501,0,15000,1000,P2,0.0436964989886708,4369.64989886708,0.15,15000,13825,2,175,0.21106666666666668,11834,3166,0.0,0,0.0,"{""budget"": 15000}"
device_0,0.75,1710,4.0,140.0,0.15,late,48,16,3,0.20286,0.74728584709585,0,15000,1000,P2,0.04348579207179164,4348.579207179164,0.15,15000,13807,6,189,0.22173333333333334,11674,3326,0.0,0,0.0,"{""budget"": 15000}"
device_0,0.875,1701,4.0,140.0,0.15,late,48,16,3,0.20249,0.8763990178082249,0,15000,1000,P2,0.043440059884792936,4344.005988479294,0.15,15000,13830,4,168,0.21406666666666666,11789,3211,0.0,0,0.0,"{""budget"": 15000}"
device_0,0.875,1702,4.0,140.0,0.15,late,48,16,3,0.19703,0.8759866636367837,0,15000,1000,P2,0.043090505354260934,4309.050535426093,0.15,15000,13827,1,174,0.21433333333333332,11785,3215,0.0,0,0.0,"{""budget"": 15000}"
device_0,0.875,1703,4.0,140.0,0.15,late,48,16,3,0.20238,0.8773687974569232,0,15000,1000,P2,0.04346640706282427,4346.640706282427,0.15,15000,13806,2,194,0.23553333333333334,11467,3533,0.0,0,0.0,"{""budget"": 15000}"
device_0,0.875,1704,4.0,140.0,0.15,late,48,16,3,0.19663,0.8771256568671042,0,15000,1000,P2,0.043122598560619445,4312.259856061944,0.15,15000,13844,3,155,0.21586666666666668,11762,3238,0.0,0,0.0,"{""budget"": 15000}"
device_0,0.875,1705,4.0,140.0,0.15,late,48,16,3,0.20133,0.8756186617053834,0,15000,1000,P2,0.04339414123724258,4339.4141237242575,0.15,15000,13837,2,163,0.21326666666666666,11801,3199,0.0,0,0.0,"{""budget"": 15000}"
device_0,0.875,1706,4.0,140.0,0.15,late,48,16,3,0.19605,0.8731077294363513,0,15000,1000,P2,0.043092522184176384,4309.252218417639,0.15,15000,13822,5,175,0.20453333333333334,11932,3068,0.0,0,0.0,"{""budget"": 15000}"
device_0,0.875,1707,4.0,140.0,0.15,late,48,16,3,0.2,0.8774036452681541,0,15000,1000,P2,0.04331441753420459,4331.4417534204595,0.15,15000,13812,2,188,0.21626666666666666,11756,3244,0.0,0,0.0,"{""budget"": 15000}"
device_0,0.875,1708,4.0,140.0,0.15,late,48,16,3,0.20258,0.87442580026271,0,15000,1000,P2,0.04354259160643016,4354.259160643016,0.15,15000,13827,2,173,0.20413333333333333,11938,3062,0.0,0,0.0,"{""budget"": 15000}"
device_0,0.875,1709,4.0,140.0,0.15,late,48,16,3,0.19831,0.8770598020870867,0,15000,1000,P2,0.043136194075942894,4313.619407594289,0.15,15000,13832,1,169,0.21073333333333333,11839,3161,0.0,0,0.0,"{""budget"": 15000}"
device_0,0.875,1710,4.0,140.0,0.15,late,48,16,3,0.19668,0.8724656025657239,0,15000,1000,P2,0.04314129426354245,4314.129426354245,0.15,15000,13824,4,174,0.1886,12171,2829,0.0,0,0.0,"{""budget"": 15000}"
device_0,0.9375,1701,4.0,140.0,0.15,late,48,16,3,0.20509,0.9402237906216514,0,15000,1000,P2,0.04365298691012031,4365.298691012031,0.15,15000,13820,1,181,0.24906666666666666,11264,3736,0.0,0,0.0,"{""budget"": 15000}"
device_0,0.9375,1702,4.0,140.0,0.15,late,48,16,3,0.19366,0.9366016280001491,0,15000,1000,P2,0.04300678272404075,4300.678272404075,0.15,15000,13843,2,157,0.2056,11916,3084,0.0,0,0.0,"{""budget"": 15000}"
device_0,0.9375,1703,4.0,140.0,0.15,late,48,16,3,0.19489,0.9369055048961522,0,15000,1000,P2,0.04302380112992813,4302.380112992813,0.15,15000,13819,1,182,0.19913333333333333,12013,2987,0.0,0,0.0,"{""budget"": 15000}"
device_0,0.9375,1704,4.0,140.0,0.15,late,48,16,3,0.19999,0.9358099323716185,0,15000,1000,P2,0.043275209712982925,4327.520971298292,0.15,15000,13827,4,171,0.18713333333333335,12193,2807,0.0,0,0.0,"{""budget"": 15000}"
device_0,0.9375,1705,4.0,140.0,0.15,late,48,16,3,0.19063,0.9374553760710133,0,15000,1000,P2,0.042770289818975224,4277.0289818975225,0.15,15000,13833,2,167,0.21126666666666666,11831,3169,0.0,0,0.0,"{""budget"": 15000}"
device_0,0.9375,1706,4.0,140.0,0.15,late,48,16,3,0.20144,0.9386428776611538,0,15000,1000,P2,0.04337226795429423,4337.226795429423,0.15,15000,13820,1,181,0.22586666666666666,11612,3388,0.0,0,0.0,"{""budget"": 15000}"
device_0,0.9375,1707,4.0,140.0,0.15,late,48,16,3,0.20073,0.9386652506542138,0,15000,1000,P2,0.043343174760039765,4334.3174760039765,0.15,15000,13797,5,200,0.22853333333333334,11572,3428,0.0,0,0.0,"{""budget"": 15000}"
device_0,0.9375,1708,4.0,140.0,0.15,late,48,16,3,0.19042,0.9350336658268497,0,15000,1000,P2,0.042733840389982916,4273.3840389982915,0.15,15000,13857,1,144,0.2084,11874,3126,0.0,0,0.0,"{""budget"": 15000}"
device_0,0.9375,1709,4.0,140.0,0.15,late,48,16,3,0.20214,0.9387695757970393,0,15000,1000,P2,0.04343400342327107,4343.400342327107,0.15,15000,13832,3,167,0.2204,11694,3306,0.0,0,0.0,"{""budget"": 15000}"
device_0,0.9375,1710,4.0,140.0,0.15,late,48,16,3,0.20082,0.9338903427364145,0,15000,1000,P2,0.04331730878812735,4331.730878812735,0.15,15000,13832,2,168,0.1802,12297,2703,0.0,0,0.0,"{""budget"": 15000}"
device_0,0.975,1701,4.0,140.0,0.15,late,48,16,3,0.20012,0.9750727182312047,0,15000,1000,P2,0.04332682415306614,4332.6824153066145,0.15,15000,13854,1,147,0.22153333333333333,11677,3323,0.0,0,0.0,"{""budget"": 15000}"
device_0,0.975,1702,4.0,140.0,0.15,late,48,16,3,0.19762,0.9739220248349032,0,15000,1000,P2,0.043204439753471116,4320.4439753471115,0.15,15000,13852,2,148,0.2094,11859,3141,0.0,0,0.0,"{""budget"": 15000}"
device_0,0.975,1703,4.0,140.0,0.15,late,48,16,3,0.1984,0.975854682367182,0,15000,1000,P2,0.043205081018670335,4320.5081018670335,0.15,15000,13841,2,159,0.20693333333333333,11896,3104,0.0,0,0.0,"{""budget"": 15000}"
device_0,0.975,1704,4.0,140.0,0.15,late,48,16,3,0.19634,0.9733501805342133,0,15000,1000,P2,0.04309565745484444,4309.565745484444,0.15,15000,13844,3,155,0.23326666666666668,11501,3499,0.0,0,0.0,"{""budget"": 15000}"
device_0,0.975,1705,4.0,140.0,0.15,late,48,16,3,0.19493,0.9747974986214312,0,15000,1000,P2,0.04297358462154125,4297.358462154125,0.15,15000,13823,3,176,0.1776,12336,2664,0.0,0,0.0,"{""budget"": 15000}"
device_0,0.975,1706,4.0,140.0,0.15,late,48,16,3,0.203,0.9742259419786155,0,15000,1000,P2,0.043445730880684756,4344.573088068476,0.15,15000,13823,1,178,0.2124,11814,3186,0.0,0,0.0,"{""budget"": 15000}"
device_0,0.975,1707,4.0,140.0,0.15,late,48,16,3,0.20266,0.9738223967562294,0,15000,1000,P2,0.04347146650428598,4347.146650428598,0.15,15000,13861,2,139,0.2521333333333333,11218,3782,0.0,0,0.0,"{""budget"": 15000}"
device_0,0.975,1708,4.0,140.0,0.15,late,48,16,3,0.19043,0.9746047948044175,0,15000,1000,P2,0.042709829164811065,4270.982916481106,0.15,15000,13844,4,154,0.194,12090,2910,0.0,0,0.0,"{""budget"": 15000}"
device_0,0.975,1709,4.0,140.0,0.15,late,48,16,3,0.19294,0.9749540477640206,0,15000,1000,P2,0.042841778797708285,4284.177879770828,0.15,15000,13820,2,180,0.21453333333333333,11782,3218,0.0,0,0.0,"{""budget"": 15000}"
device_0,0.975,1710,4.0,140.0,0.15,late,48,16,3,0.19779,0.9774683509778551,0,15000,1000,P2,0.04316096097156833,4316.096097156833,0.15,15000,13821,3,178,0.21626666666666666,11756,3244,0.0,0,0.0,"{""budget"": 15000}"
