device,rho,seed,p_bg,p_gb,pi_bad_observed,lag1_autocorr,lag1_autocorr_theory,rate_jitter_sigma_log,rate_jitter_p10,rate_jitter_p50,rate_jitter_p90,resample_attempt
device_0,0.0,1701,0.8,0.2,0.2041,-0.005175586574489375,0.0,0.25,0.7250446080609474,0.9995913509625767,1.3856302825284732,0
device_0,0.0,1702,0.8,0.2,0.2044,-0.0003880774600071656,0.0,0.25,0.7296536831603379,1.0073019752164938,1.3741921870194722,0
device_0,0.75,1701,0.2,0.05,0.2038,0.7377209806197738,0.75,0.25,0.726348653602443,0.9937642501147217,1.384086636100637,0
device_0,0.75,1702,0.2,0.05,0.2084,0.7526749545009777,0.75,0.25,0.7230074679868956,1.0034057924221016,1.3792906262674276,0
device_0,0.975,1701,0.020000000000000018,0.0050000000000000044,0.1992,0.9789949792069076,0.975,0.25,0.7291512832924625,1.002170148493792,1.369023790184734,0
device_0,0.975,1702,0.020000000000000018,0.0050000000000000044,0.2082,0.9760343972479407,0.975,0.25,0.7258399728180115,0.9983795483375167,1.380383119423862,3
